GTIN,Product Type,Category,Product Name,Image URL,Description,Regular Price,Pickup Price,SKU,isAlcohol,ABV(%),Caffeine Quantity,Caffeine reference unit,Net Value,Net Unit,Net Quantity,Gross weight,Gross Unit,Size Description,Energy Content,Serving Size,Tax,Quantity Restriction,Product Types,Deposit Type,Deposit Amount,Allergen information,Additive information,Additional information,Quantitative declaration of ingredients (QUID),Nutritional declaration,Name of manufacturer,Address of manufacturer,Country of origin or place of provenance,Storage conditions,Preparation instructions
,ITEM,Nos plats,Américain,,"Américain préparé, accompagné de crudités et de frites.",18,18,,,,,,,,,,,,,,,,,,,,,,,,,,,,
,Option-Group,Nos plats,Choix suppléments (facultatif),,,,,,,,,,,,,,,,,,,,,,,,,,,,,,,,
,Option,Nos plats,Cheese,,,0.7,0.7,,,,,,,,,,,,,,,,,,,,,,,,,,,,
,Option,Nos plats,Feta,,,0.9,0.9,,,,,,,,,,,,,,,,,,,,,,,,,,,,
,Option,Nos plats,Frites,,,3,3,,,,,,,,,,,,,,,,,,,,,,,,,,,,
,Option-Group,Nos plats,Choix extra sauces (facultatif),,,,,,,,,,,,,,,,,,,,,,,,,,,,,,,,
,Option,Nos plats,Algérienne,,,0,0,,,,,,,,,,,,,,,,,,,,,,,,,,,,
,Option,Nos plats,Américaine,,,1.2,1.2,,,,,,,,,,,,,,,,,,,,,,,,,,,,
,Option,Nos plats,Américaine forte,,,1.2,1.2,,,,,,,,,,,,,,,,,,,,,,,,,,,,
,Option,Nos plats,Américaine légère,,,1.2,1.2,,,,,,,,,,,,,,,,,,,,,,,,,,,,
,Option,Nos plats,Andalouse,,,1.2,1.2,,,,,,,,,,,,,,,,,,,,,,,,,,,,
,Option,Nos plats,Barbecue,,,1.2,1.2,,,,,,,,,,,,,,,,,,,,,,,,,,,,
,Option,Nos plats,Béarnaise,,,1.2,1.2,,,,,,,,,,,,,,,,,,,,,,,,,,,,
,Option,Nos plats,Bicky burger,,,1.2,1.2,,,,,,,,,,,,,,,,,,,,,,,,,,,,
,Option,Nos plats,Brazil,,,1.2,1.2,,,,,,,,,,,,,,,,,,,,,,,,,,,,
,Option,Nos plats,Cocktail,,,1.2,1.2,,,,,,,,,,,,,,,,,,,,,,,,,,,,
,Option,Nos plats,Curry ketchup,,,1.2,1.2,,,,,,,,,,,,,,,,,,,,,,,,,,,,
,Option,Nos plats,Géante,,,1.2,1.2,,,,,,,,,,,,,,,,,,,,,,,,,,,,
,Option,Nos plats,Hawaï,,,1.2,1.2,,,,,,,,,,,,,,,,,,,,,,,,,,,,
,Option,Nos plats,Ketchup,,,1.2,1.2,,,,,,,,,,,,,,,,,,,,,,,,,,,,
,Option,Nos plats,Loempia,,,1.2,1.2,,,,,,,,,,,,,,,,,,,,,,,,,,,,
,Option,Nos plats,Manalouse,,,1.2,1.2,,,,,,,,,,,,,,,,,,,,,,,,,,,,
,Option,Nos plats,Mayonnaise,,,1.2,1.2,,,,,,,,,,,,,,,,,,,,,,,,,,,,
,Option,Nos plats,Moutarde,,,1.2,1.2,,,,,,,,,,,,,,,,,,,,,,,,,,,,
,Option,Nos plats,Pitta à l'ail,,,1.2,1.2,,,,,,,,,,,,,,,,,,,,,,,,,,,,
,Option,Nos plats,Poivre,,,1.2,1.2,,,,,,,,,,,,,,,,,,,,,,,,,,,,
,Option,Nos plats,Provençale,,,1.2,1.2,,,,,,,,,,,,,,,,,,,,,,,,,,,,
,Option,Nos plats,Riche,,,1.2,1.2,,,,,,,,,,,,,,,,,,,,,,,,,,,,
,Option,Nos plats,Samouraï,,,1.2,1.2,,,,,,,,,,,,,,,,,,,,,,,,,,,,
,Option,Nos plats,Tartare,,,1.2,1.2,,,,,,,,,,,,,,,,,,,,,,,,,,,,
,Option,Nos plats,Tomagrec,,,1.2,1.2,,,,,,,,,,,,,,,,,,,,,,,,,,,,
,Option,Nos plats,Toscane,,,1.2,1.2,,,,,,,,,,,,,,,,,,,,,,,,,,,,
,Option,Nos plats,Vinaigrette,,,1.2,1.2,,,,,,,,,,,,,,,,,,,,,,,,,,,,
,Option,Nos plats,Mayonnaise truffe,,,1.2,1.2,,,,,,,,,,,,,,,,,,,,,,,,,,,,
,Option,Nos plats,Jammie,,,1.2,1.2,,,,,,,,,,,,,,,,,,,,,,,,,,,,
,Option,Nos plats,Cheas'y,,,1.2,1.2,,,,,,,,,,,,,,,,,,,,,,,,,,,,
,Option,Nos plats,Dallas,,,1.2,1.2,,,,,,,,,,,,,,,,,,,,,,,,,,,,
,ITEM,Nos plats,Boulette maison,,Boulettes sauce tomate accompagnées de frites.,18.9,18.9,,,,,,,,,,,,,,,,,,,,,,,,,,,,
,Option-Group,Nos plats,Choix extra sauces (facultatif),,,,,,,,,,,,,,,,,,,,,,,,,,,,,,,,
,Option,Nos plats,Algérienne,,,0,0,,,,,,,,,,,,,,,,,,,,,,,,,,,,
,Option,Nos plats,Américaine,,,1.2,1.2,,,,,,,,,,,,,,,,,,,,,,,,,,,,
,Option,Nos plats,Américaine forte,,,1.2,1.2,,,,,,,,,,,,,,,,,,,,,,,,,,,,
,Option,Nos plats,Américaine légère,,,1.2,1.2,,,,,,,,,,,,,,,,,,,,,,,,,,,,
,Option,Nos plats,Andalouse,,,1.2,1.2,,,,,,,,,,,,,,,,,,,,,,,,,,,,
,Option,Nos plats,Barbecue,,,1.2,1.2,,,,,,,,,,,,,,,,,,,,,,,,,,,,
,Option,Nos plats,Béarnaise,,,1.2,1.2,,,,,,,,,,,,,,,,,,,,,,,,,,,,
,Option,Nos plats,Bicky burger,,,1.2,1.2,,,,,,,,,,,,,,,,,,,,,,,,,,,,
,Option,Nos plats,Brazil,,,1.2,1.2,,,,,,,,,,,,,,,,,,,,,,,,,,,,
,Option,Nos plats,Cocktail,,,1.2,1.2,,,,,,,,,,,,,,,,,,,,,,,,,,,,
,Option,Nos plats,Curry ketchup,,,1.2,1.2,,,,,,,,,,,,,,,,,,,,,,,,,,,,
,Option,Nos plats,Géante,,,1.2,1.2,,,,,,,,,,,,,,,,,,,,,,,,,,,,
,Option,Nos plats,Hawaï,,,1.2,1.2,,,,,,,,,,,,,,,,,,,,,,,,,,,,
,Option,Nos plats,Ketchup,,,1.2,1.2,,,,,,,,,,,,,,,,,,,,,,,,,,,,
,Option,Nos plats,Loempia,,,1.2,1.2,,,,,,,,,,,,,,,,,,,,,,,,,,,,
,Option,Nos plats,Manalouse,,,1.2,1.2,,,,,,,,,,,,,,,,,,,,,,,,,,,,
,Option,Nos plats,Mayonnaise,,,1.2,1.2,,,,,,,,,,,,,,,,,,,,,,,,,,,,
,Option,Nos plats,Moutarde,,,1.2,1.2,,,,,,,,,,,,,,,,,,,,,,,,,,,,
,Option,Nos plats,Pitta à l'ail,,,1.2,1.2,,,,,,,,,,,,,,,,,,,,,,,,,,,,
,Option,Nos plats,Poivre,,,1.2,1.2,,,,,,,,,,,,,,,,,,,,,,,,,,,,
,Option,Nos plats,Provençale,,,1.2,1.2,,,,,,,,,,,,,,,,,,,,,,,,,,,,
,Option,Nos plats,Riche,,,1.2,1.2,,,,,,,,,,,,,,,,,,,,,,,,,,,,
,Option,Nos plats,Samouraï,,,1.2,1.2,,,,,,,,,,,,,,,,,,,,,,,,,,,,
,Option,Nos plats,Tartare,,,1.2,1.2,,,,,,,,,,,,,,,,,,,,,,,,,,,,
,Option,Nos plats,Tomagrec,,,1.2,1.2,,,,,,,,,,,,,,,,,,,,,,,,,,,,
,Option,Nos plats,Toscane,,,1.2,1.2,,,,,,,,,,,,,,,,,,,,,,,,,,,,
,Option,Nos plats,Vinaigrette,,,1.2,1.2,,,,,,,,,,,,,,,,,,,,,,,,,,,,
,Option,Nos plats,Mayonnaise truffe,,,1.2,1.2,,,,,,,,,,,,,,,,,,,,,,,,,,,,
,Option,Nos plats,Jammie,,,1.2,1.2,,,,,,,,,,,,,,,,,,,,,,,,,,,,
,Option,Nos plats,Cheas'y,,,1.2,1.2,,,,,,,,,,,,,,,,,,,,,,,,,,,,
,Option,Nos plats,Dallas,,,1.2,1.2,,,,,,,,,,,,,,,,,,,,,,,,,,,,
,ITEM,Nos plats,Mini boulette small,,Choix sauce = sauce sur les boulettes / choix extra sauce = sauce à part dans un pot,11,11,,,,,,,,,,,,,,,,,,,,,,,,,,,,
,Option-Group,Nos plats,Choix sauce (facultatif),,,,,,,,,,,,,,,,,,,,,,,,,,,,,,,,
,Option,Nos plats,Sans sauce,,,0,0,,,,,,,,,,,,,,,,,,,,,,,,,,,,
,Option,Nos plats,Algérienne,,,0,0,,,,,,,,,,,,,,,,,,,,,,,,,,,,
,Option,Nos plats,Américaine,,,0,0,,,,,,,,,,,,,,,,,,,,,,,,,,,,
,Option,Nos plats,Américaine forte,,,0,0,,,,,,,,,,,,,,,,,,,,,,,,,,,,
,Option,Nos plats,Américaine légère,,,0,0,,,,,,,,,,,,,,,,,,,,,,,,,,,,
,Option,Nos plats,Andalouse,,,0,0,,,,,,,,,,,,,,,,,,,,,,,,,,,,
,Option,Nos plats,Barbecue,,,0,0,,,,,,,,,,,,,,,,,,,,,,,,,,,,
,Option,Nos plats,Béarnaise,,,0,0,,,,,,,,,,,,,,,,,,,,,,,,,,,,
,Option,Nos plats,Bicky burger,,,0,0,,,,,,,,,,,,,,,,,,,,,,,,,,,,
,Option,Nos plats,Brazil,,,0,0,,,,,,,,,,,,,,,,,,,,,,,,,,,,
,Option,Nos plats,Cocktail,,,0,0,,,,,,,,,,,,,,,,,,,,,,,,,,,,
,Option,Nos plats,Curry ketchup,,,0,0,,,,,,,,,,,,,,,,,,,,,,,,,,,,
,Option,Nos plats,Géante,,,0,0,,,,,,,,,,,,,,,,,,,,,,,,,,,,
,Option,Nos plats,Hawaï,,,0,0,,,,,,,,,,,,,,,,,,,,,,,,,,,,
,Option,Nos plats,Ketchup,,,0,0,,,,,,,,,,,,,,,,,,,,,,,,,,,,
,Option,Nos plats,Loempia,,,0,0,,,,,,,,,,,,,,,,,,,,,,,,,,,,
,Option,Nos plats,Manalouse,,,0,0,,,,,,,,,,,,,,,,,,,,,,,,,,,,
,Option,Nos plats,Mayonnaise,,,0,0,,,,,,,,,,,,,,,,,,,,,,,,,,,,
,Option,Nos plats,Moutarde,,,0,0,,,,,,,,,,,,,,,,,,,,,,,,,,,,
,Option,Nos plats,Pitta à l'ail,,,0,0,,,,,,,,,,,,,,,,,,,,,,,,,,,,
,Option,Nos plats,Poivre,,,0,0,,,,,,,,,,,,,,,,,,,,,,,,,,,,
,Option,Nos plats,Provençale,,,0,0,,,,,,,,,,,,,,,,,,,,,,,,,,,,
,Option,Nos plats,Riche,,,0,0,,,,,,,,,,,,,,,,,,,,,,,,,,,,
,Option,Nos plats,Samouraï,,,0,0,,,,,,,,,,,,,,,,,,,,,,,,,,,,
,Option,Nos plats,Tartare,,,0,0,,,,,,,,,,,,,,,,,,,,,,,,,,,,
,Option,Nos plats,Tomagrec,,,0,0,,,,,,,,,,,,,,,,,,,,,,,,,,,,
,Option,Nos plats,Toscane,,,0,0,,,,,,,,,,,,,,,,,,,,,,,,,,,,
,Option,Nos plats,Vinaigrette,,,0,0,,,,,,,,,,,,,,,,,,,,,,,,,,,,
,Option,Nos plats,Mayonnaise truffe,,,0,0,,,,,,,,,,,,,,,,,,,,,,,,,,,,
,Option,Nos plats,Jammie,,,0,0,,,,,,,,,,,,,,,,,,,,,,,,,,,,
,Option,Nos plats,Cheas'y,,,0,0,,,,,,,,,,,,,,,,,,,,,,,,,,,,
,Option,Nos plats,Dallas,,,0,0,,,,,,,,,,,,,,,,,,,,,,,,,,,,
,Option-Group,Nos plats,Choix extra sauces (facultatif),,,,,,,,,,,,,,,,,,,,,,,,,,,,,,,,
,Option,Nos plats,Algérienne,,,0,0,,,,,,,,,,,,,,,,,,,,,,,,,,,,
,Option,Nos plats,Américaine,,,1.2,1.2,,,,,,,,,,,,,,,,,,,,,,,,,,,,
,Option,Nos plats,Américaine forte,,,1.2,1.2,,,,,,,,,,,,,,,,,,,,,,,,,,,,
,Option,Nos plats,Américaine légère,,,1.2,1.2,,,,,,,,,,,,,,,,,,,,,,,,,,,,
,Option,Nos plats,Andalouse,,,1.2,1.2,,,,,,,,,,,,,,,,,,,,,,,,,,,,
,Option,Nos plats,Barbecue,,,1.2,1.2,,,,,,,,,,,,,,,,,,,,,,,,,,,,
,Option,Nos plats,Béarnaise,,,1.2,1.2,,,,,,,,,,,,,,,,,,,,,,,,,,,,
,Option,Nos plats,Bicky burger,,,1.2,1.2,,,,,,,,,,,,,,,,,,,,,,,,,,,,
,Option,Nos plats,Brazil,,,1.2,1.2,,,,,,,,,,,,,,,,,,,,,,,,,,,,
,Option,Nos plats,Cocktail,,,1.2,1.2,,,,,,,,,,,,,,,,,,,,,,,,,,,,
,Option,Nos plats,Curry ketchup,,,1.2,1.2,,,,,,,,,,,,,,,,,,,,,,,,,,,,
,Option,Nos plats,Géante,,,1.2,1.2,,,,,,,,,,,,,,,,,,,,,,,,,,,,
,Option,Nos plats,Hawaï,,,1.2,1.2,,,,,,,,,,,,,,,,,,,,,,,,,,,,
,Option,Nos plats,Ketchup,,,1.2,1.2,,,,,,,,,,,,,,,,,,,,,,,,,,,,
,Option,Nos plats,Loempia,,,1.2,1.2,,,,,,,,,,,,,,,,,,,,,,,,,,,,
,Option,Nos plats,Manalouse,,,1.2,1.2,,,,,,,,,,,,,,,,,,,,,,,,,,,,
,Option,Nos plats,Mayonnaise,,,1.2,1.2,,,,,,,,,,,,,,,,,,,,,,,,,,,,
,Option,Nos plats,Moutarde,,,1.2,1.2,,,,,,,,,,,,,,,,,,,,,,,,,,,,
,Option,Nos plats,Pitta à l'ail,,,1.2,1.2,,,,,,,,,,,,,,,,,,,,,,,,,,,,
,Option,Nos plats,Poivre,,,1.2,1.2,,,,,,,,,,,,,,,,,,,,,,,,,,,,
,Option,Nos plats,Provençale,,,1.2,1.2,,,,,,,,,,,,,,,,,,,,,,,,,,,,
,Option,Nos plats,Riche,,,1.2,1.2,,,,,,,,,,,,,,,,,,,,,,,,,,,,
,Option,Nos plats,Samouraï,,,1.2,1.2,,,,,,,,,,,,,,,,,,,,,,,,,,,,
,Option,Nos plats,Tartare,,,1.2,1.2,,,,,,,,,,,,,,,,,,,,,,,,,,,,
,Option,Nos plats,Tomagrec,,,1.2,1.2,,,,,,,,,,,,,,,,,,,,,,,,,,,,
,Option,Nos plats,Toscane,,,1.2,1.2,,,,,,,,,,,,,,,,,,,,,,,,,,,,
,Option,Nos plats,Vinaigrette,,,1.2,1.2,,,,,,,,,,,,,,,,,,,,,,,,,,,,
,Option,Nos plats,Mayonnaise truffe,,,1.2,1.2,,,,,,,,,,,,,,,,,,,,,,,,,,,,
,Option,Nos plats,Jammie,,,1.2,1.2,,,,,,,,,,,,,,,,,,,,,,,,,,,,
,Option,Nos plats,Cheas'y,,,1.2,1.2,,,,,,,,,,,,,,,,,,,,,,,,,,,,
,Option,Nos plats,Dallas,,,1.2,1.2,,,,,,,,,,,,,,,,,,,,,,,,,,,,
,ITEM,Nos plats,Mini boulette big,,Choix sauce = sauce sur les boulettes / choix extra sauce = sauce à part dans un pot,14,14,,,,,,,,,,,,,,,,,,,,,,,,,,,,
,Option-Group,Nos plats,Choix sauce (facultatif),,,,,,,,,,,,,,,,,,,,,,,,,,,,,,,,
,Option,Nos plats,Sans sauce,,,0,0,,,,,,,,,,,,,,,,,,,,,,,,,,,,
,Option,Nos plats,Algérienne,,,0,0,,,,,,,,,,,,,,,,,,,,,,,,,,,,
,Option,Nos plats,Américaine,,,0,0,,,,,,,,,,,,,,,,,,,,,,,,,,,,
,Option,Nos plats,Américaine forte,,,0,0,,,,,,,,,,,,,,,,,,,,,,,,,,,,
,Option,Nos plats,Américaine légère,,,0,0,,,,,,,,,,,,,,,,,,,,,,,,,,,,
,Option,Nos plats,Andalouse,,,0,0,,,,,,,,,,,,,,,,,,,,,,,,,,,,
,Option,Nos plats,Barbecue,,,0,0,,,,,,,,,,,,,,,,,,,,,,,,,,,,
,Option,Nos plats,Béarnaise,,,0,0,,,,,,,,,,,,,,,,,,,,,,,,,,,,
,Option,Nos plats,Bicky burger,,,0,0,,,,,,,,,,,,,,,,,,,,,,,,,,,,
,Option,Nos plats,Brazil,,,0,0,,,,,,,,,,,,,,,,,,,,,,,,,,,,
,Option,Nos plats,Cocktail,,,0,0,,,,,,,,,,,,,,,,,,,,,,,,,,,,
,Option,Nos plats,Curry ketchup,,,0,0,,,,,,,,,,,,,,,,,,,,,,,,,,,,
,Option,Nos plats,Géante,,,0,0,,,,,,,,,,,,,,,,,,,,,,,,,,,,
,Option,Nos plats,Hawaï,,,0,0,,,,,,,,,,,,,,,,,,,,,,,,,,,,
,Option,Nos plats,Ketchup,,,0,0,,,,,,,,,,,,,,,,,,,,,,,,,,,,
,Option,Nos plats,Loempia,,,0,0,,,,,,,,,,,,,,,,,,,,,,,,,,,,
,Option,Nos plats,Manalouse,,,0,0,,,,,,,,,,,,,,,,,,,,,,,,,,,,
,Option,Nos plats,Mayonnaise,,,0,0,,,,,,,,,,,,,,,,,,,,,,,,,,,,
,Option,Nos plats,Moutarde,,,0,0,,,,,,,,,,,,,,,,,,,,,,,,,,,,
,Option,Nos plats,Pitta à l'ail,,,0,0,,,,,,,,,,,,,,,,,,,,,,,,,,,,
,Option,Nos plats,Poivre,,,0,0,,,,,,,,,,,,,,,,,,,,,,,,,,,,
,Option,Nos plats,Provençale,,,0,0,,,,,,,,,,,,,,,,,,,,,,,,,,,,
,Option,Nos plats,Riche,,,0,0,,,,,,,,,,,,,,,,,,,,,,,,,,,,
,Option,Nos plats,Samouraï,,,0,0,,,,,,,,,,,,,,,,,,,,,,,,,,,,
,Option,Nos plats,Tartare,,,0,0,,,,,,,,,,,,,,,,,,,,,,,,,,,,
,Option,Nos plats,Tomagrec,,,0,0,,,,,,,,,,,,,,,,,,,,,,,,,,,,
,Option,Nos plats,Toscane,,,0,0,,,,,,,,,,,,,,,,,,,,,,,,,,,,
,Option,Nos plats,Vinaigrette,,,0,0,,,,,,,,,,,,,,,,,,,,,,,,,,,,
,Option,Nos plats,Mayonnaise truffe,,,0,0,,,,,,,,,,,,,,,,,,,,,,,,,,,,
,Option,Nos plats,Jammie,,,0,0,,,,,,,,,,,,,,,,,,,,,,,,,,,,
,Option,Nos plats,Cheas'y,,,0,0,,,,,,,,,,,,,,,,,,,,,,,,,,,,
,Option,Nos plats,Dallas,,,0,0,,,,,,,,,,,,,,,,,,,,,,,,,,,,
,Option-Group,Nos plats,Choix extra sauces (facultatif),,,,,,,,,,,,,,,,,,,,,,,,,,,,,,,,
,Option,Nos plats,Algérienne,,,0,0,,,,,,,,,,,,,,,,,,,,,,,,,,,,
,Option,Nos plats,Américaine,,,1.2,1.2,,,,,,,,,,,,,,,,,,,,,,,,,,,,
,Option,Nos plats,Américaine forte,,,1.2,1.2,,,,,,,,,,,,,,,,,,,,,,,,,,,,
,Option,Nos plats,Américaine légère,,,1.2,1.2,,,,,,,,,,,,,,,,,,,,,,,,,,,,
,Option,Nos plats,Andalouse,,,1.2,1.2,,,,,,,,,,,,,,,,,,,,,,,,,,,,
,Option,Nos plats,Barbecue,,,1.2,1.2,,,,,,,,,,,,,,,,,,,,,,,,,,,,
,Option,Nos plats,Béarnaise,,,1.2,1.2,,,,,,,,,,,,,,,,,,,,,,,,,,,,
,Option,Nos plats,Bicky burger,,,1.2,1.2,,,,,,,,,,,,,,,,,,,,,,,,,,,,
,Option,Nos plats,Brazil,,,1.2,1.2,,,,,,,,,,,,,,,,,,,,,,,,,,,,
,Option,Nos plats,Cocktail,,,1.2,1.2,,,,,,,,,,,,,,,,,,,,,,,,,,,,
,Option,Nos plats,Curry ketchup,,,1.2,1.2,,,,,,,,,,,,,,,,,,,,,,,,,,,,
,Option,Nos plats,Géante,,,1.2,1.2,,,,,,,,,,,,,,,,,,,,,,,,,,,,
,Option,Nos plats,Hawaï,,,1.2,1.2,,,,,,,,,,,,,,,,,,,,,,,,,,,,
,Option,Nos plats,Ketchup,,,1.2,1.2,,,,,,,,,,,,,,,,,,,,,,,,,,,,
,Option,Nos plats,Loempia,,,1.2,1.2,,,,,,,,,,,,,,,,,,,,,,,,,,,,
,Option,Nos plats,Manalouse,,,1.2,1.2,,,,,,,,,,,,,,,,,,,,,,,,,,,,
,Option,Nos plats,Mayonnaise,,,1.2,1.2,,,,,,,,,,,,,,,,,,,,,,,,,,,,
,Option,Nos plats,Moutarde,,,1.2,1.2,,,,,,,,,,,,,,,,,,,,,,,,,,,,
,Option,Nos plats,Pitta à l'ail,,,1.2,1.2,,,,,,,,,,,,,,,,,,,,,,,,,,,,
,Option,Nos plats,Poivre,,,1.2,1.2,,,,,,,,,,,,,,,,,,,,,,,,,,,,
,Option,Nos plats,Provençale,,,1.2,1.2,,,,,,,,,,,,,,,,,,,,,,,,,,,,
,Option,Nos plats,Riche,,,1.2,1.2,,,,,,,,,,,,,,,,,,,,,,,,,,,,
,Option,Nos plats,Samouraï,,,1.2,1.2,,,,,,,,,,,,,,,,,,,,,,,,,,,,
,Option,Nos plats,Tartare,,,1.2,1.2,,,,,,,,,,,,,,,,,,,,,,,,,,,,
,Option,Nos plats,Tomagrec,,,1.2,1.2,,,,,,,,,,,,,,,,,,,,,,,,,,,,
,Option,Nos plats,Toscane,,,1.2,1.2,,,,,,,,,,,,,,,,,,,,,,,,,,,,
,Option,Nos plats,Vinaigrette,,,1.2,1.2,,,,,,,,,,,,,,,,,,,,,,,,,,,,
,Option,Nos plats,Mayonnaise truffe,,,1.2,1.2,,,,,,,,,,,,,,,,,,,,,,,,,,,,
,Option,Nos plats,Jammie,,,1.2,1.2,,,,,,,,,,,,,,,,,,,,,,,,,,,,
,Option,Nos plats,Cheas'y,,,1.2,1.2,,,,,,,,,,,,,,,,,,,,,,,,,,,,
,Option,Nos plats,Dallas,,,1.2,1.2,,,,,,,,,,,,,,,,,,,,,,,,,,,,
,ITEM,Nos plats,Vol-au-vent,,,18,18,,,,,,,,,,,,,,,,,,,,,,,,,,,,
,Option-Group,Nos plats,Choix extra sauces (facultatif),,,,,,,,,,,,,,,,,,,,,,,,,,,,,,,,
,Option,Nos plats,Algérienne,,,0,0,,,,,,,,,,,,,,,,,,,,,,,,,,,,
,Option,Nos plats,Américaine,,,1.2,1.2,,,,,,,,,,,,,,,,,,,,,,,,,,,,
,Option,Nos plats,Américaine forte,,,1.2,1.2,,,,,,,,,,,,,,,,,,,,,,,,,,,,
,Option,Nos plats,Américaine légère,,,1.2,1.2,,,,,,,,,,,,,,,,,,,,,,,,,,,,
,Option,Nos plats,Andalouse,,,1.2,1.2,,,,,,,,,,,,,,,,,,,,,,,,,,,,
,Option,Nos plats,Barbecue,,,1.2,1.2,,,,,,,,,,,,,,,,,,,,,,,,,,,,
,Option,Nos plats,Béarnaise,,,1.2,1.2,,,,,,,,,,,,,,,,,,,,,,,,,,,,
,Option,Nos plats,Bicky burger,,,1.2,1.2,,,,,,,,,,,,,,,,,,,,,,,,,,,,
,Option,Nos plats,Brazil,,,1.2,1.2,,,,,,,,,,,,,,,,,,,,,,,,,,,,
,Option,Nos plats,Cocktail,,,1.2,1.2,,,,,,,,,,,,,,,,,,,,,,,,,,,,
,Option,Nos plats,Curry ketchup,,,1.2,1.2,,,,,,,,,,,,,,,,,,,,,,,,,,,,
,Option,Nos plats,Géante,,,1.2,1.2,,,,,,,,,,,,,,,,,,,,,,,,,,,,
,Option,Nos plats,Hawaï,,,1.2,1.2,,,,,,,,,,,,,,,,,,,,,,,,,,,,
,Option,Nos plats,Ketchup,,,1.2,1.2,,,,,,,,,,,,,,,,,,,,,,,,,,,,
,Option,Nos plats,Loempia,,,1.2,1.2,,,,,,,,,,,,,,,,,,,,,,,,,,,,
,Option,Nos plats,Manalouse,,,1.2,1.2,,,,,,,,,,,,,,,,,,,,,,,,,,,,
,Option,Nos plats,Mayonnaise,,,1.2,1.2,,,,,,,,,,,,,,,,,,,,,,,,,,,,
,Option,Nos plats,Moutarde,,,1.2,1.2,,,,,,,,,,,,,,,,,,,,,,,,,,,,
,Option,Nos plats,Pitta à l'ail,,,1.2,1.2,,,,,,,,,,,,,,,,,,,,,,,,,,,,
,Option,Nos plats,Poivre,,,1.2,1.2,,,,,,,,,,,,,,,,,,,,,,,,,,,,
,Option,Nos plats,Provençale,,,1.2,1.2,,,,,,,,,,,,,,,,,,,,,,,,,,,,
,Option,Nos plats,Riche,,,1.2,1.2,,,,,,,,,,,,,,,,,,,,,,,,,,,,
,Option,Nos plats,Samouraï,,,1.2,1.2,,,,,,,,,,,,,,,,,,,,,,,,,,,,
,Option,Nos plats,Tartare,,,1.2,1.2,,,,,,,,,,,,,,,,,,,,,,,,,,,,
,Option,Nos plats,Tomagrec,,,1.2,1.2,,,,,,,,,,,,,,,,,,,,,,,,,,,,
,Option,Nos plats,Toscane,,,1.2,1.2,,,,,,,,,,,,,,,,,,,,,,,,,,,,
,Option,Nos plats,Vinaigrette,,,1.2,1.2,,,,,,,,,,,,,,,,,,,,,,,,,,,,
,Option,Nos plats,Mayonnaise truffe,,,1.2,1.2,,,,,,,,,,,,,,,,,,,,,,,,,,,,
,Option,Nos plats,Jammie,,,1.2,1.2,,,,,,,,,,,,,,,,,,,,,,,,,,,,
,Option,Nos plats,Cheas'y,,,1.2,1.2,,,,,,,,,,,,,,,,,,,,,,,,,,,,
,Option,Nos plats,Dallas,,,1.2,1.2,,,,,,,,,,,,,,,,,,,,,,,,,,,,
,ITEM,Nos plats,Carbonnade,,,18,18,,,,,,,,,,,,,,,,,,,,,,,,,,,,
,Option-Group,Nos plats,Choix extra sauces (facultatif),,,,,,,,,,,,,,,,,,,,,,,,,,,,,,,,
,Option,Nos plats,Algérienne,,,0,0,,,,,,,,,,,,,,,,,,,,,,,,,,,,
,Option,Nos plats,Américaine,,,1.2,1.2,,,,,,,,,,,,,,,,,,,,,,,,,,,,
,Option,Nos plats,Américaine forte,,,1.2,1.2,,,,,,,,,,,,,,,,,,,,,,,,,,,,
,Option,Nos plats,Américaine légère,,,1.2,1.2,,,,,,,,,,,,,,,,,,,,,,,,,,,,
,Option,Nos plats,Andalouse,,,1.2,1.2,,,,,,,,,,,,,,,,,,,,,,,,,,,,
,Option,Nos plats,Barbecue,,,1.2,1.2,,,,,,,,,,,,,,,,,,,,,,,,,,,,
,Option,Nos plats,Béarnaise,,,1.2,1.2,,,,,,,,,,,,,,,,,,,,,,,,,,,,
,Option,Nos plats,Bicky burger,,,1.2,1.2,,,,,,,,,,,,,,,,,,,,,,,,,,,,
,Option,Nos plats,Brazil,,,1.2,1.2,,,,,,,,,,,,,,,,,,,,,,,,,,,,
,Option,Nos plats,Cocktail,,,1.2,1.2,,,,,,,,,,,,,,,,,,,,,,,,,,,,
,Option,Nos plats,Curry ketchup,,,1.2,1.2,,,,,,,,,,,,,,,,,,,,,,,,,,,,
,Option,Nos plats,Géante,,,1.2,1.2,,,,,,,,,,,,,,,,,,,,,,,,,,,,
,Option,Nos plats,Hawaï,,,1.2,1.2,,,,,,,,,,,,,,,,,,,,,,,,,,,,
,Option,Nos plats,Ketchup,,,1.2,1.2,,,,,,,,,,,,,,,,,,,,,,,,,,,,
,Option,Nos plats,Loempia,,,1.2,1.2,,,,,,,,,,,,,,,,,,,,,,,,,,,,
,Option,Nos plats,Manalouse,,,1.2,1.2,,,,,,,,,,,,,,,,,,,,,,,,,,,,
,Option,Nos plats,Mayonnaise,,,1.2,1.2,,,,,,,,,,,,,,,,,,,,,,,,,,,,
,Option,Nos plats,Moutarde,,,1.2,1.2,,,,,,,,,,,,,,,,,,,,,,,,,,,,
,Option,Nos plats,Pitta à l'ail,,,1.2,1.2,,,,,,,,,,,,,,,,,,,,,,,,,,,,
,Option,Nos plats,Poivre,,,1.2,1.2,,,,,,,,,,,,,,,,,,,,,,,,,,,,
,Option,Nos plats,Provençale,,,1.2,1.2,,,,,,,,,,,,,,,,,,,,,,,,,,,,
,Option,Nos plats,Riche,,,1.2,1.2,,,,,,,,,,,,,,,,,,,,,,,,,,,,
,Option,Nos plats,Samouraï,,,1.2,1.2,,,,,,,,,,,,,,,,,,,,,,,,,,,,
,Option,Nos plats,Tartare,,,1.2,1.2,,,,,,,,,,,,,,,,,,,,,,,,,,,,
,Option,Nos plats,Tomagrec,,,1.2,1.2,,,,,,,,,,,,,,,,,,,,,,,,,,,,
,Option,Nos plats,Toscane,,,1.2,1.2,,,,,,,,,,,,,,,,,,,,,,,,,,,,
,Option,Nos plats,Vinaigrette,,,1.2,1.2,,,,,,,,,,,,,,,,,,,,,,,,,,,,
,Option,Nos plats,Mayonnaise truffe,,,1.2,1.2,,,,,,,,,,,,,,,,,,,,,,,,,,,,
,Option,Nos plats,Jammie,,,1.2,1.2,,,,,,,,,,,,,,,,,,,,,,,,,,,,
,Option,Nos plats,Cheas'y,,,1.2,1.2,,,,,,,,,,,,,,,,,,,,,,,,,,,,
,Option,Nos plats,Dallas,,,1.2,1.2,,,,,,,,,,,,,,,,,,,,,,,,,,,,
,ITEM,Nos plats,Assiette croquette fromage,,2 croquettes de fromages accompagnées de crudités et de frites.,17,17,,,,,,,,,,,,,,,,,,,,,,,,,,,,
,Option-Group,Nos plats,Choix extra sauces (facultatif),,,,,,,,,,,,,,,,,,,,,,,,,,,,,,,,
,Option,Nos plats,Algérienne,,,0,0,,,,,,,,,,,,,,,,,,,,,,,,,,,,
,Option,Nos plats,Américaine,,,1.2,1.2,,,,,,,,,,,,,,,,,,,,,,,,,,,,
,Option,Nos plats,Américaine forte,,,1.2,1.2,,,,,,,,,,,,,,,,,,,,,,,,,,,,
,Option,Nos plats,Américaine légère,,,1.2,1.2,,,,,,,,,,,,,,,,,,,,,,,,,,,,
,Option,Nos plats,Andalouse,,,1.2,1.2,,,,,,,,,,,,,,,,,,,,,,,,,,,,
,Option,Nos plats,Barbecue,,,1.2,1.2,,,,,,,,,,,,,,,,,,,,,,,,,,,,
,Option,Nos plats,Béarnaise,,,1.2,1.2,,,,,,,,,,,,,,,,,,,,,,,,,,,,
,Option,Nos plats,Bicky burger,,,1.2,1.2,,,,,,,,,,,,,,,,,,,,,,,,,,,,
,Option,Nos plats,Brazil,,,1.2,1.2,,,,,,,,,,,,,,,,,,,,,,,,,,,,
,Option,Nos plats,Cocktail,,,1.2,1.2,,,,,,,,,,,,,,,,,,,,,,,,,,,,
,Option,Nos plats,Curry ketchup,,,1.2,1.2,,,,,,,,,,,,,,,,,,,,,,,,,,,,
,Option,Nos plats,Géante,,,1.2,1.2,,,,,,,,,,,,,,,,,,,,,,,,,,,,
,Option,Nos plats,Hawaï,,,1.2,1.2,,,,,,,,,,,,,,,,,,,,,,,,,,,,
,Option,Nos plats,Ketchup,,,1.2,1.2,,,,,,,,,,,,,,,,,,,,,,,,,,,,
,Option,Nos plats,Loempia,,,1.2,1.2,,,,,,,,,,,,,,,,,,,,,,,,,,,,
,Option,Nos plats,Manalouse,,,1.2,1.2,,,,,,,,,,,,,,,,,,,,,,,,,,,,
,Option,Nos plats,Mayonnaise,,,1.2,1.2,,,,,,,,,,,,,,,,,,,,,,,,,,,,
,Option,Nos plats,Moutarde,,,1.2,1.2,,,,,,,,,,,,,,,,,,,,,,,,,,,,
,Option,Nos plats,Pitta à l'ail,,,1.2,1.2,,,,,,,,,,,,,,,,,,,,,,,,,,,,
,Option,Nos plats,Poivre,,,1.2,1.2,,,,,,,,,,,,,,,,,,,,,,,,,,,,
,Option,Nos plats,Provençale,,,1.2,1.2,,,,,,,,,,,,,,,,,,,,,,,,,,,,
,Option,Nos plats,Riche,,,1.2,1.2,,,,,,,,,,,,,,,,,,,,,,,,,,,,
,Option,Nos plats,Samouraï,,,1.2,1.2,,,,,,,,,,,,,,,,,,,,,,,,,,,,
,Option,Nos plats,Tartare,,,1.2,1.2,,,,,,,,,,,,,,,,,,,,,,,,,,,,
,Option,Nos plats,Tomagrec,,,1.2,1.2,,,,,,,,,,,,,,,,,,,,,,,,,,,,
,Option,Nos plats,Toscane,,,1.2,1.2,,,,,,,,,,,,,,,,,,,,,,,,,,,,
,Option,Nos plats,Vinaigrette,,,1.2,1.2,,,,,,,,,,,,,,,,,,,,,,,,,,,,
,Option,Nos plats,Mayonnaise truffe,,,1.2,1.2,,,,,,,,,,,,,,,,,,,,,,,,,,,,
,Option,Nos plats,Jammie,,,1.2,1.2,,,,,,,,,,,,,,,,,,,,,,,,,,,,
,Option,Nos plats,Cheas'y,,,1.2,1.2,,,,,,,,,,,,,,,,,,,,,,,,,,,,
,Option,Nos plats,Dallas,,,1.2,1.2,,,,,,,,,,,,,,,,,,,,,,,,,,,,
,ITEM,Nos plats,Assiette double brochettes,,2 brochettes de porc accompagnées de crudités et de frites.,18,18,,,,,,,,,,,,,,,,,,,,,,,,,,,,
,Option-Group,Nos plats,Choix extra sauces (facultatif),,,,,,,,,,,,,,,,,,,,,,,,,,,,,,,,
,Option,Nos plats,Algérienne,,,0,0,,,,,,,,,,,,,,,,,,,,,,,,,,,,
,Option,Nos plats,Américaine,,,1.2,1.2,,,,,,,,,,,,,,,,,,,,,,,,,,,,
,Option,Nos plats,Américaine forte,,,1.2,1.2,,,,,,,,,,,,,,,,,,,,,,,,,,,,
,Option,Nos plats,Américaine légère,,,1.2,1.2,,,,,,,,,,,,,,,,,,,,,,,,,,,,
,Option,Nos plats,Andalouse,,,1.2,1.2,,,,,,,,,,,,,,,,,,,,,,,,,,,,
,Option,Nos plats,Barbecue,,,1.2,1.2,,,,,,,,,,,,,,,,,,,,,,,,,,,,
,Option,Nos plats,Béarnaise,,,1.2,1.2,,,,,,,,,,,,,,,,,,,,,,,,,,,,
,Option,Nos plats,Bicky burger,,,1.2,1.2,,,,,,,,,,,,,,,,,,,,,,,,,,,,
,Option,Nos plats,Brazil,,,1.2,1.2,,,,,,,,,,,,,,,,,,,,,,,,,,,,
,Option,Nos plats,Cocktail,,,1.2,1.2,,,,,,,,,,,,,,,,,,,,,,,,,,,,
,Option,Nos plats,Curry ketchup,,,1.2,1.2,,,,,,,,,,,,,,,,,,,,,,,,,,,,
,Option,Nos plats,Géante,,,1.2,1.2,,,,,,,,,,,,,,,,,,,,,,,,,,,,
,Option,Nos plats,Hawaï,,,1.2,1.2,,,,,,,,,,,,,,,,,,,,,,,,,,,,
,Option,Nos plats,Ketchup,,,1.2,1.2,,,,,,,,,,,,,,,,,,,,,,,,,,,,
,Option,Nos plats,Loempia,,,1.2,1.2,,,,,,,,,,,,,,,,,,,,,,,,,,,,
,Option,Nos plats,Manalouse,,,1.2,1.2,,,,,,,,,,,,,,,,,,,,,,,,,,,,
,Option,Nos plats,Mayonnaise,,,1.2,1.2,,,,,,,,,,,,,,,,,,,,,,,,,,,,
,Option,Nos plats,Moutarde,,,1.2,1.2,,,,,,,,,,,,,,,,,,,,,,,,,,,,
,Option,Nos plats,Pitta à l'ail,,,1.2,1.2,,,,,,,,,,,,,,,,,,,,,,,,,,,,
,Option,Nos plats,Poivre,,,1.2,1.2,,,,,,,,,,,,,,,,,,,,,,,,,,,,
,Option,Nos plats,Provençale,,,1.2,1.2,,,,,,,,,,,,,,,,,,,,,,,,,,,,
,Option,Nos plats,Riche,,,1.2,1.2,,,,,,,,,,,,,,,,,,,,,,,,,,,,
,Option,Nos plats,Samouraï,,,1.2,1.2,,,,,,,,,,,,,,,,,,,,,,,,,,,,
,Option,Nos plats,Tartare,,,1.2,1.2,,,,,,,,,,,,,,,,,,,,,,,,,,,,
,Option,Nos plats,Tomagrec,,,1.2,1.2,,,,,,,,,,,,,,,,,,,,,,,,,,,,
,Option,Nos plats,Toscane,,,1.2,1.2,,,,,,,,,,,,,,,,,,,,,,,,,,,,
,Option,Nos plats,Vinaigrette,,,1.2,1.2,,,,,,,,,,,,,,,,,,,,,,,,,,,,
,Option,Nos plats,Mayonnaise truffe,,,1.2,1.2,,,,,,,,,,,,,,,,,,,,,,,,,,,,
,Option,Nos plats,Jammie,,,1.2,1.2,,,,,,,,,,,,,,,,,,,,,,,,,,,,
,Option,Nos plats,Cheas'y,,,1.2,1.2,,,,,,,,,,,,,,,,,,,,,,,,,,,,
,Option,Nos plats,Dallas,,,1.2,1.2,,,,,,,,,,,,,,,,,,,,,,,,,,,,
,ITEM,Burgers,Hamburger,,Choix sauce = sauce dans le pain & sur les frites (si choisi) / Choix extra sauce = sauce en plus dans un pot. Si vous souhaitez 2 sauces mélangée : choisir une sauce et écrire la deuxième sauce en commentaire. Si vous souhaitez la sauce à part pour un burger + frites : précisez en commentaire.,4.9,4.9,,,,,,,,,,,,,,,,,,,,,,,,,,,,
,Option-Group,Burgers,Choix sauce (obligatoire),,,,,,,,,,,,,,,,,,,,,,,,,,,,,,,,
,Option,Burgers,Sans sauce,,,0,0,,,,,,,,,,,,,,,,,,,,,,,,,,,,
,Option,Burgers,Algérienne,,,0,0,,,,,,,,,,,,,,,,,,,,,,,,,,,,
,Option,Burgers,Américaine,,,0,0,,,,,,,,,,,,,,,,,,,,,,,,,,,,
,Option,Burgers,Américaine forte,,,0,0,,,,,,,,,,,,,,,,,,,,,,,,,,,,
,Option,Burgers,Américaine légère,,,0,0,,,,,,,,,,,,,,,,,,,,,,,,,,,,
,Option,Burgers,Andalouse,,,0,0,,,,,,,,,,,,,,,,,,,,,,,,,,,,
,Option,Burgers,Barbecue,,,0,0,,,,,,,,,,,,,,,,,,,,,,,,,,,,
,Option,Burgers,Béarnaise,,,0,0,,,,,,,,,,,,,,,,,,,,,,,,,,,,
,Option,Burgers,Bicky burger,,,0,0,,,,,,,,,,,,,,,,,,,,,,,,,,,,
,Option,Burgers,Brazil,,,0,0,,,,,,,,,,,,,,,,,,,,,,,,,,,,
,Option,Burgers,Cocktail,,,0,0,,,,,,,,,,,,,,,,,,,,,,,,,,,,
,Option,Burgers,Curry ketchup,,,0,0,,,,,,,,,,,,,,,,,,,,,,,,,,,,
,Option,Burgers,Géante,,,0,0,,,,,,,,,,,,,,,,,,,,,,,,,,,,
,Option,Burgers,Hawaï,,,0,0,,,,,,,,,,,,,,,,,,,,,,,,,,,,
,Option,Burgers,Ketchup,,,0,0,,,,,,,,,,,,,,,,,,,,,,,,,,,,
,Option,Burgers,Loempia,,,0,0,,,,,,,,,,,,,,,,,,,,,,,,,,,,
,Option,Burgers,Manalouse,,,0,0,,,,,,,,,,,,,,,,,,,,,,,,,,,,
,Option,Burgers,Mayonnaise,,,0,0,,,,,,,,,,,,,,,,,,,,,,,,,,,,
,Option,Burgers,Moutarde,,,0,0,,,,,,,,,,,,,,,,,,,,,,,,,,,,
,Option,Burgers,Pitta à l'ail,,,0,0,,,,,,,,,,,,,,,,,,,,,,,,,,,,
,Option,Burgers,Poivre,,,0,0,,,,,,,,,,,,,,,,,,,,,,,,,,,,
,Option,Burgers,Provençale,,,0,0,,,,,,,,,,,,,,,,,,,,,,,,,,,,
,Option,Burgers,Riche,,,0,0,,,,,,,,,,,,,,,,,,,,,,,,,,,,
,Option,Burgers,Samouraï,,,0,0,,,,,,,,,,,,,,,,,,,,,,,,,,,,
,Option,Burgers,Tartare,,,0,0,,,,,,,,,,,,,,,,,,,,,,,,,,,,
,Option,Burgers,Tomagrec,,,0,0,,,,,,,,,,,,,,,,,,,,,,,,,,,,
,Option,Burgers,Toscane,,,0,0,,,,,,,,,,,,,,,,,,,,,,,,,,,,
,Option,Burgers,Vinaigrette,,,0,0,,,,,,,,,,,,,,,,,,,,,,,,,,,,
,Option,Burgers,Mayonnaise truffe,,,0,0,,,,,,,,,,,,,,,,,,,,,,,,,,,,
,Option,Burgers,Jammie,,,0,0,,,,,,,,,,,,,,,,,,,,,,,,,,,,
,Option,Burgers,Cheas'y,,,0,0,,,,,,,,,,,,,,,,,,,,,,,,,,,,
,Option,Burgers,Dallas,,,0,0,,,,,,,,,,,,,,,,,,,,,,,,,,,,
,Option-Group,Burgers,Choix crudités (facultatif),,,,,,,,,,,,,,,,,,,,,,,,,,,,,,,,
,Option,Burgers,Sans crudités,,,0,0,,,,,,,,,,,,,,,,,,,,,,,,,,,,
,Option,Burgers,Carotte,,,0.1,0.1,,,,,,,,,,,,,,,,,,,,,,,,,,,,
,Option,Burgers,Chou blanc,,,0.1,0.1,,,,,,,,,,,,,,,,,,,,,,,,,,,,
,Option,Burgers,Cornichon,,,0.1,0.1,,,,,,,,,,,,,,,,,,,,,,,,,,,,
,Option,Burgers,Maïs,,,0.1,0.1,,,,,,,,,,,,,,,,,,,,,,,,,,,,
,Option,Burgers,Oignons rouges,,,0.1,0.1,,,,,,,,,,,,,,,,,,,,,,,,,,,,
,Option,Burgers,Salade verte,,,0.1,0.1,,,,,,,,,,,,,,,,,,,,,,,,,,,,
,Option,Burgers,Tomates,,,0.1,0.1,,,,,,,,,,,,,,,,,,,,,,,,,,,,
,Option-Group,Burgers,Choix extra cheese (facultatif),,,,,,,,,,,,,,,,,,,,,,,,,,,,,,,,
,Option,Burgers,Feta,,,0.9,0.9,,,,,,,,,,,,,,,,,,,,,,,,,,,,
,Option,Burgers,Cheese,,,0.7,0.7,,,,,,,,,,,,,,,,,,,,,,,,,,,,
,Option-Group,Burgers,Choix suppléments (facultatif),,,,,,,,,,,,,,,,,,,,,,,,,,,,,,,,
,Option,Burgers,Cheese,,,0.7,0.7,,,,,,,,,,,,,,,,,,,,,,,,,,,,
,Option,Burgers,Feta,,,0.9,0.9,,,,,,,,,,,,,,,,,,,,,,,,,,,,
,Option,Burgers,Frites,,,3,3,,,,,,,,,,,,,,,,,,,,,,,,,,,,
,Option-Group,Burgers,Choix extra sauces (facultatif),,,,,,,,,,,,,,,,,,,,,,,,,,,,,,,,
,Option,Burgers,Algérienne,,,0,0,,,,,,,,,,,,,,,,,,,,,,,,,,,,
,Option,Burgers,Américaine,,,1.2,1.2,,,,,,,,,,,,,,,,,,,,,,,,,,,,
,Option,Burgers,Américaine forte,,,1.2,1.2,,,,,,,,,,,,,,,,,,,,,,,,,,,,
,Option,Burgers,Américaine légère,,,1.2,1.2,,,,,,,,,,,,,,,,,,,,,,,,,,,,
,Option,Burgers,Andalouse,,,1.2,1.2,,,,,,,,,,,,,,,,,,,,,,,,,,,,
,Option,Burgers,Barbecue,,,1.2,1.2,,,,,,,,,,,,,,,,,,,,,,,,,,,,
,Option,Burgers,Béarnaise,,,1.2,1.2,,,,,,,,,,,,,,,,,,,,,,,,,,,,
,Option,Burgers,Bicky burger,,,1.2,1.2,,,,,,,,,,,,,,,,,,,,,,,,,,,,
,Option,Burgers,Brazil,,,1.2,1.2,,,,,,,,,,,,,,,,,,,,,,,,,,,,
,Option,Burgers,Cocktail,,,1.2,1.2,,,,,,,,,,,,,,,,,,,,,,,,,,,,
,Option,Burgers,Curry ketchup,,,1.2,1.2,,,,,,,,,,,,,,,,,,,,,,,,,,,,
,Option,Burgers,Géante,,,1.2,1.2,,,,,,,,,,,,,,,,,,,,,,,,,,,,
,Option,Burgers,Hawaï,,,1.2,1.2,,,,,,,,,,,,,,,,,,,,,,,,,,,,
,Option,Burgers,Ketchup,,,1.2,1.2,,,,,,,,,,,,,,,,,,,,,,,,,,,,
,Option,Burgers,Loempia,,,1.2,1.2,,,,,,,,,,,,,,,,,,,,,,,,,,,,
,Option,Burgers,Manalouse,,,1.2,1.2,,,,,,,,,,,,,,,,,,,,,,,,,,,,
,Option,Burgers,Mayonnaise,,,1.2,1.2,,,,,,,,,,,,,,,,,,,,,,,,,,,,
,Option,Burgers,Moutarde,,,1.2,1.2,,,,,,,,,,,,,,,,,,,,,,,,,,,,
,Option,Burgers,Pitta à l'ail,,,1.2,1.2,,,,,,,,,,,,,,,,,,,,,,,,,,,,
,Option,Burgers,Poivre,,,1.2,1.2,,,,,,,,,,,,,,,,,,,,,,,,,,,,
,Option,Burgers,Provençale,,,1.2,1.2,,,,,,,,,,,,,,,,,,,,,,,,,,,,
,Option,Burgers,Riche,,,1.2,1.2,,,,,,,,,,,,,,,,,,,,,,,,,,,,
,Option,Burgers,Samouraï,,,1.2,1.2,,,,,,,,,,,,,,,,,,,,,,,,,,,,
,Option,Burgers,Tartare,,,1.2,1.2,,,,,,,,,,,,,,,,,,,,,,,,,,,,
,Option,Burgers,Tomagrec,,,1.2,1.2,,,,,,,,,,,,,,,,,,,,,,,,,,,,
,Option,Burgers,Toscane,,,1.2,1.2,,,,,,,,,,,,,,,,,,,,,,,,,,,,
,Option,Burgers,Vinaigrette,,,1.2,1.2,,,,,,,,,,,,,,,,,,,,,,,,,,,,
,Option,Burgers,Mayonnaise truffe,,,1.2,1.2,,,,,,,,,,,,,,,,,,,,,,,,,,,,
,Option,Burgers,Jammie,,,1.2,1.2,,,,,,,,,,,,,,,,,,,,,,,,,,,,
,Option,Burgers,Cheas'y,,,1.2,1.2,,,,,,,,,,,,,,,,,,,,,,,,,,,,
,Option,Burgers,Dallas,,,1.2,1.2,,,,,,,,,,,,,,,,,,,,,,,,,,,,
,ITEM,Burgers,Cheeseburger,,Choix sauce = sauce dans le pain & sur les frites (si choisi) / Choix extra sauce = sauce en plus dans un pot. Si vous souhaitez 2 sauces mélangée : choisir une sauce et écrire la deuxième sauce en commentaire. Si vous souhaitez la sauce à part pour un burger + frites : précisez en commentaire.,5.5,5.5,,,,,,,,,,,,,,,,,,,,,,,,,,,,
,Option-Group,Burgers,Choix sauce (obligatoire),,,,,,,,,,,,,,,,,,,,,,,,,,,,,,,,
,Option,Burgers,Sans sauce,,,0,0,,,,,,,,,,,,,,,,,,,,,,,,,,,,
,Option,Burgers,Algérienne,,,0,0,,,,,,,,,,,,,,,,,,,,,,,,,,,,
,Option,Burgers,Américaine,,,0,0,,,,,,,,,,,,,,,,,,,,,,,,,,,,
,Option,Burgers,Américaine forte,,,0,0,,,,,,,,,,,,,,,,,,,,,,,,,,,,
,Option,Burgers,Américaine légère,,,0,0,,,,,,,,,,,,,,,,,,,,,,,,,,,,
,Option,Burgers,Andalouse,,,0,0,,,,,,,,,,,,,,,,,,,,,,,,,,,,
,Option,Burgers,Barbecue,,,0,0,,,,,,,,,,,,,,,,,,,,,,,,,,,,
,Option,Burgers,Béarnaise,,,0,0,,,,,,,,,,,,,,,,,,,,,,,,,,,,
,Option,Burgers,Bicky burger,,,0,0,,,,,,,,,,,,,,,,,,,,,,,,,,,,
,Option,Burgers,Brazil,,,0,0,,,,,,,,,,,,,,,,,,,,,,,,,,,,
,Option,Burgers,Cocktail,,,0,0,,,,,,,,,,,,,,,,,,,,,,,,,,,,
,Option,Burgers,Curry ketchup,,,0,0,,,,,,,,,,,,,,,,,,,,,,,,,,,,
,Option,Burgers,Géante,,,0,0,,,,,,,,,,,,,,,,,,,,,,,,,,,,
,Option,Burgers,Hawaï,,,0,0,,,,,,,,,,,,,,,,,,,,,,,,,,,,
,Option,Burgers,Ketchup,,,0,0,,,,,,,,,,,,,,,,,,,,,,,,,,,,
,Option,Burgers,Loempia,,,0,0,,,,,,,,,,,,,,,,,,,,,,,,,,,,
,Option,Burgers,Manalouse,,,0,0,,,,,,,,,,,,,,,,,,,,,,,,,,,,
,Option,Burgers,Mayonnaise,,,0,0,,,,,,,,,,,,,,,,,,,,,,,,,,,,
,Option,Burgers,Moutarde,,,0,0,,,,,,,,,,,,,,,,,,,,,,,,,,,,
,Option,Burgers,Pitta à l'ail,,,0,0,,,,,,,,,,,,,,,,,,,,,,,,,,,,
,Option,Burgers,Poivre,,,0,0,,,,,,,,,,,,,,,,,,,,,,,,,,,,
,Option,Burgers,Provençale,,,0,0,,,,,,,,,,,,,,,,,,,,,,,,,,,,
,Option,Burgers,Riche,,,0,0,,,,,,,,,,,,,,,,,,,,,,,,,,,,
,Option,Burgers,Samouraï,,,0,0,,,,,,,,,,,,,,,,,,,,,,,,,,,,
,Option,Burgers,Tartare,,,0,0,,,,,,,,,,,,,,,,,,,,,,,,,,,,
,Option,Burgers,Tomagrec,,,0,0,,,,,,,,,,,,,,,,,,,,,,,,,,,,
,Option,Burgers,Toscane,,,0,0,,,,,,,,,,,,,,,,,,,,,,,,,,,,
,Option,Burgers,Vinaigrette,,,0,0,,,,,,,,,,,,,,,,,,,,,,,,,,,,
,Option,Burgers,Mayonnaise truffe,,,0,0,,,,,,,,,,,,,,,,,,,,,,,,,,,,
,Option,Burgers,Jammie,,,0,0,,,,,,,,,,,,,,,,,,,,,,,,,,,,
,Option,Burgers,Cheas'y,,,0,0,,,,,,,,,,,,,,,,,,,,,,,,,,,,
,Option,Burgers,Dallas,,,0,0,,,,,,,,,,,,,,,,,,,,,,,,,,,,
,Option-Group,Burgers,Choix crudités (facultatif),,,,,,,,,,,,,,,,,,,,,,,,,,,,,,,,
,Option,Burgers,Sans crudités,,,0,0,,,,,,,,,,,,,,,,,,,,,,,,,,,,
,Option,Burgers,Carotte,,,0.1,0.1,,,,,,,,,,,,,,,,,,,,,,,,,,,,
,Option,Burgers,Chou blanc,,,0.1,0.1,,,,,,,,,,,,,,,,,,,,,,,,,,,,
,Option,Burgers,Cornichon,,,0.1,0.1,,,,,,,,,,,,,,,,,,,,,,,,,,,,
,Option,Burgers,Maïs,,,0.1,0.1,,,,,,,,,,,,,,,,,,,,,,,,,,,,
,Option,Burgers,Oignons rouges,,,0.1,0.1,,,,,,,,,,,,,,,,,,,,,,,,,,,,
,Option,Burgers,Salade verte,,,0.1,0.1,,,,,,,,,,,,,,,,,,,,,,,,,,,,
,Option,Burgers,Tomates,,,0.1,0.1,,,,,,,,,,,,,,,,,,,,,,,,,,,,
,Option-Group,Burgers,Choix extra cheese (facultatif),,,,,,,,,,,,,,,,,,,,,,,,,,,,,,,,
,Option,Burgers,Feta,,,0.9,0.9,,,,,,,,,,,,,,,,,,,,,,,,,,,,
,Option,Burgers,Cheese,,,0.7,0.7,,,,,,,,,,,,,,,,,,,,,,,,,,,,
,Option-Group,Burgers,Choix suppléments (facultatif),,,,,,,,,,,,,,,,,,,,,,,,,,,,,,,,
,Option,Burgers,Cheese,,,0.7,0.7,,,,,,,,,,,,,,,,,,,,,,,,,,,,
,Option,Burgers,Feta,,,0.9,0.9,,,,,,,,,,,,,,,,,,,,,,,,,,,,
,Option,Burgers,Frites,,,3,3,,,,,,,,,,,,,,,,,,,,,,,,,,,,
,Option-Group,Burgers,Choix extra sauces (facultatif),,,,,,,,,,,,,,,,,,,,,,,,,,,,,,,,
,Option,Burgers,Algérienne,,,0,0,,,,,,,,,,,,,,,,,,,,,,,,,,,,
,Option,Burgers,Américaine,,,1.2,1.2,,,,,,,,,,,,,,,,,,,,,,,,,,,,
,Option,Burgers,Américaine forte,,,1.2,1.2,,,,,,,,,,,,,,,,,,,,,,,,,,,,
,Option,Burgers,Américaine légère,,,1.2,1.2,,,,,,,,,,,,,,,,,,,,,,,,,,,,
,Option,Burgers,Andalouse,,,1.2,1.2,,,,,,,,,,,,,,,,,,,,,,,,,,,,
,Option,Burgers,Barbecue,,,1.2,1.2,,,,,,,,,,,,,,,,,,,,,,,,,,,,
,Option,Burgers,Béarnaise,,,1.2,1.2,,,,,,,,,,,,,,,,,,,,,,,,,,,,
,Option,Burgers,Bicky burger,,,1.2,1.2,,,,,,,,,,,,,,,,,,,,,,,,,,,,
,Option,Burgers,Brazil,,,1.2,1.2,,,,,,,,,,,,,,,,,,,,,,,,,,,,
,Option,Burgers,Cocktail,,,1.2,1.2,,,,,,,,,,,,,,,,,,,,,,,,,,,,
,Option,Burgers,Curry ketchup,,,1.2,1.2,,,,,,,,,,,,,,,,,,,,,,,,,,,,
,Option,Burgers,Géante,,,1.2,1.2,,,,,,,,,,,,,,,,,,,,,,,,,,,,
,Option,Burgers,Hawaï,,,1.2,1.2,,,,,,,,,,,,,,,,,,,,,,,,,,,,
,Option,Burgers,Ketchup,,,1.2,1.2,,,,,,,,,,,,,,,,,,,,,,,,,,,,
,Option,Burgers,Loempia,,,1.2,1.2,,,,,,,,,,,,,,,,,,,,,,,,,,,,
,Option,Burgers,Manalouse,,,1.2,1.2,,,,,,,,,,,,,,,,,,,,,,,,,,,,
,Option,Burgers,Mayonnaise,,,1.2,1.2,,,,,,,,,,,,,,,,,,,,,,,,,,,,
,Option,Burgers,Moutarde,,,1.2,1.2,,,,,,,,,,,,,,,,,,,,,,,,,,,,
,Option,Burgers,Pitta à l'ail,,,1.2,1.2,,,,,,,,,,,,,,,,,,,,,,,,,,,,
,Option,Burgers,Poivre,,,1.2,1.2,,,,,,,,,,,,,,,,,,,,,,,,,,,,
,Option,Burgers,Provençale,,,1.2,1.2,,,,,,,,,,,,,,,,,,,,,,,,,,,,
,Option,Burgers,Riche,,,1.2,1.2,,,,,,,,,,,,,,,,,,,,,,,,,,,,
,Option,Burgers,Samouraï,,,1.2,1.2,,,,,,,,,,,,,,,,,,,,,,,,,,,,
,Option,Burgers,Tartare,,,1.2,1.2,,,,,,,,,,,,,,,,,,,,,,,,,,,,
,Option,Burgers,Tomagrec,,,1.2,1.2,,,,,,,,,,,,,,,,,,,,,,,,,,,,
,Option,Burgers,Toscane,,,1.2,1.2,,,,,,,,,,,,,,,,,,,,,,,,,,,,
,Option,Burgers,Vinaigrette,,,1.2,1.2,,,,,,,,,,,,,,,,,,,,,,,,,,,,
,Option,Burgers,Mayonnaise truffe,,,1.2,1.2,,,,,,,,,,,,,,,,,,,,,,,,,,,,
,Option,Burgers,Jammie,,,1.2,1.2,,,,,,,,,,,,,,,,,,,,,,,,,,,,
,Option,Burgers,Cheas'y,,,1.2,1.2,,,,,,,,,,,,,,,,,,,,,,,,,,,,
,Option,Burgers,Dallas,,,1.2,1.2,,,,,,,,,,,,,,,,,,,,,,,,,,,,
,ITEM,Burgers,Chicken burger,,Choix sauce = sauce dans le pain & sur les frites (si choisi) / Choix extra sauce = sauce en plus dans un pot. Si vous souhaitez 2 sauces mélangée : choisir une sauce et écrire la deuxième sauce en commentaire. Si vous souhaitez la sauce à part pour un burger + frites : précisez en commentaire.,5.4,5.4,,,,,,,,,,,,,,,,,,,,,,,,,,,,
,Option-Group,Burgers,Choix sauce (obligatoire),,,,,,,,,,,,,,,,,,,,,,,,,,,,,,,,
,Option,Burgers,Sans sauce,,,0,0,,,,,,,,,,,,,,,,,,,,,,,,,,,,
,Option,Burgers,Algérienne,,,0,0,,,,,,,,,,,,,,,,,,,,,,,,,,,,
,Option,Burgers,Américaine,,,0,0,,,,,,,,,,,,,,,,,,,,,,,,,,,,
,Option,Burgers,Américaine forte,,,0,0,,,,,,,,,,,,,,,,,,,,,,,,,,,,
,Option,Burgers,Américaine légère,,,0,0,,,,,,,,,,,,,,,,,,,,,,,,,,,,
,Option,Burgers,Andalouse,,,0,0,,,,,,,,,,,,,,,,,,,,,,,,,,,,
,Option,Burgers,Barbecue,,,0,0,,,,,,,,,,,,,,,,,,,,,,,,,,,,
,Option,Burgers,Béarnaise,,,0,0,,,,,,,,,,,,,,,,,,,,,,,,,,,,
,Option,Burgers,Bicky burger,,,0,0,,,,,,,,,,,,,,,,,,,,,,,,,,,,
,Option,Burgers,Brazil,,,0,0,,,,,,,,,,,,,,,,,,,,,,,,,,,,
,Option,Burgers,Cocktail,,,0,0,,,,,,,,,,,,,,,,,,,,,,,,,,,,
,Option,Burgers,Curry ketchup,,,0,0,,,,,,,,,,,,,,,,,,,,,,,,,,,,
,Option,Burgers,Géante,,,0,0,,,,,,,,,,,,,,,,,,,,,,,,,,,,
,Option,Burgers,Hawaï,,,0,0,,,,,,,,,,,,,,,,,,,,,,,,,,,,
,Option,Burgers,Ketchup,,,0,0,,,,,,,,,,,,,,,,,,,,,,,,,,,,
,Option,Burgers,Loempia,,,0,0,,,,,,,,,,,,,,,,,,,,,,,,,,,,
,Option,Burgers,Manalouse,,,0,0,,,,,,,,,,,,,,,,,,,,,,,,,,,,
,Option,Burgers,Mayonnaise,,,0,0,,,,,,,,,,,,,,,,,,,,,,,,,,,,
,Option,Burgers,Moutarde,,,0,0,,,,,,,,,,,,,,,,,,,,,,,,,,,,
,Option,Burgers,Pitta à l'ail,,,0,0,,,,,,,,,,,,,,,,,,,,,,,,,,,,
,Option,Burgers,Poivre,,,0,0,,,,,,,,,,,,,,,,,,,,,,,,,,,,
,Option,Burgers,Provençale,,,0,0,,,,,,,,,,,,,,,,,,,,,,,,,,,,
,Option,Burgers,Riche,,,0,0,,,,,,,,,,,,,,,,,,,,,,,,,,,,
,Option,Burgers,Samouraï,,,0,0,,,,,,,,,,,,,,,,,,,,,,,,,,,,
,Option,Burgers,Tartare,,,0,0,,,,,,,,,,,,,,,,,,,,,,,,,,,,
,Option,Burgers,Tomagrec,,,0,0,,,,,,,,,,,,,,,,,,,,,,,,,,,,
,Option,Burgers,Toscane,,,0,0,,,,,,,,,,,,,,,,,,,,,,,,,,,,
,Option,Burgers,Vinaigrette,,,0,0,,,,,,,,,,,,,,,,,,,,,,,,,,,,
,Option,Burgers,Mayonnaise truffe,,,0,0,,,,,,,,,,,,,,,,,,,,,,,,,,,,
,Option,Burgers,Jammie,,,0,0,,,,,,,,,,,,,,,,,,,,,,,,,,,,
,Option,Burgers,Cheas'y,,,0,0,,,,,,,,,,,,,,,,,,,,,,,,,,,,
,Option,Burgers,Dallas,,,0,0,,,,,,,,,,,,,,,,,,,,,,,,,,,,
,Option-Group,Burgers,Choix crudités (facultatif),,,,,,,,,,,,,,,,,,,,,,,,,,,,,,,,
,Option,Burgers,Sans crudités,,,0,0,,,,,,,,,,,,,,,,,,,,,,,,,,,,
,Option,Burgers,Carotte,,,0.1,0.1,,,,,,,,,,,,,,,,,,,,,,,,,,,,
,Option,Burgers,Chou blanc,,,0.1,0.1,,,,,,,,,,,,,,,,,,,,,,,,,,,,
,Option,Burgers,Cornichon,,,0.1,0.1,,,,,,,,,,,,,,,,,,,,,,,,,,,,
,Option,Burgers,Maïs,,,0.1,0.1,,,,,,,,,,,,,,,,,,,,,,,,,,,,
,Option,Burgers,Oignons rouges,,,0.1,0.1,,,,,,,,,,,,,,,,,,,,,,,,,,,,
,Option,Burgers,Salade verte,,,0.1,0.1,,,,,,,,,,,,,,,,,,,,,,,,,,,,
,Option,Burgers,Tomates,,,0.1,0.1,,,,,,,,,,,,,,,,,,,,,,,,,,,,
,Option-Group,Burgers,Choix extra cheese (facultatif),,,,,,,,,,,,,,,,,,,,,,,,,,,,,,,,
,Option,Burgers,Feta,,,0.9,0.9,,,,,,,,,,,,,,,,,,,,,,,,,,,,
,Option,Burgers,Cheese,,,0.7,0.7,,,,,,,,,,,,,,,,,,,,,,,,,,,,
,Option-Group,Burgers,Choix suppléments (facultatif),,,,,,,,,,,,,,,,,,,,,,,,,,,,,,,,
,Option,Burgers,Cheese,,,0.7,0.7,,,,,,,,,,,,,,,,,,,,,,,,,,,,
,Option,Burgers,Feta,,,0.9,0.9,,,,,,,,,,,,,,,,,,,,,,,,,,,,
,Option,Burgers,Frites,,,3,3,,,,,,,,,,,,,,,,,,,,,,,,,,,,
,Option-Group,Burgers,Choix extra sauces (facultatif),,,,,,,,,,,,,,,,,,,,,,,,,,,,,,,,
,Option,Burgers,Algérienne,,,0,0,,,,,,,,,,,,,,,,,,,,,,,,,,,,
,Option,Burgers,Américaine,,,1.2,1.2,,,,,,,,,,,,,,,,,,,,,,,,,,,,
,Option,Burgers,Américaine forte,,,1.2,1.2,,,,,,,,,,,,,,,,,,,,,,,,,,,,
,Option,Burgers,Américaine légère,,,1.2,1.2,,,,,,,,,,,,,,,,,,,,,,,,,,,,
,Option,Burgers,Andalouse,,,1.2,1.2,,,,,,,,,,,,,,,,,,,,,,,,,,,,
,Option,Burgers,Barbecue,,,1.2,1.2,,,,,,,,,,,,,,,,,,,,,,,,,,,,
,Option,Burgers,Béarnaise,,,1.2,1.2,,,,,,,,,,,,,,,,,,,,,,,,,,,,
,Option,Burgers,Bicky burger,,,1.2,1.2,,,,,,,,,,,,,,,,,,,,,,,,,,,,
,Option,Burgers,Brazil,,,1.2,1.2,,,,,,,,,,,,,,,,,,,,,,,,,,,,
,Option,Burgers,Cocktail,,,1.2,1.2,,,,,,,,,,,,,,,,,,,,,,,,,,,,
,Option,Burgers,Curry ketchup,,,1.2,1.2,,,,,,,,,,,,,,,,,,,,,,,,,,,,
,Option,Burgers,Géante,,,1.2,1.2,,,,,,,,,,,,,,,,,,,,,,,,,,,,
,Option,Burgers,Hawaï,,,1.2,1.2,,,,,,,,,,,,,,,,,,,,,,,,,,,,
,Option,Burgers,Ketchup,,,1.2,1.2,,,,,,,,,,,,,,,,,,,,,,,,,,,,
,Option,Burgers,Loempia,,,1.2,1.2,,,,,,,,,,,,,,,,,,,,,,,,,,,,
,Option,Burgers,Manalouse,,,1.2,1.2,,,,,,,,,,,,,,,,,,,,,,,,,,,,
,Option,Burgers,Mayonnaise,,,1.2,1.2,,,,,,,,,,,,,,,,,,,,,,,,,,,,
,Option,Burgers,Moutarde,,,1.2,1.2,,,,,,,,,,,,,,,,,,,,,,,,,,,,
,Option,Burgers,Pitta à l'ail,,,1.2,1.2,,,,,,,,,,,,,,,,,,,,,,,,,,,,
,Option,Burgers,Poivre,,,1.2,1.2,,,,,,,,,,,,,,,,,,,,,,,,,,,,
,Option,Burgers,Provençale,,,1.2,1.2,,,,,,,,,,,,,,,,,,,,,,,,,,,,
,Option,Burgers,Riche,,,1.2,1.2,,,,,,,,,,,,,,,,,,,,,,,,,,,,
,Option,Burgers,Samouraï,,,1.2,1.2,,,,,,,,,,,,,,,,,,,,,,,,,,,,
,Option,Burgers,Tartare,,,1.2,1.2,,,,,,,,,,,,,,,,,,,,,,,,,,,,
,Option,Burgers,Tomagrec,,,1.2,1.2,,,,,,,,,,,,,,,,,,,,,,,,,,,,
,Option,Burgers,Toscane,,,1.2,1.2,,,,,,,,,,,,,,,,,,,,,,,,,,,,
,Option,Burgers,Vinaigrette,,,1.2,1.2,,,,,,,,,,,,,,,,,,,,,,,,,,,,
,Option,Burgers,Mayonnaise truffe,,,1.2,1.2,,,,,,,,,,,,,,,,,,,,,,,,,,,,
,Option,Burgers,Jammie,,,1.2,1.2,,,,,,,,,,,,,,,,,,,,,,,,,,,,
,Option,Burgers,Cheas'y,,,1.2,1.2,,,,,,,,,,,,,,,,,,,,,,,,,,,,
,Option,Burgers,Dallas,,,1.2,1.2,,,,,,,,,,,,,,,,,,,,,,,,,,,,
,ITEM,Burgers,Fish burger,,Choix sauce = sauce dans le pain & sur les frites (si choisi) / Choix extra sauce = sauce en plus dans un pot. Si vous souhaitez 2 sauces mélangée : choisir une sauce et écrire la deuxième sauce en commentaire. Si vous souhaitez la sauce à part pour un burger + frites : précisez en commentaire.,6.1,6.1,,,,,,,,,,,,,,,,,,,,,,,,,,,,
,Option-Group,Burgers,Choix sauce (obligatoire),,,,,,,,,,,,,,,,,,,,,,,,,,,,,,,,
,Option,Burgers,Sans sauce,,,0,0,,,,,,,,,,,,,,,,,,,,,,,,,,,,
,Option,Burgers,Algérienne,,,0,0,,,,,,,,,,,,,,,,,,,,,,,,,,,,
,Option,Burgers,Américaine,,,0,0,,,,,,,,,,,,,,,,,,,,,,,,,,,,
,Option,Burgers,Américaine forte,,,0,0,,,,,,,,,,,,,,,,,,,,,,,,,,,,
,Option,Burgers,Américaine légère,,,0,0,,,,,,,,,,,,,,,,,,,,,,,,,,,,
,Option,Burgers,Andalouse,,,0,0,,,,,,,,,,,,,,,,,,,,,,,,,,,,
,Option,Burgers,Barbecue,,,0,0,,,,,,,,,,,,,,,,,,,,,,,,,,,,
,Option,Burgers,Béarnaise,,,0,0,,,,,,,,,,,,,,,,,,,,,,,,,,,,
,Option,Burgers,Bicky burger,,,0,0,,,,,,,,,,,,,,,,,,,,,,,,,,,,
,Option,Burgers,Brazil,,,0,0,,,,,,,,,,,,,,,,,,,,,,,,,,,,
,Option,Burgers,Cocktail,,,0,0,,,,,,,,,,,,,,,,,,,,,,,,,,,,
,Option,Burgers,Curry ketchup,,,0,0,,,,,,,,,,,,,,,,,,,,,,,,,,,,
,Option,Burgers,Géante,,,0,0,,,,,,,,,,,,,,,,,,,,,,,,,,,,
,Option,Burgers,Hawaï,,,0,0,,,,,,,,,,,,,,,,,,,,,,,,,,,,
,Option,Burgers,Ketchup,,,0,0,,,,,,,,,,,,,,,,,,,,,,,,,,,,
,Option,Burgers,Loempia,,,0,0,,,,,,,,,,,,,,,,,,,,,,,,,,,,
,Option,Burgers,Manalouse,,,0,0,,,,,,,,,,,,,,,,,,,,,,,,,,,,
,Option,Burgers,Mayonnaise,,,0,0,,,,,,,,,,,,,,,,,,,,,,,,,,,,
,Option,Burgers,Moutarde,,,0,0,,,,,,,,,,,,,,,,,,,,,,,,,,,,
,Option,Burgers,Pitta à l'ail,,,0,0,,,,,,,,,,,,,,,,,,,,,,,,,,,,
,Option,Burgers,Poivre,,,0,0,,,,,,,,,,,,,,,,,,,,,,,,,,,,
,Option,Burgers,Provençale,,,0,0,,,,,,,,,,,,,,,,,,,,,,,,,,,,
,Option,Burgers,Riche,,,0,0,,,,,,,,,,,,,,,,,,,,,,,,,,,,
,Option,Burgers,Samouraï,,,0,0,,,,,,,,,,,,,,,,,,,,,,,,,,,,
,Option,Burgers,Tartare,,,0,0,,,,,,,,,,,,,,,,,,,,,,,,,,,,
,Option,Burgers,Tomagrec,,,0,0,,,,,,,,,,,,,,,,,,,,,,,,,,,,
,Option,Burgers,Toscane,,,0,0,,,,,,,,,,,,,,,,,,,,,,,,,,,,
,Option,Burgers,Vinaigrette,,,0,0,,,,,,,,,,,,,,,,,,,,,,,,,,,,
,Option,Burgers,Mayonnaise truffe,,,0,0,,,,,,,,,,,,,,,,,,,,,,,,,,,,
,Option,Burgers,Jammie,,,0,0,,,,,,,,,,,,,,,,,,,,,,,,,,,,
,Option,Burgers,Cheas'y,,,0,0,,,,,,,,,,,,,,,,,,,,,,,,,,,,
,Option,Burgers,Dallas,,,0,0,,,,,,,,,,,,,,,,,,,,,,,,,,,,
,Option-Group,Burgers,Choix crudités (facultatif),,,,,,,,,,,,,,,,,,,,,,,,,,,,,,,,
,Option,Burgers,Sans crudités,,,0,0,,,,,,,,,,,,,,,,,,,,,,,,,,,,
,Option,Burgers,Carotte,,,0.1,0.1,,,,,,,,,,,,,,,,,,,,,,,,,,,,
,Option,Burgers,Chou blanc,,,0.1,0.1,,,,,,,,,,,,,,,,,,,,,,,,,,,,
,Option,Burgers,Cornichon,,,0.1,0.1,,,,,,,,,,,,,,,,,,,,,,,,,,,,
,Option,Burgers,Maïs,,,0.1,0.1,,,,,,,,,,,,,,,,,,,,,,,,,,,,
,Option,Burgers,Oignons rouges,,,0.1,0.1,,,,,,,,,,,,,,,,,,,,,,,,,,,,
,Option,Burgers,Salade verte,,,0.1,0.1,,,,,,,,,,,,,,,,,,,,,,,,,,,,
,Option,Burgers,Tomates,,,0.1,0.1,,,,,,,,,,,,,,,,,,,,,,,,,,,,
,Option-Group,Burgers,Choix extra cheese (facultatif),,,,,,,,,,,,,,,,,,,,,,,,,,,,,,,,
,Option,Burgers,Feta,,,0.9,0.9,,,,,,,,,,,,,,,,,,,,,,,,,,,,
,Option,Burgers,Cheese,,,0.7,0.7,,,,,,,,,,,,,,,,,,,,,,,,,,,,
,Option-Group,Burgers,Choix suppléments (facultatif),,,,,,,,,,,,,,,,,,,,,,,,,,,,,,,,
,Option,Burgers,Cheese,,,0.7,0.7,,,,,,,,,,,,,,,,,,,,,,,,,,,,
,Option,Burgers,Feta,,,0.9,0.9,,,,,,,,,,,,,,,,,,,,,,,,,,,,
,Option,Burgers,Frites,,,3,3,,,,,,,,,,,,,,,,,,,,,,,,,,,,
,Option-Group,Burgers,Choix extra sauces (facultatif),,,,,,,,,,,,,,,,,,,,,,,,,,,,,,,,
,Option,Burgers,Algérienne,,,0,0,,,,,,,,,,,,,,,,,,,,,,,,,,,,
,Option,Burgers,Américaine,,,1.2,1.2,,,,,,,,,,,,,,,,,,,,,,,,,,,,
,Option,Burgers,Américaine forte,,,1.2,1.2,,,,,,,,,,,,,,,,,,,,,,,,,,,,
,Option,Burgers,Américaine légère,,,1.2,1.2,,,,,,,,,,,,,,,,,,,,,,,,,,,,
,Option,Burgers,Andalouse,,,1.2,1.2,,,,,,,,,,,,,,,,,,,,,,,,,,,,
,Option,Burgers,Barbecue,,,1.2,1.2,,,,,,,,,,,,,,,,,,,,,,,,,,,,
,Option,Burgers,Béarnaise,,,1.2,1.2,,,,,,,,,,,,,,,,,,,,,,,,,,,,
,Option,Burgers,Bicky burger,,,1.2,1.2,,,,,,,,,,,,,,,,,,,,,,,,,,,,
,Option,Burgers,Brazil,,,1.2,1.2,,,,,,,,,,,,,,,,,,,,,,,,,,,,
,Option,Burgers,Cocktail,,,1.2,1.2,,,,,,,,,,,,,,,,,,,,,,,,,,,,
,Option,Burgers,Curry ketchup,,,1.2,1.2,,,,,,,,,,,,,,,,,,,,,,,,,,,,
,Option,Burgers,Géante,,,1.2,1.2,,,,,,,,,,,,,,,,,,,,,,,,,,,,
,Option,Burgers,Hawaï,,,1.2,1.2,,,,,,,,,,,,,,,,,,,,,,,,,,,,
,Option,Burgers,Ketchup,,,1.2,1.2,,,,,,,,,,,,,,,,,,,,,,,,,,,,
,Option,Burgers,Loempia,,,1.2,1.2,,,,,,,,,,,,,,,,,,,,,,,,,,,,
,Option,Burgers,Manalouse,,,1.2,1.2,,,,,,,,,,,,,,,,,,,,,,,,,,,,
,Option,Burgers,Mayonnaise,,,1.2,1.2,,,,,,,,,,,,,,,,,,,,,,,,,,,,
,Option,Burgers,Moutarde,,,1.2,1.2,,,,,,,,,,,,,,,,,,,,,,,,,,,,
,Option,Burgers,Pitta à l'ail,,,1.2,1.2,,,,,,,,,,,,,,,,,,,,,,,,,,,,
,Option,Burgers,Poivre,,,1.2,1.2,,,,,,,,,,,,,,,,,,,,,,,,,,,,
,Option,Burgers,Provençale,,,1.2,1.2,,,,,,,,,,,,,,,,,,,,,,,,,,,,
,Option,Burgers,Riche,,,1.2,1.2,,,,,,,,,,,,,,,,,,,,,,,,,,,,
,Option,Burgers,Samouraï,,,1.2,1.2,,,,,,,,,,,,,,,,,,,,,,,,,,,,
,Option,Burgers,Tartare,,,1.2,1.2,,,,,,,,,,,,,,,,,,,,,,,,,,,,
,Option,Burgers,Tomagrec,,,1.2,1.2,,,,,,,,,,,,,,,,,,,,,,,,,,,,
,Option,Burgers,Toscane,,,1.2,1.2,,,,,,,,,,,,,,,,,,,,,,,,,,,,
,Option,Burgers,Vinaigrette,,,1.2,1.2,,,,,,,,,,,,,,,,,,,,,,,,,,,,
,Option,Burgers,Mayonnaise truffe,,,1.2,1.2,,,,,,,,,,,,,,,,,,,,,,,,,,,,
,Option,Burgers,Jammie,,,1.2,1.2,,,,,,,,,,,,,,,,,,,,,,,,,,,,
,Option,Burgers,Cheas'y,,,1.2,1.2,,,,,,,,,,,,,,,,,,,,,,,,,,,,
,Option,Burgers,Dallas,,,1.2,1.2,,,,,,,,,,,,,,,,,,,,,,,,,,,,
,ITEM,Burgers,Géant burger,,Choix sauce = sauce dans le pain & sur les frites (si choisi) / Choix extra sauce = sauce en plus dans un pot. Si vous souhaitez 2 sauces mélangée : choisir une sauce et écrire la deuxième sauce en commentaire. Si vous souhaitez la sauce à part pour un burger + frites : précisez en commentaire.,7.5,7.5,,,,,,,,,,,,,,,,,,,,,,,,,,,,
,Option-Group,Burgers,Choix sauce (obligatoire),,,,,,,,,,,,,,,,,,,,,,,,,,,,,,,,
,Option,Burgers,Sans sauce,,,0,0,,,,,,,,,,,,,,,,,,,,,,,,,,,,
,Option,Burgers,Algérienne,,,0,0,,,,,,,,,,,,,,,,,,,,,,,,,,,,
,Option,Burgers,Américaine,,,0,0,,,,,,,,,,,,,,,,,,,,,,,,,,,,
,Option,Burgers,Américaine forte,,,0,0,,,,,,,,,,,,,,,,,,,,,,,,,,,,
,Option,Burgers,Américaine légère,,,0,0,,,,,,,,,,,,,,,,,,,,,,,,,,,,
,Option,Burgers,Andalouse,,,0,0,,,,,,,,,,,,,,,,,,,,,,,,,,,,
,Option,Burgers,Barbecue,,,0,0,,,,,,,,,,,,,,,,,,,,,,,,,,,,
,Option,Burgers,Béarnaise,,,0,0,,,,,,,,,,,,,,,,,,,,,,,,,,,,
,Option,Burgers,Bicky burger,,,0,0,,,,,,,,,,,,,,,,,,,,,,,,,,,,
,Option,Burgers,Brazil,,,0,0,,,,,,,,,,,,,,,,,,,,,,,,,,,,
,Option,Burgers,Cocktail,,,0,0,,,,,,,,,,,,,,,,,,,,,,,,,,,,
,Option,Burgers,Curry ketchup,,,0,0,,,,,,,,,,,,,,,,,,,,,,,,,,,,
,Option,Burgers,Géante,,,0,0,,,,,,,,,,,,,,,,,,,,,,,,,,,,
,Option,Burgers,Hawaï,,,0,0,,,,,,,,,,,,,,,,,,,,,,,,,,,,
,Option,Burgers,Ketchup,,,0,0,,,,,,,,,,,,,,,,,,,,,,,,,,,,
,Option,Burgers,Loempia,,,0,0,,,,,,,,,,,,,,,,,,,,,,,,,,,,
,Option,Burgers,Manalouse,,,0,0,,,,,,,,,,,,,,,,,,,,,,,,,,,,
,Option,Burgers,Mayonnaise,,,0,0,,,,,,,,,,,,,,,,,,,,,,,,,,,,
,Option,Burgers,Moutarde,,,0,0,,,,,,,,,,,,,,,,,,,,,,,,,,,,
,Option,Burgers,Pitta à l'ail,,,0,0,,,,,,,,,,,,,,,,,,,,,,,,,,,,
,Option,Burgers,Poivre,,,0,0,,,,,,,,,,,,,,,,,,,,,,,,,,,,
,Option,Burgers,Provençale,,,0,0,,,,,,,,,,,,,,,,,,,,,,,,,,,,
,Option,Burgers,Riche,,,0,0,,,,,,,,,,,,,,,,,,,,,,,,,,,,
,Option,Burgers,Samouraï,,,0,0,,,,,,,,,,,,,,,,,,,,,,,,,,,,
,Option,Burgers,Tartare,,,0,0,,,,,,,,,,,,,,,,,,,,,,,,,,,,
,Option,Burgers,Tomagrec,,,0,0,,,,,,,,,,,,,,,,,,,,,,,,,,,,
,Option,Burgers,Toscane,,,0,0,,,,,,,,,,,,,,,,,,,,,,,,,,,,
,Option,Burgers,Vinaigrette,,,0,0,,,,,,,,,,,,,,,,,,,,,,,,,,,,
,Option,Burgers,Mayonnaise truffe,,,0,0,,,,,,,,,,,,,,,,,,,,,,,,,,,,
,Option,Burgers,Jammie,,,0,0,,,,,,,,,,,,,,,,,,,,,,,,,,,,
,Option,Burgers,Cheas'y,,,0,0,,,,,,,,,,,,,,,,,,,,,,,,,,,,
,Option,Burgers,Dallas,,,0,0,,,,,,,,,,,,,,,,,,,,,,,,,,,,
,Option-Group,Burgers,Choix crudités (facultatif),,,,,,,,,,,,,,,,,,,,,,,,,,,,,,,,
,Option,Burgers,Sans crudités,,,0,0,,,,,,,,,,,,,,,,,,,,,,,,,,,,
,Option,Burgers,Carotte,,,0.1,0.1,,,,,,,,,,,,,,,,,,,,,,,,,,,,
,Option,Burgers,Chou blanc,,,0.1,0.1,,,,,,,,,,,,,,,,,,,,,,,,,,,,
,Option,Burgers,Cornichon,,,0.1,0.1,,,,,,,,,,,,,,,,,,,,,,,,,,,,
,Option,Burgers,Maïs,,,0.1,0.1,,,,,,,,,,,,,,,,,,,,,,,,,,,,
,Option,Burgers,Oignons rouges,,,0.1,0.1,,,,,,,,,,,,,,,,,,,,,,,,,,,,
,Option,Burgers,Salade verte,,,0.1,0.1,,,,,,,,,,,,,,,,,,,,,,,,,,,,
,Option,Burgers,Tomates,,,0.1,0.1,,,,,,,,,,,,,,,,,,,,,,,,,,,,
,Option-Group,Burgers,Choix extra cheese (facultatif),,,,,,,,,,,,,,,,,,,,,,,,,,,,,,,,
,Option,Burgers,Feta,,,0.9,0.9,,,,,,,,,,,,,,,,,,,,,,,,,,,,
,Option,Burgers,Cheese,,,0.7,0.7,,,,,,,,,,,,,,,,,,,,,,,,,,,,
,Option-Group,Burgers,Choix suppléments (facultatif),,,,,,,,,,,,,,,,,,,,,,,,,,,,,,,,
,Option,Burgers,Cheese,,,0.7,0.7,,,,,,,,,,,,,,,,,,,,,,,,,,,,
,Option,Burgers,Feta,,,0.9,0.9,,,,,,,,,,,,,,,,,,,,,,,,,,,,
,Option,Burgers,Frites,,,3,3,,,,,,,,,,,,,,,,,,,,,,,,,,,,
,Option-Group,Burgers,Choix extra sauces (facultatif),,,,,,,,,,,,,,,,,,,,,,,,,,,,,,,,
,Option,Burgers,Algérienne,,,0,0,,,,,,,,,,,,,,,,,,,,,,,,,,,,
,Option,Burgers,Américaine,,,1.2,1.2,,,,,,,,,,,,,,,,,,,,,,,,,,,,
,Option,Burgers,Américaine forte,,,1.2,1.2,,,,,,,,,,,,,,,,,,,,,,,,,,,,
,Option,Burgers,Américaine légère,,,1.2,1.2,,,,,,,,,,,,,,,,,,,,,,,,,,,,
,Option,Burgers,Andalouse,,,1.2,1.2,,,,,,,,,,,,,,,,,,,,,,,,,,,,
,Option,Burgers,Barbecue,,,1.2,1.2,,,,,,,,,,,,,,,,,,,,,,,,,,,,
,Option,Burgers,Béarnaise,,,1.2,1.2,,,,,,,,,,,,,,,,,,,,,,,,,,,,
,Option,Burgers,Bicky burger,,,1.2,1.2,,,,,,,,,,,,,,,,,,,,,,,,,,,,
,Option,Burgers,Brazil,,,1.2,1.2,,,,,,,,,,,,,,,,,,,,,,,,,,,,
,Option,Burgers,Cocktail,,,1.2,1.2,,,,,,,,,,,,,,,,,,,,,,,,,,,,
,Option,Burgers,Curry ketchup,,,1.2,1.2,,,,,,,,,,,,,,,,,,,,,,,,,,,,
,Option,Burgers,Géante,,,1.2,1.2,,,,,,,,,,,,,,,,,,,,,,,,,,,,
,Option,Burgers,Hawaï,,,1.2,1.2,,,,,,,,,,,,,,,,,,,,,,,,,,,,
,Option,Burgers,Ketchup,,,1.2,1.2,,,,,,,,,,,,,,,,,,,,,,,,,,,,
,Option,Burgers,Loempia,,,1.2,1.2,,,,,,,,,,,,,,,,,,,,,,,,,,,,
,Option,Burgers,Manalouse,,,1.2,1.2,,,,,,,,,,,,,,,,,,,,,,,,,,,,
,Option,Burgers,Mayonnaise,,,1.2,1.2,,,,,,,,,,,,,,,,,,,,,,,,,,,,
,Option,Burgers,Moutarde,,,1.2,1.2,,,,,,,,,,,,,,,,,,,,,,,,,,,,
,Option,Burgers,Pitta à l'ail,,,1.2,1.2,,,,,,,,,,,,,,,,,,,,,,,,,,,,
,Option,Burgers,Poivre,,,1.2,1.2,,,,,,,,,,,,,,,,,,,,,,,,,,,,
,Option,Burgers,Provençale,,,1.2,1.2,,,,,,,,,,,,,,,,,,,,,,,,,,,,
,Option,Burgers,Riche,,,1.2,1.2,,,,,,,,,,,,,,,,,,,,,,,,,,,,
,Option,Burgers,Samouraï,,,1.2,1.2,,,,,,,,,,,,,,,,,,,,,,,,,,,,
,Option,Burgers,Tartare,,,1.2,1.2,,,,,,,,,,,,,,,,,,,,,,,,,,,,
,Option,Burgers,Tomagrec,,,1.2,1.2,,,,,,,,,,,,,,,,,,,,,,,,,,,,
,Option,Burgers,Toscane,,,1.2,1.2,,,,,,,,,,,,,,,,,,,,,,,,,,,,
,Option,Burgers,Vinaigrette,,,1.2,1.2,,,,,,,,,,,,,,,,,,,,,,,,,,,,
,Option,Burgers,Mayonnaise truffe,,,1.2,1.2,,,,,,,,,,,,,,,,,,,,,,,,,,,,
,Option,Burgers,Jammie,,,1.2,1.2,,,,,,,,,,,,,,,,,,,,,,,,,,,,
,Option,Burgers,Cheas'y,,,1.2,1.2,,,,,,,,,,,,,,,,,,,,,,,,,,,,
,Option,Burgers,Dallas,,,1.2,1.2,,,,,,,,,,,,,,,,,,,,,,,,,,,,
,ITEM,Burgers,Veggie burger,,Choix sauce = sauce dans le pain & sur les frites (si choisi) / Choix extra sauce = sauce en plus dans un pot. Si vous souhaitez 2 sauces mélangée : choisir une sauce et écrire la deuxième sauce en commentaire. Si vous souhaitez la sauce à part pour un burger + frites : précisez en commentaire.,6.1,6.1,,,,,,,,,,,,,,,,,,,,,,,,,,,,
,Option-Group,Burgers,Choix sauce (obligatoire),,,,,,,,,,,,,,,,,,,,,,,,,,,,,,,,
,Option,Burgers,Sans sauce,,,0,0,,,,,,,,,,,,,,,,,,,,,,,,,,,,
,Option,Burgers,Algérienne,,,0,0,,,,,,,,,,,,,,,,,,,,,,,,,,,,
,Option,Burgers,Américaine,,,0,0,,,,,,,,,,,,,,,,,,,,,,,,,,,,
,Option,Burgers,Américaine forte,,,0,0,,,,,,,,,,,,,,,,,,,,,,,,,,,,
,Option,Burgers,Américaine légère,,,0,0,,,,,,,,,,,,,,,,,,,,,,,,,,,,
,Option,Burgers,Andalouse,,,0,0,,,,,,,,,,,,,,,,,,,,,,,,,,,,
,Option,Burgers,Barbecue,,,0,0,,,,,,,,,,,,,,,,,,,,,,,,,,,,
,Option,Burgers,Béarnaise,,,0,0,,,,,,,,,,,,,,,,,,,,,,,,,,,,
,Option,Burgers,Bicky burger,,,0,0,,,,,,,,,,,,,,,,,,,,,,,,,,,,
,Option,Burgers,Brazil,,,0,0,,,,,,,,,,,,,,,,,,,,,,,,,,,,
,Option,Burgers,Cocktail,,,0,0,,,,,,,,,,,,,,,,,,,,,,,,,,,,
,Option,Burgers,Curry ketchup,,,0,0,,,,,,,,,,,,,,,,,,,,,,,,,,,,
,Option,Burgers,Géante,,,0,0,,,,,,,,,,,,,,,,,,,,,,,,,,,,
,Option,Burgers,Hawaï,,,0,0,,,,,,,,,,,,,,,,,,,,,,,,,,,,
,Option,Burgers,Ketchup,,,0,0,,,,,,,,,,,,,,,,,,,,,,,,,,,,
,Option,Burgers,Loempia,,,0,0,,,,,,,,,,,,,,,,,,,,,,,,,,,,
,Option,Burgers,Manalouse,,,0,0,,,,,,,,,,,,,,,,,,,,,,,,,,,,
,Option,Burgers,Mayonnaise,,,0,0,,,,,,,,,,,,,,,,,,,,,,,,,,,,
,Option,Burgers,Moutarde,,,0,0,,,,,,,,,,,,,,,,,,,,,,,,,,,,
,Option,Burgers,Pitta à l'ail,,,0,0,,,,,,,,,,,,,,,,,,,,,,,,,,,,
,Option,Burgers,Poivre,,,0,0,,,,,,,,,,,,,,,,,,,,,,,,,,,,
,Option,Burgers,Provençale,,,0,0,,,,,,,,,,,,,,,,,,,,,,,,,,,,
,Option,Burgers,Riche,,,0,0,,,,,,,,,,,,,,,,,,,,,,,,,,,,
,Option,Burgers,Samouraï,,,0,0,,,,,,,,,,,,,,,,,,,,,,,,,,,,
,Option,Burgers,Tartare,,,0,0,,,,,,,,,,,,,,,,,,,,,,,,,,,,
,Option,Burgers,Tomagrec,,,0,0,,,,,,,,,,,,,,,,,,,,,,,,,,,,
,Option,Burgers,Toscane,,,0,0,,,,,,,,,,,,,,,,,,,,,,,,,,,,
,Option,Burgers,Vinaigrette,,,0,0,,,,,,,,,,,,,,,,,,,,,,,,,,,,
,Option,Burgers,Mayonnaise truffe,,,0,0,,,,,,,,,,,,,,,,,,,,,,,,,,,,
,Option,Burgers,Jammie,,,0,0,,,,,,,,,,,,,,,,,,,,,,,,,,,,
,Option,Burgers,Cheas'y,,,0,0,,,,,,,,,,,,,,,,,,,,,,,,,,,,
,Option,Burgers,Dallas,,,0,0,,,,,,,,,,,,,,,,,,,,,,,,,,,,
,Option-Group,Burgers,Choix crudités (facultatif),,,,,,,,,,,,,,,,,,,,,,,,,,,,,,,,
,Option,Burgers,Sans crudités,,,0,0,,,,,,,,,,,,,,,,,,,,,,,,,,,,
,Option,Burgers,Carotte,,,0.1,0.1,,,,,,,,,,,,,,,,,,,,,,,,,,,,
,Option,Burgers,Chou blanc,,,0.1,0.1,,,,,,,,,,,,,,,,,,,,,,,,,,,,
,Option,Burgers,Cornichon,,,0.1,0.1,,,,,,,,,,,,,,,,,,,,,,,,,,,,
,Option,Burgers,Maïs,,,0.1,0.1,,,,,,,,,,,,,,,,,,,,,,,,,,,,
,Option,Burgers,Oignons rouges,,,0.1,0.1,,,,,,,,,,,,,,,,,,,,,,,,,,,,
,Option,Burgers,Salade verte,,,0.1,0.1,,,,,,,,,,,,,,,,,,,,,,,,,,,,
,Option,Burgers,Tomates,,,0.1,0.1,,,,,,,,,,,,,,,,,,,,,,,,,,,,
,Option-Group,Burgers,Choix extra cheese (facultatif),,,,,,,,,,,,,,,,,,,,,,,,,,,,,,,,
,Option,Burgers,Feta,,,0.9,0.9,,,,,,,,,,,,,,,,,,,,,,,,,,,,
,Option,Burgers,Cheese,,,0.7,0.7,,,,,,,,,,,,,,,,,,,,,,,,,,,,
,Option-Group,Burgers,Choix suppléments (facultatif),,,,,,,,,,,,,,,,,,,,,,,,,,,,,,,,
,Option,Burgers,Cheese,,,0.7,0.7,,,,,,,,,,,,,,,,,,,,,,,,,,,,
,Option,Burgers,Feta,,,0.9,0.9,,,,,,,,,,,,,,,,,,,,,,,,,,,,
,Option,Burgers,Frites,,,3,3,,,,,,,,,,,,,,,,,,,,,,,,,,,,
,Option-Group,Burgers,Choix extra sauces (facultatif),,,,,,,,,,,,,,,,,,,,,,,,,,,,,,,,
,Option,Burgers,Algérienne,,,0,0,,,,,,,,,,,,,,,,,,,,,,,,,,,,
,Option,Burgers,Américaine,,,1.2,1.2,,,,,,,,,,,,,,,,,,,,,,,,,,,,
,Option,Burgers,Américaine forte,,,1.2,1.2,,,,,,,,,,,,,,,,,,,,,,,,,,,,
,Option,Burgers,Américaine légère,,,1.2,1.2,,,,,,,,,,,,,,,,,,,,,,,,,,,,
,Option,Burgers,Andalouse,,,1.2,1.2,,,,,,,,,,,,,,,,,,,,,,,,,,,,
,Option,Burgers,Barbecue,,,1.2,1.2,,,,,,,,,,,,,,,,,,,,,,,,,,,,
,Option,Burgers,Béarnaise,,,1.2,1.2,,,,,,,,,,,,,,,,,,,,,,,,,,,,
,Option,Burgers,Bicky burger,,,1.2,1.2,,,,,,,,,,,,,,,,,,,,,,,,,,,,
,Option,Burgers,Brazil,,,1.2,1.2,,,,,,,,,,,,,,,,,,,,,,,,,,,,
,Option,Burgers,Cocktail,,,1.2,1.2,,,,,,,,,,,,,,,,,,,,,,,,,,,,
,Option,Burgers,Curry ketchup,,,1.2,1.2,,,,,,,,,,,,,,,,,,,,,,,,,,,,
,Option,Burgers,Géante,,,1.2,1.2,,,,,,,,,,,,,,,,,,,,,,,,,,,,
,Option,Burgers,Hawaï,,,1.2,1.2,,,,,,,,,,,,,,,,,,,,,,,,,,,,
,Option,Burgers,Ketchup,,,1.2,1.2,,,,,,,,,,,,,,,,,,,,,,,,,,,,
,Option,Burgers,Loempia,,,1.2,1.2,,,,,,,,,,,,,,,,,,,,,,,,,,,,
,Option,Burgers,Manalouse,,,1.2,1.2,,,,,,,,,,,,,,,,,,,,,,,,,,,,
,Option,Burgers,Mayonnaise,,,1.2,1.2,,,,,,,,,,,,,,,,,,,,,,,,,,,,
,Option,Burgers,Moutarde,,,1.2,1.2,,,,,,,,,,,,,,,,,,,,,,,,,,,,
,Option,Burgers,Pitta à l'ail,,,1.2,1.2,,,,,,,,,,,,,,,,,,,,,,,,,,,,
,Option,Burgers,Poivre,,,1.2,1.2,,,,,,,,,,,,,,,,,,,,,,,,,,,,
,Option,Burgers,Provençale,,,1.2,1.2,,,,,,,,,,,,,,,,,,,,,,,,,,,,
,Option,Burgers,Riche,,,1.2,1.2,,,,,,,,,,,,,,,,,,,,,,,,,,,,
,Option,Burgers,Samouraï,,,1.2,1.2,,,,,,,,,,,,,,,,,,,,,,,,,,,,
,Option,Burgers,Tartare,,,1.2,1.2,,,,,,,,,,,,,,,,,,,,,,,,,,,,
,Option,Burgers,Tomagrec,,,1.2,1.2,,,,,,,,,,,,,,,,,,,,,,,,,,,,
,Option,Burgers,Toscane,,,1.2,1.2,,,,,,,,,,,,,,,,,,,,,,,,,,,,
,Option,Burgers,Vinaigrette,,,1.2,1.2,,,,,,,,,,,,,,,,,,,,,,,,,,,,
,Option,Burgers,Mayonnaise truffe,,,1.2,1.2,,,,,,,,,,,,,,,,,,,,,,,,,,,,
,Option,Burgers,Jammie,,,1.2,1.2,,,,,,,,,,,,,,,,,,,,,,,,,,,,
,Option,Burgers,Cheas'y,,,1.2,1.2,,,,,,,,,,,,,,,,,,,,,,,,,,,,
,Option,Burgers,Dallas,,,1.2,1.2,,,,,,,,,,,,,,,,,,,,,,,,,,,,
,ITEM,Burgers,Bicky burger,,Choix sauce = sauce dans le pain & sur les frites (si choisi) / Choix extra sauce = sauce en plus dans un pot. Si vous souhaitez 2 sauces mélangée : choisir une sauce et écrire la deuxième sauce en commentaire. Si vous souhaitez la sauce à part pour un burger + frites : précisez en commentaire. Si sauce bicky choisie = oignons frits & cornichon compris,5.5,5.5,,,,,,,,,,,,,,,,,,,,,,,,,,,,
,Option-Group,Burgers,Choix sauce (obligatoire),,,,,,,,,,,,,,,,,,,,,,,,,,,,,,,,
,Option,Burgers,Sans sauce,,,0,0,,,,,,,,,,,,,,,,,,,,,,,,,,,,
,Option,Burgers,Algérienne,,,0,0,,,,,,,,,,,,,,,,,,,,,,,,,,,,
,Option,Burgers,Américaine,,,0,0,,,,,,,,,,,,,,,,,,,,,,,,,,,,
,Option,Burgers,Américaine forte,,,0,0,,,,,,,,,,,,,,,,,,,,,,,,,,,,
,Option,Burgers,Américaine légère,,,0,0,,,,,,,,,,,,,,,,,,,,,,,,,,,,
,Option,Burgers,Andalouse,,,0,0,,,,,,,,,,,,,,,,,,,,,,,,,,,,
,Option,Burgers,Barbecue,,,0,0,,,,,,,,,,,,,,,,,,,,,,,,,,,,
,Option,Burgers,Béarnaise,,,0,0,,,,,,,,,,,,,,,,,,,,,,,,,,,,
,Option,Burgers,Bicky burger,,,0,0,,,,,,,,,,,,,,,,,,,,,,,,,,,,
,Option,Burgers,Brazil,,,0,0,,,,,,,,,,,,,,,,,,,,,,,,,,,,
,Option,Burgers,Cocktail,,,0,0,,,,,,,,,,,,,,,,,,,,,,,,,,,,
,Option,Burgers,Curry ketchup,,,0,0,,,,,,,,,,,,,,,,,,,,,,,,,,,,
,Option,Burgers,Géante,,,0,0,,,,,,,,,,,,,,,,,,,,,,,,,,,,
,Option,Burgers,Hawaï,,,0,0,,,,,,,,,,,,,,,,,,,,,,,,,,,,
,Option,Burgers,Ketchup,,,0,0,,,,,,,,,,,,,,,,,,,,,,,,,,,,
,Option,Burgers,Loempia,,,0,0,,,,,,,,,,,,,,,,,,,,,,,,,,,,
,Option,Burgers,Manalouse,,,0,0,,,,,,,,,,,,,,,,,,,,,,,,,,,,
,Option,Burgers,Mayonnaise,,,0,0,,,,,,,,,,,,,,,,,,,,,,,,,,,,
,Option,Burgers,Moutarde,,,0,0,,,,,,,,,,,,,,,,,,,,,,,,,,,,
,Option,Burgers,Pitta à l'ail,,,0,0,,,,,,,,,,,,,,,,,,,,,,,,,,,,
,Option,Burgers,Poivre,,,0,0,,,,,,,,,,,,,,,,,,,,,,,,,,,,
,Option,Burgers,Provençale,,,0,0,,,,,,,,,,,,,,,,,,,,,,,,,,,,
,Option,Burgers,Riche,,,0,0,,,,,,,,,,,,,,,,,,,,,,,,,,,,
,Option,Burgers,Samouraï,,,0,0,,,,,,,,,,,,,,,,,,,,,,,,,,,,
,Option,Burgers,Tartare,,,0,0,,,,,,,,,,,,,,,,,,,,,,,,,,,,
,Option,Burgers,Tomagrec,,,0,0,,,,,,,,,,,,,,,,,,,,,,,,,,,,
,Option,Burgers,Toscane,,,0,0,,,,,,,,,,,,,,,,,,,,,,,,,,,,
,Option,Burgers,Vinaigrette,,,0,0,,,,,,,,,,,,,,,,,,,,,,,,,,,,
,Option,Burgers,Mayonnaise truffe,,,0,0,,,,,,,,,,,,,,,,,,,,,,,,,,,,
,Option,Burgers,Jammie,,,0,0,,,,,,,,,,,,,,,,,,,,,,,,,,,,
,Option,Burgers,Cheas'y,,,0,0,,,,,,,,,,,,,,,,,,,,,,,,,,,,
,Option,Burgers,Dallas,,,0,0,,,,,,,,,,,,,,,,,,,,,,,,,,,,
,Option-Group,Burgers,Choix crudités (facultatif),,,,,,,,,,,,,,,,,,,,,,,,,,,,,,,,
,Option,Burgers,Sans crudités,,,0,0,,,,,,,,,,,,,,,,,,,,,,,,,,,,
,Option,Burgers,Carotte,,,0.1,0.1,,,,,,,,,,,,,,,,,,,,,,,,,,,,
,Option,Burgers,Chou blanc,,,0.1,0.1,,,,,,,,,,,,,,,,,,,,,,,,,,,,
,Option,Burgers,Cornichon,,,0.1,0.1,,,,,,,,,,,,,,,,,,,,,,,,,,,,
,Option,Burgers,Maïs,,,0.1,0.1,,,,,,,,,,,,,,,,,,,,,,,,,,,,
,Option,Burgers,Oignons rouges,,,0.1,0.1,,,,,,,,,,,,,,,,,,,,,,,,,,,,
,Option,Burgers,Salade verte,,,0.1,0.1,,,,,,,,,,,,,,,,,,,,,,,,,,,,
,Option,Burgers,Tomates,,,0.1,0.1,,,,,,,,,,,,,,,,,,,,,,,,,,,,
,Option-Group,Burgers,Choix extra cheese (facultatif),,,,,,,,,,,,,,,,,,,,,,,,,,,,,,,,
,Option,Burgers,Feta,,,0.9,0.9,,,,,,,,,,,,,,,,,,,,,,,,,,,,
,Option,Burgers,Cheese,,,0.7,0.7,,,,,,,,,,,,,,,,,,,,,,,,,,,,
,Option-Group,Burgers,Choix suppléments (facultatif),,,,,,,,,,,,,,,,,,,,,,,,,,,,,,,,
,Option,Burgers,Cheese,,,0.7,0.7,,,,,,,,,,,,,,,,,,,,,,,,,,,,
,Option,Burgers,Feta,,,0.9,0.9,,,,,,,,,,,,,,,,,,,,,,,,,,,,
,Option,Burgers,Frites,,,3,3,,,,,,,,,,,,,,,,,,,,,,,,,,,,
,Option-Group,Burgers,Choix extra sauces (facultatif),,,,,,,,,,,,,,,,,,,,,,,,,,,,,,,,
,Option,Burgers,Algérienne,,,0,0,,,,,,,,,,,,,,,,,,,,,,,,,,,,
,Option,Burgers,Américaine,,,1.2,1.2,,,,,,,,,,,,,,,,,,,,,,,,,,,,
,Option,Burgers,Américaine forte,,,1.2,1.2,,,,,,,,,,,,,,,,,,,,,,,,,,,,
,Option,Burgers,Américaine légère,,,1.2,1.2,,,,,,,,,,,,,,,,,,,,,,,,,,,,
,Option,Burgers,Andalouse,,,1.2,1.2,,,,,,,,,,,,,,,,,,,,,,,,,,,,
,Option,Burgers,Barbecue,,,1.2,1.2,,,,,,,,,,,,,,,,,,,,,,,,,,,,
,Option,Burgers,Béarnaise,,,1.2,1.2,,,,,,,,,,,,,,,,,,,,,,,,,,,,
,Option,Burgers,Bicky burger,,,1.2,1.2,,,,,,,,,,,,,,,,,,,,,,,,,,,,
,Option,Burgers,Brazil,,,1.2,1.2,,,,,,,,,,,,,,,,,,,,,,,,,,,,
,Option,Burgers,Cocktail,,,1.2,1.2,,,,,,,,,,,,,,,,,,,,,,,,,,,,
,Option,Burgers,Curry ketchup,,,1.2,1.2,,,,,,,,,,,,,,,,,,,,,,,,,,,,
,Option,Burgers,Géante,,,1.2,1.2,,,,,,,,,,,,,,,,,,,,,,,,,,,,
,Option,Burgers,Hawaï,,,1.2,1.2,,,,,,,,,,,,,,,,,,,,,,,,,,,,
,Option,Burgers,Ketchup,,,1.2,1.2,,,,,,,,,,,,,,,,,,,,,,,,,,,,
,Option,Burgers,Loempia,,,1.2,1.2,,,,,,,,,,,,,,,,,,,,,,,,,,,,
,Option,Burgers,Manalouse,,,1.2,1.2,,,,,,,,,,,,,,,,,,,,,,,,,,,,
,Option,Burgers,Mayonnaise,,,1.2,1.2,,,,,,,,,,,,,,,,,,,,,,,,,,,,
,Option,Burgers,Moutarde,,,1.2,1.2,,,,,,,,,,,,,,,,,,,,,,,,,,,,
,Option,Burgers,Pitta à l'ail,,,1.2,1.2,,,,,,,,,,,,,,,,,,,,,,,,,,,,
,Option,Burgers,Poivre,,,1.2,1.2,,,,,,,,,,,,,,,,,,,,,,,,,,,,
,Option,Burgers,Provençale,,,1.2,1.2,,,,,,,,,,,,,,,,,,,,,,,,,,,,
,Option,Burgers,Riche,,,1.2,1.2,,,,,,,,,,,,,,,,,,,,,,,,,,,,
,Option,Burgers,Samouraï,,,1.2,1.2,,,,,,,,,,,,,,,,,,,,,,,,,,,,
,Option,Burgers,Tartare,,,1.2,1.2,,,,,,,,,,,,,,,,,,,,,,,,,,,,
,Option,Burgers,Tomagrec,,,1.2,1.2,,,,,,,,,,,,,,,,,,,,,,,,,,,,
,Option,Burgers,Toscane,,,1.2,1.2,,,,,,,,,,,,,,,,,,,,,,,,,,,,
,Option,Burgers,Vinaigrette,,,1.2,1.2,,,,,,,,,,,,,,,,,,,,,,,,,,,,
,Option,Burgers,Mayonnaise truffe,,,1.2,1.2,,,,,,,,,,,,,,,,,,,,,,,,,,,,
,Option,Burgers,Jammie,,,1.2,1.2,,,,,,,,,,,,,,,,,,,,,,,,,,,,
,Option,Burgers,Cheas'y,,,1.2,1.2,,,,,,,,,,,,,,,,,,,,,,,,,,,,
,Option,Burgers,Dallas,,,1.2,1.2,,,,,,,,,,,,,,,,,,,,,,,,,,,,
,ITEM,Burgers,Bicky crispy burger,,Choix sauce = sauce dans le pain & sur les frites (si choisi) / Choix extra sauce = sauce en plus dans un pot. Si vous souhaitez 2 sauces mélangée : choisir une sauce et écrire la deuxième sauce en commentaire. Si vous souhaitez la sauce à part pour un burger + frites : précisez en commentaire. Si sauce bicky choisie = oignons frits & cornichon compris,5.7,5.7,,,,,,,,,,,,,,,,,,,,,,,,,,,,
,Option-Group,Burgers,Choix sauce (obligatoire),,,,,,,,,,,,,,,,,,,,,,,,,,,,,,,,
,Option,Burgers,Sans sauce,,,0,0,,,,,,,,,,,,,,,,,,,,,,,,,,,,
,Option,Burgers,Algérienne,,,0,0,,,,,,,,,,,,,,,,,,,,,,,,,,,,
,Option,Burgers,Américaine,,,0,0,,,,,,,,,,,,,,,,,,,,,,,,,,,,
,Option,Burgers,Américaine forte,,,0,0,,,,,,,,,,,,,,,,,,,,,,,,,,,,
,Option,Burgers,Américaine légère,,,0,0,,,,,,,,,,,,,,,,,,,,,,,,,,,,
,Option,Burgers,Andalouse,,,0,0,,,,,,,,,,,,,,,,,,,,,,,,,,,,
,Option,Burgers,Barbecue,,,0,0,,,,,,,,,,,,,,,,,,,,,,,,,,,,
,Option,Burgers,Béarnaise,,,0,0,,,,,,,,,,,,,,,,,,,,,,,,,,,,
,Option,Burgers,Bicky burger,,,0,0,,,,,,,,,,,,,,,,,,,,,,,,,,,,
,Option,Burgers,Brazil,,,0,0,,,,,,,,,,,,,,,,,,,,,,,,,,,,
,Option,Burgers,Cocktail,,,0,0,,,,,,,,,,,,,,,,,,,,,,,,,,,,
,Option,Burgers,Curry ketchup,,,0,0,,,,,,,,,,,,,,,,,,,,,,,,,,,,
,Option,Burgers,Géante,,,0,0,,,,,,,,,,,,,,,,,,,,,,,,,,,,
,Option,Burgers,Hawaï,,,0,0,,,,,,,,,,,,,,,,,,,,,,,,,,,,
,Option,Burgers,Ketchup,,,0,0,,,,,,,,,,,,,,,,,,,,,,,,,,,,
,Option,Burgers,Loempia,,,0,0,,,,,,,,,,,,,,,,,,,,,,,,,,,,
,Option,Burgers,Manalouse,,,0,0,,,,,,,,,,,,,,,,,,,,,,,,,,,,
,Option,Burgers,Mayonnaise,,,0,0,,,,,,,,,,,,,,,,,,,,,,,,,,,,
,Option,Burgers,Moutarde,,,0,0,,,,,,,,,,,,,,,,,,,,,,,,,,,,
,Option,Burgers,Pitta à l'ail,,,0,0,,,,,,,,,,,,,,,,,,,,,,,,,,,,
,Option,Burgers,Poivre,,,0,0,,,,,,,,,,,,,,,,,,,,,,,,,,,,
,Option,Burgers,Provençale,,,0,0,,,,,,,,,,,,,,,,,,,,,,,,,,,,
,Option,Burgers,Riche,,,0,0,,,,,,,,,,,,,,,,,,,,,,,,,,,,
,Option,Burgers,Samouraï,,,0,0,,,,,,,,,,,,,,,,,,,,,,,,,,,,
,Option,Burgers,Tartare,,,0,0,,,,,,,,,,,,,,,,,,,,,,,,,,,,
,Option,Burgers,Tomagrec,,,0,0,,,,,,,,,,,,,,,,,,,,,,,,,,,,
,Option,Burgers,Toscane,,,0,0,,,,,,,,,,,,,,,,,,,,,,,,,,,,
,Option,Burgers,Vinaigrette,,,0,0,,,,,,,,,,,,,,,,,,,,,,,,,,,,
,Option,Burgers,Mayonnaise truffe,,,0,0,,,,,,,,,,,,,,,,,,,,,,,,,,,,
,Option,Burgers,Jammie,,,0,0,,,,,,,,,,,,,,,,,,,,,,,,,,,,
,Option,Burgers,Cheas'y,,,0,0,,,,,,,,,,,,,,,,,,,,,,,,,,,,
,Option,Burgers,Dallas,,,0,0,,,,,,,,,,,,,,,,,,,,,,,,,,,,
,Option-Group,Burgers,Choix crudités (facultatif),,,,,,,,,,,,,,,,,,,,,,,,,,,,,,,,
,Option,Burgers,Sans crudités,,,0,0,,,,,,,,,,,,,,,,,,,,,,,,,,,,
,Option,Burgers,Carotte,,,0.1,0.1,,,,,,,,,,,,,,,,,,,,,,,,,,,,
,Option,Burgers,Chou blanc,,,0.1,0.1,,,,,,,,,,,,,,,,,,,,,,,,,,,,
,Option,Burgers,Cornichon,,,0.1,0.1,,,,,,,,,,,,,,,,,,,,,,,,,,,,
,Option,Burgers,Maïs,,,0.1,0.1,,,,,,,,,,,,,,,,,,,,,,,,,,,,
,Option,Burgers,Oignons rouges,,,0.1,0.1,,,,,,,,,,,,,,,,,,,,,,,,,,,,
,Option,Burgers,Salade verte,,,0.1,0.1,,,,,,,,,,,,,,,,,,,,,,,,,,,,
,Option,Burgers,Tomates,,,0.1,0.1,,,,,,,,,,,,,,,,,,,,,,,,,,,,
,Option-Group,Burgers,Choix extra cheese (facultatif),,,,,,,,,,,,,,,,,,,,,,,,,,,,,,,,
,Option,Burgers,Feta,,,0.9,0.9,,,,,,,,,,,,,,,,,,,,,,,,,,,,
,Option,Burgers,Cheese,,,0.7,0.7,,,,,,,,,,,,,,,,,,,,,,,,,,,,
,Option-Group,Burgers,Choix suppléments (facultatif),,,,,,,,,,,,,,,,,,,,,,,,,,,,,,,,
,Option,Burgers,Cheese,,,0.7,0.7,,,,,,,,,,,,,,,,,,,,,,,,,,,,
,Option,Burgers,Feta,,,0.9,0.9,,,,,,,,,,,,,,,,,,,,,,,,,,,,
,Option,Burgers,Frites,,,3,3,,,,,,,,,,,,,,,,,,,,,,,,,,,,
,Option-Group,Burgers,Choix extra sauces (facultatif),,,,,,,,,,,,,,,,,,,,,,,,,,,,,,,,
,Option,Burgers,Algérienne,,,0,0,,,,,,,,,,,,,,,,,,,,,,,,,,,,
,Option,Burgers,Américaine,,,1.2,1.2,,,,,,,,,,,,,,,,,,,,,,,,,,,,
,Option,Burgers,Américaine forte,,,1.2,1.2,,,,,,,,,,,,,,,,,,,,,,,,,,,,
,Option,Burgers,Américaine légère,,,1.2,1.2,,,,,,,,,,,,,,,,,,,,,,,,,,,,
,Option,Burgers,Andalouse,,,1.2,1.2,,,,,,,,,,,,,,,,,,,,,,,,,,,,
,Option,Burgers,Barbecue,,,1.2,1.2,,,,,,,,,,,,,,,,,,,,,,,,,,,,
,Option,Burgers,Béarnaise,,,1.2,1.2,,,,,,,,,,,,,,,,,,,,,,,,,,,,
,Option,Burgers,Bicky burger,,,1.2,1.2,,,,,,,,,,,,,,,,,,,,,,,,,,,,
,Option,Burgers,Brazil,,,1.2,1.2,,,,,,,,,,,,,,,,,,,,,,,,,,,,
,Option,Burgers,Cocktail,,,1.2,1.2,,,,,,,,,,,,,,,,,,,,,,,,,,,,
,Option,Burgers,Curry ketchup,,,1.2,1.2,,,,,,,,,,,,,,,,,,,,,,,,,,,,
,Option,Burgers,Géante,,,1.2,1.2,,,,,,,,,,,,,,,,,,,,,,,,,,,,
,Option,Burgers,Hawaï,,,1.2,1.2,,,,,,,,,,,,,,,,,,,,,,,,,,,,
,Option,Burgers,Ketchup,,,1.2,1.2,,,,,,,,,,,,,,,,,,,,,,,,,,,,
,Option,Burgers,Loempia,,,1.2,1.2,,,,,,,,,,,,,,,,,,,,,,,,,,,,
,Option,Burgers,Manalouse,,,1.2,1.2,,,,,,,,,,,,,,,,,,,,,,,,,,,,
,Option,Burgers,Mayonnaise,,,1.2,1.2,,,,,,,,,,,,,,,,,,,,,,,,,,,,
,Option,Burgers,Moutarde,,,1.2,1.2,,,,,,,,,,,,,,,,,,,,,,,,,,,,
,Option,Burgers,Pitta à l'ail,,,1.2,1.2,,,,,,,,,,,,,,,,,,,,,,,,,,,,
,Option,Burgers,Poivre,,,1.2,1.2,,,,,,,,,,,,,,,,,,,,,,,,,,,,
,Option,Burgers,Provençale,,,1.2,1.2,,,,,,,,,,,,,,,,,,,,,,,,,,,,
,Option,Burgers,Riche,,,1.2,1.2,,,,,,,,,,,,,,,,,,,,,,,,,,,,
,Option,Burgers,Samouraï,,,1.2,1.2,,,,,,,,,,,,,,,,,,,,,,,,,,,,
,Option,Burgers,Tartare,,,1.2,1.2,,,,,,,,,,,,,,,,,,,,,,,,,,,,
,Option,Burgers,Tomagrec,,,1.2,1.2,,,,,,,,,,,,,,,,,,,,,,,,,,,,
,Option,Burgers,Toscane,,,1.2,1.2,,,,,,,,,,,,,,,,,,,,,,,,,,,,
,Option,Burgers,Vinaigrette,,,1.2,1.2,,,,,,,,,,,,,,,,,,,,,,,,,,,,
,Option,Burgers,Mayonnaise truffe,,,1.2,1.2,,,,,,,,,,,,,,,,,,,,,,,,,,,,
,Option,Burgers,Jammie,,,1.2,1.2,,,,,,,,,,,,,,,,,,,,,,,,,,,,
,Option,Burgers,Cheas'y,,,1.2,1.2,,,,,,,,,,,,,,,,,,,,,,,,,,,,
,Option,Burgers,Dallas,,,1.2,1.2,,,,,,,,,,,,,,,,,,,,,,,,,,,,
,ITEM,Burgers,Bicky mexicano burger,,Choix sauce = sauce dans le pain & sur les frites (si choisi) / Choix extra sauce = sauce en plus dans un pot. Si vous souhaitez 2 sauces mélangée : choisir une sauce et écrire la deuxième sauce en commentaire. Si vous souhaitez la sauce à part pour un burger + frites : précisez en commentaire. Si sauce bicky choisie = oignons frits & cornichon compris,8.8,8.8,,,,,,,,,,,,,,,,,,,,,,,,,,,,
,Option-Group,Burgers,Choix sauce (obligatoire),,,,,,,,,,,,,,,,,,,,,,,,,,,,,,,,
,Option,Burgers,Sans sauce,,,0,0,,,,,,,,,,,,,,,,,,,,,,,,,,,,
,Option,Burgers,Algérienne,,,0,0,,,,,,,,,,,,,,,,,,,,,,,,,,,,
,Option,Burgers,Américaine,,,0,0,,,,,,,,,,,,,,,,,,,,,,,,,,,,
,Option,Burgers,Américaine forte,,,0,0,,,,,,,,,,,,,,,,,,,,,,,,,,,,
,Option,Burgers,Américaine légère,,,0,0,,,,,,,,,,,,,,,,,,,,,,,,,,,,
,Option,Burgers,Andalouse,,,0,0,,,,,,,,,,,,,,,,,,,,,,,,,,,,
,Option,Burgers,Barbecue,,,0,0,,,,,,,,,,,,,,,,,,,,,,,,,,,,
,Option,Burgers,Béarnaise,,,0,0,,,,,,,,,,,,,,,,,,,,,,,,,,,,
,Option,Burgers,Bicky burger,,,0,0,,,,,,,,,,,,,,,,,,,,,,,,,,,,
,Option,Burgers,Brazil,,,0,0,,,,,,,,,,,,,,,,,,,,,,,,,,,,
,Option,Burgers,Cocktail,,,0,0,,,,,,,,,,,,,,,,,,,,,,,,,,,,
,Option,Burgers,Curry ketchup,,,0,0,,,,,,,,,,,,,,,,,,,,,,,,,,,,
,Option,Burgers,Géante,,,0,0,,,,,,,,,,,,,,,,,,,,,,,,,,,,
,Option,Burgers,Hawaï,,,0,0,,,,,,,,,,,,,,,,,,,,,,,,,,,,
,Option,Burgers,Ketchup,,,0,0,,,,,,,,,,,,,,,,,,,,,,,,,,,,
,Option,Burgers,Loempia,,,0,0,,,,,,,,,,,,,,,,,,,,,,,,,,,,
,Option,Burgers,Manalouse,,,0,0,,,,,,,,,,,,,,,,,,,,,,,,,,,,
,Option,Burgers,Mayonnaise,,,0,0,,,,,,,,,,,,,,,,,,,,,,,,,,,,
,Option,Burgers,Moutarde,,,0,0,,,,,,,,,,,,,,,,,,,,,,,,,,,,
,Option,Burgers,Pitta à l'ail,,,0,0,,,,,,,,,,,,,,,,,,,,,,,,,,,,
,Option,Burgers,Poivre,,,0,0,,,,,,,,,,,,,,,,,,,,,,,,,,,,
,Option,Burgers,Provençale,,,0,0,,,,,,,,,,,,,,,,,,,,,,,,,,,,
,Option,Burgers,Riche,,,0,0,,,,,,,,,,,,,,,,,,,,,,,,,,,,
,Option,Burgers,Samouraï,,,0,0,,,,,,,,,,,,,,,,,,,,,,,,,,,,
,Option,Burgers,Tartare,,,0,0,,,,,,,,,,,,,,,,,,,,,,,,,,,,
,Option,Burgers,Tomagrec,,,0,0,,,,,,,,,,,,,,,,,,,,,,,,,,,,
,Option,Burgers,Toscane,,,0,0,,,,,,,,,,,,,,,,,,,,,,,,,,,,
,Option,Burgers,Vinaigrette,,,0,0,,,,,,,,,,,,,,,,,,,,,,,,,,,,
,Option,Burgers,Mayonnaise truffe,,,0,0,,,,,,,,,,,,,,,,,,,,,,,,,,,,
,Option,Burgers,Jammie,,,0,0,,,,,,,,,,,,,,,,,,,,,,,,,,,,
,Option,Burgers,Cheas'y,,,0,0,,,,,,,,,,,,,,,,,,,,,,,,,,,,
,Option,Burgers,Dallas,,,0,0,,,,,,,,,,,,,,,,,,,,,,,,,,,,
,Option-Group,Burgers,Choix crudités (facultatif),,,,,,,,,,,,,,,,,,,,,,,,,,,,,,,,
,Option,Burgers,Sans crudités,,,0,0,,,,,,,,,,,,,,,,,,,,,,,,,,,,
,Option,Burgers,Carotte,,,0.1,0.1,,,,,,,,,,,,,,,,,,,,,,,,,,,,
,Option,Burgers,Chou blanc,,,0.1,0.1,,,,,,,,,,,,,,,,,,,,,,,,,,,,
,Option,Burgers,Cornichon,,,0.1,0.1,,,,,,,,,,,,,,,,,,,,,,,,,,,,
,Option,Burgers,Maïs,,,0.1,0.1,,,,,,,,,,,,,,,,,,,,,,,,,,,,
,Option,Burgers,Oignons rouges,,,0.1,0.1,,,,,,,,,,,,,,,,,,,,,,,,,,,,
,Option,Burgers,Salade verte,,,0.1,0.1,,,,,,,,,,,,,,,,,,,,,,,,,,,,
,Option,Burgers,Tomates,,,0.1,0.1,,,,,,,,,,,,,,,,,,,,,,,,,,,,
,Option-Group,Burgers,Choix extra cheese (facultatif),,,,,,,,,,,,,,,,,,,,,,,,,,,,,,,,
,Option,Burgers,Feta,,,0.9,0.9,,,,,,,,,,,,,,,,,,,,,,,,,,,,
,Option,Burgers,Cheese,,,0.7,0.7,,,,,,,,,,,,,,,,,,,,,,,,,,,,
,Option-Group,Burgers,Choix suppléments (facultatif),,,,,,,,,,,,,,,,,,,,,,,,,,,,,,,,
,Option,Burgers,Cheese,,,0.7,0.7,,,,,,,,,,,,,,,,,,,,,,,,,,,,
,Option,Burgers,Feta,,,0.9,0.9,,,,,,,,,,,,,,,,,,,,,,,,,,,,
,Option,Burgers,Frites,,,3,3,,,,,,,,,,,,,,,,,,,,,,,,,,,,
,Option-Group,Burgers,Choix extra sauces (facultatif),,,,,,,,,,,,,,,,,,,,,,,,,,,,,,,,
,Option,Burgers,Algérienne,,,0,0,,,,,,,,,,,,,,,,,,,,,,,,,,,,
,Option,Burgers,Américaine,,,1.2,1.2,,,,,,,,,,,,,,,,,,,,,,,,,,,,
,Option,Burgers,Américaine forte,,,1.2,1.2,,,,,,,,,,,,,,,,,,,,,,,,,,,,
,Option,Burgers,Américaine légère,,,1.2,1.2,,,,,,,,,,,,,,,,,,,,,,,,,,,,
,Option,Burgers,Andalouse,,,1.2,1.2,,,,,,,,,,,,,,,,,,,,,,,,,,,,
,Option,Burgers,Barbecue,,,1.2,1.2,,,,,,,,,,,,,,,,,,,,,,,,,,,,
,Option,Burgers,Béarnaise,,,1.2,1.2,,,,,,,,,,,,,,,,,,,,,,,,,,,,
,Option,Burgers,Bicky burger,,,1.2,1.2,,,,,,,,,,,,,,,,,,,,,,,,,,,,
,Option,Burgers,Brazil,,,1.2,1.2,,,,,,,,,,,,,,,,,,,,,,,,,,,,
,Option,Burgers,Cocktail,,,1.2,1.2,,,,,,,,,,,,,,,,,,,,,,,,,,,,
,Option,Burgers,Curry ketchup,,,1.2,1.2,,,,,,,,,,,,,,,,,,,,,,,,,,,,
,Option,Burgers,Géante,,,1.2,1.2,,,,,,,,,,,,,,,,,,,,,,,,,,,,
,Option,Burgers,Hawaï,,,1.2,1.2,,,,,,,,,,,,,,,,,,,,,,,,,,,,
,Option,Burgers,Ketchup,,,1.2,1.2,,,,,,,,,,,,,,,,,,,,,,,,,,,,
,Option,Burgers,Loempia,,,1.2,1.2,,,,,,,,,,,,,,,,,,,,,,,,,,,,
,Option,Burgers,Manalouse,,,1.2,1.2,,,,,,,,,,,,,,,,,,,,,,,,,,,,
,Option,Burgers,Mayonnaise,,,1.2,1.2,,,,,,,,,,,,,,,,,,,,,,,,,,,,
,Option,Burgers,Moutarde,,,1.2,1.2,,,,,,,,,,,,,,,,,,,,,,,,,,,,
,Option,Burgers,Pitta à l'ail,,,1.2,1.2,,,,,,,,,,,,,,,,,,,,,,,,,,,,
,Option,Burgers,Poivre,,,1.2,1.2,,,,,,,,,,,,,,,,,,,,,,,,,,,,
,Option,Burgers,Provençale,,,1.2,1.2,,,,,,,,,,,,,,,,,,,,,,,,,,,,
,Option,Burgers,Riche,,,1.2,1.2,,,,,,,,,,,,,,,,,,,,,,,,,,,,
,Option,Burgers,Samouraï,,,1.2,1.2,,,,,,,,,,,,,,,,,,,,,,,,,,,,
,Option,Burgers,Tartare,,,1.2,1.2,,,,,,,,,,,,,,,,,,,,,,,,,,,,
,Option,Burgers,Tomagrec,,,1.2,1.2,,,,,,,,,,,,,,,,,,,,,,,,,,,,
,Option,Burgers,Toscane,,,1.2,1.2,,,,,,,,,,,,,,,,,,,,,,,,,,,,
,Option,Burgers,Vinaigrette,,,1.2,1.2,,,,,,,,,,,,,,,,,,,,,,,,,,,,
,Option,Burgers,Mayonnaise truffe,,,1.2,1.2,,,,,,,,,,,,,,,,,,,,,,,,,,,,
,Option,Burgers,Jammie,,,1.2,1.2,,,,,,,,,,,,,,,,,,,,,,,,,,,,
,Option,Burgers,Cheas'y,,,1.2,1.2,,,,,,,,,,,,,,,,,,,,,,,,,,,,
,Option,Burgers,Dallas,,,1.2,1.2,,,,,,,,,,,,,,,,,,,,,,,,,,,,
,ITEM,Burgers,Royal burger,,Choix sauce = sauce dans le pain & sur les frites (si choisi) / Choix extra sauce = sauce en plus dans un pot. Si vous souhaitez 2 sauces mélangée : choisir une sauce et écrire la deuxième sauce en commentaire. Si vous souhaitez la sauce à part pour un burger + frites : précisez en commentaire. Si sauce bicky choisie = oignons frits & cornichon compris,8.8,8.8,,,,,,,,,,,,,,,,,,,,,,,,,,,,
,Option-Group,Burgers,Choix sauce (obligatoire),,,,,,,,,,,,,,,,,,,,,,,,,,,,,,,,
,Option,Burgers,Sans sauce,,,0,0,,,,,,,,,,,,,,,,,,,,,,,,,,,,
,Option,Burgers,Algérienne,,,0,0,,,,,,,,,,,,,,,,,,,,,,,,,,,,
,Option,Burgers,Américaine,,,0,0,,,,,,,,,,,,,,,,,,,,,,,,,,,,
,Option,Burgers,Américaine forte,,,0,0,,,,,,,,,,,,,,,,,,,,,,,,,,,,
,Option,Burgers,Américaine légère,,,0,0,,,,,,,,,,,,,,,,,,,,,,,,,,,,
,Option,Burgers,Andalouse,,,0,0,,,,,,,,,,,,,,,,,,,,,,,,,,,,
,Option,Burgers,Barbecue,,,0,0,,,,,,,,,,,,,,,,,,,,,,,,,,,,
,Option,Burgers,Béarnaise,,,0,0,,,,,,,,,,,,,,,,,,,,,,,,,,,,
,Option,Burgers,Bicky burger,,,0,0,,,,,,,,,,,,,,,,,,,,,,,,,,,,
,Option,Burgers,Brazil,,,0,0,,,,,,,,,,,,,,,,,,,,,,,,,,,,
,Option,Burgers,Cocktail,,,0,0,,,,,,,,,,,,,,,,,,,,,,,,,,,,
,Option,Burgers,Curry ketchup,,,0,0,,,,,,,,,,,,,,,,,,,,,,,,,,,,
,Option,Burgers,Géante,,,0,0,,,,,,,,,,,,,,,,,,,,,,,,,,,,
,Option,Burgers,Hawaï,,,0,0,,,,,,,,,,,,,,,,,,,,,,,,,,,,
,Option,Burgers,Ketchup,,,0,0,,,,,,,,,,,,,,,,,,,,,,,,,,,,
,Option,Burgers,Loempia,,,0,0,,,,,,,,,,,,,,,,,,,,,,,,,,,,
,Option,Burgers,Manalouse,,,0,0,,,,,,,,,,,,,,,,,,,,,,,,,,,,
,Option,Burgers,Mayonnaise,,,0,0,,,,,,,,,,,,,,,,,,,,,,,,,,,,
,Option,Burgers,Moutarde,,,0,0,,,,,,,,,,,,,,,,,,,,,,,,,,,,
,Option,Burgers,Pitta à l'ail,,,0,0,,,,,,,,,,,,,,,,,,,,,,,,,,,,
,Option,Burgers,Poivre,,,0,0,,,,,,,,,,,,,,,,,,,,,,,,,,,,
,Option,Burgers,Provençale,,,0,0,,,,,,,,,,,,,,,,,,,,,,,,,,,,
,Option,Burgers,Riche,,,0,0,,,,,,,,,,,,,,,,,,,,,,,,,,,,
,Option,Burgers,Samouraï,,,0,0,,,,,,,,,,,,,,,,,,,,,,,,,,,,
,Option,Burgers,Tartare,,,0,0,,,,,,,,,,,,,,,,,,,,,,,,,,,,
,Option,Burgers,Tomagrec,,,0,0,,,,,,,,,,,,,,,,,,,,,,,,,,,,
,Option,Burgers,Toscane,,,0,0,,,,,,,,,,,,,,,,,,,,,,,,,,,,
,Option,Burgers,Vinaigrette,,,0,0,,,,,,,,,,,,,,,,,,,,,,,,,,,,
,Option,Burgers,Mayonnaise truffe,,,0,0,,,,,,,,,,,,,,,,,,,,,,,,,,,,
,Option,Burgers,Jammie,,,0,0,,,,,,,,,,,,,,,,,,,,,,,,,,,,
,Option,Burgers,Cheas'y,,,0,0,,,,,,,,,,,,,,,,,,,,,,,,,,,,
,Option,Burgers,Dallas,,,0,0,,,,,,,,,,,,,,,,,,,,,,,,,,,,
,Option-Group,Burgers,Choix crudités (facultatif),,,,,,,,,,,,,,,,,,,,,,,,,,,,,,,,
,Option,Burgers,Sans crudités,,,0,0,,,,,,,,,,,,,,,,,,,,,,,,,,,,
,Option,Burgers,Carotte,,,0.1,0.1,,,,,,,,,,,,,,,,,,,,,,,,,,,,
,Option,Burgers,Chou blanc,,,0.1,0.1,,,,,,,,,,,,,,,,,,,,,,,,,,,,
,Option,Burgers,Cornichon,,,0.1,0.1,,,,,,,,,,,,,,,,,,,,,,,,,,,,
,Option,Burgers,Maïs,,,0.1,0.1,,,,,,,,,,,,,,,,,,,,,,,,,,,,
,Option,Burgers,Oignons rouges,,,0.1,0.1,,,,,,,,,,,,,,,,,,,,,,,,,,,,
,Option,Burgers,Salade verte,,,0.1,0.1,,,,,,,,,,,,,,,,,,,,,,,,,,,,
,Option,Burgers,Tomates,,,0.1,0.1,,,,,,,,,,,,,,,,,,,,,,,,,,,,
,Option-Group,Burgers,Choix extra cheese (facultatif),,,,,,,,,,,,,,,,,,,,,,,,,,,,,,,,
,Option,Burgers,Feta,,,0.9,0.9,,,,,,,,,,,,,,,,,,,,,,,,,,,,
,Option,Burgers,Cheese,,,0.7,0.7,,,,,,,,,,,,,,,,,,,,,,,,,,,,
,Option-Group,Burgers,Choix suppléments (facultatif),,,,,,,,,,,,,,,,,,,,,,,,,,,,,,,,
,Option,Burgers,Cheese,,,0.7,0.7,,,,,,,,,,,,,,,,,,,,,,,,,,,,
,Option,Burgers,Feta,,,0.9,0.9,,,,,,,,,,,,,,,,,,,,,,,,,,,,
,Option,Burgers,Frites,,,3,3,,,,,,,,,,,,,,,,,,,,,,,,,,,,
,Option-Group,Burgers,Choix extra sauces (facultatif),,,,,,,,,,,,,,,,,,,,,,,,,,,,,,,,
,Option,Burgers,Algérienne,,,0,0,,,,,,,,,,,,,,,,,,,,,,,,,,,,
,Option,Burgers,Américaine,,,1.2,1.2,,,,,,,,,,,,,,,,,,,,,,,,,,,,
,Option,Burgers,Américaine forte,,,1.2,1.2,,,,,,,,,,,,,,,,,,,,,,,,,,,,
,Option,Burgers,Américaine légère,,,1.2,1.2,,,,,,,,,,,,,,,,,,,,,,,,,,,,
,Option,Burgers,Andalouse,,,1.2,1.2,,,,,,,,,,,,,,,,,,,,,,,,,,,,
,Option,Burgers,Barbecue,,,1.2,1.2,,,,,,,,,,,,,,,,,,,,,,,,,,,,
,Option,Burgers,Béarnaise,,,1.2,1.2,,,,,,,,,,,,,,,,,,,,,,,,,,,,
,Option,Burgers,Bicky burger,,,1.2,1.2,,,,,,,,,,,,,,,,,,,,,,,,,,,,
,Option,Burgers,Brazil,,,1.2,1.2,,,,,,,,,,,,,,,,,,,,,,,,,,,,
,Option,Burgers,Cocktail,,,1.2,1.2,,,,,,,,,,,,,,,,,,,,,,,,,,,,
,Option,Burgers,Curry ketchup,,,1.2,1.2,,,,,,,,,,,,,,,,,,,,,,,,,,,,
,Option,Burgers,Géante,,,1.2,1.2,,,,,,,,,,,,,,,,,,,,,,,,,,,,
,Option,Burgers,Hawaï,,,1.2,1.2,,,,,,,,,,,,,,,,,,,,,,,,,,,,
,Option,Burgers,Ketchup,,,1.2,1.2,,,,,,,,,,,,,,,,,,,,,,,,,,,,
,Option,Burgers,Loempia,,,1.2,1.2,,,,,,,,,,,,,,,,,,,,,,,,,,,,
,Option,Burgers,Manalouse,,,1.2,1.2,,,,,,,,,,,,,,,,,,,,,,,,,,,,
,Option,Burgers,Mayonnaise,,,1.2,1.2,,,,,,,,,,,,,,,,,,,,,,,,,,,,
,Option,Burgers,Moutarde,,,1.2,1.2,,,,,,,,,,,,,,,,,,,,,,,,,,,,
,Option,Burgers,Pitta à l'ail,,,1.2,1.2,,,,,,,,,,,,,,,,,,,,,,,,,,,,
,Option,Burgers,Poivre,,,1.2,1.2,,,,,,,,,,,,,,,,,,,,,,,,,,,,
,Option,Burgers,Provençale,,,1.2,1.2,,,,,,,,,,,,,,,,,,,,,,,,,,,,
,Option,Burgers,Riche,,,1.2,1.2,,,,,,,,,,,,,,,,,,,,,,,,,,,,
,Option,Burgers,Samouraï,,,1.2,1.2,,,,,,,,,,,,,,,,,,,,,,,,,,,,
,Option,Burgers,Tartare,,,1.2,1.2,,,,,,,,,,,,,,,,,,,,,,,,,,,,
,Option,Burgers,Tomagrec,,,1.2,1.2,,,,,,,,,,,,,,,,,,,,,,,,,,,,
,Option,Burgers,Toscane,,,1.2,1.2,,,,,,,,,,,,,,,,,,,,,,,,,,,,
,Option,Burgers,Vinaigrette,,,1.2,1.2,,,,,,,,,,,,,,,,,,,,,,,,,,,,
,Option,Burgers,Mayonnaise truffe,,,1.2,1.2,,,,,,,,,,,,,,,,,,,,,,,,,,,,
,Option,Burgers,Jammie,,,1.2,1.2,,,,,,,,,,,,,,,,,,,,,,,,,,,,
,Option,Burgers,Cheas'y,,,1.2,1.2,,,,,,,,,,,,,,,,,,,,,,,,,,,,
,Option,Burgers,Dallas,,,1.2,1.2,,,,,,,,,,,,,,,,,,,,,,,,,,,,
,ITEM,Burgers,Royal crispy,,Choix sauce = sauce dans le pain & sur les frites (si choisi) / Choix extra sauce = sauce en plus dans un pot. Si vous souhaitez 2 sauces mélangée : choisir une sauce et écrire la deuxième sauce en commentaire. Si vous souhaitez la sauce à part pour un burger + frites : précisez en commentaire. Si sauce bicky choisie = oignons frits & cornichon compris,8.8,8.8,,,,,,,,,,,,,,,,,,,,,,,,,,,,
,Option-Group,Burgers,Choix sauce (obligatoire),,,,,,,,,,,,,,,,,,,,,,,,,,,,,,,,
,Option,Burgers,Sans sauce,,,0,0,,,,,,,,,,,,,,,,,,,,,,,,,,,,
,Option,Burgers,Algérienne,,,0,0,,,,,,,,,,,,,,,,,,,,,,,,,,,,
,Option,Burgers,Américaine,,,0,0,,,,,,,,,,,,,,,,,,,,,,,,,,,,
,Option,Burgers,Américaine forte,,,0,0,,,,,,,,,,,,,,,,,,,,,,,,,,,,
,Option,Burgers,Américaine légère,,,0,0,,,,,,,,,,,,,,,,,,,,,,,,,,,,
,Option,Burgers,Andalouse,,,0,0,,,,,,,,,,,,,,,,,,,,,,,,,,,,
,Option,Burgers,Barbecue,,,0,0,,,,,,,,,,,,,,,,,,,,,,,,,,,,
,Option,Burgers,Béarnaise,,,0,0,,,,,,,,,,,,,,,,,,,,,,,,,,,,
,Option,Burgers,Bicky burger,,,0,0,,,,,,,,,,,,,,,,,,,,,,,,,,,,
,Option,Burgers,Brazil,,,0,0,,,,,,,,,,,,,,,,,,,,,,,,,,,,
,Option,Burgers,Cocktail,,,0,0,,,,,,,,,,,,,,,,,,,,,,,,,,,,
,Option,Burgers,Curry ketchup,,,0,0,,,,,,,,,,,,,,,,,,,,,,,,,,,,
,Option,Burgers,Géante,,,0,0,,,,,,,,,,,,,,,,,,,,,,,,,,,,
,Option,Burgers,Hawaï,,,0,0,,,,,,,,,,,,,,,,,,,,,,,,,,,,
,Option,Burgers,Ketchup,,,0,0,,,,,,,,,,,,,,,,,,,,,,,,,,,,
,Option,Burgers,Loempia,,,0,0,,,,,,,,,,,,,,,,,,,,,,,,,,,,
,Option,Burgers,Manalouse,,,0,0,,,,,,,,,,,,,,,,,,,,,,,,,,,,
,Option,Burgers,Mayonnaise,,,0,0,,,,,,,,,,,,,,,,,,,,,,,,,,,,
,Option,Burgers,Moutarde,,,0,0,,,,,,,,,,,,,,,,,,,,,,,,,,,,
,Option,Burgers,Pitta à l'ail,,,0,0,,,,,,,,,,,,,,,,,,,,,,,,,,,,
,Option,Burgers,Poivre,,,0,0,,,,,,,,,,,,,,,,,,,,,,,,,,,,
,Option,Burgers,Provençale,,,0,0,,,,,,,,,,,,,,,,,,,,,,,,,,,,
,Option,Burgers,Riche,,,0,0,,,,,,,,,,,,,,,,,,,,,,,,,,,,
,Option,Burgers,Samouraï,,,0,0,,,,,,,,,,,,,,,,,,,,,,,,,,,,
,Option,Burgers,Tartare,,,0,0,,,,,,,,,,,,,,,,,,,,,,,,,,,,
,Option,Burgers,Tomagrec,,,0,0,,,,,,,,,,,,,,,,,,,,,,,,,,,,
,Option,Burgers,Toscane,,,0,0,,,,,,,,,,,,,,,,,,,,,,,,,,,,
,Option,Burgers,Vinaigrette,,,0,0,,,,,,,,,,,,,,,,,,,,,,,,,,,,
,Option,Burgers,Mayonnaise truffe,,,0,0,,,,,,,,,,,,,,,,,,,,,,,,,,,,
,Option,Burgers,Jammie,,,0,0,,,,,,,,,,,,,,,,,,,,,,,,,,,,
,Option,Burgers,Cheas'y,,,0,0,,,,,,,,,,,,,,,,,,,,,,,,,,,,
,Option,Burgers,Dallas,,,0,0,,,,,,,,,,,,,,,,,,,,,,,,,,,,
,Option-Group,Burgers,Choix crudités (facultatif),,,,,,,,,,,,,,,,,,,,,,,,,,,,,,,,
,Option,Burgers,Sans crudités,,,0,0,,,,,,,,,,,,,,,,,,,,,,,,,,,,
,Option,Burgers,Carotte,,,0.1,0.1,,,,,,,,,,,,,,,,,,,,,,,,,,,,
,Option,Burgers,Chou blanc,,,0.1,0.1,,,,,,,,,,,,,,,,,,,,,,,,,,,,
,Option,Burgers,Cornichon,,,0.1,0.1,,,,,,,,,,,,,,,,,,,,,,,,,,,,
,Option,Burgers,Maïs,,,0.1,0.1,,,,,,,,,,,,,,,,,,,,,,,,,,,,
,Option,Burgers,Oignons rouges,,,0.1,0.1,,,,,,,,,,,,,,,,,,,,,,,,,,,,
,Option,Burgers,Salade verte,,,0.1,0.1,,,,,,,,,,,,,,,,,,,,,,,,,,,,
,Option,Burgers,Tomates,,,0.1,0.1,,,,,,,,,,,,,,,,,,,,,,,,,,,,
,Option-Group,Burgers,Choix extra cheese (facultatif),,,,,,,,,,,,,,,,,,,,,,,,,,,,,,,,
,Option,Burgers,Feta,,,0.9,0.9,,,,,,,,,,,,,,,,,,,,,,,,,,,,
,Option,Burgers,Cheese,,,0.7,0.7,,,,,,,,,,,,,,,,,,,,,,,,,,,,
,Option-Group,Burgers,Choix suppléments (facultatif),,,,,,,,,,,,,,,,,,,,,,,,,,,,,,,,
,Option,Burgers,Cheese,,,0.7,0.7,,,,,,,,,,,,,,,,,,,,,,,,,,,,
,Option,Burgers,Feta,,,0.9,0.9,,,,,,,,,,,,,,,,,,,,,,,,,,,,
,Option,Burgers,Frites,,,3,3,,,,,,,,,,,,,,,,,,,,,,,,,,,,
,Option-Group,Burgers,Choix extra sauces (facultatif),,,,,,,,,,,,,,,,,,,,,,,,,,,,,,,,
,Option,Burgers,Algérienne,,,0,0,,,,,,,,,,,,,,,,,,,,,,,,,,,,
,Option,Burgers,Américaine,,,1.2,1.2,,,,,,,,,,,,,,,,,,,,,,,,,,,,
,Option,Burgers,Américaine forte,,,1.2,1.2,,,,,,,,,,,,,,,,,,,,,,,,,,,,
,Option,Burgers,Américaine légère,,,1.2,1.2,,,,,,,,,,,,,,,,,,,,,,,,,,,,
,Option,Burgers,Andalouse,,,1.2,1.2,,,,,,,,,,,,,,,,,,,,,,,,,,,,
,Option,Burgers,Barbecue,,,1.2,1.2,,,,,,,,,,,,,,,,,,,,,,,,,,,,
,Option,Burgers,Béarnaise,,,1.2,1.2,,,,,,,,,,,,,,,,,,,,,,,,,,,,
,Option,Burgers,Bicky burger,,,1.2,1.2,,,,,,,,,,,,,,,,,,,,,,,,,,,,
,Option,Burgers,Brazil,,,1.2,1.2,,,,,,,,,,,,,,,,,,,,,,,,,,,,
,Option,Burgers,Cocktail,,,1.2,1.2,,,,,,,,,,,,,,,,,,,,,,,,,,,,
,Option,Burgers,Curry ketchup,,,1.2,1.2,,,,,,,,,,,,,,,,,,,,,,,,,,,,
,Option,Burgers,Géante,,,1.2,1.2,,,,,,,,,,,,,,,,,,,,,,,,,,,,
,Option,Burgers,Hawaï,,,1.2,1.2,,,,,,,,,,,,,,,,,,,,,,,,,,,,
,Option,Burgers,Ketchup,,,1.2,1.2,,,,,,,,,,,,,,,,,,,,,,,,,,,,
,Option,Burgers,Loempia,,,1.2,1.2,,,,,,,,,,,,,,,,,,,,,,,,,,,,
,Option,Burgers,Manalouse,,,1.2,1.2,,,,,,,,,,,,,,,,,,,,,,,,,,,,
,Option,Burgers,Mayonnaise,,,1.2,1.2,,,,,,,,,,,,,,,,,,,,,,,,,,,,
,Option,Burgers,Moutarde,,,1.2,1.2,,,,,,,,,,,,,,,,,,,,,,,,,,,,
,Option,Burgers,Pitta à l'ail,,,1.2,1.2,,,,,,,,,,,,,,,,,,,,,,,,,,,,
,Option,Burgers,Poivre,,,1.2,1.2,,,,,,,,,,,,,,,,,,,,,,,,,,,,
,Option,Burgers,Provençale,,,1.2,1.2,,,,,,,,,,,,,,,,,,,,,,,,,,,,
,Option,Burgers,Riche,,,1.2,1.2,,,,,,,,,,,,,,,,,,,,,,,,,,,,
,Option,Burgers,Samouraï,,,1.2,1.2,,,,,,,,,,,,,,,,,,,,,,,,,,,,
,Option,Burgers,Tartare,,,1.2,1.2,,,,,,,,,,,,,,,,,,,,,,,,,,,,
,Option,Burgers,Tomagrec,,,1.2,1.2,,,,,,,,,,,,,,,,,,,,,,,,,,,,
,Option,Burgers,Toscane,,,1.2,1.2,,,,,,,,,,,,,,,,,,,,,,,,,,,,
,Option,Burgers,Vinaigrette,,,1.2,1.2,,,,,,,,,,,,,,,,,,,,,,,,,,,,
,Option,Burgers,Mayonnaise truffe,,,1.2,1.2,,,,,,,,,,,,,,,,,,,,,,,,,,,,
,Option,Burgers,Jammie,,,1.2,1.2,,,,,,,,,,,,,,,,,,,,,,,,,,,,
,Option,Burgers,Cheas'y,,,1.2,1.2,,,,,,,,,,,,,,,,,,,,,,,,,,,,
,Option,Burgers,Dallas,,,1.2,1.2,,,,,,,,,,,,,,,,,,,,,,,,,,,,
,ITEM,Burgers,Burger pur boeuf,,Choix sauce = sauce dans le pain & sur les frites (si choisi) / Choix extra sauce = sauce en plus dans un pot. Si vous souhaitez 2 sauces mélangée : choisir une sauce et écrire la deuxième sauce en commentaire. Si vous souhaitez la sauce à part pour un burger + frites : précisez en commentaire.,7.3,7.3,,,,,,,,,,,,,,,,,,,,,,,,,,,,
,Option-Group,Burgers,Choix sauce (obligatoire),,,,,,,,,,,,,,,,,,,,,,,,,,,,,,,,
,Option,Burgers,Sans sauce,,,0,0,,,,,,,,,,,,,,,,,,,,,,,,,,,,
,Option,Burgers,Algérienne,,,0,0,,,,,,,,,,,,,,,,,,,,,,,,,,,,
,Option,Burgers,Américaine,,,0,0,,,,,,,,,,,,,,,,,,,,,,,,,,,,
,Option,Burgers,Américaine forte,,,0,0,,,,,,,,,,,,,,,,,,,,,,,,,,,,
,Option,Burgers,Américaine légère,,,0,0,,,,,,,,,,,,,,,,,,,,,,,,,,,,
,Option,Burgers,Andalouse,,,0,0,,,,,,,,,,,,,,,,,,,,,,,,,,,,
,Option,Burgers,Barbecue,,,0,0,,,,,,,,,,,,,,,,,,,,,,,,,,,,
,Option,Burgers,Béarnaise,,,0,0,,,,,,,,,,,,,,,,,,,,,,,,,,,,
,Option,Burgers,Bicky burger,,,0,0,,,,,,,,,,,,,,,,,,,,,,,,,,,,
,Option,Burgers,Brazil,,,0,0,,,,,,,,,,,,,,,,,,,,,,,,,,,,
,Option,Burgers,Cocktail,,,0,0,,,,,,,,,,,,,,,,,,,,,,,,,,,,
,Option,Burgers,Curry ketchup,,,0,0,,,,,,,,,,,,,,,,,,,,,,,,,,,,
,Option,Burgers,Géante,,,0,0,,,,,,,,,,,,,,,,,,,,,,,,,,,,
,Option,Burgers,Hawaï,,,0,0,,,,,,,,,,,,,,,,,,,,,,,,,,,,
,Option,Burgers,Ketchup,,,0,0,,,,,,,,,,,,,,,,,,,,,,,,,,,,
,Option,Burgers,Loempia,,,0,0,,,,,,,,,,,,,,,,,,,,,,,,,,,,
,Option,Burgers,Manalouse,,,0,0,,,,,,,,,,,,,,,,,,,,,,,,,,,,
,Option,Burgers,Mayonnaise,,,0,0,,,,,,,,,,,,,,,,,,,,,,,,,,,,
,Option,Burgers,Moutarde,,,0,0,,,,,,,,,,,,,,,,,,,,,,,,,,,,
,Option,Burgers,Pitta à l'ail,,,0,0,,,,,,,,,,,,,,,,,,,,,,,,,,,,
,Option,Burgers,Poivre,,,0,0,,,,,,,,,,,,,,,,,,,,,,,,,,,,
,Option,Burgers,Provençale,,,0,0,,,,,,,,,,,,,,,,,,,,,,,,,,,,
,Option,Burgers,Riche,,,0,0,,,,,,,,,,,,,,,,,,,,,,,,,,,,
,Option,Burgers,Samouraï,,,0,0,,,,,,,,,,,,,,,,,,,,,,,,,,,,
,Option,Burgers,Tartare,,,0,0,,,,,,,,,,,,,,,,,,,,,,,,,,,,
,Option,Burgers,Tomagrec,,,0,0,,,,,,,,,,,,,,,,,,,,,,,,,,,,
,Option,Burgers,Toscane,,,0,0,,,,,,,,,,,,,,,,,,,,,,,,,,,,
,Option,Burgers,Vinaigrette,,,0,0,,,,,,,,,,,,,,,,,,,,,,,,,,,,
,Option,Burgers,Mayonnaise truffe,,,0,0,,,,,,,,,,,,,,,,,,,,,,,,,,,,
,Option,Burgers,Jammie,,,0,0,,,,,,,,,,,,,,,,,,,,,,,,,,,,
,Option,Burgers,Cheas'y,,,0,0,,,,,,,,,,,,,,,,,,,,,,,,,,,,
,Option,Burgers,Dallas,,,0,0,,,,,,,,,,,,,,,,,,,,,,,,,,,,
,Option-Group,Burgers,Choix crudités (facultatif),,,,,,,,,,,,,,,,,,,,,,,,,,,,,,,,
,Option,Burgers,Sans crudités,,,0,0,,,,,,,,,,,,,,,,,,,,,,,,,,,,
,Option,Burgers,Carotte,,,0.1,0.1,,,,,,,,,,,,,,,,,,,,,,,,,,,,
,Option,Burgers,Chou blanc,,,0.1,0.1,,,,,,,,,,,,,,,,,,,,,,,,,,,,
,Option,Burgers,Cornichon,,,0.1,0.1,,,,,,,,,,,,,,,,,,,,,,,,,,,,
,Option,Burgers,Maïs,,,0.1,0.1,,,,,,,,,,,,,,,,,,,,,,,,,,,,
,Option,Burgers,Oignons rouges,,,0.1,0.1,,,,,,,,,,,,,,,,,,,,,,,,,,,,
,Option,Burgers,Salade verte,,,0.1,0.1,,,,,,,,,,,,,,,,,,,,,,,,,,,,
,Option,Burgers,Tomates,,,0.1,0.1,,,,,,,,,,,,,,,,,,,,,,,,,,,,
,Option-Group,Burgers,Choix extra cheese (facultatif),,,,,,,,,,,,,,,,,,,,,,,,,,,,,,,,
,Option,Burgers,Feta,,,0.9,0.9,,,,,,,,,,,,,,,,,,,,,,,,,,,,
,Option,Burgers,Cheese,,,0.7,0.7,,,,,,,,,,,,,,,,,,,,,,,,,,,,
,Option-Group,Burgers,Choix suppléments (facultatif),,,,,,,,,,,,,,,,,,,,,,,,,,,,,,,,
,Option,Burgers,Cheese,,,0.7,0.7,,,,,,,,,,,,,,,,,,,,,,,,,,,,
,Option,Burgers,Feta,,,0.9,0.9,,,,,,,,,,,,,,,,,,,,,,,,,,,,
,Option,Burgers,Frites,,,3,3,,,,,,,,,,,,,,,,,,,,,,,,,,,,
,Option-Group,Burgers,Choix extra sauces (facultatif),,,,,,,,,,,,,,,,,,,,,,,,,,,,,,,,
,Option,Burgers,Algérienne,,,0,0,,,,,,,,,,,,,,,,,,,,,,,,,,,,
,Option,Burgers,Américaine,,,1.2,1.2,,,,,,,,,,,,,,,,,,,,,,,,,,,,
,Option,Burgers,Américaine forte,,,1.2,1.2,,,,,,,,,,,,,,,,,,,,,,,,,,,,
,Option,Burgers,Américaine légère,,,1.2,1.2,,,,,,,,,,,,,,,,,,,,,,,,,,,,
,Option,Burgers,Andalouse,,,1.2,1.2,,,,,,,,,,,,,,,,,,,,,,,,,,,,
,Option,Burgers,Barbecue,,,1.2,1.2,,,,,,,,,,,,,,,,,,,,,,,,,,,,
,Option,Burgers,Béarnaise,,,1.2,1.2,,,,,,,,,,,,,,,,,,,,,,,,,,,,
,Option,Burgers,Bicky burger,,,1.2,1.2,,,,,,,,,,,,,,,,,,,,,,,,,,,,
,Option,Burgers,Brazil,,,1.2,1.2,,,,,,,,,,,,,,,,,,,,,,,,,,,,
,Option,Burgers,Cocktail,,,1.2,1.2,,,,,,,,,,,,,,,,,,,,,,,,,,,,
,Option,Burgers,Curry ketchup,,,1.2,1.2,,,,,,,,,,,,,,,,,,,,,,,,,,,,
,Option,Burgers,Géante,,,1.2,1.2,,,,,,,,,,,,,,,,,,,,,,,,,,,,
,Option,Burgers,Hawaï,,,1.2,1.2,,,,,,,,,,,,,,,,,,,,,,,,,,,,
,Option,Burgers,Ketchup,,,1.2,1.2,,,,,,,,,,,,,,,,,,,,,,,,,,,,
,Option,Burgers,Loempia,,,1.2,1.2,,,,,,,,,,,,,,,,,,,,,,,,,,,,
,Option,Burgers,Manalouse,,,1.2,1.2,,,,,,,,,,,,,,,,,,,,,,,,,,,,
,Option,Burgers,Mayonnaise,,,1.2,1.2,,,,,,,,,,,,,,,,,,,,,,,,,,,,
,Option,Burgers,Moutarde,,,1.2,1.2,,,,,,,,,,,,,,,,,,,,,,,,,,,,
,Option,Burgers,Pitta à l'ail,,,1.2,1.2,,,,,,,,,,,,,,,,,,,,,,,,,,,,
,Option,Burgers,Poivre,,,1.2,1.2,,,,,,,,,,,,,,,,,,,,,,,,,,,,
,Option,Burgers,Provençale,,,1.2,1.2,,,,,,,,,,,,,,,,,,,,,,,,,,,,
,Option,Burgers,Riche,,,1.2,1.2,,,,,,,,,,,,,,,,,,,,,,,,,,,,
,Option,Burgers,Samouraï,,,1.2,1.2,,,,,,,,,,,,,,,,,,,,,,,,,,,,
,Option,Burgers,Tartare,,,1.2,1.2,,,,,,,,,,,,,,,,,,,,,,,,,,,,
,Option,Burgers,Tomagrec,,,1.2,1.2,,,,,,,,,,,,,,,,,,,,,,,,,,,,
,Option,Burgers,Toscane,,,1.2,1.2,,,,,,,,,,,,,,,,,,,,,,,,,,,,
,Option,Burgers,Vinaigrette,,,1.2,1.2,,,,,,,,,,,,,,,,,,,,,,,,,,,,
,Option,Burgers,Mayonnaise truffe,,,1.2,1.2,,,,,,,,,,,,,,,,,,,,,,,,,,,,
,Option,Burgers,Jammie,,,1.2,1.2,,,,,,,,,,,,,,,,,,,,,,,,,,,,
,Option,Burgers,Cheas'y,,,1.2,1.2,,,,,,,,,,,,,,,,,,,,,,,,,,,,
,Option,Burgers,Dallas,,,1.2,1.2,,,,,,,,,,,,,,,,,,,,,,,,,,,,
,ITEM,Pittas,Assiette pitta,,Choix sauce = sauce sur l'assiette / choix extra sauce = dans un pot à part,18.5,18.5,,,,,,,,,,,,,,,,,,,,,,,,,,,,
,Option-Group,Pittas,Choix sauce (obligatoire),,,,,,,,,,,,,,,,,,,,,,,,,,,,,,,,
,Option,Pittas,Sans sauce,,,0,0,,,,,,,,,,,,,,,,,,,,,,,,,,,,
,Option,Pittas,Algérienne,,,0,0,,,,,,,,,,,,,,,,,,,,,,,,,,,,
,Option,Pittas,Américaine,,,0,0,,,,,,,,,,,,,,,,,,,,,,,,,,,,
,Option,Pittas,Américaine forte,,,0,0,,,,,,,,,,,,,,,,,,,,,,,,,,,,
,Option,Pittas,Américaine légère,,,0,0,,,,,,,,,,,,,,,,,,,,,,,,,,,,
,Option,Pittas,Andalouse,,,0,0,,,,,,,,,,,,,,,,,,,,,,,,,,,,
,Option,Pittas,Barbecue,,,0,0,,,,,,,,,,,,,,,,,,,,,,,,,,,,
,Option,Pittas,Béarnaise,,,0,0,,,,,,,,,,,,,,,,,,,,,,,,,,,,
,Option,Pittas,Bicky burger,,,0,0,,,,,,,,,,,,,,,,,,,,,,,,,,,,
,Option,Pittas,Brazil,,,0,0,,,,,,,,,,,,,,,,,,,,,,,,,,,,
,Option,Pittas,Cocktail,,,0,0,,,,,,,,,,,,,,,,,,,,,,,,,,,,
,Option,Pittas,Curry ketchup,,,0,0,,,,,,,,,,,,,,,,,,,,,,,,,,,,
,Option,Pittas,Géante,,,0,0,,,,,,,,,,,,,,,,,,,,,,,,,,,,
,Option,Pittas,Hawaï,,,0,0,,,,,,,,,,,,,,,,,,,,,,,,,,,,
,Option,Pittas,Ketchup,,,0,0,,,,,,,,,,,,,,,,,,,,,,,,,,,,
,Option,Pittas,Loempia,,,0,0,,,,,,,,,,,,,,,,,,,,,,,,,,,,
,Option,Pittas,Manalouse,,,0,0,,,,,,,,,,,,,,,,,,,,,,,,,,,,
,Option,Pittas,Mayonnaise,,,0,0,,,,,,,,,,,,,,,,,,,,,,,,,,,,
,Option,Pittas,Moutarde,,,0,0,,,,,,,,,,,,,,,,,,,,,,,,,,,,
,Option,Pittas,Pitta à l'ail,,,0,0,,,,,,,,,,,,,,,,,,,,,,,,,,,,
,Option,Pittas,Poivre,,,0,0,,,,,,,,,,,,,,,,,,,,,,,,,,,,
,Option,Pittas,Provençale,,,0,0,,,,,,,,,,,,,,,,,,,,,,,,,,,,
,Option,Pittas,Riche,,,0,0,,,,,,,,,,,,,,,,,,,,,,,,,,,,
,Option,Pittas,Samouraï,,,0,0,,,,,,,,,,,,,,,,,,,,,,,,,,,,
,Option,Pittas,Tartare,,,0,0,,,,,,,,,,,,,,,,,,,,,,,,,,,,
,Option,Pittas,Tomagrec,,,0,0,,,,,,,,,,,,,,,,,,,,,,,,,,,,
,Option,Pittas,Toscane,,,0,0,,,,,,,,,,,,,,,,,,,,,,,,,,,,
,Option,Pittas,Vinaigrette,,,0,0,,,,,,,,,,,,,,,,,,,,,,,,,,,,
,Option,Pittas,Mayonnaise truffe,,,0,0,,,,,,,,,,,,,,,,,,,,,,,,,,,,
,Option,Pittas,Jammie,,,0,0,,,,,,,,,,,,,,,,,,,,,,,,,,,,
,Option,Pittas,Cheas'y,,,0,0,,,,,,,,,,,,,,,,,,,,,,,,,,,,
,Option,Pittas,Dallas,,,0,0,,,,,,,,,,,,,,,,,,,,,,,,,,,,
,Option-Group,Pittas,Choix suppléments (facultatif),,,,,,,,,,,,,,,,,,,,,,,,,,,,,,,,
,Option,Pittas,Cheese,,,0.7,0.7,,,,,,,,,,,,,,,,,,,,,,,,,,,,
,Option,Pittas,Feta,,,0.9,0.9,,,,,,,,,,,,,,,,,,,,,,,,,,,,
,Option,Pittas,Frites,,,3,3,,,,,,,,,,,,,,,,,,,,,,,,,,,,
,Option-Group,Pittas,Choix extra sauces (facultatif),,,,,,,,,,,,,,,,,,,,,,,,,,,,,,,,
,Option,Pittas,Algérienne,,,0,0,,,,,,,,,,,,,,,,,,,,,,,,,,,,
,Option,Pittas,Américaine,,,1.2,1.2,,,,,,,,,,,,,,,,,,,,,,,,,,,,
,Option,Pittas,Américaine forte,,,1.2,1.2,,,,,,,,,,,,,,,,,,,,,,,,,,,,
,Option,Pittas,Américaine légère,,,1.2,1.2,,,,,,,,,,,,,,,,,,,,,,,,,,,,
,Option,Pittas,Andalouse,,,1.2,1.2,,,,,,,,,,,,,,,,,,,,,,,,,,,,
,Option,Pittas,Barbecue,,,1.2,1.2,,,,,,,,,,,,,,,,,,,,,,,,,,,,
,Option,Pittas,Béarnaise,,,1.2,1.2,,,,,,,,,,,,,,,,,,,,,,,,,,,,
,Option,Pittas,Bicky burger,,,1.2,1.2,,,,,,,,,,,,,,,,,,,,,,,,,,,,
,Option,Pittas,Brazil,,,1.2,1.2,,,,,,,,,,,,,,,,,,,,,,,,,,,,
,Option,Pittas,Cocktail,,,1.2,1.2,,,,,,,,,,,,,,,,,,,,,,,,,,,,
,Option,Pittas,Curry ketchup,,,1.2,1.2,,,,,,,,,,,,,,,,,,,,,,,,,,,,
,Option,Pittas,Géante,,,1.2,1.2,,,,,,,,,,,,,,,,,,,,,,,,,,,,
,Option,Pittas,Hawaï,,,1.2,1.2,,,,,,,,,,,,,,,,,,,,,,,,,,,,
,Option,Pittas,Ketchup,,,1.2,1.2,,,,,,,,,,,,,,,,,,,,,,,,,,,,
,Option,Pittas,Loempia,,,1.2,1.2,,,,,,,,,,,,,,,,,,,,,,,,,,,,
,Option,Pittas,Manalouse,,,1.2,1.2,,,,,,,,,,,,,,,,,,,,,,,,,,,,
,Option,Pittas,Mayonnaise,,,1.2,1.2,,,,,,,,,,,,,,,,,,,,,,,,,,,,
,Option,Pittas,Moutarde,,,1.2,1.2,,,,,,,,,,,,,,,,,,,,,,,,,,,,
,Option,Pittas,Pitta à l'ail,,,1.2,1.2,,,,,,,,,,,,,,,,,,,,,,,,,,,,
,Option,Pittas,Poivre,,,1.2,1.2,,,,,,,,,,,,,,,,,,,,,,,,,,,,
,Option,Pittas,Provençale,,,1.2,1.2,,,,,,,,,,,,,,,,,,,,,,,,,,,,
,Option,Pittas,Riche,,,1.2,1.2,,,,,,,,,,,,,,,,,,,,,,,,,,,,
,Option,Pittas,Samouraï,,,1.2,1.2,,,,,,,,,,,,,,,,,,,,,,,,,,,,
,Option,Pittas,Tartare,,,1.2,1.2,,,,,,,,,,,,,,,,,,,,,,,,,,,,
,Option,Pittas,Tomagrec,,,1.2,1.2,,,,,,,,,,,,,,,,,,,,,,,,,,,,
,Option,Pittas,Toscane,,,1.2,1.2,,,,,,,,,,,,,,,,,,,,,,,,,,,,
,Option,Pittas,Vinaigrette,,,1.2,1.2,,,,,,,,,,,,,,,,,,,,,,,,,,,,
,Option,Pittas,Mayonnaise truffe,,,1.2,1.2,,,,,,,,,,,,,,,,,,,,,,,,,,,,
,Option,Pittas,Jammie,,,1.2,1.2,,,,,,,,,,,,,,,,,,,,,,,,,,,,
,Option,Pittas,Cheas'y,,,1.2,1.2,,,,,,,,,,,,,,,,,,,,,,,,,,,,
,Option,Pittas,Dallas,,,1.2,1.2,,,,,,,,,,,,,,,,,,,,,,,,,,,,
,ITEM,Pittas,Dürüm pitta,,,8.7,8.7,,,,,,,,,,,,,,,,,,,,,,,,,,,,
,Option-Group,Pittas,Choix sauce (obligatoire),,,,,,,,,,,,,,,,,,,,,,,,,,,,,,,,
,Option,Pittas,Sans sauce,,,0,0,,,,,,,,,,,,,,,,,,,,,,,,,,,,
,Option,Pittas,Algérienne,,,0,0,,,,,,,,,,,,,,,,,,,,,,,,,,,,
,Option,Pittas,Américaine,,,0,0,,,,,,,,,,,,,,,,,,,,,,,,,,,,
,Option,Pittas,Américaine forte,,,0,0,,,,,,,,,,,,,,,,,,,,,,,,,,,,
,Option,Pittas,Américaine légère,,,0,0,,,,,,,,,,,,,,,,,,,,,,,,,,,,
,Option,Pittas,Andalouse,,,0,0,,,,,,,,,,,,,,,,,,,,,,,,,,,,
,Option,Pittas,Barbecue,,,0,0,,,,,,,,,,,,,,,,,,,,,,,,,,,,
,Option,Pittas,Béarnaise,,,0,0,,,,,,,,,,,,,,,,,,,,,,,,,,,,
,Option,Pittas,Bicky burger,,,0,0,,,,,,,,,,,,,,,,,,,,,,,,,,,,
,Option,Pittas,Brazil,,,0,0,,,,,,,,,,,,,,,,,,,,,,,,,,,,
,Option,Pittas,Cocktail,,,0,0,,,,,,,,,,,,,,,,,,,,,,,,,,,,
,Option,Pittas,Curry ketchup,,,0,0,,,,,,,,,,,,,,,,,,,,,,,,,,,,
,Option,Pittas,Géante,,,0,0,,,,,,,,,,,,,,,,,,,,,,,,,,,,
,Option,Pittas,Hawaï,,,0,0,,,,,,,,,,,,,,,,,,,,,,,,,,,,
,Option,Pittas,Ketchup,,,0,0,,,,,,,,,,,,,,,,,,,,,,,,,,,,
,Option,Pittas,Loempia,,,0,0,,,,,,,,,,,,,,,,,,,,,,,,,,,,
,Option,Pittas,Manalouse,,,0,0,,,,,,,,,,,,,,,,,,,,,,,,,,,,
,Option,Pittas,Mayonnaise,,,0,0,,,,,,,,,,,,,,,,,,,,,,,,,,,,
,Option,Pittas,Moutarde,,,0,0,,,,,,,,,,,,,,,,,,,,,,,,,,,,
,Option,Pittas,Pitta à l'ail,,,0,0,,,,,,,,,,,,,,,,,,,,,,,,,,,,
,Option,Pittas,Poivre,,,0,0,,,,,,,,,,,,,,,,,,,,,,,,,,,,
,Option,Pittas,Provençale,,,0,0,,,,,,,,,,,,,,,,,,,,,,,,,,,,
,Option,Pittas,Riche,,,0,0,,,,,,,,,,,,,,,,,,,,,,,,,,,,
,Option,Pittas,Samouraï,,,0,0,,,,,,,,,,,,,,,,,,,,,,,,,,,,
,Option,Pittas,Tartare,,,0,0,,,,,,,,,,,,,,,,,,,,,,,,,,,,
,Option,Pittas,Tomagrec,,,0,0,,,,,,,,,,,,,,,,,,,,,,,,,,,,
,Option,Pittas,Toscane,,,0,0,,,,,,,,,,,,,,,,,,,,,,,,,,,,
,Option,Pittas,Vinaigrette,,,0,0,,,,,,,,,,,,,,,,,,,,,,,,,,,,
,Option,Pittas,Mayonnaise truffe,,,0,0,,,,,,,,,,,,,,,,,,,,,,,,,,,,
,Option,Pittas,Jammie,,,0,0,,,,,,,,,,,,,,,,,,,,,,,,,,,,
,Option,Pittas,Cheas'y,,,0,0,,,,,,,,,,,,,,,,,,,,,,,,,,,,
,Option,Pittas,Dallas,,,0,0,,,,,,,,,,,,,,,,,,,,,,,,,,,,
,Option-Group,Pittas,Choix crudités (facultatif),,,,,,,,,,,,,,,,,,,,,,,,,,,,,,,,
,Option,Pittas,Sans crudités,,,0,0,,,,,,,,,,,,,,,,,,,,,,,,,,,,
,Option,Pittas,Carotte,,,0.1,0.1,,,,,,,,,,,,,,,,,,,,,,,,,,,,
,Option,Pittas,Chou blanc,,,0.1,0.1,,,,,,,,,,,,,,,,,,,,,,,,,,,,
,Option,Pittas,Cornichon,,,0.1,0.1,,,,,,,,,,,,,,,,,,,,,,,,,,,,
,Option,Pittas,Maïs,,,0.1,0.1,,,,,,,,,,,,,,,,,,,,,,,,,,,,
,Option,Pittas,Oignons rouges,,,0.1,0.1,,,,,,,,,,,,,,,,,,,,,,,,,,,,
,Option,Pittas,Salade verte,,,0.1,0.1,,,,,,,,,,,,,,,,,,,,,,,,,,,,
,Option,Pittas,Tomates,,,0.1,0.1,,,,,,,,,,,,,,,,,,,,,,,,,,,,
,ITEM,Pittas,Portion pitta,,Choix sauce = sauce sur l'assiette / choix extra sauce = dans un pot à part,7.3,7.3,,,,,,,,,,,,,,,,,,,,,,,,,,,,
,Option-Group,Pittas,Choix sauce (obligatoire),,,,,,,,,,,,,,,,,,,,,,,,,,,,,,,,
,Option,Pittas,Sans sauce,,,0,0,,,,,,,,,,,,,,,,,,,,,,,,,,,,
,Option,Pittas,Algérienne,,,0,0,,,,,,,,,,,,,,,,,,,,,,,,,,,,
,Option,Pittas,Américaine,,,0,0,,,,,,,,,,,,,,,,,,,,,,,,,,,,
,Option,Pittas,Américaine forte,,,0,0,,,,,,,,,,,,,,,,,,,,,,,,,,,,
,Option,Pittas,Américaine légère,,,0,0,,,,,,,,,,,,,,,,,,,,,,,,,,,,
,Option,Pittas,Andalouse,,,0,0,,,,,,,,,,,,,,,,,,,,,,,,,,,,
,Option,Pittas,Barbecue,,,0,0,,,,,,,,,,,,,,,,,,,,,,,,,,,,
,Option,Pittas,Béarnaise,,,0,0,,,,,,,,,,,,,,,,,,,,,,,,,,,,
,Option,Pittas,Bicky burger,,,0,0,,,,,,,,,,,,,,,,,,,,,,,,,,,,
,Option,Pittas,Brazil,,,0,0,,,,,,,,,,,,,,,,,,,,,,,,,,,,
,Option,Pittas,Cocktail,,,0,0,,,,,,,,,,,,,,,,,,,,,,,,,,,,
,Option,Pittas,Curry ketchup,,,0,0,,,,,,,,,,,,,,,,,,,,,,,,,,,,
,Option,Pittas,Géante,,,0,0,,,,,,,,,,,,,,,,,,,,,,,,,,,,
,Option,Pittas,Hawaï,,,0,0,,,,,,,,,,,,,,,,,,,,,,,,,,,,
,Option,Pittas,Ketchup,,,0,0,,,,,,,,,,,,,,,,,,,,,,,,,,,,
,Option,Pittas,Loempia,,,0,0,,,,,,,,,,,,,,,,,,,,,,,,,,,,
,Option,Pittas,Manalouse,,,0,0,,,,,,,,,,,,,,,,,,,,,,,,,,,,
,Option,Pittas,Mayonnaise,,,0,0,,,,,,,,,,,,,,,,,,,,,,,,,,,,
,Option,Pittas,Moutarde,,,0,0,,,,,,,,,,,,,,,,,,,,,,,,,,,,
,Option,Pittas,Pitta à l'ail,,,0,0,,,,,,,,,,,,,,,,,,,,,,,,,,,,
,Option,Pittas,Poivre,,,0,0,,,,,,,,,,,,,,,,,,,,,,,,,,,,
,Option,Pittas,Provençale,,,0,0,,,,,,,,,,,,,,,,,,,,,,,,,,,,
,Option,Pittas,Riche,,,0,0,,,,,,,,,,,,,,,,,,,,,,,,,,,,
,Option,Pittas,Samouraï,,,0,0,,,,,,,,,,,,,,,,,,,,,,,,,,,,
,Option,Pittas,Tartare,,,0,0,,,,,,,,,,,,,,,,,,,,,,,,,,,,
,Option,Pittas,Tomagrec,,,0,0,,,,,,,,,,,,,,,,,,,,,,,,,,,,
,Option,Pittas,Toscane,,,0,0,,,,,,,,,,,,,,,,,,,,,,,,,,,,
,Option,Pittas,Vinaigrette,,,0,0,,,,,,,,,,,,,,,,,,,,,,,,,,,,
,Option,Pittas,Mayonnaise truffe,,,0,0,,,,,,,,,,,,,,,,,,,,,,,,,,,,
,Option,Pittas,Jammie,,,0,0,,,,,,,,,,,,,,,,,,,,,,,,,,,,
,Option,Pittas,Cheas'y,,,0,0,,,,,,,,,,,,,,,,,,,,,,,,,,,,
,Option,Pittas,Dallas,,,0,0,,,,,,,,,,,,,,,,,,,,,,,,,,,,
,Option-Group,Pittas,Choix crudités (facultatif),,,,,,,,,,,,,,,,,,,,,,,,,,,,,,,,
,Option,Pittas,Sans crudités,,,0,0,,,,,,,,,,,,,,,,,,,,,,,,,,,,
,Option,Pittas,Carotte,,,0.1,0.1,,,,,,,,,,,,,,,,,,,,,,,,,,,,
,Option,Pittas,Chou blanc,,,0.1,0.1,,,,,,,,,,,,,,,,,,,,,,,,,,,,
,Option,Pittas,Cornichon,,,0.1,0.1,,,,,,,,,,,,,,,,,,,,,,,,,,,,
,Option,Pittas,Maïs,,,0.1,0.1,,,,,,,,,,,,,,,,,,,,,,,,,,,,
,Option,Pittas,Oignons rouges,,,0.1,0.1,,,,,,,,,,,,,,,,,,,,,,,,,,,,
,Option,Pittas,Salade verte,,,0.1,0.1,,,,,,,,,,,,,,,,,,,,,,,,,,,,
,Option,Pittas,Tomates,,,0.1,0.1,,,,,,,,,,,,,,,,,,,,,,,,,,,,
,Option-Group,Pittas,Choix extra sauces (facultatif),,,,,,,,,,,,,,,,,,,,,,,,,,,,,,,,
,Option,Pittas,Algérienne,,,0,0,,,,,,,,,,,,,,,,,,,,,,,,,,,,
,Option,Pittas,Américaine,,,1.2,1.2,,,,,,,,,,,,,,,,,,,,,,,,,,,,
,Option,Pittas,Américaine forte,,,1.2,1.2,,,,,,,,,,,,,,,,,,,,,,,,,,,,
,Option,Pittas,Américaine légère,,,1.2,1.2,,,,,,,,,,,,,,,,,,,,,,,,,,,,
,Option,Pittas,Andalouse,,,1.2,1.2,,,,,,,,,,,,,,,,,,,,,,,,,,,,
,Option,Pittas,Barbecue,,,1.2,1.2,,,,,,,,,,,,,,,,,,,,,,,,,,,,
,Option,Pittas,Béarnaise,,,1.2,1.2,,,,,,,,,,,,,,,,,,,,,,,,,,,,
,Option,Pittas,Bicky burger,,,1.2,1.2,,,,,,,,,,,,,,,,,,,,,,,,,,,,
,Option,Pittas,Brazil,,,1.2,1.2,,,,,,,,,,,,,,,,,,,,,,,,,,,,
,Option,Pittas,Cocktail,,,1.2,1.2,,,,,,,,,,,,,,,,,,,,,,,,,,,,
,Option,Pittas,Curry ketchup,,,1.2,1.2,,,,,,,,,,,,,,,,,,,,,,,,,,,,
,Option,Pittas,Géante,,,1.2,1.2,,,,,,,,,,,,,,,,,,,,,,,,,,,,
,Option,Pittas,Hawaï,,,1.2,1.2,,,,,,,,,,,,,,,,,,,,,,,,,,,,
,Option,Pittas,Ketchup,,,1.2,1.2,,,,,,,,,,,,,,,,,,,,,,,,,,,,
,Option,Pittas,Loempia,,,1.2,1.2,,,,,,,,,,,,,,,,,,,,,,,,,,,,
,Option,Pittas,Manalouse,,,1.2,1.2,,,,,,,,,,,,,,,,,,,,,,,,,,,,
,Option,Pittas,Mayonnaise,,,1.2,1.2,,,,,,,,,,,,,,,,,,,,,,,,,,,,
,Option,Pittas,Moutarde,,,1.2,1.2,,,,,,,,,,,,,,,,,,,,,,,,,,,,
,Option,Pittas,Pitta à l'ail,,,1.2,1.2,,,,,,,,,,,,,,,,,,,,,,,,,,,,
,Option,Pittas,Poivre,,,1.2,1.2,,,,,,,,,,,,,,,,,,,,,,,,,,,,
,Option,Pittas,Provençale,,,1.2,1.2,,,,,,,,,,,,,,,,,,,,,,,,,,,,
,Option,Pittas,Riche,,,1.2,1.2,,,,,,,,,,,,,,,,,,,,,,,,,,,,
,Option,Pittas,Samouraï,,,1.2,1.2,,,,,,,,,,,,,,,,,,,,,,,,,,,,
,Option,Pittas,Tartare,,,1.2,1.2,,,,,,,,,,,,,,,,,,,,,,,,,,,,
,Option,Pittas,Tomagrec,,,1.2,1.2,,,,,,,,,,,,,,,,,,,,,,,,,,,,
,Option,Pittas,Toscane,,,1.2,1.2,,,,,,,,,,,,,,,,,,,,,,,,,,,,
,Option,Pittas,Vinaigrette,,,1.2,1.2,,,,,,,,,,,,,,,,,,,,,,,,,,,,
,Option,Pittas,Mayonnaise truffe,,,1.2,1.2,,,,,,,,,,,,,,,,,,,,,,,,,,,,
,Option,Pittas,Jammie,,,1.2,1.2,,,,,,,,,,,,,,,,,,,,,,,,,,,,
,Option,Pittas,Cheas'y,,,1.2,1.2,,,,,,,,,,,,,,,,,,,,,,,,,,,,
,Option,Pittas,Dallas,,,1.2,1.2,,,,,,,,,,,,,,,,,,,,,,,,,,,,
,ITEM,Pittas,Mitraillette pitta,,Choix sauce = sauce dans le pain & sur les frites / Choix extra sauce = sauce en plus dans un pot. Si vous souhaitez 2 sauces mélangée : choisir une sauce et écrire la deuxième sauce en commentaire. Si vous souhaitez la sauce à part : précisez en commentaire.,11,11,,,,,,,,,,,,,,,,,,,,,,,,,,,,
,Option-Group,Pittas,Choix sauce (obligatoire),,,,,,,,,,,,,,,,,,,,,,,,,,,,,,,,
,Option,Pittas,Sans sauce,,,0,0,,,,,,,,,,,,,,,,,,,,,,,,,,,,
,Option,Pittas,Algérienne,,,0,0,,,,,,,,,,,,,,,,,,,,,,,,,,,,
,Option,Pittas,Américaine,,,0,0,,,,,,,,,,,,,,,,,,,,,,,,,,,,
,Option,Pittas,Américaine forte,,,0,0,,,,,,,,,,,,,,,,,,,,,,,,,,,,
,Option,Pittas,Américaine légère,,,0,0,,,,,,,,,,,,,,,,,,,,,,,,,,,,
,Option,Pittas,Andalouse,,,0,0,,,,,,,,,,,,,,,,,,,,,,,,,,,,
,Option,Pittas,Barbecue,,,0,0,,,,,,,,,,,,,,,,,,,,,,,,,,,,
,Option,Pittas,Béarnaise,,,0,0,,,,,,,,,,,,,,,,,,,,,,,,,,,,
,Option,Pittas,Bicky burger,,,0,0,,,,,,,,,,,,,,,,,,,,,,,,,,,,
,Option,Pittas,Brazil,,,0,0,,,,,,,,,,,,,,,,,,,,,,,,,,,,
,Option,Pittas,Cocktail,,,0,0,,,,,,,,,,,,,,,,,,,,,,,,,,,,
,Option,Pittas,Curry ketchup,,,0,0,,,,,,,,,,,,,,,,,,,,,,,,,,,,
,Option,Pittas,Géante,,,0,0,,,,,,,,,,,,,,,,,,,,,,,,,,,,
,Option,Pittas,Hawaï,,,0,0,,,,,,,,,,,,,,,,,,,,,,,,,,,,
,Option,Pittas,Ketchup,,,0,0,,,,,,,,,,,,,,,,,,,,,,,,,,,,
,Option,Pittas,Loempia,,,0,0,,,,,,,,,,,,,,,,,,,,,,,,,,,,
,Option,Pittas,Manalouse,,,0,0,,,,,,,,,,,,,,,,,,,,,,,,,,,,
,Option,Pittas,Mayonnaise,,,0,0,,,,,,,,,,,,,,,,,,,,,,,,,,,,
,Option,Pittas,Moutarde,,,0,0,,,,,,,,,,,,,,,,,,,,,,,,,,,,
,Option,Pittas,Pitta à l'ail,,,0,0,,,,,,,,,,,,,,,,,,,,,,,,,,,,
,Option,Pittas,Poivre,,,0,0,,,,,,,,,,,,,,,,,,,,,,,,,,,,
,Option,Pittas,Provençale,,,0,0,,,,,,,,,,,,,,,,,,,,,,,,,,,,
,Option,Pittas,Riche,,,0,0,,,,,,,,,,,,,,,,,,,,,,,,,,,,
,Option,Pittas,Samouraï,,,0,0,,,,,,,,,,,,,,,,,,,,,,,,,,,,
,Option,Pittas,Tartare,,,0,0,,,,,,,,,,,,,,,,,,,,,,,,,,,,
,Option,Pittas,Tomagrec,,,0,0,,,,,,,,,,,,,,,,,,,,,,,,,,,,
,Option,Pittas,Toscane,,,0,0,,,,,,,,,,,,,,,,,,,,,,,,,,,,
,Option,Pittas,Vinaigrette,,,0,0,,,,,,,,,,,,,,,,,,,,,,,,,,,,
,Option,Pittas,Mayonnaise truffe,,,0,0,,,,,,,,,,,,,,,,,,,,,,,,,,,,
,Option,Pittas,Jammie,,,0,0,,,,,,,,,,,,,,,,,,,,,,,,,,,,
,Option,Pittas,Cheas'y,,,0,0,,,,,,,,,,,,,,,,,,,,,,,,,,,,
,Option,Pittas,Dallas,,,0,0,,,,,,,,,,,,,,,,,,,,,,,,,,,,
,Option-Group,Pittas,Choix crudités (facultatif),,,,,,,,,,,,,,,,,,,,,,,,,,,,,,,,
,Option,Pittas,Sans crudités,,,0,0,,,,,,,,,,,,,,,,,,,,,,,,,,,,
,Option,Pittas,Carotte,,,0.1,0.1,,,,,,,,,,,,,,,,,,,,,,,,,,,,
,Option,Pittas,Chou blanc,,,0.1,0.1,,,,,,,,,,,,,,,,,,,,,,,,,,,,
,Option,Pittas,Cornichon,,,0.1,0.1,,,,,,,,,,,,,,,,,,,,,,,,,,,,
,Option,Pittas,Maïs,,,0.1,0.1,,,,,,,,,,,,,,,,,,,,,,,,,,,,
,Option,Pittas,Oignons rouges,,,0.1,0.1,,,,,,,,,,,,,,,,,,,,,,,,,,,,
,Option,Pittas,Salade verte,,,0.1,0.1,,,,,,,,,,,,,,,,,,,,,,,,,,,,
,Option,Pittas,Tomates,,,0.1,0.1,,,,,,,,,,,,,,,,,,,,,,,,,,,,
,Option-Group,Pittas,Choix extra cheese (facultatif),,,,,,,,,,,,,,,,,,,,,,,,,,,,,,,,
,Option,Pittas,Feta,,,0.9,0.9,,,,,,,,,,,,,,,,,,,,,,,,,,,,
,Option,Pittas,Cheese,,,0.7,0.7,,,,,,,,,,,,,,,,,,,,,,,,,,,,
,Option-Group,Pittas,Choix extra sauces (facultatif),,,,,,,,,,,,,,,,,,,,,,,,,,,,,,,,
,Option,Pittas,Algérienne,,,0,0,,,,,,,,,,,,,,,,,,,,,,,,,,,,
,Option,Pittas,Américaine,,,1.2,1.2,,,,,,,,,,,,,,,,,,,,,,,,,,,,
,Option,Pittas,Américaine forte,,,1.2,1.2,,,,,,,,,,,,,,,,,,,,,,,,,,,,
,Option,Pittas,Américaine légère,,,1.2,1.2,,,,,,,,,,,,,,,,,,,,,,,,,,,,
,Option,Pittas,Andalouse,,,1.2,1.2,,,,,,,,,,,,,,,,,,,,,,,,,,,,
,Option,Pittas,Barbecue,,,1.2,1.2,,,,,,,,,,,,,,,,,,,,,,,,,,,,
,Option,Pittas,Béarnaise,,,1.2,1.2,,,,,,,,,,,,,,,,,,,,,,,,,,,,
,Option,Pittas,Bicky burger,,,1.2,1.2,,,,,,,,,,,,,,,,,,,,,,,,,,,,
,Option,Pittas,Brazil,,,1.2,1.2,,,,,,,,,,,,,,,,,,,,,,,,,,,,
,Option,Pittas,Cocktail,,,1.2,1.2,,,,,,,,,,,,,,,,,,,,,,,,,,,,
,Option,Pittas,Curry ketchup,,,1.2,1.2,,,,,,,,,,,,,,,,,,,,,,,,,,,,
,Option,Pittas,Géante,,,1.2,1.2,,,,,,,,,,,,,,,,,,,,,,,,,,,,
,Option,Pittas,Hawaï,,,1.2,1.2,,,,,,,,,,,,,,,,,,,,,,,,,,,,
,Option,Pittas,Ketchup,,,1.2,1.2,,,,,,,,,,,,,,,,,,,,,,,,,,,,
,Option,Pittas,Loempia,,,1.2,1.2,,,,,,,,,,,,,,,,,,,,,,,,,,,,
,Option,Pittas,Manalouse,,,1.2,1.2,,,,,,,,,,,,,,,,,,,,,,,,,,,,
,Option,Pittas,Mayonnaise,,,1.2,1.2,,,,,,,,,,,,,,,,,,,,,,,,,,,,
,Option,Pittas,Moutarde,,,1.2,1.2,,,,,,,,,,,,,,,,,,,,,,,,,,,,
,Option,Pittas,Pitta à l'ail,,,1.2,1.2,,,,,,,,,,,,,,,,,,,,,,,,,,,,
,Option,Pittas,Poivre,,,1.2,1.2,,,,,,,,,,,,,,,,,,,,,,,,,,,,
,Option,Pittas,Provençale,,,1.2,1.2,,,,,,,,,,,,,,,,,,,,,,,,,,,,
,Option,Pittas,Riche,,,1.2,1.2,,,,,,,,,,,,,,,,,,,,,,,,,,,,
,Option,Pittas,Samouraï,,,1.2,1.2,,,,,,,,,,,,,,,,,,,,,,,,,,,,
,Option,Pittas,Tartare,,,1.2,1.2,,,,,,,,,,,,,,,,,,,,,,,,,,,,
,Option,Pittas,Tomagrec,,,1.2,1.2,,,,,,,,,,,,,,,,,,,,,,,,,,,,
,Option,Pittas,Toscane,,,1.2,1.2,,,,,,,,,,,,,,,,,,,,,,,,,,,,
,Option,Pittas,Vinaigrette,,,1.2,1.2,,,,,,,,,,,,,,,,,,,,,,,,,,,,
,Option,Pittas,Mayonnaise truffe,,,1.2,1.2,,,,,,,,,,,,,,,,,,,,,,,,,,,,
,Option,Pittas,Jammie,,,1.2,1.2,,,,,,,,,,,,,,,,,,,,,,,,,,,,
,Option,Pittas,Cheas'y,,,1.2,1.2,,,,,,,,,,,,,,,,,,,,,,,,,,,,
,Option,Pittas,Dallas,,,1.2,1.2,,,,,,,,,,,,,,,,,,,,,,,,,,,,
,ITEM,Burgers spéciaux,Angus burger,,"Pain poivré, angus, sauce conseillée : géant, salade, tomate, oignons frais et cornichon. Choix sauce = sauce dans le pain & sur les frites (si choisis) / Choix extra sauce = sauce en plus dans un pot. Si vous souhaitez 2 sauces mélangée : choisir une sauce et écrire la deuxième sauce en commentaire. Si vous souhaitez la sauce à part pour un burger + frites : précisez en commentaire.",13.4,13.4,,,,,,,,,,,,,,,,,,,,,,,,,,,,
,Option-Group,Burgers spéciaux,Choix sauce (obligatoire),,,,,,,,,,,,,,,,,,,,,,,,,,,,,,,,
,Option,Burgers spéciaux,Sans sauce,,,0,0,,,,,,,,,,,,,,,,,,,,,,,,,,,,
,Option,Burgers spéciaux,Algérienne,,,0,0,,,,,,,,,,,,,,,,,,,,,,,,,,,,
,Option,Burgers spéciaux,Américaine,,,0,0,,,,,,,,,,,,,,,,,,,,,,,,,,,,
,Option,Burgers spéciaux,Américaine forte,,,0,0,,,,,,,,,,,,,,,,,,,,,,,,,,,,
,Option,Burgers spéciaux,Américaine légère,,,0,0,,,,,,,,,,,,,,,,,,,,,,,,,,,,
,Option,Burgers spéciaux,Andalouse,,,0,0,,,,,,,,,,,,,,,,,,,,,,,,,,,,
,Option,Burgers spéciaux,Barbecue,,,0,0,,,,,,,,,,,,,,,,,,,,,,,,,,,,
,Option,Burgers spéciaux,Béarnaise,,,0,0,,,,,,,,,,,,,,,,,,,,,,,,,,,,
,Option,Burgers spéciaux,Bicky burger,,,0,0,,,,,,,,,,,,,,,,,,,,,,,,,,,,
,Option,Burgers spéciaux,Brazil,,,0,0,,,,,,,,,,,,,,,,,,,,,,,,,,,,
,Option,Burgers spéciaux,Cocktail,,,0,0,,,,,,,,,,,,,,,,,,,,,,,,,,,,
,Option,Burgers spéciaux,Curry ketchup,,,0,0,,,,,,,,,,,,,,,,,,,,,,,,,,,,
,Option,Burgers spéciaux,Géante,,,0,0,,,,,,,,,,,,,,,,,,,,,,,,,,,,
,Option,Burgers spéciaux,Hawaï,,,0,0,,,,,,,,,,,,,,,,,,,,,,,,,,,,
,Option,Burgers spéciaux,Ketchup,,,0,0,,,,,,,,,,,,,,,,,,,,,,,,,,,,
,Option,Burgers spéciaux,Loempia,,,0,0,,,,,,,,,,,,,,,,,,,,,,,,,,,,
,Option,Burgers spéciaux,Manalouse,,,0,0,,,,,,,,,,,,,,,,,,,,,,,,,,,,
,Option,Burgers spéciaux,Mayonnaise,,,0,0,,,,,,,,,,,,,,,,,,,,,,,,,,,,
,Option,Burgers spéciaux,Moutarde,,,0,0,,,,,,,,,,,,,,,,,,,,,,,,,,,,
,Option,Burgers spéciaux,Pitta à l'ail,,,0,0,,,,,,,,,,,,,,,,,,,,,,,,,,,,
,Option,Burgers spéciaux,Poivre,,,0,0,,,,,,,,,,,,,,,,,,,,,,,,,,,,
,Option,Burgers spéciaux,Provençale,,,0,0,,,,,,,,,,,,,,,,,,,,,,,,,,,,
,Option,Burgers spéciaux,Riche,,,0,0,,,,,,,,,,,,,,,,,,,,,,,,,,,,
,Option,Burgers spéciaux,Samouraï,,,0,0,,,,,,,,,,,,,,,,,,,,,,,,,,,,
,Option,Burgers spéciaux,Tartare,,,0,0,,,,,,,,,,,,,,,,,,,,,,,,,,,,
,Option,Burgers spéciaux,Tomagrec,,,0,0,,,,,,,,,,,,,,,,,,,,,,,,,,,,
,Option,Burgers spéciaux,Toscane,,,0,0,,,,,,,,,,,,,,,,,,,,,,,,,,,,
,Option,Burgers spéciaux,Vinaigrette,,,0,0,,,,,,,,,,,,,,,,,,,,,,,,,,,,
,Option,Burgers spéciaux,Mayonnaise truffe,,,0,0,,,,,,,,,,,,,,,,,,,,,,,,,,,,
,Option,Burgers spéciaux,Jammie,,,0,0,,,,,,,,,,,,,,,,,,,,,,,,,,,,
,Option,Burgers spéciaux,Cheas'y,,,0,0,,,,,,,,,,,,,,,,,,,,,,,,,,,,
,Option,Burgers spéciaux,Dallas,,,0,0,,,,,,,,,,,,,,,,,,,,,,,,,,,,
,Option-Group,Burgers spéciaux,Choix suppléments (facultatif),,,,,,,,,,,,,,,,,,,,,,,,,,,,,,,,
,Option,Burgers spéciaux,Cheese,,,0.7,0.7,,,,,,,,,,,,,,,,,,,,,,,,,,,,
,Option,Burgers spéciaux,Feta,,,0.9,0.9,,,,,,,,,,,,,,,,,,,,,,,,,,,,
,Option,Burgers spéciaux,Frites,,,3,3,,,,,,,,,,,,,,,,,,,,,,,,,,,,
,Option-Group,Burgers spéciaux,Choix extra sauces (facultatif),,,,,,,,,,,,,,,,,,,,,,,,,,,,,,,,
,Option,Burgers spéciaux,Algérienne,,,0,0,,,,,,,,,,,,,,,,,,,,,,,,,,,,
,Option,Burgers spéciaux,Américaine,,,1.2,1.2,,,,,,,,,,,,,,,,,,,,,,,,,,,,
,Option,Burgers spéciaux,Américaine forte,,,1.2,1.2,,,,,,,,,,,,,,,,,,,,,,,,,,,,
,Option,Burgers spéciaux,Américaine légère,,,1.2,1.2,,,,,,,,,,,,,,,,,,,,,,,,,,,,
,Option,Burgers spéciaux,Andalouse,,,1.2,1.2,,,,,,,,,,,,,,,,,,,,,,,,,,,,
,Option,Burgers spéciaux,Barbecue,,,1.2,1.2,,,,,,,,,,,,,,,,,,,,,,,,,,,,
,Option,Burgers spéciaux,Béarnaise,,,1.2,1.2,,,,,,,,,,,,,,,,,,,,,,,,,,,,
,Option,Burgers spéciaux,Bicky burger,,,1.2,1.2,,,,,,,,,,,,,,,,,,,,,,,,,,,,
,Option,Burgers spéciaux,Brazil,,,1.2,1.2,,,,,,,,,,,,,,,,,,,,,,,,,,,,
,Option,Burgers spéciaux,Cocktail,,,1.2,1.2,,,,,,,,,,,,,,,,,,,,,,,,,,,,
,Option,Burgers spéciaux,Curry ketchup,,,1.2,1.2,,,,,,,,,,,,,,,,,,,,,,,,,,,,
,Option,Burgers spéciaux,Géante,,,1.2,1.2,,,,,,,,,,,,,,,,,,,,,,,,,,,,
,Option,Burgers spéciaux,Hawaï,,,1.2,1.2,,,,,,,,,,,,,,,,,,,,,,,,,,,,
,Option,Burgers spéciaux,Ketchup,,,1.2,1.2,,,,,,,,,,,,,,,,,,,,,,,,,,,,
,Option,Burgers spéciaux,Loempia,,,1.2,1.2,,,,,,,,,,,,,,,,,,,,,,,,,,,,
,Option,Burgers spéciaux,Manalouse,,,1.2,1.2,,,,,,,,,,,,,,,,,,,,,,,,,,,,
,Option,Burgers spéciaux,Mayonnaise,,,1.2,1.2,,,,,,,,,,,,,,,,,,,,,,,,,,,,
,Option,Burgers spéciaux,Moutarde,,,1.2,1.2,,,,,,,,,,,,,,,,,,,,,,,,,,,,
,Option,Burgers spéciaux,Pitta à l'ail,,,1.2,1.2,,,,,,,,,,,,,,,,,,,,,,,,,,,,
,Option,Burgers spéciaux,Poivre,,,1.2,1.2,,,,,,,,,,,,,,,,,,,,,,,,,,,,
,Option,Burgers spéciaux,Provençale,,,1.2,1.2,,,,,,,,,,,,,,,,,,,,,,,,,,,,
,Option,Burgers spéciaux,Riche,,,1.2,1.2,,,,,,,,,,,,,,,,,,,,,,,,,,,,
,Option,Burgers spéciaux,Samouraï,,,1.2,1.2,,,,,,,,,,,,,,,,,,,,,,,,,,,,
,Option,Burgers spéciaux,Tartare,,,1.2,1.2,,,,,,,,,,,,,,,,,,,,,,,,,,,,
,Option,Burgers spéciaux,Tomagrec,,,1.2,1.2,,,,,,,,,,,,,,,,,,,,,,,,,,,,
,Option,Burgers spéciaux,Toscane,,,1.2,1.2,,,,,,,,,,,,,,,,,,,,,,,,,,,,
,Option,Burgers spéciaux,Vinaigrette,,,1.2,1.2,,,,,,,,,,,,,,,,,,,,,,,,,,,,
,Option,Burgers spéciaux,Mayonnaise truffe,,,1.2,1.2,,,,,,,,,,,,,,,,,,,,,,,,,,,,
,Option,Burgers spéciaux,Jammie,,,1.2,1.2,,,,,,,,,,,,,,,,,,,,,,,,,,,,
,Option,Burgers spéciaux,Cheas'y,,,1.2,1.2,,,,,,,,,,,,,,,,,,,,,,,,,,,,
,Option,Burgers spéciaux,Dallas,,,1.2,1.2,,,,,,,,,,,,,,,,,,,,,,,,,,,,
,ITEM,Burgers spéciaux,Burger black Jack,,"Pain brioché, 2x pur boeuf, sauce conseillée :  BBQ fumé, bacon, salade, cheese. Choix sauce = sauce dans le pain & sur les frites (si choisis) / Choix extra sauce = sauce en plus dans un pot. Si vous souhaitez 2 sauces mélangée : choisir une sauce et écrire la deuxième sauce en commentaire. Si vous souhaitez la sauce à part pour un burger + frites : précisez en commentaire.",15.2,15.2,,,,,,,,,,,,,,,,,,,,,,,,,,,,
,Option-Group,Burgers spéciaux,Choix sauce (obligatoire),,,,,,,,,,,,,,,,,,,,,,,,,,,,,,,,
,Option,Burgers spéciaux,Sans sauce,,,0,0,,,,,,,,,,,,,,,,,,,,,,,,,,,,
,Option,Burgers spéciaux,Algérienne,,,0,0,,,,,,,,,,,,,,,,,,,,,,,,,,,,
,Option,Burgers spéciaux,Américaine,,,0,0,,,,,,,,,,,,,,,,,,,,,,,,,,,,
,Option,Burgers spéciaux,Américaine forte,,,0,0,,,,,,,,,,,,,,,,,,,,,,,,,,,,
,Option,Burgers spéciaux,Américaine légère,,,0,0,,,,,,,,,,,,,,,,,,,,,,,,,,,,
,Option,Burgers spéciaux,Andalouse,,,0,0,,,,,,,,,,,,,,,,,,,,,,,,,,,,
,Option,Burgers spéciaux,Barbecue,,,0,0,,,,,,,,,,,,,,,,,,,,,,,,,,,,
,Option,Burgers spéciaux,Béarnaise,,,0,0,,,,,,,,,,,,,,,,,,,,,,,,,,,,
,Option,Burgers spéciaux,Bicky burger,,,0,0,,,,,,,,,,,,,,,,,,,,,,,,,,,,
,Option,Burgers spéciaux,Brazil,,,0,0,,,,,,,,,,,,,,,,,,,,,,,,,,,,
,Option,Burgers spéciaux,Cocktail,,,0,0,,,,,,,,,,,,,,,,,,,,,,,,,,,,
,Option,Burgers spéciaux,Curry ketchup,,,0,0,,,,,,,,,,,,,,,,,,,,,,,,,,,,
,Option,Burgers spéciaux,Géante,,,0,0,,,,,,,,,,,,,,,,,,,,,,,,,,,,
,Option,Burgers spéciaux,Hawaï,,,0,0,,,,,,,,,,,,,,,,,,,,,,,,,,,,
,Option,Burgers spéciaux,Ketchup,,,0,0,,,,,,,,,,,,,,,,,,,,,,,,,,,,
,Option,Burgers spéciaux,Loempia,,,0,0,,,,,,,,,,,,,,,,,,,,,,,,,,,,
,Option,Burgers spéciaux,Manalouse,,,0,0,,,,,,,,,,,,,,,,,,,,,,,,,,,,
,Option,Burgers spéciaux,Mayonnaise,,,0,0,,,,,,,,,,,,,,,,,,,,,,,,,,,,
,Option,Burgers spéciaux,Moutarde,,,0,0,,,,,,,,,,,,,,,,,,,,,,,,,,,,
,Option,Burgers spéciaux,Pitta à l'ail,,,0,0,,,,,,,,,,,,,,,,,,,,,,,,,,,,
,Option,Burgers spéciaux,Poivre,,,0,0,,,,,,,,,,,,,,,,,,,,,,,,,,,,
,Option,Burgers spéciaux,Provençale,,,0,0,,,,,,,,,,,,,,,,,,,,,,,,,,,,
,Option,Burgers spéciaux,Riche,,,0,0,,,,,,,,,,,,,,,,,,,,,,,,,,,,
,Option,Burgers spéciaux,Samouraï,,,0,0,,,,,,,,,,,,,,,,,,,,,,,,,,,,
,Option,Burgers spéciaux,Tartare,,,0,0,,,,,,,,,,,,,,,,,,,,,,,,,,,,
,Option,Burgers spéciaux,Tomagrec,,,0,0,,,,,,,,,,,,,,,,,,,,,,,,,,,,
,Option,Burgers spéciaux,Toscane,,,0,0,,,,,,,,,,,,,,,,,,,,,,,,,,,,
,Option,Burgers spéciaux,Vinaigrette,,,0,0,,,,,,,,,,,,,,,,,,,,,,,,,,,,
,Option,Burgers spéciaux,Mayonnaise truffe,,,0,0,,,,,,,,,,,,,,,,,,,,,,,,,,,,
,Option,Burgers spéciaux,Jammie,,,0,0,,,,,,,,,,,,,,,,,,,,,,,,,,,,
,Option,Burgers spéciaux,Cheas'y,,,0,0,,,,,,,,,,,,,,,,,,,,,,,,,,,,
,Option,Burgers spéciaux,Dallas,,,0,0,,,,,,,,,,,,,,,,,,,,,,,,,,,,
,Option-Group,Burgers spéciaux,Choix suppléments (facultatif),,,,,,,,,,,,,,,,,,,,,,,,,,,,,,,,
,Option,Burgers spéciaux,Cheese,,,0.7,0.7,,,,,,,,,,,,,,,,,,,,,,,,,,,,
,Option,Burgers spéciaux,Feta,,,0.9,0.9,,,,,,,,,,,,,,,,,,,,,,,,,,,,
,Option,Burgers spéciaux,Frites,,,3,3,,,,,,,,,,,,,,,,,,,,,,,,,,,,
,Option-Group,Burgers spéciaux,Choix extra sauces (facultatif),,,,,,,,,,,,,,,,,,,,,,,,,,,,,,,,
,Option,Burgers spéciaux,Algérienne,,,0,0,,,,,,,,,,,,,,,,,,,,,,,,,,,,
,Option,Burgers spéciaux,Américaine,,,1.2,1.2,,,,,,,,,,,,,,,,,,,,,,,,,,,,
,Option,Burgers spéciaux,Américaine forte,,,1.2,1.2,,,,,,,,,,,,,,,,,,,,,,,,,,,,
,Option,Burgers spéciaux,Américaine légère,,,1.2,1.2,,,,,,,,,,,,,,,,,,,,,,,,,,,,
,Option,Burgers spéciaux,Andalouse,,,1.2,1.2,,,,,,,,,,,,,,,,,,,,,,,,,,,,
,Option,Burgers spéciaux,Barbecue,,,1.2,1.2,,,,,,,,,,,,,,,,,,,,,,,,,,,,
,Option,Burgers spéciaux,Béarnaise,,,1.2,1.2,,,,,,,,,,,,,,,,,,,,,,,,,,,,
,Option,Burgers spéciaux,Bicky burger,,,1.2,1.2,,,,,,,,,,,,,,,,,,,,,,,,,,,,
,Option,Burgers spéciaux,Brazil,,,1.2,1.2,,,,,,,,,,,,,,,,,,,,,,,,,,,,
,Option,Burgers spéciaux,Cocktail,,,1.2,1.2,,,,,,,,,,,,,,,,,,,,,,,,,,,,
,Option,Burgers spéciaux,Curry ketchup,,,1.2,1.2,,,,,,,,,,,,,,,,,,,,,,,,,,,,
,Option,Burgers spéciaux,Géante,,,1.2,1.2,,,,,,,,,,,,,,,,,,,,,,,,,,,,
,Option,Burgers spéciaux,Hawaï,,,1.2,1.2,,,,,,,,,,,,,,,,,,,,,,,,,,,,
,Option,Burgers spéciaux,Ketchup,,,1.2,1.2,,,,,,,,,,,,,,,,,,,,,,,,,,,,
,Option,Burgers spéciaux,Loempia,,,1.2,1.2,,,,,,,,,,,,,,,,,,,,,,,,,,,,
,Option,Burgers spéciaux,Manalouse,,,1.2,1.2,,,,,,,,,,,,,,,,,,,,,,,,,,,,
,Option,Burgers spéciaux,Mayonnaise,,,1.2,1.2,,,,,,,,,,,,,,,,,,,,,,,,,,,,
,Option,Burgers spéciaux,Moutarde,,,1.2,1.2,,,,,,,,,,,,,,,,,,,,,,,,,,,,
,Option,Burgers spéciaux,Pitta à l'ail,,,1.2,1.2,,,,,,,,,,,,,,,,,,,,,,,,,,,,
,Option,Burgers spéciaux,Poivre,,,1.2,1.2,,,,,,,,,,,,,,,,,,,,,,,,,,,,
,Option,Burgers spéciaux,Provençale,,,1.2,1.2,,,,,,,,,,,,,,,,,,,,,,,,,,,,
,Option,Burgers spéciaux,Riche,,,1.2,1.2,,,,,,,,,,,,,,,,,,,,,,,,,,,,
,Option,Burgers spéciaux,Samouraï,,,1.2,1.2,,,,,,,,,,,,,,,,,,,,,,,,,,,,
,Option,Burgers spéciaux,Tartare,,,1.2,1.2,,,,,,,,,,,,,,,,,,,,,,,,,,,,
,Option,Burgers spéciaux,Tomagrec,,,1.2,1.2,,,,,,,,,,,,,,,,,,,,,,,,,,,,
,Option,Burgers spéciaux,Toscane,,,1.2,1.2,,,,,,,,,,,,,,,,,,,,,,,,,,,,
,Option,Burgers spéciaux,Vinaigrette,,,1.2,1.2,,,,,,,,,,,,,,,,,,,,,,,,,,,,
,Option,Burgers spéciaux,Mayonnaise truffe,,,1.2,1.2,,,,,,,,,,,,,,,,,,,,,,,,,,,,
,Option,Burgers spéciaux,Jammie,,,1.2,1.2,,,,,,,,,,,,,,,,,,,,,,,,,,,,
,Option,Burgers spéciaux,Cheas'y,,,1.2,1.2,,,,,,,,,,,,,,,,,,,,,,,,,,,,
,Option,Burgers spéciaux,Dallas,,,1.2,1.2,,,,,,,,,,,,,,,,,,,,,,,,,,,,
,ITEM,Burgers spéciaux,Crispy chicken burger,,"Pain rustique, crispy chicken burger, sauce conseillée barbecue, salade, carottes, chou, cheese. Choix sauce = sauce dans le pain & sur les frites (si choisis) / Choix extra sauce = sauce en plus dans un pot. Si vous souhaitez 2 sauces mélangée : choisir une sauce et écrire la deuxième sauce en commentaire. Si vous souhaitez la sauce à part pour un burger + frites : précisez en commentaire.",12.2,12.2,,,,,,,,,,,,,,,,,,,,,,,,,,,,
,Option-Group,Burgers spéciaux,Choix sauce (obligatoire),,,,,,,,,,,,,,,,,,,,,,,,,,,,,,,,
,Option,Burgers spéciaux,Sans sauce,,,0,0,,,,,,,,,,,,,,,,,,,,,,,,,,,,
,Option,Burgers spéciaux,Algérienne,,,0,0,,,,,,,,,,,,,,,,,,,,,,,,,,,,
,Option,Burgers spéciaux,Américaine,,,0,0,,,,,,,,,,,,,,,,,,,,,,,,,,,,
,Option,Burgers spéciaux,Américaine forte,,,0,0,,,,,,,,,,,,,,,,,,,,,,,,,,,,
,Option,Burgers spéciaux,Américaine légère,,,0,0,,,,,,,,,,,,,,,,,,,,,,,,,,,,
,Option,Burgers spéciaux,Andalouse,,,0,0,,,,,,,,,,,,,,,,,,,,,,,,,,,,
,Option,Burgers spéciaux,Barbecue,,,0,0,,,,,,,,,,,,,,,,,,,,,,,,,,,,
,Option,Burgers spéciaux,Béarnaise,,,0,0,,,,,,,,,,,,,,,,,,,,,,,,,,,,
,Option,Burgers spéciaux,Bicky burger,,,0,0,,,,,,,,,,,,,,,,,,,,,,,,,,,,
,Option,Burgers spéciaux,Brazil,,,0,0,,,,,,,,,,,,,,,,,,,,,,,,,,,,
,Option,Burgers spéciaux,Cocktail,,,0,0,,,,,,,,,,,,,,,,,,,,,,,,,,,,
,Option,Burgers spéciaux,Curry ketchup,,,0,0,,,,,,,,,,,,,,,,,,,,,,,,,,,,
,Option,Burgers spéciaux,Géante,,,0,0,,,,,,,,,,,,,,,,,,,,,,,,,,,,
,Option,Burgers spéciaux,Hawaï,,,0,0,,,,,,,,,,,,,,,,,,,,,,,,,,,,
,Option,Burgers spéciaux,Ketchup,,,0,0,,,,,,,,,,,,,,,,,,,,,,,,,,,,
,Option,Burgers spéciaux,Loempia,,,0,0,,,,,,,,,,,,,,,,,,,,,,,,,,,,
,Option,Burgers spéciaux,Manalouse,,,0,0,,,,,,,,,,,,,,,,,,,,,,,,,,,,
,Option,Burgers spéciaux,Mayonnaise,,,0,0,,,,,,,,,,,,,,,,,,,,,,,,,,,,
,Option,Burgers spéciaux,Moutarde,,,0,0,,,,,,,,,,,,,,,,,,,,,,,,,,,,
,Option,Burgers spéciaux,Pitta à l'ail,,,0,0,,,,,,,,,,,,,,,,,,,,,,,,,,,,
,Option,Burgers spéciaux,Poivre,,,0,0,,,,,,,,,,,,,,,,,,,,,,,,,,,,
,Option,Burgers spéciaux,Provençale,,,0,0,,,,,,,,,,,,,,,,,,,,,,,,,,,,
,Option,Burgers spéciaux,Riche,,,0,0,,,,,,,,,,,,,,,,,,,,,,,,,,,,
,Option,Burgers spéciaux,Samouraï,,,0,0,,,,,,,,,,,,,,,,,,,,,,,,,,,,
,Option,Burgers spéciaux,Tartare,,,0,0,,,,,,,,,,,,,,,,,,,,,,,,,,,,
,Option,Burgers spéciaux,Tomagrec,,,0,0,,,,,,,,,,,,,,,,,,,,,,,,,,,,
,Option,Burgers spéciaux,Toscane,,,0,0,,,,,,,,,,,,,,,,,,,,,,,,,,,,
,Option,Burgers spéciaux,Vinaigrette,,,0,0,,,,,,,,,,,,,,,,,,,,,,,,,,,,
,Option,Burgers spéciaux,Mayonnaise truffe,,,0,0,,,,,,,,,,,,,,,,,,,,,,,,,,,,
,Option,Burgers spéciaux,Jammie,,,0,0,,,,,,,,,,,,,,,,,,,,,,,,,,,,
,Option,Burgers spéciaux,Cheas'y,,,0,0,,,,,,,,,,,,,,,,,,,,,,,,,,,,
,Option,Burgers spéciaux,Dallas,,,0,0,,,,,,,,,,,,,,,,,,,,,,,,,,,,
,Option-Group,Burgers spéciaux,Choix suppléments (facultatif),,,,,,,,,,,,,,,,,,,,,,,,,,,,,,,,
,Option,Burgers spéciaux,Cheese,,,0.7,0.7,,,,,,,,,,,,,,,,,,,,,,,,,,,,
,Option,Burgers spéciaux,Feta,,,0.9,0.9,,,,,,,,,,,,,,,,,,,,,,,,,,,,
,Option,Burgers spéciaux,Frites,,,3,3,,,,,,,,,,,,,,,,,,,,,,,,,,,,
,Option-Group,Burgers spéciaux,Choix extra sauces (facultatif),,,,,,,,,,,,,,,,,,,,,,,,,,,,,,,,
,Option,Burgers spéciaux,Algérienne,,,0,0,,,,,,,,,,,,,,,,,,,,,,,,,,,,
,Option,Burgers spéciaux,Américaine,,,1.2,1.2,,,,,,,,,,,,,,,,,,,,,,,,,,,,
,Option,Burgers spéciaux,Américaine forte,,,1.2,1.2,,,,,,,,,,,,,,,,,,,,,,,,,,,,
,Option,Burgers spéciaux,Américaine légère,,,1.2,1.2,,,,,,,,,,,,,,,,,,,,,,,,,,,,
,Option,Burgers spéciaux,Andalouse,,,1.2,1.2,,,,,,,,,,,,,,,,,,,,,,,,,,,,
,Option,Burgers spéciaux,Barbecue,,,1.2,1.2,,,,,,,,,,,,,,,,,,,,,,,,,,,,
,Option,Burgers spéciaux,Béarnaise,,,1.2,1.2,,,,,,,,,,,,,,,,,,,,,,,,,,,,
,Option,Burgers spéciaux,Bicky burger,,,1.2,1.2,,,,,,,,,,,,,,,,,,,,,,,,,,,,
,Option,Burgers spéciaux,Brazil,,,1.2,1.2,,,,,,,,,,,,,,,,,,,,,,,,,,,,
,Option,Burgers spéciaux,Cocktail,,,1.2,1.2,,,,,,,,,,,,,,,,,,,,,,,,,,,,
,Option,Burgers spéciaux,Curry ketchup,,,1.2,1.2,,,,,,,,,,,,,,,,,,,,,,,,,,,,
,Option,Burgers spéciaux,Géante,,,1.2,1.2,,,,,,,,,,,,,,,,,,,,,,,,,,,,
,Option,Burgers spéciaux,Hawaï,,,1.2,1.2,,,,,,,,,,,,,,,,,,,,,,,,,,,,
,Option,Burgers spéciaux,Ketchup,,,1.2,1.2,,,,,,,,,,,,,,,,,,,,,,,,,,,,
,Option,Burgers spéciaux,Loempia,,,1.2,1.2,,,,,,,,,,,,,,,,,,,,,,,,,,,,
,Option,Burgers spéciaux,Manalouse,,,1.2,1.2,,,,,,,,,,,,,,,,,,,,,,,,,,,,
,Option,Burgers spéciaux,Mayonnaise,,,1.2,1.2,,,,,,,,,,,,,,,,,,,,,,,,,,,,
,Option,Burgers spéciaux,Moutarde,,,1.2,1.2,,,,,,,,,,,,,,,,,,,,,,,,,,,,
,Option,Burgers spéciaux,Pitta à l'ail,,,1.2,1.2,,,,,,,,,,,,,,,,,,,,,,,,,,,,
,Option,Burgers spéciaux,Poivre,,,1.2,1.2,,,,,,,,,,,,,,,,,,,,,,,,,,,,
,Option,Burgers spéciaux,Provençale,,,1.2,1.2,,,,,,,,,,,,,,,,,,,,,,,,,,,,
,Option,Burgers spéciaux,Riche,,,1.2,1.2,,,,,,,,,,,,,,,,,,,,,,,,,,,,
,Option,Burgers spéciaux,Samouraï,,,1.2,1.2,,,,,,,,,,,,,,,,,,,,,,,,,,,,
,Option,Burgers spéciaux,Tartare,,,1.2,1.2,,,,,,,,,,,,,,,,,,,,,,,,,,,,
,Option,Burgers spéciaux,Tomagrec,,,1.2,1.2,,,,,,,,,,,,,,,,,,,,,,,,,,,,
,Option,Burgers spéciaux,Toscane,,,1.2,1.2,,,,,,,,,,,,,,,,,,,,,,,,,,,,
,Option,Burgers spéciaux,Vinaigrette,,,1.2,1.2,,,,,,,,,,,,,,,,,,,,,,,,,,,,
,Option,Burgers spéciaux,Mayonnaise truffe,,,1.2,1.2,,,,,,,,,,,,,,,,,,,,,,,,,,,,
,Option,Burgers spéciaux,Jammie,,,1.2,1.2,,,,,,,,,,,,,,,,,,,,,,,,,,,,
,Option,Burgers spéciaux,Cheas'y,,,1.2,1.2,,,,,,,,,,,,,,,,,,,,,,,,,,,,
,Option,Burgers spéciaux,Dallas,,,1.2,1.2,,,,,,,,,,,,,,,,,,,,,,,,,,,,
,ITEM,Burgers spéciaux,Burger davy crocket,,"Pain brioché, pur bœuf (120gr), sauce conseillée :  géant, croquette de fromage, salade, cornichon et oignons frais. Choix sauce = sauce dans le pain & sur les frites (si choisis) / Choix extra sauce = sauce en plus dans un pot. Si vous souhaitez 2 sauces mélangée : choisir une sauce et écrire la deuxième sauce en commentaire. Si vous souhaitez la sauce à part pour un burger + frites : précisez en commentaire.",15.2,15.2,,,,,,,,,,,,,,,,,,,,,,,,,,,,
,Option-Group,Burgers spéciaux,Choix sauce (obligatoire),,,,,,,,,,,,,,,,,,,,,,,,,,,,,,,,
,Option,Burgers spéciaux,Sans sauce,,,0,0,,,,,,,,,,,,,,,,,,,,,,,,,,,,
,Option,Burgers spéciaux,Algérienne,,,0,0,,,,,,,,,,,,,,,,,,,,,,,,,,,,
,Option,Burgers spéciaux,Américaine,,,0,0,,,,,,,,,,,,,,,,,,,,,,,,,,,,
,Option,Burgers spéciaux,Américaine forte,,,0,0,,,,,,,,,,,,,,,,,,,,,,,,,,,,
,Option,Burgers spéciaux,Américaine légère,,,0,0,,,,,,,,,,,,,,,,,,,,,,,,,,,,
,Option,Burgers spéciaux,Andalouse,,,0,0,,,,,,,,,,,,,,,,,,,,,,,,,,,,
,Option,Burgers spéciaux,Barbecue,,,0,0,,,,,,,,,,,,,,,,,,,,,,,,,,,,
,Option,Burgers spéciaux,Béarnaise,,,0,0,,,,,,,,,,,,,,,,,,,,,,,,,,,,
,Option,Burgers spéciaux,Bicky burger,,,0,0,,,,,,,,,,,,,,,,,,,,,,,,,,,,
,Option,Burgers spéciaux,Brazil,,,0,0,,,,,,,,,,,,,,,,,,,,,,,,,,,,
,Option,Burgers spéciaux,Cocktail,,,0,0,,,,,,,,,,,,,,,,,,,,,,,,,,,,
,Option,Burgers spéciaux,Curry ketchup,,,0,0,,,,,,,,,,,,,,,,,,,,,,,,,,,,
,Option,Burgers spéciaux,Géante,,,0,0,,,,,,,,,,,,,,,,,,,,,,,,,,,,
,Option,Burgers spéciaux,Hawaï,,,0,0,,,,,,,,,,,,,,,,,,,,,,,,,,,,
,Option,Burgers spéciaux,Ketchup,,,0,0,,,,,,,,,,,,,,,,,,,,,,,,,,,,
,Option,Burgers spéciaux,Loempia,,,0,0,,,,,,,,,,,,,,,,,,,,,,,,,,,,
,Option,Burgers spéciaux,Manalouse,,,0,0,,,,,,,,,,,,,,,,,,,,,,,,,,,,
,Option,Burgers spéciaux,Mayonnaise,,,0,0,,,,,,,,,,,,,,,,,,,,,,,,,,,,
,Option,Burgers spéciaux,Moutarde,,,0,0,,,,,,,,,,,,,,,,,,,,,,,,,,,,
,Option,Burgers spéciaux,Pitta à l'ail,,,0,0,,,,,,,,,,,,,,,,,,,,,,,,,,,,
,Option,Burgers spéciaux,Poivre,,,0,0,,,,,,,,,,,,,,,,,,,,,,,,,,,,
,Option,Burgers spéciaux,Provençale,,,0,0,,,,,,,,,,,,,,,,,,,,,,,,,,,,
,Option,Burgers spéciaux,Riche,,,0,0,,,,,,,,,,,,,,,,,,,,,,,,,,,,
,Option,Burgers spéciaux,Samouraï,,,0,0,,,,,,,,,,,,,,,,,,,,,,,,,,,,
,Option,Burgers spéciaux,Tartare,,,0,0,,,,,,,,,,,,,,,,,,,,,,,,,,,,
,Option,Burgers spéciaux,Tomagrec,,,0,0,,,,,,,,,,,,,,,,,,,,,,,,,,,,
,Option,Burgers spéciaux,Toscane,,,0,0,,,,,,,,,,,,,,,,,,,,,,,,,,,,
,Option,Burgers spéciaux,Vinaigrette,,,0,0,,,,,,,,,,,,,,,,,,,,,,,,,,,,
,Option,Burgers spéciaux,Mayonnaise truffe,,,0,0,,,,,,,,,,,,,,,,,,,,,,,,,,,,
,Option,Burgers spéciaux,Jammie,,,0,0,,,,,,,,,,,,,,,,,,,,,,,,,,,,
,Option,Burgers spéciaux,Cheas'y,,,0,0,,,,,,,,,,,,,,,,,,,,,,,,,,,,
,Option,Burgers spéciaux,Dallas,,,0,0,,,,,,,,,,,,,,,,,,,,,,,,,,,,
,Option-Group,Burgers spéciaux,Choix suppléments (facultatif),,,,,,,,,,,,,,,,,,,,,,,,,,,,,,,,
,Option,Burgers spéciaux,Cheese,,,0.7,0.7,,,,,,,,,,,,,,,,,,,,,,,,,,,,
,Option,Burgers spéciaux,Feta,,,0.9,0.9,,,,,,,,,,,,,,,,,,,,,,,,,,,,
,Option,Burgers spéciaux,Frites,,,3,3,,,,,,,,,,,,,,,,,,,,,,,,,,,,
,Option-Group,Burgers spéciaux,Choix extra sauces (facultatif),,,,,,,,,,,,,,,,,,,,,,,,,,,,,,,,
,Option,Burgers spéciaux,Algérienne,,,0,0,,,,,,,,,,,,,,,,,,,,,,,,,,,,
,Option,Burgers spéciaux,Américaine,,,1.2,1.2,,,,,,,,,,,,,,,,,,,,,,,,,,,,
,Option,Burgers spéciaux,Américaine forte,,,1.2,1.2,,,,,,,,,,,,,,,,,,,,,,,,,,,,
,Option,Burgers spéciaux,Américaine légère,,,1.2,1.2,,,,,,,,,,,,,,,,,,,,,,,,,,,,
,Option,Burgers spéciaux,Andalouse,,,1.2,1.2,,,,,,,,,,,,,,,,,,,,,,,,,,,,
,Option,Burgers spéciaux,Barbecue,,,1.2,1.2,,,,,,,,,,,,,,,,,,,,,,,,,,,,
,Option,Burgers spéciaux,Béarnaise,,,1.2,1.2,,,,,,,,,,,,,,,,,,,,,,,,,,,,
,Option,Burgers spéciaux,Bicky burger,,,1.2,1.2,,,,,,,,,,,,,,,,,,,,,,,,,,,,
,Option,Burgers spéciaux,Brazil,,,1.2,1.2,,,,,,,,,,,,,,,,,,,,,,,,,,,,
,Option,Burgers spéciaux,Cocktail,,,1.2,1.2,,,,,,,,,,,,,,,,,,,,,,,,,,,,
,Option,Burgers spéciaux,Curry ketchup,,,1.2,1.2,,,,,,,,,,,,,,,,,,,,,,,,,,,,
,Option,Burgers spéciaux,Géante,,,1.2,1.2,,,,,,,,,,,,,,,,,,,,,,,,,,,,
,Option,Burgers spéciaux,Hawaï,,,1.2,1.2,,,,,,,,,,,,,,,,,,,,,,,,,,,,
,Option,Burgers spéciaux,Ketchup,,,1.2,1.2,,,,,,,,,,,,,,,,,,,,,,,,,,,,
,Option,Burgers spéciaux,Loempia,,,1.2,1.2,,,,,,,,,,,,,,,,,,,,,,,,,,,,
,Option,Burgers spéciaux,Manalouse,,,1.2,1.2,,,,,,,,,,,,,,,,,,,,,,,,,,,,
,Option,Burgers spéciaux,Mayonnaise,,,1.2,1.2,,,,,,,,,,,,,,,,,,,,,,,,,,,,
,Option,Burgers spéciaux,Moutarde,,,1.2,1.2,,,,,,,,,,,,,,,,,,,,,,,,,,,,
,Option,Burgers spéciaux,Pitta à l'ail,,,1.2,1.2,,,,,,,,,,,,,,,,,,,,,,,,,,,,
,Option,Burgers spéciaux,Poivre,,,1.2,1.2,,,,,,,,,,,,,,,,,,,,,,,,,,,,
,Option,Burgers spéciaux,Provençale,,,1.2,1.2,,,,,,,,,,,,,,,,,,,,,,,,,,,,
,Option,Burgers spéciaux,Riche,,,1.2,1.2,,,,,,,,,,,,,,,,,,,,,,,,,,,,
,Option,Burgers spéciaux,Samouraï,,,1.2,1.2,,,,,,,,,,,,,,,,,,,,,,,,,,,,
,Option,Burgers spéciaux,Tartare,,,1.2,1.2,,,,,,,,,,,,,,,,,,,,,,,,,,,,
,Option,Burgers spéciaux,Tomagrec,,,1.2,1.2,,,,,,,,,,,,,,,,,,,,,,,,,,,,
,Option,Burgers spéciaux,Toscane,,,1.2,1.2,,,,,,,,,,,,,,,,,,,,,,,,,,,,
,Option,Burgers spéciaux,Vinaigrette,,,1.2,1.2,,,,,,,,,,,,,,,,,,,,,,,,,,,,
,Option,Burgers spéciaux,Mayonnaise truffe,,,1.2,1.2,,,,,,,,,,,,,,,,,,,,,,,,,,,,
,Option,Burgers spéciaux,Jammie,,,1.2,1.2,,,,,,,,,,,,,,,,,,,,,,,,,,,,
,Option,Burgers spéciaux,Cheas'y,,,1.2,1.2,,,,,,,,,,,,,,,,,,,,,,,,,,,,
,Option,Burgers spéciaux,Dallas,,,1.2,1.2,,,,,,,,,,,,,,,,,,,,,,,,,,,,
,ITEM,Burgers spéciaux,Burger brie,,"Pain ciabatta, pur bœuf (120gr), sauce conseillée :  toscane, brie, miel, bacon et salade. Choix sauce = sauce dans le pain & sur les frites (si choisis) / Choix extra sauce = sauce en plus dans un pot. Si vous souhaitez 2 sauces mélangée : choisir une sauce et écrire la deuxième sauce en commentaire. Si vous souhaitez la sauce à part pour un burger + frites : précisez en commentaire.",12.2,12.2,,,,,,,,,,,,,,,,,,,,,,,,,,,,
,Option-Group,Burgers spéciaux,Choix sauce (obligatoire),,,,,,,,,,,,,,,,,,,,,,,,,,,,,,,,
,Option,Burgers spéciaux,Sans sauce,,,0,0,,,,,,,,,,,,,,,,,,,,,,,,,,,,
,Option,Burgers spéciaux,Algérienne,,,0,0,,,,,,,,,,,,,,,,,,,,,,,,,,,,
,Option,Burgers spéciaux,Américaine,,,0,0,,,,,,,,,,,,,,,,,,,,,,,,,,,,
,Option,Burgers spéciaux,Américaine forte,,,0,0,,,,,,,,,,,,,,,,,,,,,,,,,,,,
,Option,Burgers spéciaux,Américaine légère,,,0,0,,,,,,,,,,,,,,,,,,,,,,,,,,,,
,Option,Burgers spéciaux,Andalouse,,,0,0,,,,,,,,,,,,,,,,,,,,,,,,,,,,
,Option,Burgers spéciaux,Barbecue,,,0,0,,,,,,,,,,,,,,,,,,,,,,,,,,,,
,Option,Burgers spéciaux,Béarnaise,,,0,0,,,,,,,,,,,,,,,,,,,,,,,,,,,,
,Option,Burgers spéciaux,Bicky burger,,,0,0,,,,,,,,,,,,,,,,,,,,,,,,,,,,
,Option,Burgers spéciaux,Brazil,,,0,0,,,,,,,,,,,,,,,,,,,,,,,,,,,,
,Option,Burgers spéciaux,Cocktail,,,0,0,,,,,,,,,,,,,,,,,,,,,,,,,,,,
,Option,Burgers spéciaux,Curry ketchup,,,0,0,,,,,,,,,,,,,,,,,,,,,,,,,,,,
,Option,Burgers spéciaux,Géante,,,0,0,,,,,,,,,,,,,,,,,,,,,,,,,,,,
,Option,Burgers spéciaux,Hawaï,,,0,0,,,,,,,,,,,,,,,,,,,,,,,,,,,,
,Option,Burgers spéciaux,Ketchup,,,0,0,,,,,,,,,,,,,,,,,,,,,,,,,,,,
,Option,Burgers spéciaux,Loempia,,,0,0,,,,,,,,,,,,,,,,,,,,,,,,,,,,
,Option,Burgers spéciaux,Manalouse,,,0,0,,,,,,,,,,,,,,,,,,,,,,,,,,,,
,Option,Burgers spéciaux,Mayonnaise,,,0,0,,,,,,,,,,,,,,,,,,,,,,,,,,,,
,Option,Burgers spéciaux,Moutarde,,,0,0,,,,,,,,,,,,,,,,,,,,,,,,,,,,
,Option,Burgers spéciaux,Pitta à l'ail,,,0,0,,,,,,,,,,,,,,,,,,,,,,,,,,,,
,Option,Burgers spéciaux,Poivre,,,0,0,,,,,,,,,,,,,,,,,,,,,,,,,,,,
,Option,Burgers spéciaux,Provençale,,,0,0,,,,,,,,,,,,,,,,,,,,,,,,,,,,
,Option,Burgers spéciaux,Riche,,,0,0,,,,,,,,,,,,,,,,,,,,,,,,,,,,
,Option,Burgers spéciaux,Samouraï,,,0,0,,,,,,,,,,,,,,,,,,,,,,,,,,,,
,Option,Burgers spéciaux,Tartare,,,0,0,,,,,,,,,,,,,,,,,,,,,,,,,,,,
,Option,Burgers spéciaux,Tomagrec,,,0,0,,,,,,,,,,,,,,,,,,,,,,,,,,,,
,Option,Burgers spéciaux,Toscane,,,0,0,,,,,,,,,,,,,,,,,,,,,,,,,,,,
,Option,Burgers spéciaux,Vinaigrette,,,0,0,,,,,,,,,,,,,,,,,,,,,,,,,,,,
,Option,Burgers spéciaux,Mayonnaise truffe,,,0,0,,,,,,,,,,,,,,,,,,,,,,,,,,,,
,Option,Burgers spéciaux,Jammie,,,0,0,,,,,,,,,,,,,,,,,,,,,,,,,,,,
,Option,Burgers spéciaux,Cheas'y,,,0,0,,,,,,,,,,,,,,,,,,,,,,,,,,,,
,Option,Burgers spéciaux,Dallas,,,0,0,,,,,,,,,,,,,,,,,,,,,,,,,,,,
,Option-Group,Burgers spéciaux,Choix suppléments (facultatif),,,,,,,,,,,,,,,,,,,,,,,,,,,,,,,,
,Option,Burgers spéciaux,Cheese,,,0.7,0.7,,,,,,,,,,,,,,,,,,,,,,,,,,,,
,Option,Burgers spéciaux,Feta,,,0.9,0.9,,,,,,,,,,,,,,,,,,,,,,,,,,,,
,Option,Burgers spéciaux,Frites,,,3,3,,,,,,,,,,,,,,,,,,,,,,,,,,,,
,Option-Group,Burgers spéciaux,Choix extra sauces (facultatif),,,,,,,,,,,,,,,,,,,,,,,,,,,,,,,,
,Option,Burgers spéciaux,Algérienne,,,0,0,,,,,,,,,,,,,,,,,,,,,,,,,,,,
,Option,Burgers spéciaux,Américaine,,,1.2,1.2,,,,,,,,,,,,,,,,,,,,,,,,,,,,
,Option,Burgers spéciaux,Américaine forte,,,1.2,1.2,,,,,,,,,,,,,,,,,,,,,,,,,,,,
,Option,Burgers spéciaux,Américaine légère,,,1.2,1.2,,,,,,,,,,,,,,,,,,,,,,,,,,,,
,Option,Burgers spéciaux,Andalouse,,,1.2,1.2,,,,,,,,,,,,,,,,,,,,,,,,,,,,
,Option,Burgers spéciaux,Barbecue,,,1.2,1.2,,,,,,,,,,,,,,,,,,,,,,,,,,,,
,Option,Burgers spéciaux,Béarnaise,,,1.2,1.2,,,,,,,,,,,,,,,,,,,,,,,,,,,,
,Option,Burgers spéciaux,Bicky burger,,,1.2,1.2,,,,,,,,,,,,,,,,,,,,,,,,,,,,
,Option,Burgers spéciaux,Brazil,,,1.2,1.2,,,,,,,,,,,,,,,,,,,,,,,,,,,,
,Option,Burgers spéciaux,Cocktail,,,1.2,1.2,,,,,,,,,,,,,,,,,,,,,,,,,,,,
,Option,Burgers spéciaux,Curry ketchup,,,1.2,1.2,,,,,,,,,,,,,,,,,,,,,,,,,,,,
,Option,Burgers spéciaux,Géante,,,1.2,1.2,,,,,,,,,,,,,,,,,,,,,,,,,,,,
,Option,Burgers spéciaux,Hawaï,,,1.2,1.2,,,,,,,,,,,,,,,,,,,,,,,,,,,,
,Option,Burgers spéciaux,Ketchup,,,1.2,1.2,,,,,,,,,,,,,,,,,,,,,,,,,,,,
,Option,Burgers spéciaux,Loempia,,,1.2,1.2,,,,,,,,,,,,,,,,,,,,,,,,,,,,
,Option,Burgers spéciaux,Manalouse,,,1.2,1.2,,,,,,,,,,,,,,,,,,,,,,,,,,,,
,Option,Burgers spéciaux,Mayonnaise,,,1.2,1.2,,,,,,,,,,,,,,,,,,,,,,,,,,,,
,Option,Burgers spéciaux,Moutarde,,,1.2,1.2,,,,,,,,,,,,,,,,,,,,,,,,,,,,
,Option,Burgers spéciaux,Pitta à l'ail,,,1.2,1.2,,,,,,,,,,,,,,,,,,,,,,,,,,,,
,Option,Burgers spéciaux,Poivre,,,1.2,1.2,,,,,,,,,,,,,,,,,,,,,,,,,,,,
,Option,Burgers spéciaux,Provençale,,,1.2,1.2,,,,,,,,,,,,,,,,,,,,,,,,,,,,
,Option,Burgers spéciaux,Riche,,,1.2,1.2,,,,,,,,,,,,,,,,,,,,,,,,,,,,
,Option,Burgers spéciaux,Samouraï,,,1.2,1.2,,,,,,,,,,,,,,,,,,,,,,,,,,,,
,Option,Burgers spéciaux,Tartare,,,1.2,1.2,,,,,,,,,,,,,,,,,,,,,,,,,,,,
,Option,Burgers spéciaux,Tomagrec,,,1.2,1.2,,,,,,,,,,,,,,,,,,,,,,,,,,,,
,Option,Burgers spéciaux,Toscane,,,1.2,1.2,,,,,,,,,,,,,,,,,,,,,,,,,,,,
,Option,Burgers spéciaux,Vinaigrette,,,1.2,1.2,,,,,,,,,,,,,,,,,,,,,,,,,,,,
,Option,Burgers spéciaux,Mayonnaise truffe,,,1.2,1.2,,,,,,,,,,,,,,,,,,,,,,,,,,,,
,Option,Burgers spéciaux,Jammie,,,1.2,1.2,,,,,,,,,,,,,,,,,,,,,,,,,,,,
,Option,Burgers spéciaux,Cheas'y,,,1.2,1.2,,,,,,,,,,,,,,,,,,,,,,,,,,,,
,Option,Burgers spéciaux,Dallas,,,1.2,1.2,,,,,,,,,,,,,,,,,,,,,,,,,,,,
,ITEM,Burgers spéciaux,Burger cardinal,,"Pain poivré, 2x pur bœuf (120gr), sauce conseillée : poivre, fromage de maredsous et chimay, bacon, salade, chou, carottes. Choix sauce = sauce dans le pain & sur les frites (si choisis) / Choix extra sauce = sauce en plus dans un pot. Si vous souhaitez 2 sauces mélangée : choisir une sauce et écrire la deuxième sauce en commentaire. Si vous souhaitez la sauce à part pour un burger + frites : précisez en commentaire.",15.5,15.5,,,,,,,,,,,,,,,,,,,,,,,,,,,,
,Option-Group,Burgers spéciaux,Choix sauce (obligatoire),,,,,,,,,,,,,,,,,,,,,,,,,,,,,,,,
,Option,Burgers spéciaux,Sans sauce,,,0,0,,,,,,,,,,,,,,,,,,,,,,,,,,,,
,Option,Burgers spéciaux,Algérienne,,,0,0,,,,,,,,,,,,,,,,,,,,,,,,,,,,
,Option,Burgers spéciaux,Américaine,,,0,0,,,,,,,,,,,,,,,,,,,,,,,,,,,,
,Option,Burgers spéciaux,Américaine forte,,,0,0,,,,,,,,,,,,,,,,,,,,,,,,,,,,
,Option,Burgers spéciaux,Américaine légère,,,0,0,,,,,,,,,,,,,,,,,,,,,,,,,,,,
,Option,Burgers spéciaux,Andalouse,,,0,0,,,,,,,,,,,,,,,,,,,,,,,,,,,,
,Option,Burgers spéciaux,Barbecue,,,0,0,,,,,,,,,,,,,,,,,,,,,,,,,,,,
,Option,Burgers spéciaux,Béarnaise,,,0,0,,,,,,,,,,,,,,,,,,,,,,,,,,,,
,Option,Burgers spéciaux,Bicky burger,,,0,0,,,,,,,,,,,,,,,,,,,,,,,,,,,,
,Option,Burgers spéciaux,Brazil,,,0,0,,,,,,,,,,,,,,,,,,,,,,,,,,,,
,Option,Burgers spéciaux,Cocktail,,,0,0,,,,,,,,,,,,,,,,,,,,,,,,,,,,
,Option,Burgers spéciaux,Curry ketchup,,,0,0,,,,,,,,,,,,,,,,,,,,,,,,,,,,
,Option,Burgers spéciaux,Géante,,,0,0,,,,,,,,,,,,,,,,,,,,,,,,,,,,
,Option,Burgers spéciaux,Hawaï,,,0,0,,,,,,,,,,,,,,,,,,,,,,,,,,,,
,Option,Burgers spéciaux,Ketchup,,,0,0,,,,,,,,,,,,,,,,,,,,,,,,,,,,
,Option,Burgers spéciaux,Loempia,,,0,0,,,,,,,,,,,,,,,,,,,,,,,,,,,,
,Option,Burgers spéciaux,Manalouse,,,0,0,,,,,,,,,,,,,,,,,,,,,,,,,,,,
,Option,Burgers spéciaux,Mayonnaise,,,0,0,,,,,,,,,,,,,,,,,,,,,,,,,,,,
,Option,Burgers spéciaux,Moutarde,,,0,0,,,,,,,,,,,,,,,,,,,,,,,,,,,,
,Option,Burgers spéciaux,Pitta à l'ail,,,0,0,,,,,,,,,,,,,,,,,,,,,,,,,,,,
,Option,Burgers spéciaux,Poivre,,,0,0,,,,,,,,,,,,,,,,,,,,,,,,,,,,
,Option,Burgers spéciaux,Provençale,,,0,0,,,,,,,,,,,,,,,,,,,,,,,,,,,,
,Option,Burgers spéciaux,Riche,,,0,0,,,,,,,,,,,,,,,,,,,,,,,,,,,,
,Option,Burgers spéciaux,Samouraï,,,0,0,,,,,,,,,,,,,,,,,,,,,,,,,,,,
,Option,Burgers spéciaux,Tartare,,,0,0,,,,,,,,,,,,,,,,,,,,,,,,,,,,
,Option,Burgers spéciaux,Tomagrec,,,0,0,,,,,,,,,,,,,,,,,,,,,,,,,,,,
,Option,Burgers spéciaux,Toscane,,,0,0,,,,,,,,,,,,,,,,,,,,,,,,,,,,
,Option,Burgers spéciaux,Vinaigrette,,,0,0,,,,,,,,,,,,,,,,,,,,,,,,,,,,
,Option,Burgers spéciaux,Mayonnaise truffe,,,0,0,,,,,,,,,,,,,,,,,,,,,,,,,,,,
,Option,Burgers spéciaux,Jammie,,,0,0,,,,,,,,,,,,,,,,,,,,,,,,,,,,
,Option,Burgers spéciaux,Cheas'y,,,0,0,,,,,,,,,,,,,,,,,,,,,,,,,,,,
,Option,Burgers spéciaux,Dallas,,,0,0,,,,,,,,,,,,,,,,,,,,,,,,,,,,
,Option-Group,Burgers spéciaux,Choix suppléments (facultatif),,,,,,,,,,,,,,,,,,,,,,,,,,,,,,,,
,Option,Burgers spéciaux,Cheese,,,0.7,0.7,,,,,,,,,,,,,,,,,,,,,,,,,,,,
,Option,Burgers spéciaux,Feta,,,0.9,0.9,,,,,,,,,,,,,,,,,,,,,,,,,,,,
,Option,Burgers spéciaux,Frites,,,3,3,,,,,,,,,,,,,,,,,,,,,,,,,,,,
,Option-Group,Burgers spéciaux,Choix extra sauces (facultatif),,,,,,,,,,,,,,,,,,,,,,,,,,,,,,,,
,Option,Burgers spéciaux,Algérienne,,,0,0,,,,,,,,,,,,,,,,,,,,,,,,,,,,
,Option,Burgers spéciaux,Américaine,,,1.2,1.2,,,,,,,,,,,,,,,,,,,,,,,,,,,,
,Option,Burgers spéciaux,Américaine forte,,,1.2,1.2,,,,,,,,,,,,,,,,,,,,,,,,,,,,
,Option,Burgers spéciaux,Américaine légère,,,1.2,1.2,,,,,,,,,,,,,,,,,,,,,,,,,,,,
,Option,Burgers spéciaux,Andalouse,,,1.2,1.2,,,,,,,,,,,,,,,,,,,,,,,,,,,,
,Option,Burgers spéciaux,Barbecue,,,1.2,1.2,,,,,,,,,,,,,,,,,,,,,,,,,,,,
,Option,Burgers spéciaux,Béarnaise,,,1.2,1.2,,,,,,,,,,,,,,,,,,,,,,,,,,,,
,Option,Burgers spéciaux,Bicky burger,,,1.2,1.2,,,,,,,,,,,,,,,,,,,,,,,,,,,,
,Option,Burgers spéciaux,Brazil,,,1.2,1.2,,,,,,,,,,,,,,,,,,,,,,,,,,,,
,Option,Burgers spéciaux,Cocktail,,,1.2,1.2,,,,,,,,,,,,,,,,,,,,,,,,,,,,
,Option,Burgers spéciaux,Curry ketchup,,,1.2,1.2,,,,,,,,,,,,,,,,,,,,,,,,,,,,
,Option,Burgers spéciaux,Géante,,,1.2,1.2,,,,,,,,,,,,,,,,,,,,,,,,,,,,
,Option,Burgers spéciaux,Hawaï,,,1.2,1.2,,,,,,,,,,,,,,,,,,,,,,,,,,,,
,Option,Burgers spéciaux,Ketchup,,,1.2,1.2,,,,,,,,,,,,,,,,,,,,,,,,,,,,
,Option,Burgers spéciaux,Loempia,,,1.2,1.2,,,,,,,,,,,,,,,,,,,,,,,,,,,,
,Option,Burgers spéciaux,Manalouse,,,1.2,1.2,,,,,,,,,,,,,,,,,,,,,,,,,,,,
,Option,Burgers spéciaux,Mayonnaise,,,1.2,1.2,,,,,,,,,,,,,,,,,,,,,,,,,,,,
,Option,Burgers spéciaux,Moutarde,,,1.2,1.2,,,,,,,,,,,,,,,,,,,,,,,,,,,,
,Option,Burgers spéciaux,Pitta à l'ail,,,1.2,1.2,,,,,,,,,,,,,,,,,,,,,,,,,,,,
,Option,Burgers spéciaux,Poivre,,,1.2,1.2,,,,,,,,,,,,,,,,,,,,,,,,,,,,
,Option,Burgers spéciaux,Provençale,,,1.2,1.2,,,,,,,,,,,,,,,,,,,,,,,,,,,,
,Option,Burgers spéciaux,Riche,,,1.2,1.2,,,,,,,,,,,,,,,,,,,,,,,,,,,,
,Option,Burgers spéciaux,Samouraï,,,1.2,1.2,,,,,,,,,,,,,,,,,,,,,,,,,,,,
,Option,Burgers spéciaux,Tartare,,,1.2,1.2,,,,,,,,,,,,,,,,,,,,,,,,,,,,
,Option,Burgers spéciaux,Tomagrec,,,1.2,1.2,,,,,,,,,,,,,,,,,,,,,,,,,,,,
,Option,Burgers spéciaux,Toscane,,,1.2,1.2,,,,,,,,,,,,,,,,,,,,,,,,,,,,
,Option,Burgers spéciaux,Vinaigrette,,,1.2,1.2,,,,,,,,,,,,,,,,,,,,,,,,,,,,
,Option,Burgers spéciaux,Mayonnaise truffe,,,1.2,1.2,,,,,,,,,,,,,,,,,,,,,,,,,,,,
,Option,Burgers spéciaux,Jammie,,,1.2,1.2,,,,,,,,,,,,,,,,,,,,,,,,,,,,
,Option,Burgers spéciaux,Cheas'y,,,1.2,1.2,,,,,,,,,,,,,,,,,,,,,,,,,,,,
,Option,Burgers spéciaux,Dallas,,,1.2,1.2,,,,,,,,,,,,,,,,,,,,,,,,,,,,
,ITEM,Burgers spéciaux,Burger moine,,"Pain poivré, pur bœuf (120gr), sauce conseillée : poivre, fromage de maredsous, bacon, salade, chou, carottes. Choix sauce = sauce dans le pain & sur les frites (si choisis) / Choix extra sauce = sauce en plus dans un pot. Si vous souhaitez 2 sauces mélangée : choisir une sauce et écrire la deuxième sauce en commentaire. Si vous souhaitez la sauce à part pour un burger + frites : précisez en commentaire.",12.2,12.2,,,,,,,,,,,,,,,,,,,,,,,,,,,,
,Option-Group,Burgers spéciaux,Choix sauce (obligatoire),,,,,,,,,,,,,,,,,,,,,,,,,,,,,,,,
,Option,Burgers spéciaux,Sans sauce,,,0,0,,,,,,,,,,,,,,,,,,,,,,,,,,,,
,Option,Burgers spéciaux,Algérienne,,,0,0,,,,,,,,,,,,,,,,,,,,,,,,,,,,
,Option,Burgers spéciaux,Américaine,,,0,0,,,,,,,,,,,,,,,,,,,,,,,,,,,,
,Option,Burgers spéciaux,Américaine forte,,,0,0,,,,,,,,,,,,,,,,,,,,,,,,,,,,
,Option,Burgers spéciaux,Américaine légère,,,0,0,,,,,,,,,,,,,,,,,,,,,,,,,,,,
,Option,Burgers spéciaux,Andalouse,,,0,0,,,,,,,,,,,,,,,,,,,,,,,,,,,,
,Option,Burgers spéciaux,Barbecue,,,0,0,,,,,,,,,,,,,,,,,,,,,,,,,,,,
,Option,Burgers spéciaux,Béarnaise,,,0,0,,,,,,,,,,,,,,,,,,,,,,,,,,,,
,Option,Burgers spéciaux,Bicky burger,,,0,0,,,,,,,,,,,,,,,,,,,,,,,,,,,,
,Option,Burgers spéciaux,Brazil,,,0,0,,,,,,,,,,,,,,,,,,,,,,,,,,,,
,Option,Burgers spéciaux,Cocktail,,,0,0,,,,,,,,,,,,,,,,,,,,,,,,,,,,
,Option,Burgers spéciaux,Curry ketchup,,,0,0,,,,,,,,,,,,,,,,,,,,,,,,,,,,
,Option,Burgers spéciaux,Géante,,,0,0,,,,,,,,,,,,,,,,,,,,,,,,,,,,
,Option,Burgers spéciaux,Hawaï,,,0,0,,,,,,,,,,,,,,,,,,,,,,,,,,,,
,Option,Burgers spéciaux,Ketchup,,,0,0,,,,,,,,,,,,,,,,,,,,,,,,,,,,
,Option,Burgers spéciaux,Loempia,,,0,0,,,,,,,,,,,,,,,,,,,,,,,,,,,,
,Option,Burgers spéciaux,Manalouse,,,0,0,,,,,,,,,,,,,,,,,,,,,,,,,,,,
,Option,Burgers spéciaux,Mayonnaise,,,0,0,,,,,,,,,,,,,,,,,,,,,,,,,,,,
,Option,Burgers spéciaux,Moutarde,,,0,0,,,,,,,,,,,,,,,,,,,,,,,,,,,,
,Option,Burgers spéciaux,Pitta à l'ail,,,0,0,,,,,,,,,,,,,,,,,,,,,,,,,,,,
,Option,Burgers spéciaux,Poivre,,,0,0,,,,,,,,,,,,,,,,,,,,,,,,,,,,
,Option,Burgers spéciaux,Provençale,,,0,0,,,,,,,,,,,,,,,,,,,,,,,,,,,,
,Option,Burgers spéciaux,Riche,,,0,0,,,,,,,,,,,,,,,,,,,,,,,,,,,,
,Option,Burgers spéciaux,Samouraï,,,0,0,,,,,,,,,,,,,,,,,,,,,,,,,,,,
,Option,Burgers spéciaux,Tartare,,,0,0,,,,,,,,,,,,,,,,,,,,,,,,,,,,
,Option,Burgers spéciaux,Tomagrec,,,0,0,,,,,,,,,,,,,,,,,,,,,,,,,,,,
,Option,Burgers spéciaux,Toscane,,,0,0,,,,,,,,,,,,,,,,,,,,,,,,,,,,
,Option,Burgers spéciaux,Vinaigrette,,,0,0,,,,,,,,,,,,,,,,,,,,,,,,,,,,
,Option,Burgers spéciaux,Mayonnaise truffe,,,0,0,,,,,,,,,,,,,,,,,,,,,,,,,,,,
,Option,Burgers spéciaux,Jammie,,,0,0,,,,,,,,,,,,,,,,,,,,,,,,,,,,
,Option,Burgers spéciaux,Cheas'y,,,0,0,,,,,,,,,,,,,,,,,,,,,,,,,,,,
,Option,Burgers spéciaux,Dallas,,,0,0,,,,,,,,,,,,,,,,,,,,,,,,,,,,
,Option-Group,Burgers spéciaux,Choix suppléments (facultatif),,,,,,,,,,,,,,,,,,,,,,,,,,,,,,,,
,Option,Burgers spéciaux,Cheese,,,0.7,0.7,,,,,,,,,,,,,,,,,,,,,,,,,,,,
,Option,Burgers spéciaux,Feta,,,0.9,0.9,,,,,,,,,,,,,,,,,,,,,,,,,,,,
,Option,Burgers spéciaux,Frites,,,3,3,,,,,,,,,,,,,,,,,,,,,,,,,,,,
,Option-Group,Burgers spéciaux,Choix extra sauces (facultatif),,,,,,,,,,,,,,,,,,,,,,,,,,,,,,,,
,Option,Burgers spéciaux,Algérienne,,,0,0,,,,,,,,,,,,,,,,,,,,,,,,,,,,
,Option,Burgers spéciaux,Américaine,,,1.2,1.2,,,,,,,,,,,,,,,,,,,,,,,,,,,,
,Option,Burgers spéciaux,Américaine forte,,,1.2,1.2,,,,,,,,,,,,,,,,,,,,,,,,,,,,
,Option,Burgers spéciaux,Américaine légère,,,1.2,1.2,,,,,,,,,,,,,,,,,,,,,,,,,,,,
,Option,Burgers spéciaux,Andalouse,,,1.2,1.2,,,,,,,,,,,,,,,,,,,,,,,,,,,,
,Option,Burgers spéciaux,Barbecue,,,1.2,1.2,,,,,,,,,,,,,,,,,,,,,,,,,,,,
,Option,Burgers spéciaux,Béarnaise,,,1.2,1.2,,,,,,,,,,,,,,,,,,,,,,,,,,,,
,Option,Burgers spéciaux,Bicky burger,,,1.2,1.2,,,,,,,,,,,,,,,,,,,,,,,,,,,,
,Option,Burgers spéciaux,Brazil,,,1.2,1.2,,,,,,,,,,,,,,,,,,,,,,,,,,,,
,Option,Burgers spéciaux,Cocktail,,,1.2,1.2,,,,,,,,,,,,,,,,,,,,,,,,,,,,
,Option,Burgers spéciaux,Curry ketchup,,,1.2,1.2,,,,,,,,,,,,,,,,,,,,,,,,,,,,
,Option,Burgers spéciaux,Géante,,,1.2,1.2,,,,,,,,,,,,,,,,,,,,,,,,,,,,
,Option,Burgers spéciaux,Hawaï,,,1.2,1.2,,,,,,,,,,,,,,,,,,,,,,,,,,,,
,Option,Burgers spéciaux,Ketchup,,,1.2,1.2,,,,,,,,,,,,,,,,,,,,,,,,,,,,
,Option,Burgers spéciaux,Loempia,,,1.2,1.2,,,,,,,,,,,,,,,,,,,,,,,,,,,,
,Option,Burgers spéciaux,Manalouse,,,1.2,1.2,,,,,,,,,,,,,,,,,,,,,,,,,,,,
,Option,Burgers spéciaux,Mayonnaise,,,1.2,1.2,,,,,,,,,,,,,,,,,,,,,,,,,,,,
,Option,Burgers spéciaux,Moutarde,,,1.2,1.2,,,,,,,,,,,,,,,,,,,,,,,,,,,,
,Option,Burgers spéciaux,Pitta à l'ail,,,1.2,1.2,,,,,,,,,,,,,,,,,,,,,,,,,,,,
,Option,Burgers spéciaux,Poivre,,,1.2,1.2,,,,,,,,,,,,,,,,,,,,,,,,,,,,
,Option,Burgers spéciaux,Provençale,,,1.2,1.2,,,,,,,,,,,,,,,,,,,,,,,,,,,,
,Option,Burgers spéciaux,Riche,,,1.2,1.2,,,,,,,,,,,,,,,,,,,,,,,,,,,,
,Option,Burgers spéciaux,Samouraï,,,1.2,1.2,,,,,,,,,,,,,,,,,,,,,,,,,,,,
,Option,Burgers spéciaux,Tartare,,,1.2,1.2,,,,,,,,,,,,,,,,,,,,,,,,,,,,
,Option,Burgers spéciaux,Tomagrec,,,1.2,1.2,,,,,,,,,,,,,,,,,,,,,,,,,,,,
,Option,Burgers spéciaux,Toscane,,,1.2,1.2,,,,,,,,,,,,,,,,,,,,,,,,,,,,
,Option,Burgers spéciaux,Vinaigrette,,,1.2,1.2,,,,,,,,,,,,,,,,,,,,,,,,,,,,
,Option,Burgers spéciaux,Mayonnaise truffe,,,1.2,1.2,,,,,,,,,,,,,,,,,,,,,,,,,,,,
,Option,Burgers spéciaux,Jammie,,,1.2,1.2,,,,,,,,,,,,,,,,,,,,,,,,,,,,
,Option,Burgers spéciaux,Cheas'y,,,1.2,1.2,,,,,,,,,,,,,,,,,,,,,,,,,,,,
,Option,Burgers spéciaux,Dallas,,,1.2,1.2,,,,,,,,,,,,,,,,,,,,,,,,,,,,
,ITEM,Burgers spéciaux,Burger trappiste,,"Pain poivré, pur bœuf (120gr), sauce conseillée :  poivre, fromage de chimay, bacon, salade, chou, carottes. Choix sauce = sauce dans le pain & sur les frites (si choisis) / Choix extra sauce = sauce en plus dans un pot. Si vous souhaitez 2 sauces mélangée : choisir une sauce et écrire la deuxième sauce en commentaire. Si vous souhaitez la sauce à part pour un burger + frites : précisez en commentaire.",12.2,12.2,,,,,,,,,,,,,,,,,,,,,,,,,,,,
,Option-Group,Burgers spéciaux,Choix sauce (obligatoire),,,,,,,,,,,,,,,,,,,,,,,,,,,,,,,,
,Option,Burgers spéciaux,Sans sauce,,,0,0,,,,,,,,,,,,,,,,,,,,,,,,,,,,
,Option,Burgers spéciaux,Algérienne,,,0,0,,,,,,,,,,,,,,,,,,,,,,,,,,,,
,Option,Burgers spéciaux,Américaine,,,0,0,,,,,,,,,,,,,,,,,,,,,,,,,,,,
,Option,Burgers spéciaux,Américaine forte,,,0,0,,,,,,,,,,,,,,,,,,,,,,,,,,,,
,Option,Burgers spéciaux,Américaine légère,,,0,0,,,,,,,,,,,,,,,,,,,,,,,,,,,,
,Option,Burgers spéciaux,Andalouse,,,0,0,,,,,,,,,,,,,,,,,,,,,,,,,,,,
,Option,Burgers spéciaux,Barbecue,,,0,0,,,,,,,,,,,,,,,,,,,,,,,,,,,,
,Option,Burgers spéciaux,Béarnaise,,,0,0,,,,,,,,,,,,,,,,,,,,,,,,,,,,
,Option,Burgers spéciaux,Bicky burger,,,0,0,,,,,,,,,,,,,,,,,,,,,,,,,,,,
,Option,Burgers spéciaux,Brazil,,,0,0,,,,,,,,,,,,,,,,,,,,,,,,,,,,
,Option,Burgers spéciaux,Cocktail,,,0,0,,,,,,,,,,,,,,,,,,,,,,,,,,,,
,Option,Burgers spéciaux,Curry ketchup,,,0,0,,,,,,,,,,,,,,,,,,,,,,,,,,,,
,Option,Burgers spéciaux,Géante,,,0,0,,,,,,,,,,,,,,,,,,,,,,,,,,,,
,Option,Burgers spéciaux,Hawaï,,,0,0,,,,,,,,,,,,,,,,,,,,,,,,,,,,
,Option,Burgers spéciaux,Ketchup,,,0,0,,,,,,,,,,,,,,,,,,,,,,,,,,,,
,Option,Burgers spéciaux,Loempia,,,0,0,,,,,,,,,,,,,,,,,,,,,,,,,,,,
,Option,Burgers spéciaux,Manalouse,,,0,0,,,,,,,,,,,,,,,,,,,,,,,,,,,,
,Option,Burgers spéciaux,Mayonnaise,,,0,0,,,,,,,,,,,,,,,,,,,,,,,,,,,,
,Option,Burgers spéciaux,Moutarde,,,0,0,,,,,,,,,,,,,,,,,,,,,,,,,,,,
,Option,Burgers spéciaux,Pitta à l'ail,,,0,0,,,,,,,,,,,,,,,,,,,,,,,,,,,,
,Option,Burgers spéciaux,Poivre,,,0,0,,,,,,,,,,,,,,,,,,,,,,,,,,,,
,Option,Burgers spéciaux,Provençale,,,0,0,,,,,,,,,,,,,,,,,,,,,,,,,,,,
,Option,Burgers spéciaux,Riche,,,0,0,,,,,,,,,,,,,,,,,,,,,,,,,,,,
,Option,Burgers spéciaux,Samouraï,,,0,0,,,,,,,,,,,,,,,,,,,,,,,,,,,,
,Option,Burgers spéciaux,Tartare,,,0,0,,,,,,,,,,,,,,,,,,,,,,,,,,,,
,Option,Burgers spéciaux,Tomagrec,,,0,0,,,,,,,,,,,,,,,,,,,,,,,,,,,,
,Option,Burgers spéciaux,Toscane,,,0,0,,,,,,,,,,,,,,,,,,,,,,,,,,,,
,Option,Burgers spéciaux,Vinaigrette,,,0,0,,,,,,,,,,,,,,,,,,,,,,,,,,,,
,Option,Burgers spéciaux,Mayonnaise truffe,,,0,0,,,,,,,,,,,,,,,,,,,,,,,,,,,,
,Option,Burgers spéciaux,Jammie,,,0,0,,,,,,,,,,,,,,,,,,,,,,,,,,,,
,Option,Burgers spéciaux,Cheas'y,,,0,0,,,,,,,,,,,,,,,,,,,,,,,,,,,,
,Option,Burgers spéciaux,Dallas,,,0,0,,,,,,,,,,,,,,,,,,,,,,,,,,,,
,Option-Group,Burgers spéciaux,Choix suppléments (facultatif),,,,,,,,,,,,,,,,,,,,,,,,,,,,,,,,
,Option,Burgers spéciaux,Cheese,,,0.7,0.7,,,,,,,,,,,,,,,,,,,,,,,,,,,,
,Option,Burgers spéciaux,Feta,,,0.9,0.9,,,,,,,,,,,,,,,,,,,,,,,,,,,,
,Option,Burgers spéciaux,Frites,,,3,3,,,,,,,,,,,,,,,,,,,,,,,,,,,,
,Option-Group,Burgers spéciaux,Choix extra sauces (facultatif),,,,,,,,,,,,,,,,,,,,,,,,,,,,,,,,
,Option,Burgers spéciaux,Algérienne,,,0,0,,,,,,,,,,,,,,,,,,,,,,,,,,,,
,Option,Burgers spéciaux,Américaine,,,1.2,1.2,,,,,,,,,,,,,,,,,,,,,,,,,,,,
,Option,Burgers spéciaux,Américaine forte,,,1.2,1.2,,,,,,,,,,,,,,,,,,,,,,,,,,,,
,Option,Burgers spéciaux,Américaine légère,,,1.2,1.2,,,,,,,,,,,,,,,,,,,,,,,,,,,,
,Option,Burgers spéciaux,Andalouse,,,1.2,1.2,,,,,,,,,,,,,,,,,,,,,,,,,,,,
,Option,Burgers spéciaux,Barbecue,,,1.2,1.2,,,,,,,,,,,,,,,,,,,,,,,,,,,,
,Option,Burgers spéciaux,Béarnaise,,,1.2,1.2,,,,,,,,,,,,,,,,,,,,,,,,,,,,
,Option,Burgers spéciaux,Bicky burger,,,1.2,1.2,,,,,,,,,,,,,,,,,,,,,,,,,,,,
,Option,Burgers spéciaux,Brazil,,,1.2,1.2,,,,,,,,,,,,,,,,,,,,,,,,,,,,
,Option,Burgers spéciaux,Cocktail,,,1.2,1.2,,,,,,,,,,,,,,,,,,,,,,,,,,,,
,Option,Burgers spéciaux,Curry ketchup,,,1.2,1.2,,,,,,,,,,,,,,,,,,,,,,,,,,,,
,Option,Burgers spéciaux,Géante,,,1.2,1.2,,,,,,,,,,,,,,,,,,,,,,,,,,,,
,Option,Burgers spéciaux,Hawaï,,,1.2,1.2,,,,,,,,,,,,,,,,,,,,,,,,,,,,
,Option,Burgers spéciaux,Ketchup,,,1.2,1.2,,,,,,,,,,,,,,,,,,,,,,,,,,,,
,Option,Burgers spéciaux,Loempia,,,1.2,1.2,,,,,,,,,,,,,,,,,,,,,,,,,,,,
,Option,Burgers spéciaux,Manalouse,,,1.2,1.2,,,,,,,,,,,,,,,,,,,,,,,,,,,,
,Option,Burgers spéciaux,Mayonnaise,,,1.2,1.2,,,,,,,,,,,,,,,,,,,,,,,,,,,,
,Option,Burgers spéciaux,Moutarde,,,1.2,1.2,,,,,,,,,,,,,,,,,,,,,,,,,,,,
,Option,Burgers spéciaux,Pitta à l'ail,,,1.2,1.2,,,,,,,,,,,,,,,,,,,,,,,,,,,,
,Option,Burgers spéciaux,Poivre,,,1.2,1.2,,,,,,,,,,,,,,,,,,,,,,,,,,,,
,Option,Burgers spéciaux,Provençale,,,1.2,1.2,,,,,,,,,,,,,,,,,,,,,,,,,,,,
,Option,Burgers spéciaux,Riche,,,1.2,1.2,,,,,,,,,,,,,,,,,,,,,,,,,,,,
,Option,Burgers spéciaux,Samouraï,,,1.2,1.2,,,,,,,,,,,,,,,,,,,,,,,,,,,,
,Option,Burgers spéciaux,Tartare,,,1.2,1.2,,,,,,,,,,,,,,,,,,,,,,,,,,,,
,Option,Burgers spéciaux,Tomagrec,,,1.2,1.2,,,,,,,,,,,,,,,,,,,,,,,,,,,,
,Option,Burgers spéciaux,Toscane,,,1.2,1.2,,,,,,,,,,,,,,,,,,,,,,,,,,,,
,Option,Burgers spéciaux,Vinaigrette,,,1.2,1.2,,,,,,,,,,,,,,,,,,,,,,,,,,,,
,Option,Burgers spéciaux,Mayonnaise truffe,,,1.2,1.2,,,,,,,,,,,,,,,,,,,,,,,,,,,,
,Option,Burgers spéciaux,Jammie,,,1.2,1.2,,,,,,,,,,,,,,,,,,,,,,,,,,,,
,Option,Burgers spéciaux,Cheas'y,,,1.2,1.2,,,,,,,,,,,,,,,,,,,,,,,,,,,,
,Option,Burgers spéciaux,Dallas,,,1.2,1.2,,,,,,,,,,,,,,,,,,,,,,,,,,,,
,ITEM,Burgers spéciaux,Burger savoyard,,"Pain brioché, pur bœuf (120gr), sauce conseillée :  géant, fromage savoyard, lardons, salade et oignons frais. Choix sauce = sauce dans le pain & sur les frites (si choisis) / Choix extra sauce = sauce en plus dans un pot. Si vous souhaitez 2 sauces mélangée : choisir une sauce et écrire la deuxième sauce en commentaire. Si vous souhaitez la sauce à part pour un burger + frites : précisez en commentaire.",12.2,12.2,,,,,,,,,,,,,,,,,,,,,,,,,,,,
,Option-Group,Burgers spéciaux,Choix sauce (obligatoire),,,,,,,,,,,,,,,,,,,,,,,,,,,,,,,,
,Option,Burgers spéciaux,Sans sauce,,,0,0,,,,,,,,,,,,,,,,,,,,,,,,,,,,
,Option,Burgers spéciaux,Algérienne,,,0,0,,,,,,,,,,,,,,,,,,,,,,,,,,,,
,Option,Burgers spéciaux,Américaine,,,0,0,,,,,,,,,,,,,,,,,,,,,,,,,,,,
,Option,Burgers spéciaux,Américaine forte,,,0,0,,,,,,,,,,,,,,,,,,,,,,,,,,,,
,Option,Burgers spéciaux,Américaine légère,,,0,0,,,,,,,,,,,,,,,,,,,,,,,,,,,,
,Option,Burgers spéciaux,Andalouse,,,0,0,,,,,,,,,,,,,,,,,,,,,,,,,,,,
,Option,Burgers spéciaux,Barbecue,,,0,0,,,,,,,,,,,,,,,,,,,,,,,,,,,,
,Option,Burgers spéciaux,Béarnaise,,,0,0,,,,,,,,,,,,,,,,,,,,,,,,,,,,
,Option,Burgers spéciaux,Bicky burger,,,0,0,,,,,,,,,,,,,,,,,,,,,,,,,,,,
,Option,Burgers spéciaux,Brazil,,,0,0,,,,,,,,,,,,,,,,,,,,,,,,,,,,
,Option,Burgers spéciaux,Cocktail,,,0,0,,,,,,,,,,,,,,,,,,,,,,,,,,,,
,Option,Burgers spéciaux,Curry ketchup,,,0,0,,,,,,,,,,,,,,,,,,,,,,,,,,,,
,Option,Burgers spéciaux,Géante,,,0,0,,,,,,,,,,,,,,,,,,,,,,,,,,,,
,Option,Burgers spéciaux,Hawaï,,,0,0,,,,,,,,,,,,,,,,,,,,,,,,,,,,
,Option,Burgers spéciaux,Ketchup,,,0,0,,,,,,,,,,,,,,,,,,,,,,,,,,,,
,Option,Burgers spéciaux,Loempia,,,0,0,,,,,,,,,,,,,,,,,,,,,,,,,,,,
,Option,Burgers spéciaux,Manalouse,,,0,0,,,,,,,,,,,,,,,,,,,,,,,,,,,,
,Option,Burgers spéciaux,Mayonnaise,,,0,0,,,,,,,,,,,,,,,,,,,,,,,,,,,,
,Option,Burgers spéciaux,Moutarde,,,0,0,,,,,,,,,,,,,,,,,,,,,,,,,,,,
,Option,Burgers spéciaux,Pitta à l'ail,,,0,0,,,,,,,,,,,,,,,,,,,,,,,,,,,,
,Option,Burgers spéciaux,Poivre,,,0,0,,,,,,,,,,,,,,,,,,,,,,,,,,,,
,Option,Burgers spéciaux,Provençale,,,0,0,,,,,,,,,,,,,,,,,,,,,,,,,,,,
,Option,Burgers spéciaux,Riche,,,0,0,,,,,,,,,,,,,,,,,,,,,,,,,,,,
,Option,Burgers spéciaux,Samouraï,,,0,0,,,,,,,,,,,,,,,,,,,,,,,,,,,,
,Option,Burgers spéciaux,Tartare,,,0,0,,,,,,,,,,,,,,,,,,,,,,,,,,,,
,Option,Burgers spéciaux,Tomagrec,,,0,0,,,,,,,,,,,,,,,,,,,,,,,,,,,,
,Option,Burgers spéciaux,Toscane,,,0,0,,,,,,,,,,,,,,,,,,,,,,,,,,,,
,Option,Burgers spéciaux,Vinaigrette,,,0,0,,,,,,,,,,,,,,,,,,,,,,,,,,,,
,Option,Burgers spéciaux,Mayonnaise truffe,,,0,0,,,,,,,,,,,,,,,,,,,,,,,,,,,,
,Option,Burgers spéciaux,Jammie,,,0,0,,,,,,,,,,,,,,,,,,,,,,,,,,,,
,Option,Burgers spéciaux,Cheas'y,,,0,0,,,,,,,,,,,,,,,,,,,,,,,,,,,,
,Option,Burgers spéciaux,Dallas,,,0,0,,,,,,,,,,,,,,,,,,,,,,,,,,,,
,Option-Group,Burgers spéciaux,Choix suppléments (facultatif),,,,,,,,,,,,,,,,,,,,,,,,,,,,,,,,
,Option,Burgers spéciaux,Cheese,,,0.7,0.7,,,,,,,,,,,,,,,,,,,,,,,,,,,,
,Option,Burgers spéciaux,Feta,,,0.9,0.9,,,,,,,,,,,,,,,,,,,,,,,,,,,,
,Option,Burgers spéciaux,Frites,,,3,3,,,,,,,,,,,,,,,,,,,,,,,,,,,,
,Option-Group,Burgers spéciaux,Choix extra sauces (facultatif),,,,,,,,,,,,,,,,,,,,,,,,,,,,,,,,
,Option,Burgers spéciaux,Algérienne,,,0,0,,,,,,,,,,,,,,,,,,,,,,,,,,,,
,Option,Burgers spéciaux,Américaine,,,1.2,1.2,,,,,,,,,,,,,,,,,,,,,,,,,,,,
,Option,Burgers spéciaux,Américaine forte,,,1.2,1.2,,,,,,,,,,,,,,,,,,,,,,,,,,,,
,Option,Burgers spéciaux,Américaine légère,,,1.2,1.2,,,,,,,,,,,,,,,,,,,,,,,,,,,,
,Option,Burgers spéciaux,Andalouse,,,1.2,1.2,,,,,,,,,,,,,,,,,,,,,,,,,,,,
,Option,Burgers spéciaux,Barbecue,,,1.2,1.2,,,,,,,,,,,,,,,,,,,,,,,,,,,,
,Option,Burgers spéciaux,Béarnaise,,,1.2,1.2,,,,,,,,,,,,,,,,,,,,,,,,,,,,
,Option,Burgers spéciaux,Bicky burger,,,1.2,1.2,,,,,,,,,,,,,,,,,,,,,,,,,,,,
,Option,Burgers spéciaux,Brazil,,,1.2,1.2,,,,,,,,,,,,,,,,,,,,,,,,,,,,
,Option,Burgers spéciaux,Cocktail,,,1.2,1.2,,,,,,,,,,,,,,,,,,,,,,,,,,,,
,Option,Burgers spéciaux,Curry ketchup,,,1.2,1.2,,,,,,,,,,,,,,,,,,,,,,,,,,,,
,Option,Burgers spéciaux,Géante,,,1.2,1.2,,,,,,,,,,,,,,,,,,,,,,,,,,,,
,Option,Burgers spéciaux,Hawaï,,,1.2,1.2,,,,,,,,,,,,,,,,,,,,,,,,,,,,
,Option,Burgers spéciaux,Ketchup,,,1.2,1.2,,,,,,,,,,,,,,,,,,,,,,,,,,,,
,Option,Burgers spéciaux,Loempia,,,1.2,1.2,,,,,,,,,,,,,,,,,,,,,,,,,,,,
,Option,Burgers spéciaux,Manalouse,,,1.2,1.2,,,,,,,,,,,,,,,,,,,,,,,,,,,,
,Option,Burgers spéciaux,Mayonnaise,,,1.2,1.2,,,,,,,,,,,,,,,,,,,,,,,,,,,,
,Option,Burgers spéciaux,Moutarde,,,1.2,1.2,,,,,,,,,,,,,,,,,,,,,,,,,,,,
,Option,Burgers spéciaux,Pitta à l'ail,,,1.2,1.2,,,,,,,,,,,,,,,,,,,,,,,,,,,,
,Option,Burgers spéciaux,Poivre,,,1.2,1.2,,,,,,,,,,,,,,,,,,,,,,,,,,,,
,Option,Burgers spéciaux,Provençale,,,1.2,1.2,,,,,,,,,,,,,,,,,,,,,,,,,,,,
,Option,Burgers spéciaux,Riche,,,1.2,1.2,,,,,,,,,,,,,,,,,,,,,,,,,,,,
,Option,Burgers spéciaux,Samouraï,,,1.2,1.2,,,,,,,,,,,,,,,,,,,,,,,,,,,,
,Option,Burgers spéciaux,Tartare,,,1.2,1.2,,,,,,,,,,,,,,,,,,,,,,,,,,,,
,Option,Burgers spéciaux,Tomagrec,,,1.2,1.2,,,,,,,,,,,,,,,,,,,,,,,,,,,,
,Option,Burgers spéciaux,Toscane,,,1.2,1.2,,,,,,,,,,,,,,,,,,,,,,,,,,,,
,Option,Burgers spéciaux,Vinaigrette,,,1.2,1.2,,,,,,,,,,,,,,,,,,,,,,,,,,,,
,Option,Burgers spéciaux,Mayonnaise truffe,,,1.2,1.2,,,,,,,,,,,,,,,,,,,,,,,,,,,,
,Option,Burgers spéciaux,Jammie,,,1.2,1.2,,,,,,,,,,,,,,,,,,,,,,,,,,,,
,Option,Burgers spéciaux,Cheas'y,,,1.2,1.2,,,,,,,,,,,,,,,,,,,,,,,,,,,,
,Option,Burgers spéciaux,Dallas,,,1.2,1.2,,,,,,,,,,,,,,,,,,,,,,,,,,,,
,ITEM,Burgers spéciaux,Burger montagnard,,"Pain brioché, pur bœuf (120gr), sauce conseillée : géant, reblochon, lardons, salade et oignons frais. Choix sauce = sauce dans le pain & sur les frites (si choisis) / Choix extra sauce = sauce en plus dans un pot. Si vous souhaitez 2 sauces mélangée : choisir une sauce et écrire la deuxième sauce en commentaire. Si vous souhaitez la sauce à part pour un burger + frites : précisez en commentaire.",12.2,12.2,,,,,,,,,,,,,,,,,,,,,,,,,,,,
,Option-Group,Burgers spéciaux,Choix sauce (obligatoire),,,,,,,,,,,,,,,,,,,,,,,,,,,,,,,,
,Option,Burgers spéciaux,Sans sauce,,,0,0,,,,,,,,,,,,,,,,,,,,,,,,,,,,
,Option,Burgers spéciaux,Algérienne,,,0,0,,,,,,,,,,,,,,,,,,,,,,,,,,,,
,Option,Burgers spéciaux,Américaine,,,0,0,,,,,,,,,,,,,,,,,,,,,,,,,,,,
,Option,Burgers spéciaux,Américaine forte,,,0,0,,,,,,,,,,,,,,,,,,,,,,,,,,,,
,Option,Burgers spéciaux,Américaine légère,,,0,0,,,,,,,,,,,,,,,,,,,,,,,,,,,,
,Option,Burgers spéciaux,Andalouse,,,0,0,,,,,,,,,,,,,,,,,,,,,,,,,,,,
,Option,Burgers spéciaux,Barbecue,,,0,0,,,,,,,,,,,,,,,,,,,,,,,,,,,,
,Option,Burgers spéciaux,Béarnaise,,,0,0,,,,,,,,,,,,,,,,,,,,,,,,,,,,
,Option,Burgers spéciaux,Bicky burger,,,0,0,,,,,,,,,,,,,,,,,,,,,,,,,,,,
,Option,Burgers spéciaux,Brazil,,,0,0,,,,,,,,,,,,,,,,,,,,,,,,,,,,
,Option,Burgers spéciaux,Cocktail,,,0,0,,,,,,,,,,,,,,,,,,,,,,,,,,,,
,Option,Burgers spéciaux,Curry ketchup,,,0,0,,,,,,,,,,,,,,,,,,,,,,,,,,,,
,Option,Burgers spéciaux,Géante,,,0,0,,,,,,,,,,,,,,,,,,,,,,,,,,,,
,Option,Burgers spéciaux,Hawaï,,,0,0,,,,,,,,,,,,,,,,,,,,,,,,,,,,
,Option,Burgers spéciaux,Ketchup,,,0,0,,,,,,,,,,,,,,,,,,,,,,,,,,,,
,Option,Burgers spéciaux,Loempia,,,0,0,,,,,,,,,,,,,,,,,,,,,,,,,,,,
,Option,Burgers spéciaux,Manalouse,,,0,0,,,,,,,,,,,,,,,,,,,,,,,,,,,,
,Option,Burgers spéciaux,Mayonnaise,,,0,0,,,,,,,,,,,,,,,,,,,,,,,,,,,,
,Option,Burgers spéciaux,Moutarde,,,0,0,,,,,,,,,,,,,,,,,,,,,,,,,,,,
,Option,Burgers spéciaux,Pitta à l'ail,,,0,0,,,,,,,,,,,,,,,,,,,,,,,,,,,,
,Option,Burgers spéciaux,Poivre,,,0,0,,,,,,,,,,,,,,,,,,,,,,,,,,,,
,Option,Burgers spéciaux,Provençale,,,0,0,,,,,,,,,,,,,,,,,,,,,,,,,,,,
,Option,Burgers spéciaux,Riche,,,0,0,,,,,,,,,,,,,,,,,,,,,,,,,,,,
,Option,Burgers spéciaux,Samouraï,,,0,0,,,,,,,,,,,,,,,,,,,,,,,,,,,,
,Option,Burgers spéciaux,Tartare,,,0,0,,,,,,,,,,,,,,,,,,,,,,,,,,,,
,Option,Burgers spéciaux,Tomagrec,,,0,0,,,,,,,,,,,,,,,,,,,,,,,,,,,,
,Option,Burgers spéciaux,Toscane,,,0,0,,,,,,,,,,,,,,,,,,,,,,,,,,,,
,Option,Burgers spéciaux,Vinaigrette,,,0,0,,,,,,,,,,,,,,,,,,,,,,,,,,,,
,Option,Burgers spéciaux,Mayonnaise truffe,,,0,0,,,,,,,,,,,,,,,,,,,,,,,,,,,,
,Option,Burgers spéciaux,Jammie,,,0,0,,,,,,,,,,,,,,,,,,,,,,,,,,,,
,Option,Burgers spéciaux,Cheas'y,,,0,0,,,,,,,,,,,,,,,,,,,,,,,,,,,,
,Option,Burgers spéciaux,Dallas,,,0,0,,,,,,,,,,,,,,,,,,,,,,,,,,,,
,Option-Group,Burgers spéciaux,Choix suppléments (facultatif),,,,,,,,,,,,,,,,,,,,,,,,,,,,,,,,
,Option,Burgers spéciaux,Cheese,,,0.7,0.7,,,,,,,,,,,,,,,,,,,,,,,,,,,,
,Option,Burgers spéciaux,Feta,,,0.9,0.9,,,,,,,,,,,,,,,,,,,,,,,,,,,,
,Option,Burgers spéciaux,Frites,,,3,3,,,,,,,,,,,,,,,,,,,,,,,,,,,,
,Option-Group,Burgers spéciaux,Choix extra sauces (facultatif),,,,,,,,,,,,,,,,,,,,,,,,,,,,,,,,
,Option,Burgers spéciaux,Algérienne,,,0,0,,,,,,,,,,,,,,,,,,,,,,,,,,,,
,Option,Burgers spéciaux,Américaine,,,1.2,1.2,,,,,,,,,,,,,,,,,,,,,,,,,,,,
,Option,Burgers spéciaux,Américaine forte,,,1.2,1.2,,,,,,,,,,,,,,,,,,,,,,,,,,,,
,Option,Burgers spéciaux,Américaine légère,,,1.2,1.2,,,,,,,,,,,,,,,,,,,,,,,,,,,,
,Option,Burgers spéciaux,Andalouse,,,1.2,1.2,,,,,,,,,,,,,,,,,,,,,,,,,,,,
,Option,Burgers spéciaux,Barbecue,,,1.2,1.2,,,,,,,,,,,,,,,,,,,,,,,,,,,,
,Option,Burgers spéciaux,Béarnaise,,,1.2,1.2,,,,,,,,,,,,,,,,,,,,,,,,,,,,
,Option,Burgers spéciaux,Bicky burger,,,1.2,1.2,,,,,,,,,,,,,,,,,,,,,,,,,,,,
,Option,Burgers spéciaux,Brazil,,,1.2,1.2,,,,,,,,,,,,,,,,,,,,,,,,,,,,
,Option,Burgers spéciaux,Cocktail,,,1.2,1.2,,,,,,,,,,,,,,,,,,,,,,,,,,,,
,Option,Burgers spéciaux,Curry ketchup,,,1.2,1.2,,,,,,,,,,,,,,,,,,,,,,,,,,,,
,Option,Burgers spéciaux,Géante,,,1.2,1.2,,,,,,,,,,,,,,,,,,,,,,,,,,,,
,Option,Burgers spéciaux,Hawaï,,,1.2,1.2,,,,,,,,,,,,,,,,,,,,,,,,,,,,
,Option,Burgers spéciaux,Ketchup,,,1.2,1.2,,,,,,,,,,,,,,,,,,,,,,,,,,,,
,Option,Burgers spéciaux,Loempia,,,1.2,1.2,,,,,,,,,,,,,,,,,,,,,,,,,,,,
,Option,Burgers spéciaux,Manalouse,,,1.2,1.2,,,,,,,,,,,,,,,,,,,,,,,,,,,,
,Option,Burgers spéciaux,Mayonnaise,,,1.2,1.2,,,,,,,,,,,,,,,,,,,,,,,,,,,,
,Option,Burgers spéciaux,Moutarde,,,1.2,1.2,,,,,,,,,,,,,,,,,,,,,,,,,,,,
,Option,Burgers spéciaux,Pitta à l'ail,,,1.2,1.2,,,,,,,,,,,,,,,,,,,,,,,,,,,,
,Option,Burgers spéciaux,Poivre,,,1.2,1.2,,,,,,,,,,,,,,,,,,,,,,,,,,,,
,Option,Burgers spéciaux,Provençale,,,1.2,1.2,,,,,,,,,,,,,,,,,,,,,,,,,,,,
,Option,Burgers spéciaux,Riche,,,1.2,1.2,,,,,,,,,,,,,,,,,,,,,,,,,,,,
,Option,Burgers spéciaux,Samouraï,,,1.2,1.2,,,,,,,,,,,,,,,,,,,,,,,,,,,,
,Option,Burgers spéciaux,Tartare,,,1.2,1.2,,,,,,,,,,,,,,,,,,,,,,,,,,,,
,Option,Burgers spéciaux,Tomagrec,,,1.2,1.2,,,,,,,,,,,,,,,,,,,,,,,,,,,,
,Option,Burgers spéciaux,Toscane,,,1.2,1.2,,,,,,,,,,,,,,,,,,,,,,,,,,,,
,Option,Burgers spéciaux,Vinaigrette,,,1.2,1.2,,,,,,,,,,,,,,,,,,,,,,,,,,,,
,Option,Burgers spéciaux,Mayonnaise truffe,,,1.2,1.2,,,,,,,,,,,,,,,,,,,,,,,,,,,,
,Option,Burgers spéciaux,Jammie,,,1.2,1.2,,,,,,,,,,,,,,,,,,,,,,,,,,,,
,Option,Burgers spéciaux,Cheas'y,,,1.2,1.2,,,,,,,,,,,,,,,,,,,,,,,,,,,,
,Option,Burgers spéciaux,Dallas,,,1.2,1.2,,,,,,,,,,,,,,,,,,,,,,,,,,,,
,ITEM,Burgers spéciaux,Burger Totem,,"Pain ciabatta, 2x pur bœuf (120gr), sauce conseillée :  Géant, cheese, salade, chou, carottes. Choix sauce = sauce dans le pain & sur les frites (si choisis) / Choix extra sauce = sauce en plus dans un pot. Si vous souhaitez 2 sauces mélangée : choisir une sauce et écrire la deuxième sauce en commentaire. Si vous souhaitez la sauce à part pour un burger + frites : précisez en commentaire.",15.2,15.2,,,,,,,,,,,,,,,,,,,,,,,,,,,,
,Option-Group,Burgers spéciaux,Choix sauce (obligatoire),,,,,,,,,,,,,,,,,,,,,,,,,,,,,,,,
,Option,Burgers spéciaux,Sans sauce,,,0,0,,,,,,,,,,,,,,,,,,,,,,,,,,,,
,Option,Burgers spéciaux,Algérienne,,,0,0,,,,,,,,,,,,,,,,,,,,,,,,,,,,
,Option,Burgers spéciaux,Américaine,,,0,0,,,,,,,,,,,,,,,,,,,,,,,,,,,,
,Option,Burgers spéciaux,Américaine forte,,,0,0,,,,,,,,,,,,,,,,,,,,,,,,,,,,
,Option,Burgers spéciaux,Américaine légère,,,0,0,,,,,,,,,,,,,,,,,,,,,,,,,,,,
,Option,Burgers spéciaux,Andalouse,,,0,0,,,,,,,,,,,,,,,,,,,,,,,,,,,,
,Option,Burgers spéciaux,Barbecue,,,0,0,,,,,,,,,,,,,,,,,,,,,,,,,,,,
,Option,Burgers spéciaux,Béarnaise,,,0,0,,,,,,,,,,,,,,,,,,,,,,,,,,,,
,Option,Burgers spéciaux,Bicky burger,,,0,0,,,,,,,,,,,,,,,,,,,,,,,,,,,,
,Option,Burgers spéciaux,Brazil,,,0,0,,,,,,,,,,,,,,,,,,,,,,,,,,,,
,Option,Burgers spéciaux,Cocktail,,,0,0,,,,,,,,,,,,,,,,,,,,,,,,,,,,
,Option,Burgers spéciaux,Curry ketchup,,,0,0,,,,,,,,,,,,,,,,,,,,,,,,,,,,
,Option,Burgers spéciaux,Géante,,,0,0,,,,,,,,,,,,,,,,,,,,,,,,,,,,
,Option,Burgers spéciaux,Hawaï,,,0,0,,,,,,,,,,,,,,,,,,,,,,,,,,,,
,Option,Burgers spéciaux,Ketchup,,,0,0,,,,,,,,,,,,,,,,,,,,,,,,,,,,
,Option,Burgers spéciaux,Loempia,,,0,0,,,,,,,,,,,,,,,,,,,,,,,,,,,,
,Option,Burgers spéciaux,Manalouse,,,0,0,,,,,,,,,,,,,,,,,,,,,,,,,,,,
,Option,Burgers spéciaux,Mayonnaise,,,0,0,,,,,,,,,,,,,,,,,,,,,,,,,,,,
,Option,Burgers spéciaux,Moutarde,,,0,0,,,,,,,,,,,,,,,,,,,,,,,,,,,,
,Option,Burgers spéciaux,Pitta à l'ail,,,0,0,,,,,,,,,,,,,,,,,,,,,,,,,,,,
,Option,Burgers spéciaux,Poivre,,,0,0,,,,,,,,,,,,,,,,,,,,,,,,,,,,
,Option,Burgers spéciaux,Provençale,,,0,0,,,,,,,,,,,,,,,,,,,,,,,,,,,,
,Option,Burgers spéciaux,Riche,,,0,0,,,,,,,,,,,,,,,,,,,,,,,,,,,,
,Option,Burgers spéciaux,Samouraï,,,0,0,,,,,,,,,,,,,,,,,,,,,,,,,,,,
,Option,Burgers spéciaux,Tartare,,,0,0,,,,,,,,,,,,,,,,,,,,,,,,,,,,
,Option,Burgers spéciaux,Tomagrec,,,0,0,,,,,,,,,,,,,,,,,,,,,,,,,,,,
,Option,Burgers spéciaux,Toscane,,,0,0,,,,,,,,,,,,,,,,,,,,,,,,,,,,
,Option,Burgers spéciaux,Vinaigrette,,,0,0,,,,,,,,,,,,,,,,,,,,,,,,,,,,
,Option,Burgers spéciaux,Mayonnaise truffe,,,0,0,,,,,,,,,,,,,,,,,,,,,,,,,,,,
,Option,Burgers spéciaux,Jammie,,,0,0,,,,,,,,,,,,,,,,,,,,,,,,,,,,
,Option,Burgers spéciaux,Cheas'y,,,0,0,,,,,,,,,,,,,,,,,,,,,,,,,,,,
,Option,Burgers spéciaux,Dallas,,,0,0,,,,,,,,,,,,,,,,,,,,,,,,,,,,
,Option-Group,Burgers spéciaux,Choix suppléments (facultatif),,,,,,,,,,,,,,,,,,,,,,,,,,,,,,,,
,Option,Burgers spéciaux,Cheese,,,0.7,0.7,,,,,,,,,,,,,,,,,,,,,,,,,,,,
,Option,Burgers spéciaux,Feta,,,0.9,0.9,,,,,,,,,,,,,,,,,,,,,,,,,,,,
,Option,Burgers spéciaux,Frites,,,3,3,,,,,,,,,,,,,,,,,,,,,,,,,,,,
,Option-Group,Burgers spéciaux,Choix extra sauces (facultatif),,,,,,,,,,,,,,,,,,,,,,,,,,,,,,,,
,Option,Burgers spéciaux,Algérienne,,,0,0,,,,,,,,,,,,,,,,,,,,,,,,,,,,
,Option,Burgers spéciaux,Américaine,,,1.2,1.2,,,,,,,,,,,,,,,,,,,,,,,,,,,,
,Option,Burgers spéciaux,Américaine forte,,,1.2,1.2,,,,,,,,,,,,,,,,,,,,,,,,,,,,
,Option,Burgers spéciaux,Américaine légère,,,1.2,1.2,,,,,,,,,,,,,,,,,,,,,,,,,,,,
,Option,Burgers spéciaux,Andalouse,,,1.2,1.2,,,,,,,,,,,,,,,,,,,,,,,,,,,,
,Option,Burgers spéciaux,Barbecue,,,1.2,1.2,,,,,,,,,,,,,,,,,,,,,,,,,,,,
,Option,Burgers spéciaux,Béarnaise,,,1.2,1.2,,,,,,,,,,,,,,,,,,,,,,,,,,,,
,Option,Burgers spéciaux,Bicky burger,,,1.2,1.2,,,,,,,,,,,,,,,,,,,,,,,,,,,,
,Option,Burgers spéciaux,Brazil,,,1.2,1.2,,,,,,,,,,,,,,,,,,,,,,,,,,,,
,Option,Burgers spéciaux,Cocktail,,,1.2,1.2,,,,,,,,,,,,,,,,,,,,,,,,,,,,
,Option,Burgers spéciaux,Curry ketchup,,,1.2,1.2,,,,,,,,,,,,,,,,,,,,,,,,,,,,
,Option,Burgers spéciaux,Géante,,,1.2,1.2,,,,,,,,,,,,,,,,,,,,,,,,,,,,
,Option,Burgers spéciaux,Hawaï,,,1.2,1.2,,,,,,,,,,,,,,,,,,,,,,,,,,,,
,Option,Burgers spéciaux,Ketchup,,,1.2,1.2,,,,,,,,,,,,,,,,,,,,,,,,,,,,
,Option,Burgers spéciaux,Loempia,,,1.2,1.2,,,,,,,,,,,,,,,,,,,,,,,,,,,,
,Option,Burgers spéciaux,Manalouse,,,1.2,1.2,,,,,,,,,,,,,,,,,,,,,,,,,,,,
,Option,Burgers spéciaux,Mayonnaise,,,1.2,1.2,,,,,,,,,,,,,,,,,,,,,,,,,,,,
,Option,Burgers spéciaux,Moutarde,,,1.2,1.2,,,,,,,,,,,,,,,,,,,,,,,,,,,,
,Option,Burgers spéciaux,Pitta à l'ail,,,1.2,1.2,,,,,,,,,,,,,,,,,,,,,,,,,,,,
,Option,Burgers spéciaux,Poivre,,,1.2,1.2,,,,,,,,,,,,,,,,,,,,,,,,,,,,
,Option,Burgers spéciaux,Provençale,,,1.2,1.2,,,,,,,,,,,,,,,,,,,,,,,,,,,,
,Option,Burgers spéciaux,Riche,,,1.2,1.2,,,,,,,,,,,,,,,,,,,,,,,,,,,,
,Option,Burgers spéciaux,Samouraï,,,1.2,1.2,,,,,,,,,,,,,,,,,,,,,,,,,,,,
,Option,Burgers spéciaux,Tartare,,,1.2,1.2,,,,,,,,,,,,,,,,,,,,,,,,,,,,
,Option,Burgers spéciaux,Tomagrec,,,1.2,1.2,,,,,,,,,,,,,,,,,,,,,,,,,,,,
,Option,Burgers spéciaux,Toscane,,,1.2,1.2,,,,,,,,,,,,,,,,,,,,,,,,,,,,
,Option,Burgers spéciaux,Vinaigrette,,,1.2,1.2,,,,,,,,,,,,,,,,,,,,,,,,,,,,
,Option,Burgers spéciaux,Mayonnaise truffe,,,1.2,1.2,,,,,,,,,,,,,,,,,,,,,,,,,,,,
,Option,Burgers spéciaux,Jammie,,,1.2,1.2,,,,,,,,,,,,,,,,,,,,,,,,,,,,
,Option,Burgers spéciaux,Cheas'y,,,1.2,1.2,,,,,,,,,,,,,,,,,,,,,,,,,,,,
,Option,Burgers spéciaux,Dallas,,,1.2,1.2,,,,,,,,,,,,,,,,,,,,,,,,,,,,
,ITEM,Burgers spéciaux,Burger chèvre burger,,"Pain brioché, pur bœuf 120gr, fromage de chèvre lardé, pommes caramélisées, sauce conseillée  : jammie. Choix sauce = sauce dans le pain & sur les frites (si choisis) / Choix extra sauce = sauce en plus dans un pot. Si vous souhaitez 2 sauces mélangée : choisir une sauce et écrire la deuxième sauce en commentaire. Si vous souhaitez la sauce à part pour un burger + frites : précisez en commentaire.",12.2,12.2,,,,,,,,,,,,,,,,,,,,,,,,,,,,
,Option-Group,Burgers spéciaux,Choix sauce (obligatoire),,,,,,,,,,,,,,,,,,,,,,,,,,,,,,,,
,Option,Burgers spéciaux,Sans sauce,,,0,0,,,,,,,,,,,,,,,,,,,,,,,,,,,,
,Option,Burgers spéciaux,Algérienne,,,0,0,,,,,,,,,,,,,,,,,,,,,,,,,,,,
,Option,Burgers spéciaux,Américaine,,,0,0,,,,,,,,,,,,,,,,,,,,,,,,,,,,
,Option,Burgers spéciaux,Américaine forte,,,0,0,,,,,,,,,,,,,,,,,,,,,,,,,,,,
,Option,Burgers spéciaux,Américaine légère,,,0,0,,,,,,,,,,,,,,,,,,,,,,,,,,,,
,Option,Burgers spéciaux,Andalouse,,,0,0,,,,,,,,,,,,,,,,,,,,,,,,,,,,
,Option,Burgers spéciaux,Barbecue,,,0,0,,,,,,,,,,,,,,,,,,,,,,,,,,,,
,Option,Burgers spéciaux,Béarnaise,,,0,0,,,,,,,,,,,,,,,,,,,,,,,,,,,,
,Option,Burgers spéciaux,Bicky burger,,,0,0,,,,,,,,,,,,,,,,,,,,,,,,,,,,
,Option,Burgers spéciaux,Brazil,,,0,0,,,,,,,,,,,,,,,,,,,,,,,,,,,,
,Option,Burgers spéciaux,Cocktail,,,0,0,,,,,,,,,,,,,,,,,,,,,,,,,,,,
,Option,Burgers spéciaux,Curry ketchup,,,0,0,,,,,,,,,,,,,,,,,,,,,,,,,,,,
,Option,Burgers spéciaux,Géante,,,0,0,,,,,,,,,,,,,,,,,,,,,,,,,,,,
,Option,Burgers spéciaux,Hawaï,,,0,0,,,,,,,,,,,,,,,,,,,,,,,,,,,,
,Option,Burgers spéciaux,Ketchup,,,0,0,,,,,,,,,,,,,,,,,,,,,,,,,,,,
,Option,Burgers spéciaux,Loempia,,,0,0,,,,,,,,,,,,,,,,,,,,,,,,,,,,
,Option,Burgers spéciaux,Manalouse,,,0,0,,,,,,,,,,,,,,,,,,,,,,,,,,,,
,Option,Burgers spéciaux,Mayonnaise,,,0,0,,,,,,,,,,,,,,,,,,,,,,,,,,,,
,Option,Burgers spéciaux,Moutarde,,,0,0,,,,,,,,,,,,,,,,,,,,,,,,,,,,
,Option,Burgers spéciaux,Pitta à l'ail,,,0,0,,,,,,,,,,,,,,,,,,,,,,,,,,,,
,Option,Burgers spéciaux,Poivre,,,0,0,,,,,,,,,,,,,,,,,,,,,,,,,,,,
,Option,Burgers spéciaux,Provençale,,,0,0,,,,,,,,,,,,,,,,,,,,,,,,,,,,
,Option,Burgers spéciaux,Riche,,,0,0,,,,,,,,,,,,,,,,,,,,,,,,,,,,
,Option,Burgers spéciaux,Samouraï,,,0,0,,,,,,,,,,,,,,,,,,,,,,,,,,,,
,Option,Burgers spéciaux,Tartare,,,0,0,,,,,,,,,,,,,,,,,,,,,,,,,,,,
,Option,Burgers spéciaux,Tomagrec,,,0,0,,,,,,,,,,,,,,,,,,,,,,,,,,,,
,Option,Burgers spéciaux,Toscane,,,0,0,,,,,,,,,,,,,,,,,,,,,,,,,,,,
,Option,Burgers spéciaux,Vinaigrette,,,0,0,,,,,,,,,,,,,,,,,,,,,,,,,,,,
,Option,Burgers spéciaux,Mayonnaise truffe,,,0,0,,,,,,,,,,,,,,,,,,,,,,,,,,,,
,Option,Burgers spéciaux,Jammie,,,0,0,,,,,,,,,,,,,,,,,,,,,,,,,,,,
,Option,Burgers spéciaux,Cheas'y,,,0,0,,,,,,,,,,,,,,,,,,,,,,,,,,,,
,Option,Burgers spéciaux,Dallas,,,0,0,,,,,,,,,,,,,,,,,,,,,,,,,,,,
,Option-Group,Burgers spéciaux,Choix suppléments (facultatif),,,,,,,,,,,,,,,,,,,,,,,,,,,,,,,,
,Option,Burgers spéciaux,Cheese,,,0.7,0.7,,,,,,,,,,,,,,,,,,,,,,,,,,,,
,Option,Burgers spéciaux,Feta,,,0.9,0.9,,,,,,,,,,,,,,,,,,,,,,,,,,,,
,Option,Burgers spéciaux,Frites,,,3,3,,,,,,,,,,,,,,,,,,,,,,,,,,,,
,Option-Group,Burgers spéciaux,Choix extra sauces (facultatif),,,,,,,,,,,,,,,,,,,,,,,,,,,,,,,,
,Option,Burgers spéciaux,Algérienne,,,0,0,,,,,,,,,,,,,,,,,,,,,,,,,,,,
,Option,Burgers spéciaux,Américaine,,,1.2,1.2,,,,,,,,,,,,,,,,,,,,,,,,,,,,
,Option,Burgers spéciaux,Américaine forte,,,1.2,1.2,,,,,,,,,,,,,,,,,,,,,,,,,,,,
,Option,Burgers spéciaux,Américaine légère,,,1.2,1.2,,,,,,,,,,,,,,,,,,,,,,,,,,,,
,Option,Burgers spéciaux,Andalouse,,,1.2,1.2,,,,,,,,,,,,,,,,,,,,,,,,,,,,
,Option,Burgers spéciaux,Barbecue,,,1.2,1.2,,,,,,,,,,,,,,,,,,,,,,,,,,,,
,Option,Burgers spéciaux,Béarnaise,,,1.2,1.2,,,,,,,,,,,,,,,,,,,,,,,,,,,,
,Option,Burgers spéciaux,Bicky burger,,,1.2,1.2,,,,,,,,,,,,,,,,,,,,,,,,,,,,
,Option,Burgers spéciaux,Brazil,,,1.2,1.2,,,,,,,,,,,,,,,,,,,,,,,,,,,,
,Option,Burgers spéciaux,Cocktail,,,1.2,1.2,,,,,,,,,,,,,,,,,,,,,,,,,,,,
,Option,Burgers spéciaux,Curry ketchup,,,1.2,1.2,,,,,,,,,,,,,,,,,,,,,,,,,,,,
,Option,Burgers spéciaux,Géante,,,1.2,1.2,,,,,,,,,,,,,,,,,,,,,,,,,,,,
,Option,Burgers spéciaux,Hawaï,,,1.2,1.2,,,,,,,,,,,,,,,,,,,,,,,,,,,,
,Option,Burgers spéciaux,Ketchup,,,1.2,1.2,,,,,,,,,,,,,,,,,,,,,,,,,,,,
,Option,Burgers spéciaux,Loempia,,,1.2,1.2,,,,,,,,,,,,,,,,,,,,,,,,,,,,
,Option,Burgers spéciaux,Manalouse,,,1.2,1.2,,,,,,,,,,,,,,,,,,,,,,,,,,,,
,Option,Burgers spéciaux,Mayonnaise,,,1.2,1.2,,,,,,,,,,,,,,,,,,,,,,,,,,,,
,Option,Burgers spéciaux,Moutarde,,,1.2,1.2,,,,,,,,,,,,,,,,,,,,,,,,,,,,
,Option,Burgers spéciaux,Pitta à l'ail,,,1.2,1.2,,,,,,,,,,,,,,,,,,,,,,,,,,,,
,Option,Burgers spéciaux,Poivre,,,1.2,1.2,,,,,,,,,,,,,,,,,,,,,,,,,,,,
,Option,Burgers spéciaux,Provençale,,,1.2,1.2,,,,,,,,,,,,,,,,,,,,,,,,,,,,
,Option,Burgers spéciaux,Riche,,,1.2,1.2,,,,,,,,,,,,,,,,,,,,,,,,,,,,
,Option,Burgers spéciaux,Samouraï,,,1.2,1.2,,,,,,,,,,,,,,,,,,,,,,,,,,,,
,Option,Burgers spéciaux,Tartare,,,1.2,1.2,,,,,,,,,,,,,,,,,,,,,,,,,,,,
,Option,Burgers spéciaux,Tomagrec,,,1.2,1.2,,,,,,,,,,,,,,,,,,,,,,,,,,,,
,Option,Burgers spéciaux,Toscane,,,1.2,1.2,,,,,,,,,,,,,,,,,,,,,,,,,,,,
,Option,Burgers spéciaux,Vinaigrette,,,1.2,1.2,,,,,,,,,,,,,,,,,,,,,,,,,,,,
,Option,Burgers spéciaux,Mayonnaise truffe,,,1.2,1.2,,,,,,,,,,,,,,,,,,,,,,,,,,,,
,Option,Burgers spéciaux,Jammie,,,1.2,1.2,,,,,,,,,,,,,,,,,,,,,,,,,,,,
,Option,Burgers spéciaux,Cheas'y,,,1.2,1.2,,,,,,,,,,,,,,,,,,,,,,,,,,,,
,Option,Burgers spéciaux,Dallas,,,1.2,1.2,,,,,,,,,,,,,,,,,,,,,,,,,,,,
,ITEM,Burgers spéciaux,Wagyu burger,,"Ce burger se compose d'une viande reconnue pour sa tendreté et saveur accompagnée d'un pain brioché, d'une fine couche de mayonnaise à la truffe (sauce conseillée), salade, oignons frais et carottes râpées. Choix sauce = sauce dans le pain & sur les frites (si choisis) / Choix extra sauce = sauce en plus dans un pot. Si vous souhaitez 2 sauces mélangée : choisir une sauce et écrire la deuxième sauce en commentaire. Si vous souhaitez la sauce à part pour un burger + frites : précisez en commentaire.",17,17,,,,,,,,,,,,,,,,,,,,,,,,,,,,
,Option-Group,Burgers spéciaux,Choix sauce (obligatoire),,,,,,,,,,,,,,,,,,,,,,,,,,,,,,,,
,Option,Burgers spéciaux,Sans sauce,,,0,0,,,,,,,,,,,,,,,,,,,,,,,,,,,,
,Option,Burgers spéciaux,Algérienne,,,0,0,,,,,,,,,,,,,,,,,,,,,,,,,,,,
,Option,Burgers spéciaux,Américaine,,,0,0,,,,,,,,,,,,,,,,,,,,,,,,,,,,
,Option,Burgers spéciaux,Américaine forte,,,0,0,,,,,,,,,,,,,,,,,,,,,,,,,,,,
,Option,Burgers spéciaux,Américaine légère,,,0,0,,,,,,,,,,,,,,,,,,,,,,,,,,,,
,Option,Burgers spéciaux,Andalouse,,,0,0,,,,,,,,,,,,,,,,,,,,,,,,,,,,
,Option,Burgers spéciaux,Barbecue,,,0,0,,,,,,,,,,,,,,,,,,,,,,,,,,,,
,Option,Burgers spéciaux,Béarnaise,,,0,0,,,,,,,,,,,,,,,,,,,,,,,,,,,,
,Option,Burgers spéciaux,Bicky burger,,,0,0,,,,,,,,,,,,,,,,,,,,,,,,,,,,
,Option,Burgers spéciaux,Brazil,,,0,0,,,,,,,,,,,,,,,,,,,,,,,,,,,,
,Option,Burgers spéciaux,Cocktail,,,0,0,,,,,,,,,,,,,,,,,,,,,,,,,,,,
,Option,Burgers spéciaux,Curry ketchup,,,0,0,,,,,,,,,,,,,,,,,,,,,,,,,,,,
,Option,Burgers spéciaux,Géante,,,0,0,,,,,,,,,,,,,,,,,,,,,,,,,,,,
,Option,Burgers spéciaux,Hawaï,,,0,0,,,,,,,,,,,,,,,,,,,,,,,,,,,,
,Option,Burgers spéciaux,Ketchup,,,0,0,,,,,,,,,,,,,,,,,,,,,,,,,,,,
,Option,Burgers spéciaux,Loempia,,,0,0,,,,,,,,,,,,,,,,,,,,,,,,,,,,
,Option,Burgers spéciaux,Manalouse,,,0,0,,,,,,,,,,,,,,,,,,,,,,,,,,,,
,Option,Burgers spéciaux,Mayonnaise,,,0,0,,,,,,,,,,,,,,,,,,,,,,,,,,,,
,Option,Burgers spéciaux,Moutarde,,,0,0,,,,,,,,,,,,,,,,,,,,,,,,,,,,
,Option,Burgers spéciaux,Pitta à l'ail,,,0,0,,,,,,,,,,,,,,,,,,,,,,,,,,,,
,Option,Burgers spéciaux,Poivre,,,0,0,,,,,,,,,,,,,,,,,,,,,,,,,,,,
,Option,Burgers spéciaux,Provençale,,,0,0,,,,,,,,,,,,,,,,,,,,,,,,,,,,
,Option,Burgers spéciaux,Riche,,,0,0,,,,,,,,,,,,,,,,,,,,,,,,,,,,
,Option,Burgers spéciaux,Samouraï,,,0,0,,,,,,,,,,,,,,,,,,,,,,,,,,,,
,Option,Burgers spéciaux,Tartare,,,0,0,,,,,,,,,,,,,,,,,,,,,,,,,,,,
,Option,Burgers spéciaux,Tomagrec,,,0,0,,,,,,,,,,,,,,,,,,,,,,,,,,,,
,Option,Burgers spéciaux,Toscane,,,0,0,,,,,,,,,,,,,,,,,,,,,,,,,,,,
,Option,Burgers spéciaux,Vinaigrette,,,0,0,,,,,,,,,,,,,,,,,,,,,,,,,,,,
,Option,Burgers spéciaux,Mayonnaise truffe,,,0,0,,,,,,,,,,,,,,,,,,,,,,,,,,,,
,Option,Burgers spéciaux,Jammie,,,0,0,,,,,,,,,,,,,,,,,,,,,,,,,,,,
,Option,Burgers spéciaux,Cheas'y,,,0,0,,,,,,,,,,,,,,,,,,,,,,,,,,,,
,Option,Burgers spéciaux,Dallas,,,0,0,,,,,,,,,,,,,,,,,,,,,,,,,,,,
,Option-Group,Burgers spéciaux,Choix suppléments (facultatif),,,,,,,,,,,,,,,,,,,,,,,,,,,,,,,,
,Option,Burgers spéciaux,Cheese,,,0.7,0.7,,,,,,,,,,,,,,,,,,,,,,,,,,,,
,Option,Burgers spéciaux,Feta,,,0.9,0.9,,,,,,,,,,,,,,,,,,,,,,,,,,,,
,Option,Burgers spéciaux,Frites,,,3,3,,,,,,,,,,,,,,,,,,,,,,,,,,,,
,Option-Group,Burgers spéciaux,Choix extra sauces (facultatif),,,,,,,,,,,,,,,,,,,,,,,,,,,,,,,,
,Option,Burgers spéciaux,Algérienne,,,0,0,,,,,,,,,,,,,,,,,,,,,,,,,,,,
,Option,Burgers spéciaux,Américaine,,,1.2,1.2,,,,,,,,,,,,,,,,,,,,,,,,,,,,
,Option,Burgers spéciaux,Américaine forte,,,1.2,1.2,,,,,,,,,,,,,,,,,,,,,,,,,,,,
,Option,Burgers spéciaux,Américaine légère,,,1.2,1.2,,,,,,,,,,,,,,,,,,,,,,,,,,,,
,Option,Burgers spéciaux,Andalouse,,,1.2,1.2,,,,,,,,,,,,,,,,,,,,,,,,,,,,
,Option,Burgers spéciaux,Barbecue,,,1.2,1.2,,,,,,,,,,,,,,,,,,,,,,,,,,,,
,Option,Burgers spéciaux,Béarnaise,,,1.2,1.2,,,,,,,,,,,,,,,,,,,,,,,,,,,,
,Option,Burgers spéciaux,Bicky burger,,,1.2,1.2,,,,,,,,,,,,,,,,,,,,,,,,,,,,
,Option,Burgers spéciaux,Brazil,,,1.2,1.2,,,,,,,,,,,,,,,,,,,,,,,,,,,,
,Option,Burgers spéciaux,Cocktail,,,1.2,1.2,,,,,,,,,,,,,,,,,,,,,,,,,,,,
,Option,Burgers spéciaux,Curry ketchup,,,1.2,1.2,,,,,,,,,,,,,,,,,,,,,,,,,,,,
,Option,Burgers spéciaux,Géante,,,1.2,1.2,,,,,,,,,,,,,,,,,,,,,,,,,,,,
,Option,Burgers spéciaux,Hawaï,,,1.2,1.2,,,,,,,,,,,,,,,,,,,,,,,,,,,,
,Option,Burgers spéciaux,Ketchup,,,1.2,1.2,,,,,,,,,,,,,,,,,,,,,,,,,,,,
,Option,Burgers spéciaux,Loempia,,,1.2,1.2,,,,,,,,,,,,,,,,,,,,,,,,,,,,
,Option,Burgers spéciaux,Manalouse,,,1.2,1.2,,,,,,,,,,,,,,,,,,,,,,,,,,,,
,Option,Burgers spéciaux,Mayonnaise,,,1.2,1.2,,,,,,,,,,,,,,,,,,,,,,,,,,,,
,Option,Burgers spéciaux,Moutarde,,,1.2,1.2,,,,,,,,,,,,,,,,,,,,,,,,,,,,
,Option,Burgers spéciaux,Pitta à l'ail,,,1.2,1.2,,,,,,,,,,,,,,,,,,,,,,,,,,,,
,Option,Burgers spéciaux,Poivre,,,1.2,1.2,,,,,,,,,,,,,,,,,,,,,,,,,,,,
,Option,Burgers spéciaux,Provençale,,,1.2,1.2,,,,,,,,,,,,,,,,,,,,,,,,,,,,
,Option,Burgers spéciaux,Riche,,,1.2,1.2,,,,,,,,,,,,,,,,,,,,,,,,,,,,
,Option,Burgers spéciaux,Samouraï,,,1.2,1.2,,,,,,,,,,,,,,,,,,,,,,,,,,,,
,Option,Burgers spéciaux,Tartare,,,1.2,1.2,,,,,,,,,,,,,,,,,,,,,,,,,,,,
,Option,Burgers spéciaux,Tomagrec,,,1.2,1.2,,,,,,,,,,,,,,,,,,,,,,,,,,,,
,Option,Burgers spéciaux,Toscane,,,1.2,1.2,,,,,,,,,,,,,,,,,,,,,,,,,,,,
,Option,Burgers spéciaux,Vinaigrette,,,1.2,1.2,,,,,,,,,,,,,,,,,,,,,,,,,,,,
,Option,Burgers spéciaux,Mayonnaise truffe,,,1.2,1.2,,,,,,,,,,,,,,,,,,,,,,,,,,,,
,Option,Burgers spéciaux,Jammie,,,1.2,1.2,,,,,,,,,,,,,,,,,,,,,,,,,,,,
,Option,Burgers spéciaux,Cheas'y,,,1.2,1.2,,,,,,,,,,,,,,,,,,,,,,,,,,,,
,Option,Burgers spéciaux,Dallas,,,1.2,1.2,,,,,,,,,,,,,,,,,,,,,,,,,,,,
,ITEM,Burgers spéciaux,Black Burger,,"Pain noir, Pur boeuf 120g, salade, tomates, oignons rouges, sauce conseillée :  ketchup. Choix sauce = sauce dans le pain & sur les frites (si choisis) / Choix extra sauce = sauce en plus dans un pot. Si vous souhaitez 2 sauces mélangée : choisir une sauce et écrire la deuxième sauce en commentaire. Si vous souhaitez la sauce à part pour un burger + frites : précisez en commentaire.",12.2,12.2,,,,,,,,,,,,,,,,,,,,,,,,,,,,
,Option-Group,Burgers spéciaux,Choix sauce (obligatoire),,,,,,,,,,,,,,,,,,,,,,,,,,,,,,,,
,Option,Burgers spéciaux,Sans sauce,,,0,0,,,,,,,,,,,,,,,,,,,,,,,,,,,,
,Option,Burgers spéciaux,Algérienne,,,0,0,,,,,,,,,,,,,,,,,,,,,,,,,,,,
,Option,Burgers spéciaux,Américaine,,,0,0,,,,,,,,,,,,,,,,,,,,,,,,,,,,
,Option,Burgers spéciaux,Américaine forte,,,0,0,,,,,,,,,,,,,,,,,,,,,,,,,,,,
,Option,Burgers spéciaux,Américaine légère,,,0,0,,,,,,,,,,,,,,,,,,,,,,,,,,,,
,Option,Burgers spéciaux,Andalouse,,,0,0,,,,,,,,,,,,,,,,,,,,,,,,,,,,
,Option,Burgers spéciaux,Barbecue,,,0,0,,,,,,,,,,,,,,,,,,,,,,,,,,,,
,Option,Burgers spéciaux,Béarnaise,,,0,0,,,,,,,,,,,,,,,,,,,,,,,,,,,,
,Option,Burgers spéciaux,Bicky burger,,,0,0,,,,,,,,,,,,,,,,,,,,,,,,,,,,
,Option,Burgers spéciaux,Brazil,,,0,0,,,,,,,,,,,,,,,,,,,,,,,,,,,,
,Option,Burgers spéciaux,Cocktail,,,0,0,,,,,,,,,,,,,,,,,,,,,,,,,,,,
,Option,Burgers spéciaux,Curry ketchup,,,0,0,,,,,,,,,,,,,,,,,,,,,,,,,,,,
,Option,Burgers spéciaux,Géante,,,0,0,,,,,,,,,,,,,,,,,,,,,,,,,,,,
,Option,Burgers spéciaux,Hawaï,,,0,0,,,,,,,,,,,,,,,,,,,,,,,,,,,,
,Option,Burgers spéciaux,Ketchup,,,0,0,,,,,,,,,,,,,,,,,,,,,,,,,,,,
,Option,Burgers spéciaux,Loempia,,,0,0,,,,,,,,,,,,,,,,,,,,,,,,,,,,
,Option,Burgers spéciaux,Manalouse,,,0,0,,,,,,,,,,,,,,,,,,,,,,,,,,,,
,Option,Burgers spéciaux,Mayonnaise,,,0,0,,,,,,,,,,,,,,,,,,,,,,,,,,,,
,Option,Burgers spéciaux,Moutarde,,,0,0,,,,,,,,,,,,,,,,,,,,,,,,,,,,
,Option,Burgers spéciaux,Pitta à l'ail,,,0,0,,,,,,,,,,,,,,,,,,,,,,,,,,,,
,Option,Burgers spéciaux,Poivre,,,0,0,,,,,,,,,,,,,,,,,,,,,,,,,,,,
,Option,Burgers spéciaux,Provençale,,,0,0,,,,,,,,,,,,,,,,,,,,,,,,,,,,
,Option,Burgers spéciaux,Riche,,,0,0,,,,,,,,,,,,,,,,,,,,,,,,,,,,
,Option,Burgers spéciaux,Samouraï,,,0,0,,,,,,,,,,,,,,,,,,,,,,,,,,,,
,Option,Burgers spéciaux,Tartare,,,0,0,,,,,,,,,,,,,,,,,,,,,,,,,,,,
,Option,Burgers spéciaux,Tomagrec,,,0,0,,,,,,,,,,,,,,,,,,,,,,,,,,,,
,Option,Burgers spéciaux,Toscane,,,0,0,,,,,,,,,,,,,,,,,,,,,,,,,,,,
,Option,Burgers spéciaux,Vinaigrette,,,0,0,,,,,,,,,,,,,,,,,,,,,,,,,,,,
,Option,Burgers spéciaux,Mayonnaise truffe,,,0,0,,,,,,,,,,,,,,,,,,,,,,,,,,,,
,Option,Burgers spéciaux,Jammie,,,0,0,,,,,,,,,,,,,,,,,,,,,,,,,,,,
,Option,Burgers spéciaux,Cheas'y,,,0,0,,,,,,,,,,,,,,,,,,,,,,,,,,,,
,Option,Burgers spéciaux,Dallas,,,0,0,,,,,,,,,,,,,,,,,,,,,,,,,,,,
,Option-Group,Burgers spéciaux,Choix suppléments (facultatif),,,,,,,,,,,,,,,,,,,,,,,,,,,,,,,,
,Option,Burgers spéciaux,Cheese,,,0.7,0.7,,,,,,,,,,,,,,,,,,,,,,,,,,,,
,Option,Burgers spéciaux,Feta,,,0.9,0.9,,,,,,,,,,,,,,,,,,,,,,,,,,,,
,Option,Burgers spéciaux,Frites,,,3,3,,,,,,,,,,,,,,,,,,,,,,,,,,,,
,Option-Group,Burgers spéciaux,Choix extra sauces (facultatif),,,,,,,,,,,,,,,,,,,,,,,,,,,,,,,,
,Option,Burgers spéciaux,Algérienne,,,0,0,,,,,,,,,,,,,,,,,,,,,,,,,,,,
,Option,Burgers spéciaux,Américaine,,,1.2,1.2,,,,,,,,,,,,,,,,,,,,,,,,,,,,
,Option,Burgers spéciaux,Américaine forte,,,1.2,1.2,,,,,,,,,,,,,,,,,,,,,,,,,,,,
,Option,Burgers spéciaux,Américaine légère,,,1.2,1.2,,,,,,,,,,,,,,,,,,,,,,,,,,,,
,Option,Burgers spéciaux,Andalouse,,,1.2,1.2,,,,,,,,,,,,,,,,,,,,,,,,,,,,
,Option,Burgers spéciaux,Barbecue,,,1.2,1.2,,,,,,,,,,,,,,,,,,,,,,,,,,,,
,Option,Burgers spéciaux,Béarnaise,,,1.2,1.2,,,,,,,,,,,,,,,,,,,,,,,,,,,,
,Option,Burgers spéciaux,Bicky burger,,,1.2,1.2,,,,,,,,,,,,,,,,,,,,,,,,,,,,
,Option,Burgers spéciaux,Brazil,,,1.2,1.2,,,,,,,,,,,,,,,,,,,,,,,,,,,,
,Option,Burgers spéciaux,Cocktail,,,1.2,1.2,,,,,,,,,,,,,,,,,,,,,,,,,,,,
,Option,Burgers spéciaux,Curry ketchup,,,1.2,1.2,,,,,,,,,,,,,,,,,,,,,,,,,,,,
,Option,Burgers spéciaux,Géante,,,1.2,1.2,,,,,,,,,,,,,,,,,,,,,,,,,,,,
,Option,Burgers spéciaux,Hawaï,,,1.2,1.2,,,,,,,,,,,,,,,,,,,,,,,,,,,,
,Option,Burgers spéciaux,Ketchup,,,1.2,1.2,,,,,,,,,,,,,,,,,,,,,,,,,,,,
,Option,Burgers spéciaux,Loempia,,,1.2,1.2,,,,,,,,,,,,,,,,,,,,,,,,,,,,
,Option,Burgers spéciaux,Manalouse,,,1.2,1.2,,,,,,,,,,,,,,,,,,,,,,,,,,,,
,Option,Burgers spéciaux,Mayonnaise,,,1.2,1.2,,,,,,,,,,,,,,,,,,,,,,,,,,,,
,Option,Burgers spéciaux,Moutarde,,,1.2,1.2,,,,,,,,,,,,,,,,,,,,,,,,,,,,
,Option,Burgers spéciaux,Pitta à l'ail,,,1.2,1.2,,,,,,,,,,,,,,,,,,,,,,,,,,,,
,Option,Burgers spéciaux,Poivre,,,1.2,1.2,,,,,,,,,,,,,,,,,,,,,,,,,,,,
,Option,Burgers spéciaux,Provençale,,,1.2,1.2,,,,,,,,,,,,,,,,,,,,,,,,,,,,
,Option,Burgers spéciaux,Riche,,,1.2,1.2,,,,,,,,,,,,,,,,,,,,,,,,,,,,
,Option,Burgers spéciaux,Samouraï,,,1.2,1.2,,,,,,,,,,,,,,,,,,,,,,,,,,,,
,Option,Burgers spéciaux,Tartare,,,1.2,1.2,,,,,,,,,,,,,,,,,,,,,,,,,,,,
,Option,Burgers spéciaux,Tomagrec,,,1.2,1.2,,,,,,,,,,,,,,,,,,,,,,,,,,,,
,Option,Burgers spéciaux,Toscane,,,1.2,1.2,,,,,,,,,,,,,,,,,,,,,,,,,,,,
,Option,Burgers spéciaux,Vinaigrette,,,1.2,1.2,,,,,,,,,,,,,,,,,,,,,,,,,,,,
,Option,Burgers spéciaux,Mayonnaise truffe,,,1.2,1.2,,,,,,,,,,,,,,,,,,,,,,,,,,,,
,Option,Burgers spéciaux,Jammie,,,1.2,1.2,,,,,,,,,,,,,,,,,,,,,,,,,,,,
,Option,Burgers spéciaux,Cheas'y,,,1.2,1.2,,,,,,,,,,,,,,,,,,,,,,,,,,,,
,Option,Burgers spéciaux,Dallas,,,1.2,1.2,,,,,,,,,,,,,,,,,,,,,,,,,,,,
,ITEM,Burgers spéciaux,Burger aux scampis,,"Pain rustique , sauce conseillée : tartare, burger de scampis, salade, oignons frais. Choix sauce = sauce dans le pain & sur les frites (si choisis) / Choix extra sauce = sauce en plus dans un pot. Si vous souhaitez 2 sauces mélangée : choisir une sauce et écrire la deuxième sauce en commentaire. Si vous souhaitez la sauce à part pour un burger + frites : précisez en commentaire.",15.2,15.2,,,,,,,,,,,,,,,,,,,,,,,,,,,,
,Option-Group,Burgers spéciaux,Choix sauce (obligatoire),,,,,,,,,,,,,,,,,,,,,,,,,,,,,,,,
,Option,Burgers spéciaux,Sans sauce,,,0,0,,,,,,,,,,,,,,,,,,,,,,,,,,,,
,Option,Burgers spéciaux,Algérienne,,,0,0,,,,,,,,,,,,,,,,,,,,,,,,,,,,
,Option,Burgers spéciaux,Américaine,,,0,0,,,,,,,,,,,,,,,,,,,,,,,,,,,,
,Option,Burgers spéciaux,Américaine forte,,,0,0,,,,,,,,,,,,,,,,,,,,,,,,,,,,
,Option,Burgers spéciaux,Américaine légère,,,0,0,,,,,,,,,,,,,,,,,,,,,,,,,,,,
,Option,Burgers spéciaux,Andalouse,,,0,0,,,,,,,,,,,,,,,,,,,,,,,,,,,,
,Option,Burgers spéciaux,Barbecue,,,0,0,,,,,,,,,,,,,,,,,,,,,,,,,,,,
,Option,Burgers spéciaux,Béarnaise,,,0,0,,,,,,,,,,,,,,,,,,,,,,,,,,,,
,Option,Burgers spéciaux,Bicky burger,,,0,0,,,,,,,,,,,,,,,,,,,,,,,,,,,,
,Option,Burgers spéciaux,Brazil,,,0,0,,,,,,,,,,,,,,,,,,,,,,,,,,,,
,Option,Burgers spéciaux,Cocktail,,,0,0,,,,,,,,,,,,,,,,,,,,,,,,,,,,
,Option,Burgers spéciaux,Curry ketchup,,,0,0,,,,,,,,,,,,,,,,,,,,,,,,,,,,
,Option,Burgers spéciaux,Géante,,,0,0,,,,,,,,,,,,,,,,,,,,,,,,,,,,
,Option,Burgers spéciaux,Hawaï,,,0,0,,,,,,,,,,,,,,,,,,,,,,,,,,,,
,Option,Burgers spéciaux,Ketchup,,,0,0,,,,,,,,,,,,,,,,,,,,,,,,,,,,
,Option,Burgers spéciaux,Loempia,,,0,0,,,,,,,,,,,,,,,,,,,,,,,,,,,,
,Option,Burgers spéciaux,Manalouse,,,0,0,,,,,,,,,,,,,,,,,,,,,,,,,,,,
,Option,Burgers spéciaux,Mayonnaise,,,0,0,,,,,,,,,,,,,,,,,,,,,,,,,,,,
,Option,Burgers spéciaux,Moutarde,,,0,0,,,,,,,,,,,,,,,,,,,,,,,,,,,,
,Option,Burgers spéciaux,Pitta à l'ail,,,0,0,,,,,,,,,,,,,,,,,,,,,,,,,,,,
,Option,Burgers spéciaux,Poivre,,,0,0,,,,,,,,,,,,,,,,,,,,,,,,,,,,
,Option,Burgers spéciaux,Provençale,,,0,0,,,,,,,,,,,,,,,,,,,,,,,,,,,,
,Option,Burgers spéciaux,Riche,,,0,0,,,,,,,,,,,,,,,,,,,,,,,,,,,,
,Option,Burgers spéciaux,Samouraï,,,0,0,,,,,,,,,,,,,,,,,,,,,,,,,,,,
,Option,Burgers spéciaux,Tartare,,,0,0,,,,,,,,,,,,,,,,,,,,,,,,,,,,
,Option,Burgers spéciaux,Tomagrec,,,0,0,,,,,,,,,,,,,,,,,,,,,,,,,,,,
,Option,Burgers spéciaux,Toscane,,,0,0,,,,,,,,,,,,,,,,,,,,,,,,,,,,
,Option,Burgers spéciaux,Vinaigrette,,,0,0,,,,,,,,,,,,,,,,,,,,,,,,,,,,
,Option,Burgers spéciaux,Mayonnaise truffe,,,0,0,,,,,,,,,,,,,,,,,,,,,,,,,,,,
,Option,Burgers spéciaux,Jammie,,,0,0,,,,,,,,,,,,,,,,,,,,,,,,,,,,
,Option,Burgers spéciaux,Cheas'y,,,0,0,,,,,,,,,,,,,,,,,,,,,,,,,,,,
,Option,Burgers spéciaux,Dallas,,,0,0,,,,,,,,,,,,,,,,,,,,,,,,,,,,
,Option-Group,Burgers spéciaux,Choix suppléments (facultatif),,,,,,,,,,,,,,,,,,,,,,,,,,,,,,,,
,Option,Burgers spéciaux,Cheese,,,0.7,0.7,,,,,,,,,,,,,,,,,,,,,,,,,,,,
,Option,Burgers spéciaux,Feta,,,0.9,0.9,,,,,,,,,,,,,,,,,,,,,,,,,,,,
,Option,Burgers spéciaux,Frites,,,3,3,,,,,,,,,,,,,,,,,,,,,,,,,,,,
,Option-Group,Burgers spéciaux,Choix extra sauces (facultatif),,,,,,,,,,,,,,,,,,,,,,,,,,,,,,,,
,Option,Burgers spéciaux,Algérienne,,,0,0,,,,,,,,,,,,,,,,,,,,,,,,,,,,
,Option,Burgers spéciaux,Américaine,,,1.2,1.2,,,,,,,,,,,,,,,,,,,,,,,,,,,,
,Option,Burgers spéciaux,Américaine forte,,,1.2,1.2,,,,,,,,,,,,,,,,,,,,,,,,,,,,
,Option,Burgers spéciaux,Américaine légère,,,1.2,1.2,,,,,,,,,,,,,,,,,,,,,,,,,,,,
,Option,Burgers spéciaux,Andalouse,,,1.2,1.2,,,,,,,,,,,,,,,,,,,,,,,,,,,,
,Option,Burgers spéciaux,Barbecue,,,1.2,1.2,,,,,,,,,,,,,,,,,,,,,,,,,,,,
,Option,Burgers spéciaux,Béarnaise,,,1.2,1.2,,,,,,,,,,,,,,,,,,,,,,,,,,,,
,Option,Burgers spéciaux,Bicky burger,,,1.2,1.2,,,,,,,,,,,,,,,,,,,,,,,,,,,,
,Option,Burgers spéciaux,Brazil,,,1.2,1.2,,,,,,,,,,,,,,,,,,,,,,,,,,,,
,Option,Burgers spéciaux,Cocktail,,,1.2,1.2,,,,,,,,,,,,,,,,,,,,,,,,,,,,
,Option,Burgers spéciaux,Curry ketchup,,,1.2,1.2,,,,,,,,,,,,,,,,,,,,,,,,,,,,
,Option,Burgers spéciaux,Géante,,,1.2,1.2,,,,,,,,,,,,,,,,,,,,,,,,,,,,
,Option,Burgers spéciaux,Hawaï,,,1.2,1.2,,,,,,,,,,,,,,,,,,,,,,,,,,,,
,Option,Burgers spéciaux,Ketchup,,,1.2,1.2,,,,,,,,,,,,,,,,,,,,,,,,,,,,
,Option,Burgers spéciaux,Loempia,,,1.2,1.2,,,,,,,,,,,,,,,,,,,,,,,,,,,,
,Option,Burgers spéciaux,Manalouse,,,1.2,1.2,,,,,,,,,,,,,,,,,,,,,,,,,,,,
,Option,Burgers spéciaux,Mayonnaise,,,1.2,1.2,,,,,,,,,,,,,,,,,,,,,,,,,,,,
,Option,Burgers spéciaux,Moutarde,,,1.2,1.2,,,,,,,,,,,,,,,,,,,,,,,,,,,,
,Option,Burgers spéciaux,Pitta à l'ail,,,1.2,1.2,,,,,,,,,,,,,,,,,,,,,,,,,,,,
,Option,Burgers spéciaux,Poivre,,,1.2,1.2,,,,,,,,,,,,,,,,,,,,,,,,,,,,
,Option,Burgers spéciaux,Provençale,,,1.2,1.2,,,,,,,,,,,,,,,,,,,,,,,,,,,,
,Option,Burgers spéciaux,Riche,,,1.2,1.2,,,,,,,,,,,,,,,,,,,,,,,,,,,,
,Option,Burgers spéciaux,Samouraï,,,1.2,1.2,,,,,,,,,,,,,,,,,,,,,,,,,,,,
,Option,Burgers spéciaux,Tartare,,,1.2,1.2,,,,,,,,,,,,,,,,,,,,,,,,,,,,
,Option,Burgers spéciaux,Tomagrec,,,1.2,1.2,,,,,,,,,,,,,,,,,,,,,,,,,,,,
,Option,Burgers spéciaux,Toscane,,,1.2,1.2,,,,,,,,,,,,,,,,,,,,,,,,,,,,
,Option,Burgers spéciaux,Vinaigrette,,,1.2,1.2,,,,,,,,,,,,,,,,,,,,,,,,,,,,
,Option,Burgers spéciaux,Mayonnaise truffe,,,1.2,1.2,,,,,,,,,,,,,,,,,,,,,,,,,,,,
,Option,Burgers spéciaux,Jammie,,,1.2,1.2,,,,,,,,,,,,,,,,,,,,,,,,,,,,
,Option,Burgers spéciaux,Cheas'y,,,1.2,1.2,,,,,,,,,,,,,,,,,,,,,,,,,,,,
,Option,Burgers spéciaux,Dallas,,,1.2,1.2,,,,,,,,,,,,,,,,,,,,,,,,,,,,
,ITEM,Burgers spéciaux,Diable rouge burger,,"Pain noir & rouge, 2 pur boeuf, 2 cheddar, salade sauce conseillée : samurai. Choix sauce = sauce dans le pain & sur les frites (si choisis) / Choix extra sauce = sauce en plus dans un pot. Si vous souhaitez 2 sauces mélangée : choisir une sauce et écrire la deuxième sauce en commentaire. Si vous souhaitez la sauce à part pour un burger + frites : précisez en commentaire.",13.8,13.8,,,,,,,,,,,,,,,,,,,,,,,,,,,,
,Option-Group,Burgers spéciaux,Choix sauce (obligatoire),,,,,,,,,,,,,,,,,,,,,,,,,,,,,,,,
,Option,Burgers spéciaux,Sans sauce,,,0,0,,,,,,,,,,,,,,,,,,,,,,,,,,,,
,Option,Burgers spéciaux,Algérienne,,,0,0,,,,,,,,,,,,,,,,,,,,,,,,,,,,
,Option,Burgers spéciaux,Américaine,,,0,0,,,,,,,,,,,,,,,,,,,,,,,,,,,,
,Option,Burgers spéciaux,Américaine forte,,,0,0,,,,,,,,,,,,,,,,,,,,,,,,,,,,
,Option,Burgers spéciaux,Américaine légère,,,0,0,,,,,,,,,,,,,,,,,,,,,,,,,,,,
,Option,Burgers spéciaux,Andalouse,,,0,0,,,,,,,,,,,,,,,,,,,,,,,,,,,,
,Option,Burgers spéciaux,Barbecue,,,0,0,,,,,,,,,,,,,,,,,,,,,,,,,,,,
,Option,Burgers spéciaux,Béarnaise,,,0,0,,,,,,,,,,,,,,,,,,,,,,,,,,,,
,Option,Burgers spéciaux,Bicky burger,,,0,0,,,,,,,,,,,,,,,,,,,,,,,,,,,,
,Option,Burgers spéciaux,Brazil,,,0,0,,,,,,,,,,,,,,,,,,,,,,,,,,,,
,Option,Burgers spéciaux,Cocktail,,,0,0,,,,,,,,,,,,,,,,,,,,,,,,,,,,
,Option,Burgers spéciaux,Curry ketchup,,,0,0,,,,,,,,,,,,,,,,,,,,,,,,,,,,
,Option,Burgers spéciaux,Géante,,,0,0,,,,,,,,,,,,,,,,,,,,,,,,,,,,
,Option,Burgers spéciaux,Hawaï,,,0,0,,,,,,,,,,,,,,,,,,,,,,,,,,,,
,Option,Burgers spéciaux,Ketchup,,,0,0,,,,,,,,,,,,,,,,,,,,,,,,,,,,
,Option,Burgers spéciaux,Loempia,,,0,0,,,,,,,,,,,,,,,,,,,,,,,,,,,,
,Option,Burgers spéciaux,Manalouse,,,0,0,,,,,,,,,,,,,,,,,,,,,,,,,,,,
,Option,Burgers spéciaux,Mayonnaise,,,0,0,,,,,,,,,,,,,,,,,,,,,,,,,,,,
,Option,Burgers spéciaux,Moutarde,,,0,0,,,,,,,,,,,,,,,,,,,,,,,,,,,,
,Option,Burgers spéciaux,Pitta à l'ail,,,0,0,,,,,,,,,,,,,,,,,,,,,,,,,,,,
,Option,Burgers spéciaux,Poivre,,,0,0,,,,,,,,,,,,,,,,,,,,,,,,,,,,
,Option,Burgers spéciaux,Provençale,,,0,0,,,,,,,,,,,,,,,,,,,,,,,,,,,,
,Option,Burgers spéciaux,Riche,,,0,0,,,,,,,,,,,,,,,,,,,,,,,,,,,,
,Option,Burgers spéciaux,Samouraï,,,0,0,,,,,,,,,,,,,,,,,,,,,,,,,,,,
,Option,Burgers spéciaux,Tartare,,,0,0,,,,,,,,,,,,,,,,,,,,,,,,,,,,
,Option,Burgers spéciaux,Tomagrec,,,0,0,,,,,,,,,,,,,,,,,,,,,,,,,,,,
,Option,Burgers spéciaux,Toscane,,,0,0,,,,,,,,,,,,,,,,,,,,,,,,,,,,
,Option,Burgers spéciaux,Vinaigrette,,,0,0,,,,,,,,,,,,,,,,,,,,,,,,,,,,
,Option,Burgers spéciaux,Mayonnaise truffe,,,0,0,,,,,,,,,,,,,,,,,,,,,,,,,,,,
,Option,Burgers spéciaux,Jammie,,,0,0,,,,,,,,,,,,,,,,,,,,,,,,,,,,
,Option,Burgers spéciaux,Cheas'y,,,0,0,,,,,,,,,,,,,,,,,,,,,,,,,,,,
,Option,Burgers spéciaux,Dallas,,,0,0,,,,,,,,,,,,,,,,,,,,,,,,,,,,
,Option-Group,Burgers spéciaux,Choix suppléments (facultatif),,,,,,,,,,,,,,,,,,,,,,,,,,,,,,,,
,Option,Burgers spéciaux,Cheese,,,0.7,0.7,,,,,,,,,,,,,,,,,,,,,,,,,,,,
,Option,Burgers spéciaux,Feta,,,0.9,0.9,,,,,,,,,,,,,,,,,,,,,,,,,,,,
,Option,Burgers spéciaux,Frites,,,3,3,,,,,,,,,,,,,,,,,,,,,,,,,,,,
,Option-Group,Burgers spéciaux,Choix extra sauces (facultatif),,,,,,,,,,,,,,,,,,,,,,,,,,,,,,,,
,Option,Burgers spéciaux,Algérienne,,,0,0,,,,,,,,,,,,,,,,,,,,,,,,,,,,
,Option,Burgers spéciaux,Américaine,,,1.2,1.2,,,,,,,,,,,,,,,,,,,,,,,,,,,,
,Option,Burgers spéciaux,Américaine forte,,,1.2,1.2,,,,,,,,,,,,,,,,,,,,,,,,,,,,
,Option,Burgers spéciaux,Américaine légère,,,1.2,1.2,,,,,,,,,,,,,,,,,,,,,,,,,,,,
,Option,Burgers spéciaux,Andalouse,,,1.2,1.2,,,,,,,,,,,,,,,,,,,,,,,,,,,,
,Option,Burgers spéciaux,Barbecue,,,1.2,1.2,,,,,,,,,,,,,,,,,,,,,,,,,,,,
,Option,Burgers spéciaux,Béarnaise,,,1.2,1.2,,,,,,,,,,,,,,,,,,,,,,,,,,,,
,Option,Burgers spéciaux,Bicky burger,,,1.2,1.2,,,,,,,,,,,,,,,,,,,,,,,,,,,,
,Option,Burgers spéciaux,Brazil,,,1.2,1.2,,,,,,,,,,,,,,,,,,,,,,,,,,,,
,Option,Burgers spéciaux,Cocktail,,,1.2,1.2,,,,,,,,,,,,,,,,,,,,,,,,,,,,
,Option,Burgers spéciaux,Curry ketchup,,,1.2,1.2,,,,,,,,,,,,,,,,,,,,,,,,,,,,
,Option,Burgers spéciaux,Géante,,,1.2,1.2,,,,,,,,,,,,,,,,,,,,,,,,,,,,
,Option,Burgers spéciaux,Hawaï,,,1.2,1.2,,,,,,,,,,,,,,,,,,,,,,,,,,,,
,Option,Burgers spéciaux,Ketchup,,,1.2,1.2,,,,,,,,,,,,,,,,,,,,,,,,,,,,
,Option,Burgers spéciaux,Loempia,,,1.2,1.2,,,,,,,,,,,,,,,,,,,,,,,,,,,,
,Option,Burgers spéciaux,Manalouse,,,1.2,1.2,,,,,,,,,,,,,,,,,,,,,,,,,,,,
,Option,Burgers spéciaux,Mayonnaise,,,1.2,1.2,,,,,,,,,,,,,,,,,,,,,,,,,,,,
,Option,Burgers spéciaux,Moutarde,,,1.2,1.2,,,,,,,,,,,,,,,,,,,,,,,,,,,,
,Option,Burgers spéciaux,Pitta à l'ail,,,1.2,1.2,,,,,,,,,,,,,,,,,,,,,,,,,,,,
,Option,Burgers spéciaux,Poivre,,,1.2,1.2,,,,,,,,,,,,,,,,,,,,,,,,,,,,
,Option,Burgers spéciaux,Provençale,,,1.2,1.2,,,,,,,,,,,,,,,,,,,,,,,,,,,,
,Option,Burgers spéciaux,Riche,,,1.2,1.2,,,,,,,,,,,,,,,,,,,,,,,,,,,,
,Option,Burgers spéciaux,Samouraï,,,1.2,1.2,,,,,,,,,,,,,,,,,,,,,,,,,,,,
,Option,Burgers spéciaux,Tartare,,,1.2,1.2,,,,,,,,,,,,,,,,,,,,,,,,,,,,
,Option,Burgers spéciaux,Tomagrec,,,1.2,1.2,,,,,,,,,,,,,,,,,,,,,,,,,,,,
,Option,Burgers spéciaux,Toscane,,,1.2,1.2,,,,,,,,,,,,,,,,,,,,,,,,,,,,
,Option,Burgers spéciaux,Vinaigrette,,,1.2,1.2,,,,,,,,,,,,,,,,,,,,,,,,,,,,
,Option,Burgers spéciaux,Mayonnaise truffe,,,1.2,1.2,,,,,,,,,,,,,,,,,,,,,,,,,,,,
,Option,Burgers spéciaux,Jammie,,,1.2,1.2,,,,,,,,,,,,,,,,,,,,,,,,,,,,
,Option,Burgers spéciaux,Cheas'y,,,1.2,1.2,,,,,,,,,,,,,,,,,,,,,,,,,,,,
,Option,Burgers spéciaux,Dallas,,,1.2,1.2,,,,,,,,,,,,,,,,,,,,,,,,,,,,
,ITEM,Box enfant,Box enfant fille,,"Box avec ravier de frites, sauce ketchup - mayo ou au choix et jouet.",7.4,7.4,,,,,,,,,,,,,,,,,,,,,,,,,,,,
,Option-Group,Box enfant,Choix extra viandes (obligatoire),,,,,,,,,,,,,,,,,,,,,,,,,,,,,,,,
,Option,Box enfant,Cervelas,,,4.5,4.5,,,,,,,,,,,,,,,,,,,,,,,,,,,,
,Option,Box enfant,Fricadelle,,,3.1,3.1,,,,,,,,,,,,,,,,,,,,,,,,,,,,
,Option,Box enfant,Fricadelle xxl,,,5.6,5.6,,,,,,,,,,,,,,,,,,,,,,,,,,,,
,Option,Box enfant,Viandelle,,,4.1,4.1,,,,,,,,,,,,,,,,,,,,,,,,,,,,
,Option,Box enfant,Poulycroc,,,4.1,4.1,,,,,,,,,,,,,,,,,,,,,,,,,,,,
,Option,Box enfant,Belcanto,,,4.1,4.1,,,,,,,,,,,,,,,,,,,,,,,,,,,,
,Option,Box enfant,Lucifer,,,4.8,4.8,,,,,,,,,,,,,,,,,,,,,,,,,,,,
,Option,Box enfant,Nuggets,,,5,5,,,,,,,,,,,,,,,,,,,,,,,,,,,,
,Option,Box enfant,Chix fingers,,,5,5,,,,,,,,,,,,,,,,,,,,,,,,,,,,
,Option,Box enfant,Chili cheese,,,5.5,5.5,,,,,,,,,,,,,,,,,,,,,,,,,,,,
,Option,Box enfant,Tenders,,,5.5,5.5,,,,,,,,,,,,,,,,,,,,,,,,,,,,
,Option,Box enfant,Nacho cheese,,,4.4,4.4,,,,,,,,,,,,,,,,,,,,,,,,,,,,
,Option,Box enfant,B'balls,,,5.5,5.5,,,,,,,,,,,,,,,,,,,,,,,,,,,,
,Option,Box enfant,Stick mozzarella,,,5.5,5.5,,,,,,,,,,,,,,,,,,,,,,,,,,,,
,Option,Box enfant,Mini lucifer,,,5.5,5.5,,,,,,,,,,,,,,,,,,,,,,,,,,,,
,Option,Box enfant,Mini loempia,,,5.5,5.5,,,,,,,,,,,,,,,,,,,,,,,,,,,,
,Option,Box enfant,Loempia,,,5.7,5.7,,,,,,,,,,,,,,,,,,,,,,,,,,,,
,Option,Box enfant,Ragoezi,,,4.9,4.9,,,,,,,,,,,,,,,,,,,,,,,,,,,,
,Option,Box enfant,Cheese crack,,,4.2,4.2,,,,,,,,,,,,,,,,,,,,,,,,,,,,
,Option,Box enfant,Taco,,,5.5,5.5,,,,,,,,,,,,,,,,,,,,,,,,,,,,
,Option,Box enfant,Boulette nature,,,3.8,3.8,,,,,,,,,,,,,,,,,,,,,,,,,,,,
,Option,Box enfant,Boulette rôtie,,,5,5,,,,,,,,,,,,,,,,,,,,,,,,,,,,
,Option,Box enfant,Boulette à l'ail,,,4.1,4.1,,,,,,,,,,,,,,,,,,,,,,,,,,,,
,Option,Box enfant,Brochette classique,,,5,5,,,,,,,,,,,,,,,,,,,,,,,,,,,,
,Option,Box enfant,Brochette provençale,,,5.5,5.5,,,,,,,,,,,,,,,,,,,,,,,,,,,,
,Option,Box enfant,Brochette ardennaise,,,5.5,5.5,,,,,,,,,,,,,,,,,,,,,,,,,,,,
,Option,Box enfant,Brochette tzigane,,,4.8,4.8,,,,,,,,,,,,,,,,,,,,,,,,,,,,
,Option,Box enfant,Brochette de dinde,,,5.5,5.5,,,,,,,,,,,,,,,,,,,,,,,,,,,,
,Option,Box enfant,Brochette grizzly,,,6,6,,,,,,,,,,,,,,,,,,,,,,,,,,,,
,Option,Box enfant,Brochette pilon,,,6,6,,,,,,,,,,,,,,,,,,,,,,,,,,,,
,Option,Box enfant,Brochette crispy chicken,,,4.5,4.5,,,,,,,,,,,,,,,,,,,,,,,,,,,,
,Option,Box enfant,Brochette poisson,,,6,6,,,,,,,,,,,,,,,,,,,,,,,,,,,,
,Option,Box enfant,Croquette vol-au-vent,,,4,4,,,,,,,,,,,,,,,,,,,,,,,,,,,,
,Option,Box enfant,Croquette fromage,,,4,4,,,,,,,,,,,,,,,,,,,,,,,,,,,,
,Option,Box enfant,Viande burger,,,3.7,3.7,,,,,,,,,,,,,,,,,,,,,,,,,,,,
,Option,Box enfant,Viande crispy,,,4.3,4.3,,,,,,,,,,,,,,,,,,,,,,,,,,,,
,Option,Box enfant,Viande pur boeuf,,,4.4,4.4,,,,,,,,,,,,,,,,,,,,,,,,,,,,
,Option,Box enfant,Kermesse maison,,,3.2,3.2,,,,,,,,,,,,,,,,,,,,,,,,,,,,
,Option,Box enfant,Poulycroc veggie,,,4.4,4.4,,,,,,,,,,,,,,,,,,,,,,,,,,,,
,Option,Box enfant,Fricadelle veggie,,,3.8,3.8,,,,,,,,,,,,,,,,,,,,,,,,,,,,
,Option-Group,Box enfant,Choix sauce (obligatoire),,,,,,,,,,,,,,,,,,,,,,,,,,,,,,,,
,Option,Box enfant,Sans sauce,,,0,0,,,,,,,,,,,,,,,,,,,,,,,,,,,,
,Option,Box enfant,Algérienne,,,0,0,,,,,,,,,,,,,,,,,,,,,,,,,,,,
,Option,Box enfant,Américaine,,,0,0,,,,,,,,,,,,,,,,,,,,,,,,,,,,
,Option,Box enfant,Américaine forte,,,0,0,,,,,,,,,,,,,,,,,,,,,,,,,,,,
,Option,Box enfant,Américaine légère,,,0,0,,,,,,,,,,,,,,,,,,,,,,,,,,,,
,Option,Box enfant,Andalouse,,,0,0,,,,,,,,,,,,,,,,,,,,,,,,,,,,
,Option,Box enfant,Barbecue,,,0,0,,,,,,,,,,,,,,,,,,,,,,,,,,,,
,Option,Box enfant,Béarnaise,,,0,0,,,,,,,,,,,,,,,,,,,,,,,,,,,,
,Option,Box enfant,Bicky burger,,,0,0,,,,,,,,,,,,,,,,,,,,,,,,,,,,
,Option,Box enfant,Brazil,,,0,0,,,,,,,,,,,,,,,,,,,,,,,,,,,,
,Option,Box enfant,Cocktail,,,0,0,,,,,,,,,,,,,,,,,,,,,,,,,,,,
,Option,Box enfant,Curry ketchup,,,0,0,,,,,,,,,,,,,,,,,,,,,,,,,,,,
,Option,Box enfant,Géante,,,0,0,,,,,,,,,,,,,,,,,,,,,,,,,,,,
,Option,Box enfant,Hawaï,,,0,0,,,,,,,,,,,,,,,,,,,,,,,,,,,,
,Option,Box enfant,Ketchup,,,0,0,,,,,,,,,,,,,,,,,,,,,,,,,,,,
,Option,Box enfant,Loempia,,,0,0,,,,,,,,,,,,,,,,,,,,,,,,,,,,
,Option,Box enfant,Manalouse,,,0,0,,,,,,,,,,,,,,,,,,,,,,,,,,,,
,Option,Box enfant,Mayonnaise,,,0,0,,,,,,,,,,,,,,,,,,,,,,,,,,,,
,Option,Box enfant,Moutarde,,,0,0,,,,,,,,,,,,,,,,,,,,,,,,,,,,
,Option,Box enfant,Pitta à l'ail,,,0,0,,,,,,,,,,,,,,,,,,,,,,,,,,,,
,Option,Box enfant,Poivre,,,0,0,,,,,,,,,,,,,,,,,,,,,,,,,,,,
,Option,Box enfant,Provençale,,,0,0,,,,,,,,,,,,,,,,,,,,,,,,,,,,
,Option,Box enfant,Riche,,,0,0,,,,,,,,,,,,,,,,,,,,,,,,,,,,
,Option,Box enfant,Samouraï,,,0,0,,,,,,,,,,,,,,,,,,,,,,,,,,,,
,Option,Box enfant,Tartare,,,0,0,,,,,,,,,,,,,,,,,,,,,,,,,,,,
,Option,Box enfant,Tomagrec,,,0,0,,,,,,,,,,,,,,,,,,,,,,,,,,,,
,Option,Box enfant,Toscane,,,0,0,,,,,,,,,,,,,,,,,,,,,,,,,,,,
,Option,Box enfant,Vinaigrette,,,0,0,,,,,,,,,,,,,,,,,,,,,,,,,,,,
,Option,Box enfant,Mayonnaise truffe,,,0,0,,,,,,,,,,,,,,,,,,,,,,,,,,,,
,Option,Box enfant,Jammie,,,0,0,,,,,,,,,,,,,,,,,,,,,,,,,,,,
,Option,Box enfant,Cheas'y,,,0,0,,,,,,,,,,,,,,,,,,,,,,,,,,,,
,Option,Box enfant,Dallas,,,0,0,,,,,,,,,,,,,,,,,,,,,,,,,,,,
,ITEM,Box enfant,Box enfant garçon,,"Box avec ravier de frites, sauce ketchup - mayo ou au choix et jouet.",7.4,7.4,,,,,,,,,,,,,,,,,,,,,,,,,,,,
,Option-Group,Box enfant,Choix extra viandes (obligatoire),,,,,,,,,,,,,,,,,,,,,,,,,,,,,,,,
,Option,Box enfant,Cervelas,,,4.5,4.5,,,,,,,,,,,,,,,,,,,,,,,,,,,,
,Option,Box enfant,Fricadelle,,,3.1,3.1,,,,,,,,,,,,,,,,,,,,,,,,,,,,
,Option,Box enfant,Fricadelle xxl,,,5.6,5.6,,,,,,,,,,,,,,,,,,,,,,,,,,,,
,Option,Box enfant,Viandelle,,,4.1,4.1,,,,,,,,,,,,,,,,,,,,,,,,,,,,
,Option,Box enfant,Poulycroc,,,4.1,4.1,,,,,,,,,,,,,,,,,,,,,,,,,,,,
,Option,Box enfant,Belcanto,,,4.1,4.1,,,,,,,,,,,,,,,,,,,,,,,,,,,,
,Option,Box enfant,Lucifer,,,4.8,4.8,,,,,,,,,,,,,,,,,,,,,,,,,,,,
,Option,Box enfant,Nuggets,,,5,5,,,,,,,,,,,,,,,,,,,,,,,,,,,,
,Option,Box enfant,Chix fingers,,,5,5,,,,,,,,,,,,,,,,,,,,,,,,,,,,
,Option,Box enfant,Chili cheese,,,5.5,5.5,,,,,,,,,,,,,,,,,,,,,,,,,,,,
,Option,Box enfant,Tenders,,,5.5,5.5,,,,,,,,,,,,,,,,,,,,,,,,,,,,
,Option,Box enfant,Nacho cheese,,,4.4,4.4,,,,,,,,,,,,,,,,,,,,,,,,,,,,
,Option,Box enfant,B'balls,,,5.5,5.5,,,,,,,,,,,,,,,,,,,,,,,,,,,,
,Option,Box enfant,Stick mozzarella,,,5.5,5.5,,,,,,,,,,,,,,,,,,,,,,,,,,,,
,Option,Box enfant,Mini lucifer,,,5.5,5.5,,,,,,,,,,,,,,,,,,,,,,,,,,,,
,Option,Box enfant,Mini loempia,,,5.5,5.5,,,,,,,,,,,,,,,,,,,,,,,,,,,,
,Option,Box enfant,Loempia,,,5.7,5.7,,,,,,,,,,,,,,,,,,,,,,,,,,,,
,Option,Box enfant,Ragoezi,,,4.9,4.9,,,,,,,,,,,,,,,,,,,,,,,,,,,,
,Option,Box enfant,Cheese crack,,,4.2,4.2,,,,,,,,,,,,,,,,,,,,,,,,,,,,
,Option,Box enfant,Taco,,,5.5,5.5,,,,,,,,,,,,,,,,,,,,,,,,,,,,
,Option,Box enfant,Boulette nature,,,3.8,3.8,,,,,,,,,,,,,,,,,,,,,,,,,,,,
,Option,Box enfant,Boulette rôtie,,,5,5,,,,,,,,,,,,,,,,,,,,,,,,,,,,
,Option,Box enfant,Boulette à l'ail,,,4.1,4.1,,,,,,,,,,,,,,,,,,,,,,,,,,,,
,Option,Box enfant,Brochette classique,,,5,5,,,,,,,,,,,,,,,,,,,,,,,,,,,,
,Option,Box enfant,Brochette provençale,,,5.5,5.5,,,,,,,,,,,,,,,,,,,,,,,,,,,,
,Option,Box enfant,Brochette ardennaise,,,5.5,5.5,,,,,,,,,,,,,,,,,,,,,,,,,,,,
,Option,Box enfant,Brochette tzigane,,,4.8,4.8,,,,,,,,,,,,,,,,,,,,,,,,,,,,
,Option,Box enfant,Brochette de dinde,,,5.5,5.5,,,,,,,,,,,,,,,,,,,,,,,,,,,,
,Option,Box enfant,Brochette grizzly,,,6,6,,,,,,,,,,,,,,,,,,,,,,,,,,,,
,Option,Box enfant,Brochette pilon,,,6,6,,,,,,,,,,,,,,,,,,,,,,,,,,,,
,Option,Box enfant,Brochette crispy chicken,,,4.5,4.5,,,,,,,,,,,,,,,,,,,,,,,,,,,,
,Option,Box enfant,Brochette poisson,,,6,6,,,,,,,,,,,,,,,,,,,,,,,,,,,,
,Option,Box enfant,Croquette vol-au-vent,,,4,4,,,,,,,,,,,,,,,,,,,,,,,,,,,,
,Option,Box enfant,Croquette fromage,,,4,4,,,,,,,,,,,,,,,,,,,,,,,,,,,,
,Option,Box enfant,Viande burger,,,3.7,3.7,,,,,,,,,,,,,,,,,,,,,,,,,,,,
,Option,Box enfant,Viande crispy,,,4.3,4.3,,,,,,,,,,,,,,,,,,,,,,,,,,,,
,Option,Box enfant,Viande pur boeuf,,,4.4,4.4,,,,,,,,,,,,,,,,,,,,,,,,,,,,
,Option,Box enfant,Kermesse maison,,,3.2,3.2,,,,,,,,,,,,,,,,,,,,,,,,,,,,
,Option,Box enfant,Poulycroc veggie,,,4.4,4.4,,,,,,,,,,,,,,,,,,,,,,,,,,,,
,Option,Box enfant,Fricadelle veggie,,,3.8,3.8,,,,,,,,,,,,,,,,,,,,,,,,,,,,
,Option-Group,Box enfant,Choix sauce (obligatoire),,,,,,,,,,,,,,,,,,,,,,,,,,,,,,,,
,Option,Box enfant,Sans sauce,,,0,0,,,,,,,,,,,,,,,,,,,,,,,,,,,,
,Option,Box enfant,Algérienne,,,0,0,,,,,,,,,,,,,,,,,,,,,,,,,,,,
,Option,Box enfant,Américaine,,,0,0,,,,,,,,,,,,,,,,,,,,,,,,,,,,
,Option,Box enfant,Américaine forte,,,0,0,,,,,,,,,,,,,,,,,,,,,,,,,,,,
,Option,Box enfant,Américaine légère,,,0,0,,,,,,,,,,,,,,,,,,,,,,,,,,,,
,Option,Box enfant,Andalouse,,,0,0,,,,,,,,,,,,,,,,,,,,,,,,,,,,
,Option,Box enfant,Barbecue,,,0,0,,,,,,,,,,,,,,,,,,,,,,,,,,,,
,Option,Box enfant,Béarnaise,,,0,0,,,,,,,,,,,,,,,,,,,,,,,,,,,,
,Option,Box enfant,Bicky burger,,,0,0,,,,,,,,,,,,,,,,,,,,,,,,,,,,
,Option,Box enfant,Brazil,,,0,0,,,,,,,,,,,,,,,,,,,,,,,,,,,,
,Option,Box enfant,Cocktail,,,0,0,,,,,,,,,,,,,,,,,,,,,,,,,,,,
,Option,Box enfant,Curry ketchup,,,0,0,,,,,,,,,,,,,,,,,,,,,,,,,,,,
,Option,Box enfant,Géante,,,0,0,,,,,,,,,,,,,,,,,,,,,,,,,,,,
,Option,Box enfant,Hawaï,,,0,0,,,,,,,,,,,,,,,,,,,,,,,,,,,,
,Option,Box enfant,Ketchup,,,0,0,,,,,,,,,,,,,,,,,,,,,,,,,,,,
,Option,Box enfant,Loempia,,,0,0,,,,,,,,,,,,,,,,,,,,,,,,,,,,
,Option,Box enfant,Manalouse,,,0,0,,,,,,,,,,,,,,,,,,,,,,,,,,,,
,Option,Box enfant,Mayonnaise,,,0,0,,,,,,,,,,,,,,,,,,,,,,,,,,,,
,Option,Box enfant,Moutarde,,,0,0,,,,,,,,,,,,,,,,,,,,,,,,,,,,
,Option,Box enfant,Pitta à l'ail,,,0,0,,,,,,,,,,,,,,,,,,,,,,,,,,,,
,Option,Box enfant,Poivre,,,0,0,,,,,,,,,,,,,,,,,,,,,,,,,,,,
,Option,Box enfant,Provençale,,,0,0,,,,,,,,,,,,,,,,,,,,,,,,,,,,
,Option,Box enfant,Riche,,,0,0,,,,,,,,,,,,,,,,,,,,,,,,,,,,
,Option,Box enfant,Samouraï,,,0,0,,,,,,,,,,,,,,,,,,,,,,,,,,,,
,Option,Box enfant,Tartare,,,0,0,,,,,,,,,,,,,,,,,,,,,,,,,,,,
,Option,Box enfant,Tomagrec,,,0,0,,,,,,,,,,,,,,,,,,,,,,,,,,,,
,Option,Box enfant,Toscane,,,0,0,,,,,,,,,,,,,,,,,,,,,,,,,,,,
,Option,Box enfant,Vinaigrette,,,0,0,,,,,,,,,,,,,,,,,,,,,,,,,,,,
,Option,Box enfant,Mayonnaise truffe,,,0,0,,,,,,,,,,,,,,,,,,,,,,,,,,,,
,Option,Box enfant,Jammie,,,0,0,,,,,,,,,,,,,,,,,,,,,,,,,,,,
,Option,Box enfant,Cheas'y,,,0,0,,,,,,,,,,,,,,,,,,,,,,,,,,,,
,Option,Box enfant,Dallas,,,0,0,,,,,,,,,,,,,,,,,,,,,,,,,,,,
,ITEM,Mitraillette,Mitraillette cervelas,,Choix sauce = sauce dans le pain & sur les frites / Choix extra sauce = sauce en plus dans un pot. Si vous souhaitez 2 sauces mélangée : choisir une sauce et écrire la deuxième sauce en commentaire. Si vous souhaitez la sauce à part : précisez en commentaire.,10.3,10.3,,,,,,,,,,,,,,,,,,,,,,,,,,,,
,Option-Group,Mitraillette,Choix sauce (obligatoire),,,,,,,,,,,,,,,,,,,,,,,,,,,,,,,,
,Option,Mitraillette,Sans sauce,,,0,0,,,,,,,,,,,,,,,,,,,,,,,,,,,,
,Option,Mitraillette,Algérienne,,,0,0,,,,,,,,,,,,,,,,,,,,,,,,,,,,
,Option,Mitraillette,Américaine,,,0,0,,,,,,,,,,,,,,,,,,,,,,,,,,,,
,Option,Mitraillette,Américaine forte,,,0,0,,,,,,,,,,,,,,,,,,,,,,,,,,,,
,Option,Mitraillette,Américaine légère,,,0,0,,,,,,,,,,,,,,,,,,,,,,,,,,,,
,Option,Mitraillette,Andalouse,,,0,0,,,,,,,,,,,,,,,,,,,,,,,,,,,,
,Option,Mitraillette,Barbecue,,,0,0,,,,,,,,,,,,,,,,,,,,,,,,,,,,
,Option,Mitraillette,Béarnaise,,,0,0,,,,,,,,,,,,,,,,,,,,,,,,,,,,
,Option,Mitraillette,Bicky burger,,,0,0,,,,,,,,,,,,,,,,,,,,,,,,,,,,
,Option,Mitraillette,Brazil,,,0,0,,,,,,,,,,,,,,,,,,,,,,,,,,,,
,Option,Mitraillette,Cocktail,,,0,0,,,,,,,,,,,,,,,,,,,,,,,,,,,,
,Option,Mitraillette,Curry ketchup,,,0,0,,,,,,,,,,,,,,,,,,,,,,,,,,,,
,Option,Mitraillette,Géante,,,0,0,,,,,,,,,,,,,,,,,,,,,,,,,,,,
,Option,Mitraillette,Hawaï,,,0,0,,,,,,,,,,,,,,,,,,,,,,,,,,,,
,Option,Mitraillette,Ketchup,,,0,0,,,,,,,,,,,,,,,,,,,,,,,,,,,,
,Option,Mitraillette,Loempia,,,0,0,,,,,,,,,,,,,,,,,,,,,,,,,,,,
,Option,Mitraillette,Manalouse,,,0,0,,,,,,,,,,,,,,,,,,,,,,,,,,,,
,Option,Mitraillette,Mayonnaise,,,0,0,,,,,,,,,,,,,,,,,,,,,,,,,,,,
,Option,Mitraillette,Moutarde,,,0,0,,,,,,,,,,,,,,,,,,,,,,,,,,,,
,Option,Mitraillette,Pitta à l'ail,,,0,0,,,,,,,,,,,,,,,,,,,,,,,,,,,,
,Option,Mitraillette,Poivre,,,0,0,,,,,,,,,,,,,,,,,,,,,,,,,,,,
,Option,Mitraillette,Provençale,,,0,0,,,,,,,,,,,,,,,,,,,,,,,,,,,,
,Option,Mitraillette,Riche,,,0,0,,,,,,,,,,,,,,,,,,,,,,,,,,,,
,Option,Mitraillette,Samouraï,,,0,0,,,,,,,,,,,,,,,,,,,,,,,,,,,,
,Option,Mitraillette,Tartare,,,0,0,,,,,,,,,,,,,,,,,,,,,,,,,,,,
,Option,Mitraillette,Tomagrec,,,0,0,,,,,,,,,,,,,,,,,,,,,,,,,,,,
,Option,Mitraillette,Toscane,,,0,0,,,,,,,,,,,,,,,,,,,,,,,,,,,,
,Option,Mitraillette,Vinaigrette,,,0,0,,,,,,,,,,,,,,,,,,,,,,,,,,,,
,Option,Mitraillette,Mayonnaise truffe,,,0,0,,,,,,,,,,,,,,,,,,,,,,,,,,,,
,Option,Mitraillette,Jammie,,,0,0,,,,,,,,,,,,,,,,,,,,,,,,,,,,
,Option,Mitraillette,Cheas'y,,,0,0,,,,,,,,,,,,,,,,,,,,,,,,,,,,
,Option,Mitraillette,Dallas,,,0,0,,,,,,,,,,,,,,,,,,,,,,,,,,,,
,Option-Group,Mitraillette,Choix crudités (facultatif),,,,,,,,,,,,,,,,,,,,,,,,,,,,,,,,
,Option,Mitraillette,Sans crudités,,,0,0,,,,,,,,,,,,,,,,,,,,,,,,,,,,
,Option,Mitraillette,Carotte,,,0.1,0.1,,,,,,,,,,,,,,,,,,,,,,,,,,,,
,Option,Mitraillette,Chou blanc,,,0.1,0.1,,,,,,,,,,,,,,,,,,,,,,,,,,,,
,Option,Mitraillette,Cornichon,,,0.1,0.1,,,,,,,,,,,,,,,,,,,,,,,,,,,,
,Option,Mitraillette,Maïs,,,0.1,0.1,,,,,,,,,,,,,,,,,,,,,,,,,,,,
,Option,Mitraillette,Oignons rouges,,,0.1,0.1,,,,,,,,,,,,,,,,,,,,,,,,,,,,
,Option,Mitraillette,Salade verte,,,0.1,0.1,,,,,,,,,,,,,,,,,,,,,,,,,,,,
,Option,Mitraillette,Tomates,,,0.1,0.1,,,,,,,,,,,,,,,,,,,,,,,,,,,,
,Option-Group,Mitraillette,Choix extra cheese (facultatif),,,,,,,,,,,,,,,,,,,,,,,,,,,,,,,,
,Option,Mitraillette,Feta,,,0.9,0.9,,,,,,,,,,,,,,,,,,,,,,,,,,,,
,Option,Mitraillette,Cheese,,,0.7,0.7,,,,,,,,,,,,,,,,,,,,,,,,,,,,
,Option-Group,Mitraillette,Choix extra sauces (facultatif),,,,,,,,,,,,,,,,,,,,,,,,,,,,,,,,
,Option,Mitraillette,Algérienne,,,0,0,,,,,,,,,,,,,,,,,,,,,,,,,,,,
,Option,Mitraillette,Américaine,,,1.2,1.2,,,,,,,,,,,,,,,,,,,,,,,,,,,,
,Option,Mitraillette,Américaine forte,,,1.2,1.2,,,,,,,,,,,,,,,,,,,,,,,,,,,,
,Option,Mitraillette,Américaine légère,,,1.2,1.2,,,,,,,,,,,,,,,,,,,,,,,,,,,,
,Option,Mitraillette,Andalouse,,,1.2,1.2,,,,,,,,,,,,,,,,,,,,,,,,,,,,
,Option,Mitraillette,Barbecue,,,1.2,1.2,,,,,,,,,,,,,,,,,,,,,,,,,,,,
,Option,Mitraillette,Béarnaise,,,1.2,1.2,,,,,,,,,,,,,,,,,,,,,,,,,,,,
,Option,Mitraillette,Bicky burger,,,1.2,1.2,,,,,,,,,,,,,,,,,,,,,,,,,,,,
,Option,Mitraillette,Brazil,,,1.2,1.2,,,,,,,,,,,,,,,,,,,,,,,,,,,,
,Option,Mitraillette,Cocktail,,,1.2,1.2,,,,,,,,,,,,,,,,,,,,,,,,,,,,
,Option,Mitraillette,Curry ketchup,,,1.2,1.2,,,,,,,,,,,,,,,,,,,,,,,,,,,,
,Option,Mitraillette,Géante,,,1.2,1.2,,,,,,,,,,,,,,,,,,,,,,,,,,,,
,Option,Mitraillette,Hawaï,,,1.2,1.2,,,,,,,,,,,,,,,,,,,,,,,,,,,,
,Option,Mitraillette,Ketchup,,,1.2,1.2,,,,,,,,,,,,,,,,,,,,,,,,,,,,
,Option,Mitraillette,Loempia,,,1.2,1.2,,,,,,,,,,,,,,,,,,,,,,,,,,,,
,Option,Mitraillette,Manalouse,,,1.2,1.2,,,,,,,,,,,,,,,,,,,,,,,,,,,,
,Option,Mitraillette,Mayonnaise,,,1.2,1.2,,,,,,,,,,,,,,,,,,,,,,,,,,,,
,Option,Mitraillette,Moutarde,,,1.2,1.2,,,,,,,,,,,,,,,,,,,,,,,,,,,,
,Option,Mitraillette,Pitta à l'ail,,,1.2,1.2,,,,,,,,,,,,,,,,,,,,,,,,,,,,
,Option,Mitraillette,Poivre,,,1.2,1.2,,,,,,,,,,,,,,,,,,,,,,,,,,,,
,Option,Mitraillette,Provençale,,,1.2,1.2,,,,,,,,,,,,,,,,,,,,,,,,,,,,
,Option,Mitraillette,Riche,,,1.2,1.2,,,,,,,,,,,,,,,,,,,,,,,,,,,,
,Option,Mitraillette,Samouraï,,,1.2,1.2,,,,,,,,,,,,,,,,,,,,,,,,,,,,
,Option,Mitraillette,Tartare,,,1.2,1.2,,,,,,,,,,,,,,,,,,,,,,,,,,,,
,Option,Mitraillette,Tomagrec,,,1.2,1.2,,,,,,,,,,,,,,,,,,,,,,,,,,,,
,Option,Mitraillette,Toscane,,,1.2,1.2,,,,,,,,,,,,,,,,,,,,,,,,,,,,
,Option,Mitraillette,Vinaigrette,,,1.2,1.2,,,,,,,,,,,,,,,,,,,,,,,,,,,,
,Option,Mitraillette,Mayonnaise truffe,,,1.2,1.2,,,,,,,,,,,,,,,,,,,,,,,,,,,,
,Option,Mitraillette,Jammie,,,1.2,1.2,,,,,,,,,,,,,,,,,,,,,,,,,,,,
,Option,Mitraillette,Cheas'y,,,1.2,1.2,,,,,,,,,,,,,,,,,,,,,,,,,,,,
,Option,Mitraillette,Dallas,,,1.2,1.2,,,,,,,,,,,,,,,,,,,,,,,,,,,,
,ITEM,Mitraillette,Mitraillette fricadelle,,Choix sauce = sauce dans le pain & sur les frites / Choix extra sauce = sauce en plus dans un pot. Si vous souhaitez 2 sauces mélangée : choisir une sauce et écrire la deuxième sauce en commentaire. Si vous souhaitez la sauce à part : précisez en commentaire.,8.9,8.9,,,,,,,,,,,,,,,,,,,,,,,,,,,,
,Option-Group,Mitraillette,Choix sauce (obligatoire),,,,,,,,,,,,,,,,,,,,,,,,,,,,,,,,
,Option,Mitraillette,Sans sauce,,,0,0,,,,,,,,,,,,,,,,,,,,,,,,,,,,
,Option,Mitraillette,Algérienne,,,0,0,,,,,,,,,,,,,,,,,,,,,,,,,,,,
,Option,Mitraillette,Américaine,,,0,0,,,,,,,,,,,,,,,,,,,,,,,,,,,,
,Option,Mitraillette,Américaine forte,,,0,0,,,,,,,,,,,,,,,,,,,,,,,,,,,,
,Option,Mitraillette,Américaine légère,,,0,0,,,,,,,,,,,,,,,,,,,,,,,,,,,,
,Option,Mitraillette,Andalouse,,,0,0,,,,,,,,,,,,,,,,,,,,,,,,,,,,
,Option,Mitraillette,Barbecue,,,0,0,,,,,,,,,,,,,,,,,,,,,,,,,,,,
,Option,Mitraillette,Béarnaise,,,0,0,,,,,,,,,,,,,,,,,,,,,,,,,,,,
,Option,Mitraillette,Bicky burger,,,0,0,,,,,,,,,,,,,,,,,,,,,,,,,,,,
,Option,Mitraillette,Brazil,,,0,0,,,,,,,,,,,,,,,,,,,,,,,,,,,,
,Option,Mitraillette,Cocktail,,,0,0,,,,,,,,,,,,,,,,,,,,,,,,,,,,
,Option,Mitraillette,Curry ketchup,,,0,0,,,,,,,,,,,,,,,,,,,,,,,,,,,,
,Option,Mitraillette,Géante,,,0,0,,,,,,,,,,,,,,,,,,,,,,,,,,,,
,Option,Mitraillette,Hawaï,,,0,0,,,,,,,,,,,,,,,,,,,,,,,,,,,,
,Option,Mitraillette,Ketchup,,,0,0,,,,,,,,,,,,,,,,,,,,,,,,,,,,
,Option,Mitraillette,Loempia,,,0,0,,,,,,,,,,,,,,,,,,,,,,,,,,,,
,Option,Mitraillette,Manalouse,,,0,0,,,,,,,,,,,,,,,,,,,,,,,,,,,,
,Option,Mitraillette,Mayonnaise,,,0,0,,,,,,,,,,,,,,,,,,,,,,,,,,,,
,Option,Mitraillette,Moutarde,,,0,0,,,,,,,,,,,,,,,,,,,,,,,,,,,,
,Option,Mitraillette,Pitta à l'ail,,,0,0,,,,,,,,,,,,,,,,,,,,,,,,,,,,
,Option,Mitraillette,Poivre,,,0,0,,,,,,,,,,,,,,,,,,,,,,,,,,,,
,Option,Mitraillette,Provençale,,,0,0,,,,,,,,,,,,,,,,,,,,,,,,,,,,
,Option,Mitraillette,Riche,,,0,0,,,,,,,,,,,,,,,,,,,,,,,,,,,,
,Option,Mitraillette,Samouraï,,,0,0,,,,,,,,,,,,,,,,,,,,,,,,,,,,
,Option,Mitraillette,Tartare,,,0,0,,,,,,,,,,,,,,,,,,,,,,,,,,,,
,Option,Mitraillette,Tomagrec,,,0,0,,,,,,,,,,,,,,,,,,,,,,,,,,,,
,Option,Mitraillette,Toscane,,,0,0,,,,,,,,,,,,,,,,,,,,,,,,,,,,
,Option,Mitraillette,Vinaigrette,,,0,0,,,,,,,,,,,,,,,,,,,,,,,,,,,,
,Option,Mitraillette,Mayonnaise truffe,,,0,0,,,,,,,,,,,,,,,,,,,,,,,,,,,,
,Option,Mitraillette,Jammie,,,0,0,,,,,,,,,,,,,,,,,,,,,,,,,,,,
,Option,Mitraillette,Cheas'y,,,0,0,,,,,,,,,,,,,,,,,,,,,,,,,,,,
,Option,Mitraillette,Dallas,,,0,0,,,,,,,,,,,,,,,,,,,,,,,,,,,,
,Option-Group,Mitraillette,Choix crudités (facultatif),,,,,,,,,,,,,,,,,,,,,,,,,,,,,,,,
,Option,Mitraillette,Sans crudités,,,0,0,,,,,,,,,,,,,,,,,,,,,,,,,,,,
,Option,Mitraillette,Carotte,,,0.1,0.1,,,,,,,,,,,,,,,,,,,,,,,,,,,,
,Option,Mitraillette,Chou blanc,,,0.1,0.1,,,,,,,,,,,,,,,,,,,,,,,,,,,,
,Option,Mitraillette,Cornichon,,,0.1,0.1,,,,,,,,,,,,,,,,,,,,,,,,,,,,
,Option,Mitraillette,Maïs,,,0.1,0.1,,,,,,,,,,,,,,,,,,,,,,,,,,,,
,Option,Mitraillette,Oignons rouges,,,0.1,0.1,,,,,,,,,,,,,,,,,,,,,,,,,,,,
,Option,Mitraillette,Salade verte,,,0.1,0.1,,,,,,,,,,,,,,,,,,,,,,,,,,,,
,Option,Mitraillette,Tomates,,,0.1,0.1,,,,,,,,,,,,,,,,,,,,,,,,,,,,
,Option-Group,Mitraillette,Choix extra cheese (facultatif),,,,,,,,,,,,,,,,,,,,,,,,,,,,,,,,
,Option,Mitraillette,Feta,,,0.9,0.9,,,,,,,,,,,,,,,,,,,,,,,,,,,,
,Option,Mitraillette,Cheese,,,0.7,0.7,,,,,,,,,,,,,,,,,,,,,,,,,,,,
,Option-Group,Mitraillette,Choix extra sauces (facultatif),,,,,,,,,,,,,,,,,,,,,,,,,,,,,,,,
,Option,Mitraillette,Algérienne,,,0,0,,,,,,,,,,,,,,,,,,,,,,,,,,,,
,Option,Mitraillette,Américaine,,,1.2,1.2,,,,,,,,,,,,,,,,,,,,,,,,,,,,
,Option,Mitraillette,Américaine forte,,,1.2,1.2,,,,,,,,,,,,,,,,,,,,,,,,,,,,
,Option,Mitraillette,Américaine légère,,,1.2,1.2,,,,,,,,,,,,,,,,,,,,,,,,,,,,
,Option,Mitraillette,Andalouse,,,1.2,1.2,,,,,,,,,,,,,,,,,,,,,,,,,,,,
,Option,Mitraillette,Barbecue,,,1.2,1.2,,,,,,,,,,,,,,,,,,,,,,,,,,,,
,Option,Mitraillette,Béarnaise,,,1.2,1.2,,,,,,,,,,,,,,,,,,,,,,,,,,,,
,Option,Mitraillette,Bicky burger,,,1.2,1.2,,,,,,,,,,,,,,,,,,,,,,,,,,,,
,Option,Mitraillette,Brazil,,,1.2,1.2,,,,,,,,,,,,,,,,,,,,,,,,,,,,
,Option,Mitraillette,Cocktail,,,1.2,1.2,,,,,,,,,,,,,,,,,,,,,,,,,,,,
,Option,Mitraillette,Curry ketchup,,,1.2,1.2,,,,,,,,,,,,,,,,,,,,,,,,,,,,
,Option,Mitraillette,Géante,,,1.2,1.2,,,,,,,,,,,,,,,,,,,,,,,,,,,,
,Option,Mitraillette,Hawaï,,,1.2,1.2,,,,,,,,,,,,,,,,,,,,,,,,,,,,
,Option,Mitraillette,Ketchup,,,1.2,1.2,,,,,,,,,,,,,,,,,,,,,,,,,,,,
,Option,Mitraillette,Loempia,,,1.2,1.2,,,,,,,,,,,,,,,,,,,,,,,,,,,,
,Option,Mitraillette,Manalouse,,,1.2,1.2,,,,,,,,,,,,,,,,,,,,,,,,,,,,
,Option,Mitraillette,Mayonnaise,,,1.2,1.2,,,,,,,,,,,,,,,,,,,,,,,,,,,,
,Option,Mitraillette,Moutarde,,,1.2,1.2,,,,,,,,,,,,,,,,,,,,,,,,,,,,
,Option,Mitraillette,Pitta à l'ail,,,1.2,1.2,,,,,,,,,,,,,,,,,,,,,,,,,,,,
,Option,Mitraillette,Poivre,,,1.2,1.2,,,,,,,,,,,,,,,,,,,,,,,,,,,,
,Option,Mitraillette,Provençale,,,1.2,1.2,,,,,,,,,,,,,,,,,,,,,,,,,,,,
,Option,Mitraillette,Riche,,,1.2,1.2,,,,,,,,,,,,,,,,,,,,,,,,,,,,
,Option,Mitraillette,Samouraï,,,1.2,1.2,,,,,,,,,,,,,,,,,,,,,,,,,,,,
,Option,Mitraillette,Tartare,,,1.2,1.2,,,,,,,,,,,,,,,,,,,,,,,,,,,,
,Option,Mitraillette,Tomagrec,,,1.2,1.2,,,,,,,,,,,,,,,,,,,,,,,,,,,,
,Option,Mitraillette,Toscane,,,1.2,1.2,,,,,,,,,,,,,,,,,,,,,,,,,,,,
,Option,Mitraillette,Vinaigrette,,,1.2,1.2,,,,,,,,,,,,,,,,,,,,,,,,,,,,
,Option,Mitraillette,Mayonnaise truffe,,,1.2,1.2,,,,,,,,,,,,,,,,,,,,,,,,,,,,
,Option,Mitraillette,Jammie,,,1.2,1.2,,,,,,,,,,,,,,,,,,,,,,,,,,,,
,Option,Mitraillette,Cheas'y,,,1.2,1.2,,,,,,,,,,,,,,,,,,,,,,,,,,,,
,Option,Mitraillette,Dallas,,,1.2,1.2,,,,,,,,,,,,,,,,,,,,,,,,,,,,
,ITEM,Mitraillette,Mitraillette fricadelle XXL,,Choix sauce = sauce dans le pain & sur les frites / Choix extra sauce = sauce en plus dans un pot. Si vous souhaitez 2 sauces mélangée : choisir une sauce et écrire la deuxième sauce en commentaire. Si vous souhaitez la sauce à part : précisez en commentaire.,11.4,11.4,,,,,,,,,,,,,,,,,,,,,,,,,,,,
,Option-Group,Mitraillette,Choix sauce (obligatoire),,,,,,,,,,,,,,,,,,,,,,,,,,,,,,,,
,Option,Mitraillette,Sans sauce,,,0,0,,,,,,,,,,,,,,,,,,,,,,,,,,,,
,Option,Mitraillette,Algérienne,,,0,0,,,,,,,,,,,,,,,,,,,,,,,,,,,,
,Option,Mitraillette,Américaine,,,0,0,,,,,,,,,,,,,,,,,,,,,,,,,,,,
,Option,Mitraillette,Américaine forte,,,0,0,,,,,,,,,,,,,,,,,,,,,,,,,,,,
,Option,Mitraillette,Américaine légère,,,0,0,,,,,,,,,,,,,,,,,,,,,,,,,,,,
,Option,Mitraillette,Andalouse,,,0,0,,,,,,,,,,,,,,,,,,,,,,,,,,,,
,Option,Mitraillette,Barbecue,,,0,0,,,,,,,,,,,,,,,,,,,,,,,,,,,,
,Option,Mitraillette,Béarnaise,,,0,0,,,,,,,,,,,,,,,,,,,,,,,,,,,,
,Option,Mitraillette,Bicky burger,,,0,0,,,,,,,,,,,,,,,,,,,,,,,,,,,,
,Option,Mitraillette,Brazil,,,0,0,,,,,,,,,,,,,,,,,,,,,,,,,,,,
,Option,Mitraillette,Cocktail,,,0,0,,,,,,,,,,,,,,,,,,,,,,,,,,,,
,Option,Mitraillette,Curry ketchup,,,0,0,,,,,,,,,,,,,,,,,,,,,,,,,,,,
,Option,Mitraillette,Géante,,,0,0,,,,,,,,,,,,,,,,,,,,,,,,,,,,
,Option,Mitraillette,Hawaï,,,0,0,,,,,,,,,,,,,,,,,,,,,,,,,,,,
,Option,Mitraillette,Ketchup,,,0,0,,,,,,,,,,,,,,,,,,,,,,,,,,,,
,Option,Mitraillette,Loempia,,,0,0,,,,,,,,,,,,,,,,,,,,,,,,,,,,
,Option,Mitraillette,Manalouse,,,0,0,,,,,,,,,,,,,,,,,,,,,,,,,,,,
,Option,Mitraillette,Mayonnaise,,,0,0,,,,,,,,,,,,,,,,,,,,,,,,,,,,
,Option,Mitraillette,Moutarde,,,0,0,,,,,,,,,,,,,,,,,,,,,,,,,,,,
,Option,Mitraillette,Pitta à l'ail,,,0,0,,,,,,,,,,,,,,,,,,,,,,,,,,,,
,Option,Mitraillette,Poivre,,,0,0,,,,,,,,,,,,,,,,,,,,,,,,,,,,
,Option,Mitraillette,Provençale,,,0,0,,,,,,,,,,,,,,,,,,,,,,,,,,,,
,Option,Mitraillette,Riche,,,0,0,,,,,,,,,,,,,,,,,,,,,,,,,,,,
,Option,Mitraillette,Samouraï,,,0,0,,,,,,,,,,,,,,,,,,,,,,,,,,,,
,Option,Mitraillette,Tartare,,,0,0,,,,,,,,,,,,,,,,,,,,,,,,,,,,
,Option,Mitraillette,Tomagrec,,,0,0,,,,,,,,,,,,,,,,,,,,,,,,,,,,
,Option,Mitraillette,Toscane,,,0,0,,,,,,,,,,,,,,,,,,,,,,,,,,,,
,Option,Mitraillette,Vinaigrette,,,0,0,,,,,,,,,,,,,,,,,,,,,,,,,,,,
,Option,Mitraillette,Mayonnaise truffe,,,0,0,,,,,,,,,,,,,,,,,,,,,,,,,,,,
,Option,Mitraillette,Jammie,,,0,0,,,,,,,,,,,,,,,,,,,,,,,,,,,,
,Option,Mitraillette,Cheas'y,,,0,0,,,,,,,,,,,,,,,,,,,,,,,,,,,,
,Option,Mitraillette,Dallas,,,0,0,,,,,,,,,,,,,,,,,,,,,,,,,,,,
,Option-Group,Mitraillette,Choix crudités (facultatif),,,,,,,,,,,,,,,,,,,,,,,,,,,,,,,,
,Option,Mitraillette,Sans crudités,,,0,0,,,,,,,,,,,,,,,,,,,,,,,,,,,,
,Option,Mitraillette,Carotte,,,0.1,0.1,,,,,,,,,,,,,,,,,,,,,,,,,,,,
,Option,Mitraillette,Chou blanc,,,0.1,0.1,,,,,,,,,,,,,,,,,,,,,,,,,,,,
,Option,Mitraillette,Cornichon,,,0.1,0.1,,,,,,,,,,,,,,,,,,,,,,,,,,,,
,Option,Mitraillette,Maïs,,,0.1,0.1,,,,,,,,,,,,,,,,,,,,,,,,,,,,
,Option,Mitraillette,Oignons rouges,,,0.1,0.1,,,,,,,,,,,,,,,,,,,,,,,,,,,,
,Option,Mitraillette,Salade verte,,,0.1,0.1,,,,,,,,,,,,,,,,,,,,,,,,,,,,
,Option,Mitraillette,Tomates,,,0.1,0.1,,,,,,,,,,,,,,,,,,,,,,,,,,,,
,Option-Group,Mitraillette,Choix extra cheese (facultatif),,,,,,,,,,,,,,,,,,,,,,,,,,,,,,,,
,Option,Mitraillette,Feta,,,0.9,0.9,,,,,,,,,,,,,,,,,,,,,,,,,,,,
,Option,Mitraillette,Cheese,,,0.7,0.7,,,,,,,,,,,,,,,,,,,,,,,,,,,,
,Option-Group,Mitraillette,Choix extra sauces (facultatif),,,,,,,,,,,,,,,,,,,,,,,,,,,,,,,,
,Option,Mitraillette,Algérienne,,,0,0,,,,,,,,,,,,,,,,,,,,,,,,,,,,
,Option,Mitraillette,Américaine,,,1.2,1.2,,,,,,,,,,,,,,,,,,,,,,,,,,,,
,Option,Mitraillette,Américaine forte,,,1.2,1.2,,,,,,,,,,,,,,,,,,,,,,,,,,,,
,Option,Mitraillette,Américaine légère,,,1.2,1.2,,,,,,,,,,,,,,,,,,,,,,,,,,,,
,Option,Mitraillette,Andalouse,,,1.2,1.2,,,,,,,,,,,,,,,,,,,,,,,,,,,,
,Option,Mitraillette,Barbecue,,,1.2,1.2,,,,,,,,,,,,,,,,,,,,,,,,,,,,
,Option,Mitraillette,Béarnaise,,,1.2,1.2,,,,,,,,,,,,,,,,,,,,,,,,,,,,
,Option,Mitraillette,Bicky burger,,,1.2,1.2,,,,,,,,,,,,,,,,,,,,,,,,,,,,
,Option,Mitraillette,Brazil,,,1.2,1.2,,,,,,,,,,,,,,,,,,,,,,,,,,,,
,Option,Mitraillette,Cocktail,,,1.2,1.2,,,,,,,,,,,,,,,,,,,,,,,,,,,,
,Option,Mitraillette,Curry ketchup,,,1.2,1.2,,,,,,,,,,,,,,,,,,,,,,,,,,,,
,Option,Mitraillette,Géante,,,1.2,1.2,,,,,,,,,,,,,,,,,,,,,,,,,,,,
,Option,Mitraillette,Hawaï,,,1.2,1.2,,,,,,,,,,,,,,,,,,,,,,,,,,,,
,Option,Mitraillette,Ketchup,,,1.2,1.2,,,,,,,,,,,,,,,,,,,,,,,,,,,,
,Option,Mitraillette,Loempia,,,1.2,1.2,,,,,,,,,,,,,,,,,,,,,,,,,,,,
,Option,Mitraillette,Manalouse,,,1.2,1.2,,,,,,,,,,,,,,,,,,,,,,,,,,,,
,Option,Mitraillette,Mayonnaise,,,1.2,1.2,,,,,,,,,,,,,,,,,,,,,,,,,,,,
,Option,Mitraillette,Moutarde,,,1.2,1.2,,,,,,,,,,,,,,,,,,,,,,,,,,,,
,Option,Mitraillette,Pitta à l'ail,,,1.2,1.2,,,,,,,,,,,,,,,,,,,,,,,,,,,,
,Option,Mitraillette,Poivre,,,1.2,1.2,,,,,,,,,,,,,,,,,,,,,,,,,,,,
,Option,Mitraillette,Provençale,,,1.2,1.2,,,,,,,,,,,,,,,,,,,,,,,,,,,,
,Option,Mitraillette,Riche,,,1.2,1.2,,,,,,,,,,,,,,,,,,,,,,,,,,,,
,Option,Mitraillette,Samouraï,,,1.2,1.2,,,,,,,,,,,,,,,,,,,,,,,,,,,,
,Option,Mitraillette,Tartare,,,1.2,1.2,,,,,,,,,,,,,,,,,,,,,,,,,,,,
,Option,Mitraillette,Tomagrec,,,1.2,1.2,,,,,,,,,,,,,,,,,,,,,,,,,,,,
,Option,Mitraillette,Toscane,,,1.2,1.2,,,,,,,,,,,,,,,,,,,,,,,,,,,,
,Option,Mitraillette,Vinaigrette,,,1.2,1.2,,,,,,,,,,,,,,,,,,,,,,,,,,,,
,Option,Mitraillette,Mayonnaise truffe,,,1.2,1.2,,,,,,,,,,,,,,,,,,,,,,,,,,,,
,Option,Mitraillette,Jammie,,,1.2,1.2,,,,,,,,,,,,,,,,,,,,,,,,,,,,
,Option,Mitraillette,Cheas'y,,,1.2,1.2,,,,,,,,,,,,,,,,,,,,,,,,,,,,
,Option,Mitraillette,Dallas,,,1.2,1.2,,,,,,,,,,,,,,,,,,,,,,,,,,,,
,ITEM,Mitraillette,Mitraillette viandelle,,Choix sauce = sauce dans le pain & sur les frites / Choix extra sauce = sauce en plus dans un pot. Si vous souhaitez 2 sauces mélangée : choisir une sauce et écrire la deuxième sauce en commentaire. Si vous souhaitez la sauce à part : précisez en commentaire.,9.9,9.9,,,,,,,,,,,,,,,,,,,,,,,,,,,,
,Option-Group,Mitraillette,Choix sauce (obligatoire),,,,,,,,,,,,,,,,,,,,,,,,,,,,,,,,
,Option,Mitraillette,Sans sauce,,,0,0,,,,,,,,,,,,,,,,,,,,,,,,,,,,
,Option,Mitraillette,Algérienne,,,0,0,,,,,,,,,,,,,,,,,,,,,,,,,,,,
,Option,Mitraillette,Américaine,,,0,0,,,,,,,,,,,,,,,,,,,,,,,,,,,,
,Option,Mitraillette,Américaine forte,,,0,0,,,,,,,,,,,,,,,,,,,,,,,,,,,,
,Option,Mitraillette,Américaine légère,,,0,0,,,,,,,,,,,,,,,,,,,,,,,,,,,,
,Option,Mitraillette,Andalouse,,,0,0,,,,,,,,,,,,,,,,,,,,,,,,,,,,
,Option,Mitraillette,Barbecue,,,0,0,,,,,,,,,,,,,,,,,,,,,,,,,,,,
,Option,Mitraillette,Béarnaise,,,0,0,,,,,,,,,,,,,,,,,,,,,,,,,,,,
,Option,Mitraillette,Bicky burger,,,0,0,,,,,,,,,,,,,,,,,,,,,,,,,,,,
,Option,Mitraillette,Brazil,,,0,0,,,,,,,,,,,,,,,,,,,,,,,,,,,,
,Option,Mitraillette,Cocktail,,,0,0,,,,,,,,,,,,,,,,,,,,,,,,,,,,
,Option,Mitraillette,Curry ketchup,,,0,0,,,,,,,,,,,,,,,,,,,,,,,,,,,,
,Option,Mitraillette,Géante,,,0,0,,,,,,,,,,,,,,,,,,,,,,,,,,,,
,Option,Mitraillette,Hawaï,,,0,0,,,,,,,,,,,,,,,,,,,,,,,,,,,,
,Option,Mitraillette,Ketchup,,,0,0,,,,,,,,,,,,,,,,,,,,,,,,,,,,
,Option,Mitraillette,Loempia,,,0,0,,,,,,,,,,,,,,,,,,,,,,,,,,,,
,Option,Mitraillette,Manalouse,,,0,0,,,,,,,,,,,,,,,,,,,,,,,,,,,,
,Option,Mitraillette,Mayonnaise,,,0,0,,,,,,,,,,,,,,,,,,,,,,,,,,,,
,Option,Mitraillette,Moutarde,,,0,0,,,,,,,,,,,,,,,,,,,,,,,,,,,,
,Option,Mitraillette,Pitta à l'ail,,,0,0,,,,,,,,,,,,,,,,,,,,,,,,,,,,
,Option,Mitraillette,Poivre,,,0,0,,,,,,,,,,,,,,,,,,,,,,,,,,,,
,Option,Mitraillette,Provençale,,,0,0,,,,,,,,,,,,,,,,,,,,,,,,,,,,
,Option,Mitraillette,Riche,,,0,0,,,,,,,,,,,,,,,,,,,,,,,,,,,,
,Option,Mitraillette,Samouraï,,,0,0,,,,,,,,,,,,,,,,,,,,,,,,,,,,
,Option,Mitraillette,Tartare,,,0,0,,,,,,,,,,,,,,,,,,,,,,,,,,,,
,Option,Mitraillette,Tomagrec,,,0,0,,,,,,,,,,,,,,,,,,,,,,,,,,,,
,Option,Mitraillette,Toscane,,,0,0,,,,,,,,,,,,,,,,,,,,,,,,,,,,
,Option,Mitraillette,Vinaigrette,,,0,0,,,,,,,,,,,,,,,,,,,,,,,,,,,,
,Option,Mitraillette,Mayonnaise truffe,,,0,0,,,,,,,,,,,,,,,,,,,,,,,,,,,,
,Option,Mitraillette,Jammie,,,0,0,,,,,,,,,,,,,,,,,,,,,,,,,,,,
,Option,Mitraillette,Cheas'y,,,0,0,,,,,,,,,,,,,,,,,,,,,,,,,,,,
,Option,Mitraillette,Dallas,,,0,0,,,,,,,,,,,,,,,,,,,,,,,,,,,,
,Option-Group,Mitraillette,Choix crudités (facultatif),,,,,,,,,,,,,,,,,,,,,,,,,,,,,,,,
,Option,Mitraillette,Sans crudités,,,0,0,,,,,,,,,,,,,,,,,,,,,,,,,,,,
,Option,Mitraillette,Carotte,,,0.1,0.1,,,,,,,,,,,,,,,,,,,,,,,,,,,,
,Option,Mitraillette,Chou blanc,,,0.1,0.1,,,,,,,,,,,,,,,,,,,,,,,,,,,,
,Option,Mitraillette,Cornichon,,,0.1,0.1,,,,,,,,,,,,,,,,,,,,,,,,,,,,
,Option,Mitraillette,Maïs,,,0.1,0.1,,,,,,,,,,,,,,,,,,,,,,,,,,,,
,Option,Mitraillette,Oignons rouges,,,0.1,0.1,,,,,,,,,,,,,,,,,,,,,,,,,,,,
,Option,Mitraillette,Salade verte,,,0.1,0.1,,,,,,,,,,,,,,,,,,,,,,,,,,,,
,Option,Mitraillette,Tomates,,,0.1,0.1,,,,,,,,,,,,,,,,,,,,,,,,,,,,
,Option-Group,Mitraillette,Choix extra cheese (facultatif),,,,,,,,,,,,,,,,,,,,,,,,,,,,,,,,
,Option,Mitraillette,Feta,,,0.9,0.9,,,,,,,,,,,,,,,,,,,,,,,,,,,,
,Option,Mitraillette,Cheese,,,0.7,0.7,,,,,,,,,,,,,,,,,,,,,,,,,,,,
,Option-Group,Mitraillette,Choix extra sauces (facultatif),,,,,,,,,,,,,,,,,,,,,,,,,,,,,,,,
,Option,Mitraillette,Algérienne,,,0,0,,,,,,,,,,,,,,,,,,,,,,,,,,,,
,Option,Mitraillette,Américaine,,,1.2,1.2,,,,,,,,,,,,,,,,,,,,,,,,,,,,
,Option,Mitraillette,Américaine forte,,,1.2,1.2,,,,,,,,,,,,,,,,,,,,,,,,,,,,
,Option,Mitraillette,Américaine légère,,,1.2,1.2,,,,,,,,,,,,,,,,,,,,,,,,,,,,
,Option,Mitraillette,Andalouse,,,1.2,1.2,,,,,,,,,,,,,,,,,,,,,,,,,,,,
,Option,Mitraillette,Barbecue,,,1.2,1.2,,,,,,,,,,,,,,,,,,,,,,,,,,,,
,Option,Mitraillette,Béarnaise,,,1.2,1.2,,,,,,,,,,,,,,,,,,,,,,,,,,,,
,Option,Mitraillette,Bicky burger,,,1.2,1.2,,,,,,,,,,,,,,,,,,,,,,,,,,,,
,Option,Mitraillette,Brazil,,,1.2,1.2,,,,,,,,,,,,,,,,,,,,,,,,,,,,
,Option,Mitraillette,Cocktail,,,1.2,1.2,,,,,,,,,,,,,,,,,,,,,,,,,,,,
,Option,Mitraillette,Curry ketchup,,,1.2,1.2,,,,,,,,,,,,,,,,,,,,,,,,,,,,
,Option,Mitraillette,Géante,,,1.2,1.2,,,,,,,,,,,,,,,,,,,,,,,,,,,,
,Option,Mitraillette,Hawaï,,,1.2,1.2,,,,,,,,,,,,,,,,,,,,,,,,,,,,
,Option,Mitraillette,Ketchup,,,1.2,1.2,,,,,,,,,,,,,,,,,,,,,,,,,,,,
,Option,Mitraillette,Loempia,,,1.2,1.2,,,,,,,,,,,,,,,,,,,,,,,,,,,,
,Option,Mitraillette,Manalouse,,,1.2,1.2,,,,,,,,,,,,,,,,,,,,,,,,,,,,
,Option,Mitraillette,Mayonnaise,,,1.2,1.2,,,,,,,,,,,,,,,,,,,,,,,,,,,,
,Option,Mitraillette,Moutarde,,,1.2,1.2,,,,,,,,,,,,,,,,,,,,,,,,,,,,
,Option,Mitraillette,Pitta à l'ail,,,1.2,1.2,,,,,,,,,,,,,,,,,,,,,,,,,,,,
,Option,Mitraillette,Poivre,,,1.2,1.2,,,,,,,,,,,,,,,,,,,,,,,,,,,,
,Option,Mitraillette,Provençale,,,1.2,1.2,,,,,,,,,,,,,,,,,,,,,,,,,,,,
,Option,Mitraillette,Riche,,,1.2,1.2,,,,,,,,,,,,,,,,,,,,,,,,,,,,
,Option,Mitraillette,Samouraï,,,1.2,1.2,,,,,,,,,,,,,,,,,,,,,,,,,,,,
,Option,Mitraillette,Tartare,,,1.2,1.2,,,,,,,,,,,,,,,,,,,,,,,,,,,,
,Option,Mitraillette,Tomagrec,,,1.2,1.2,,,,,,,,,,,,,,,,,,,,,,,,,,,,
,Option,Mitraillette,Toscane,,,1.2,1.2,,,,,,,,,,,,,,,,,,,,,,,,,,,,
,Option,Mitraillette,Vinaigrette,,,1.2,1.2,,,,,,,,,,,,,,,,,,,,,,,,,,,,
,Option,Mitraillette,Mayonnaise truffe,,,1.2,1.2,,,,,,,,,,,,,,,,,,,,,,,,,,,,
,Option,Mitraillette,Jammie,,,1.2,1.2,,,,,,,,,,,,,,,,,,,,,,,,,,,,
,Option,Mitraillette,Cheas'y,,,1.2,1.2,,,,,,,,,,,,,,,,,,,,,,,,,,,,
,Option,Mitraillette,Dallas,,,1.2,1.2,,,,,,,,,,,,,,,,,,,,,,,,,,,,
,ITEM,Mitraillette,Mitraillette belcanto,,Choix sauce = sauce dans le pain & sur les frites / Choix extra sauce = sauce en plus dans un pot. Si vous souhaitez 2 sauces mélangée : choisir une sauce et écrire la deuxième sauce en commentaire. Si vous souhaitez la sauce à part : précisez en commentaire.,9.9,9.9,,,,,,,,,,,,,,,,,,,,,,,,,,,,
,Option-Group,Mitraillette,Choix sauce (obligatoire),,,,,,,,,,,,,,,,,,,,,,,,,,,,,,,,
,Option,Mitraillette,Sans sauce,,,0,0,,,,,,,,,,,,,,,,,,,,,,,,,,,,
,Option,Mitraillette,Algérienne,,,0,0,,,,,,,,,,,,,,,,,,,,,,,,,,,,
,Option,Mitraillette,Américaine,,,0,0,,,,,,,,,,,,,,,,,,,,,,,,,,,,
,Option,Mitraillette,Américaine forte,,,0,0,,,,,,,,,,,,,,,,,,,,,,,,,,,,
,Option,Mitraillette,Américaine légère,,,0,0,,,,,,,,,,,,,,,,,,,,,,,,,,,,
,Option,Mitraillette,Andalouse,,,0,0,,,,,,,,,,,,,,,,,,,,,,,,,,,,
,Option,Mitraillette,Barbecue,,,0,0,,,,,,,,,,,,,,,,,,,,,,,,,,,,
,Option,Mitraillette,Béarnaise,,,0,0,,,,,,,,,,,,,,,,,,,,,,,,,,,,
,Option,Mitraillette,Bicky burger,,,0,0,,,,,,,,,,,,,,,,,,,,,,,,,,,,
,Option,Mitraillette,Brazil,,,0,0,,,,,,,,,,,,,,,,,,,,,,,,,,,,
,Option,Mitraillette,Cocktail,,,0,0,,,,,,,,,,,,,,,,,,,,,,,,,,,,
,Option,Mitraillette,Curry ketchup,,,0,0,,,,,,,,,,,,,,,,,,,,,,,,,,,,
,Option,Mitraillette,Géante,,,0,0,,,,,,,,,,,,,,,,,,,,,,,,,,,,
,Option,Mitraillette,Hawaï,,,0,0,,,,,,,,,,,,,,,,,,,,,,,,,,,,
,Option,Mitraillette,Ketchup,,,0,0,,,,,,,,,,,,,,,,,,,,,,,,,,,,
,Option,Mitraillette,Loempia,,,0,0,,,,,,,,,,,,,,,,,,,,,,,,,,,,
,Option,Mitraillette,Manalouse,,,0,0,,,,,,,,,,,,,,,,,,,,,,,,,,,,
,Option,Mitraillette,Mayonnaise,,,0,0,,,,,,,,,,,,,,,,,,,,,,,,,,,,
,Option,Mitraillette,Moutarde,,,0,0,,,,,,,,,,,,,,,,,,,,,,,,,,,,
,Option,Mitraillette,Pitta à l'ail,,,0,0,,,,,,,,,,,,,,,,,,,,,,,,,,,,
,Option,Mitraillette,Poivre,,,0,0,,,,,,,,,,,,,,,,,,,,,,,,,,,,
,Option,Mitraillette,Provençale,,,0,0,,,,,,,,,,,,,,,,,,,,,,,,,,,,
,Option,Mitraillette,Riche,,,0,0,,,,,,,,,,,,,,,,,,,,,,,,,,,,
,Option,Mitraillette,Samouraï,,,0,0,,,,,,,,,,,,,,,,,,,,,,,,,,,,
,Option,Mitraillette,Tartare,,,0,0,,,,,,,,,,,,,,,,,,,,,,,,,,,,
,Option,Mitraillette,Tomagrec,,,0,0,,,,,,,,,,,,,,,,,,,,,,,,,,,,
,Option,Mitraillette,Toscane,,,0,0,,,,,,,,,,,,,,,,,,,,,,,,,,,,
,Option,Mitraillette,Vinaigrette,,,0,0,,,,,,,,,,,,,,,,,,,,,,,,,,,,
,Option,Mitraillette,Mayonnaise truffe,,,0,0,,,,,,,,,,,,,,,,,,,,,,,,,,,,
,Option,Mitraillette,Jammie,,,0,0,,,,,,,,,,,,,,,,,,,,,,,,,,,,
,Option,Mitraillette,Cheas'y,,,0,0,,,,,,,,,,,,,,,,,,,,,,,,,,,,
,Option,Mitraillette,Dallas,,,0,0,,,,,,,,,,,,,,,,,,,,,,,,,,,,
,Option-Group,Mitraillette,Choix crudités (facultatif),,,,,,,,,,,,,,,,,,,,,,,,,,,,,,,,
,Option,Mitraillette,Sans crudités,,,0,0,,,,,,,,,,,,,,,,,,,,,,,,,,,,
,Option,Mitraillette,Carotte,,,0.1,0.1,,,,,,,,,,,,,,,,,,,,,,,,,,,,
,Option,Mitraillette,Chou blanc,,,0.1,0.1,,,,,,,,,,,,,,,,,,,,,,,,,,,,
,Option,Mitraillette,Cornichon,,,0.1,0.1,,,,,,,,,,,,,,,,,,,,,,,,,,,,
,Option,Mitraillette,Maïs,,,0.1,0.1,,,,,,,,,,,,,,,,,,,,,,,,,,,,
,Option,Mitraillette,Oignons rouges,,,0.1,0.1,,,,,,,,,,,,,,,,,,,,,,,,,,,,
,Option,Mitraillette,Salade verte,,,0.1,0.1,,,,,,,,,,,,,,,,,,,,,,,,,,,,
,Option,Mitraillette,Tomates,,,0.1,0.1,,,,,,,,,,,,,,,,,,,,,,,,,,,,
,Option-Group,Mitraillette,Choix extra cheese (facultatif),,,,,,,,,,,,,,,,,,,,,,,,,,,,,,,,
,Option,Mitraillette,Feta,,,0.9,0.9,,,,,,,,,,,,,,,,,,,,,,,,,,,,
,Option,Mitraillette,Cheese,,,0.7,0.7,,,,,,,,,,,,,,,,,,,,,,,,,,,,
,Option-Group,Mitraillette,Choix extra sauces (facultatif),,,,,,,,,,,,,,,,,,,,,,,,,,,,,,,,
,Option,Mitraillette,Algérienne,,,0,0,,,,,,,,,,,,,,,,,,,,,,,,,,,,
,Option,Mitraillette,Américaine,,,1.2,1.2,,,,,,,,,,,,,,,,,,,,,,,,,,,,
,Option,Mitraillette,Américaine forte,,,1.2,1.2,,,,,,,,,,,,,,,,,,,,,,,,,,,,
,Option,Mitraillette,Américaine légère,,,1.2,1.2,,,,,,,,,,,,,,,,,,,,,,,,,,,,
,Option,Mitraillette,Andalouse,,,1.2,1.2,,,,,,,,,,,,,,,,,,,,,,,,,,,,
,Option,Mitraillette,Barbecue,,,1.2,1.2,,,,,,,,,,,,,,,,,,,,,,,,,,,,
,Option,Mitraillette,Béarnaise,,,1.2,1.2,,,,,,,,,,,,,,,,,,,,,,,,,,,,
,Option,Mitraillette,Bicky burger,,,1.2,1.2,,,,,,,,,,,,,,,,,,,,,,,,,,,,
,Option,Mitraillette,Brazil,,,1.2,1.2,,,,,,,,,,,,,,,,,,,,,,,,,,,,
,Option,Mitraillette,Cocktail,,,1.2,1.2,,,,,,,,,,,,,,,,,,,,,,,,,,,,
,Option,Mitraillette,Curry ketchup,,,1.2,1.2,,,,,,,,,,,,,,,,,,,,,,,,,,,,
,Option,Mitraillette,Géante,,,1.2,1.2,,,,,,,,,,,,,,,,,,,,,,,,,,,,
,Option,Mitraillette,Hawaï,,,1.2,1.2,,,,,,,,,,,,,,,,,,,,,,,,,,,,
,Option,Mitraillette,Ketchup,,,1.2,1.2,,,,,,,,,,,,,,,,,,,,,,,,,,,,
,Option,Mitraillette,Loempia,,,1.2,1.2,,,,,,,,,,,,,,,,,,,,,,,,,,,,
,Option,Mitraillette,Manalouse,,,1.2,1.2,,,,,,,,,,,,,,,,,,,,,,,,,,,,
,Option,Mitraillette,Mayonnaise,,,1.2,1.2,,,,,,,,,,,,,,,,,,,,,,,,,,,,
,Option,Mitraillette,Moutarde,,,1.2,1.2,,,,,,,,,,,,,,,,,,,,,,,,,,,,
,Option,Mitraillette,Pitta à l'ail,,,1.2,1.2,,,,,,,,,,,,,,,,,,,,,,,,,,,,
,Option,Mitraillette,Poivre,,,1.2,1.2,,,,,,,,,,,,,,,,,,,,,,,,,,,,
,Option,Mitraillette,Provençale,,,1.2,1.2,,,,,,,,,,,,,,,,,,,,,,,,,,,,
,Option,Mitraillette,Riche,,,1.2,1.2,,,,,,,,,,,,,,,,,,,,,,,,,,,,
,Option,Mitraillette,Samouraï,,,1.2,1.2,,,,,,,,,,,,,,,,,,,,,,,,,,,,
,Option,Mitraillette,Tartare,,,1.2,1.2,,,,,,,,,,,,,,,,,,,,,,,,,,,,
,Option,Mitraillette,Tomagrec,,,1.2,1.2,,,,,,,,,,,,,,,,,,,,,,,,,,,,
,Option,Mitraillette,Toscane,,,1.2,1.2,,,,,,,,,,,,,,,,,,,,,,,,,,,,
,Option,Mitraillette,Vinaigrette,,,1.2,1.2,,,,,,,,,,,,,,,,,,,,,,,,,,,,
,Option,Mitraillette,Mayonnaise truffe,,,1.2,1.2,,,,,,,,,,,,,,,,,,,,,,,,,,,,
,Option,Mitraillette,Jammie,,,1.2,1.2,,,,,,,,,,,,,,,,,,,,,,,,,,,,
,Option,Mitraillette,Cheas'y,,,1.2,1.2,,,,,,,,,,,,,,,,,,,,,,,,,,,,
,Option,Mitraillette,Dallas,,,1.2,1.2,,,,,,,,,,,,,,,,,,,,,,,,,,,,
,ITEM,Mitraillette,Mitraillette lucifer,,Choix sauce = sauce dans le pain & sur les frites / Choix extra sauce = sauce en plus dans un pot. Si vous souhaitez 2 sauces mélangée : choisir une sauce et écrire la deuxième sauce en commentaire. Si vous souhaitez la sauce à part : précisez en commentaire.,10.6,10.6,,,,,,,,,,,,,,,,,,,,,,,,,,,,
,Option-Group,Mitraillette,Choix sauce (obligatoire),,,,,,,,,,,,,,,,,,,,,,,,,,,,,,,,
,Option,Mitraillette,Sans sauce,,,0,0,,,,,,,,,,,,,,,,,,,,,,,,,,,,
,Option,Mitraillette,Algérienne,,,0,0,,,,,,,,,,,,,,,,,,,,,,,,,,,,
,Option,Mitraillette,Américaine,,,0,0,,,,,,,,,,,,,,,,,,,,,,,,,,,,
,Option,Mitraillette,Américaine forte,,,0,0,,,,,,,,,,,,,,,,,,,,,,,,,,,,
,Option,Mitraillette,Américaine légère,,,0,0,,,,,,,,,,,,,,,,,,,,,,,,,,,,
,Option,Mitraillette,Andalouse,,,0,0,,,,,,,,,,,,,,,,,,,,,,,,,,,,
,Option,Mitraillette,Barbecue,,,0,0,,,,,,,,,,,,,,,,,,,,,,,,,,,,
,Option,Mitraillette,Béarnaise,,,0,0,,,,,,,,,,,,,,,,,,,,,,,,,,,,
,Option,Mitraillette,Bicky burger,,,0,0,,,,,,,,,,,,,,,,,,,,,,,,,,,,
,Option,Mitraillette,Brazil,,,0,0,,,,,,,,,,,,,,,,,,,,,,,,,,,,
,Option,Mitraillette,Cocktail,,,0,0,,,,,,,,,,,,,,,,,,,,,,,,,,,,
,Option,Mitraillette,Curry ketchup,,,0,0,,,,,,,,,,,,,,,,,,,,,,,,,,,,
,Option,Mitraillette,Géante,,,0,0,,,,,,,,,,,,,,,,,,,,,,,,,,,,
,Option,Mitraillette,Hawaï,,,0,0,,,,,,,,,,,,,,,,,,,,,,,,,,,,
,Option,Mitraillette,Ketchup,,,0,0,,,,,,,,,,,,,,,,,,,,,,,,,,,,
,Option,Mitraillette,Loempia,,,0,0,,,,,,,,,,,,,,,,,,,,,,,,,,,,
,Option,Mitraillette,Manalouse,,,0,0,,,,,,,,,,,,,,,,,,,,,,,,,,,,
,Option,Mitraillette,Mayonnaise,,,0,0,,,,,,,,,,,,,,,,,,,,,,,,,,,,
,Option,Mitraillette,Moutarde,,,0,0,,,,,,,,,,,,,,,,,,,,,,,,,,,,
,Option,Mitraillette,Pitta à l'ail,,,0,0,,,,,,,,,,,,,,,,,,,,,,,,,,,,
,Option,Mitraillette,Poivre,,,0,0,,,,,,,,,,,,,,,,,,,,,,,,,,,,
,Option,Mitraillette,Provençale,,,0,0,,,,,,,,,,,,,,,,,,,,,,,,,,,,
,Option,Mitraillette,Riche,,,0,0,,,,,,,,,,,,,,,,,,,,,,,,,,,,
,Option,Mitraillette,Samouraï,,,0,0,,,,,,,,,,,,,,,,,,,,,,,,,,,,
,Option,Mitraillette,Tartare,,,0,0,,,,,,,,,,,,,,,,,,,,,,,,,,,,
,Option,Mitraillette,Tomagrec,,,0,0,,,,,,,,,,,,,,,,,,,,,,,,,,,,
,Option,Mitraillette,Toscane,,,0,0,,,,,,,,,,,,,,,,,,,,,,,,,,,,
,Option,Mitraillette,Vinaigrette,,,0,0,,,,,,,,,,,,,,,,,,,,,,,,,,,,
,Option,Mitraillette,Mayonnaise truffe,,,0,0,,,,,,,,,,,,,,,,,,,,,,,,,,,,
,Option,Mitraillette,Jammie,,,0,0,,,,,,,,,,,,,,,,,,,,,,,,,,,,
,Option,Mitraillette,Cheas'y,,,0,0,,,,,,,,,,,,,,,,,,,,,,,,,,,,
,Option,Mitraillette,Dallas,,,0,0,,,,,,,,,,,,,,,,,,,,,,,,,,,,
,Option-Group,Mitraillette,Choix crudités (facultatif),,,,,,,,,,,,,,,,,,,,,,,,,,,,,,,,
,Option,Mitraillette,Sans crudités,,,0,0,,,,,,,,,,,,,,,,,,,,,,,,,,,,
,Option,Mitraillette,Carotte,,,0.1,0.1,,,,,,,,,,,,,,,,,,,,,,,,,,,,
,Option,Mitraillette,Chou blanc,,,0.1,0.1,,,,,,,,,,,,,,,,,,,,,,,,,,,,
,Option,Mitraillette,Cornichon,,,0.1,0.1,,,,,,,,,,,,,,,,,,,,,,,,,,,,
,Option,Mitraillette,Maïs,,,0.1,0.1,,,,,,,,,,,,,,,,,,,,,,,,,,,,
,Option,Mitraillette,Oignons rouges,,,0.1,0.1,,,,,,,,,,,,,,,,,,,,,,,,,,,,
,Option,Mitraillette,Salade verte,,,0.1,0.1,,,,,,,,,,,,,,,,,,,,,,,,,,,,
,Option,Mitraillette,Tomates,,,0.1,0.1,,,,,,,,,,,,,,,,,,,,,,,,,,,,
,Option-Group,Mitraillette,Choix extra cheese (facultatif),,,,,,,,,,,,,,,,,,,,,,,,,,,,,,,,
,Option,Mitraillette,Feta,,,0.9,0.9,,,,,,,,,,,,,,,,,,,,,,,,,,,,
,Option,Mitraillette,Cheese,,,0.7,0.7,,,,,,,,,,,,,,,,,,,,,,,,,,,,
,Option-Group,Mitraillette,Choix extra sauces (facultatif),,,,,,,,,,,,,,,,,,,,,,,,,,,,,,,,
,Option,Mitraillette,Algérienne,,,0,0,,,,,,,,,,,,,,,,,,,,,,,,,,,,
,Option,Mitraillette,Américaine,,,1.2,1.2,,,,,,,,,,,,,,,,,,,,,,,,,,,,
,Option,Mitraillette,Américaine forte,,,1.2,1.2,,,,,,,,,,,,,,,,,,,,,,,,,,,,
,Option,Mitraillette,Américaine légère,,,1.2,1.2,,,,,,,,,,,,,,,,,,,,,,,,,,,,
,Option,Mitraillette,Andalouse,,,1.2,1.2,,,,,,,,,,,,,,,,,,,,,,,,,,,,
,Option,Mitraillette,Barbecue,,,1.2,1.2,,,,,,,,,,,,,,,,,,,,,,,,,,,,
,Option,Mitraillette,Béarnaise,,,1.2,1.2,,,,,,,,,,,,,,,,,,,,,,,,,,,,
,Option,Mitraillette,Bicky burger,,,1.2,1.2,,,,,,,,,,,,,,,,,,,,,,,,,,,,
,Option,Mitraillette,Brazil,,,1.2,1.2,,,,,,,,,,,,,,,,,,,,,,,,,,,,
,Option,Mitraillette,Cocktail,,,1.2,1.2,,,,,,,,,,,,,,,,,,,,,,,,,,,,
,Option,Mitraillette,Curry ketchup,,,1.2,1.2,,,,,,,,,,,,,,,,,,,,,,,,,,,,
,Option,Mitraillette,Géante,,,1.2,1.2,,,,,,,,,,,,,,,,,,,,,,,,,,,,
,Option,Mitraillette,Hawaï,,,1.2,1.2,,,,,,,,,,,,,,,,,,,,,,,,,,,,
,Option,Mitraillette,Ketchup,,,1.2,1.2,,,,,,,,,,,,,,,,,,,,,,,,,,,,
,Option,Mitraillette,Loempia,,,1.2,1.2,,,,,,,,,,,,,,,,,,,,,,,,,,,,
,Option,Mitraillette,Manalouse,,,1.2,1.2,,,,,,,,,,,,,,,,,,,,,,,,,,,,
,Option,Mitraillette,Mayonnaise,,,1.2,1.2,,,,,,,,,,,,,,,,,,,,,,,,,,,,
,Option,Mitraillette,Moutarde,,,1.2,1.2,,,,,,,,,,,,,,,,,,,,,,,,,,,,
,Option,Mitraillette,Pitta à l'ail,,,1.2,1.2,,,,,,,,,,,,,,,,,,,,,,,,,,,,
,Option,Mitraillette,Poivre,,,1.2,1.2,,,,,,,,,,,,,,,,,,,,,,,,,,,,
,Option,Mitraillette,Provençale,,,1.2,1.2,,,,,,,,,,,,,,,,,,,,,,,,,,,,
,Option,Mitraillette,Riche,,,1.2,1.2,,,,,,,,,,,,,,,,,,,,,,,,,,,,
,Option,Mitraillette,Samouraï,,,1.2,1.2,,,,,,,,,,,,,,,,,,,,,,,,,,,,
,Option,Mitraillette,Tartare,,,1.2,1.2,,,,,,,,,,,,,,,,,,,,,,,,,,,,
,Option,Mitraillette,Tomagrec,,,1.2,1.2,,,,,,,,,,,,,,,,,,,,,,,,,,,,
,Option,Mitraillette,Toscane,,,1.2,1.2,,,,,,,,,,,,,,,,,,,,,,,,,,,,
,Option,Mitraillette,Vinaigrette,,,1.2,1.2,,,,,,,,,,,,,,,,,,,,,,,,,,,,
,Option,Mitraillette,Mayonnaise truffe,,,1.2,1.2,,,,,,,,,,,,,,,,,,,,,,,,,,,,
,Option,Mitraillette,Jammie,,,1.2,1.2,,,,,,,,,,,,,,,,,,,,,,,,,,,,
,Option,Mitraillette,Cheas'y,,,1.2,1.2,,,,,,,,,,,,,,,,,,,,,,,,,,,,
,Option,Mitraillette,Dallas,,,1.2,1.2,,,,,,,,,,,,,,,,,,,,,,,,,,,,
,ITEM,Mitraillette,Mitraillette nuggets,,Choix sauce = sauce dans le pain & sur les frites / Choix extra sauce = sauce en plus dans un pot. Si vous souhaitez 2 sauces mélangée : choisir une sauce et écrire la deuxième sauce en commentaire. Si vous souhaitez la sauce à part : précisez en commentaire.,10.8,10.8,,,,,,,,,,,,,,,,,,,,,,,,,,,,
,Option-Group,Mitraillette,Choix sauce (obligatoire),,,,,,,,,,,,,,,,,,,,,,,,,,,,,,,,
,Option,Mitraillette,Sans sauce,,,0,0,,,,,,,,,,,,,,,,,,,,,,,,,,,,
,Option,Mitraillette,Algérienne,,,0,0,,,,,,,,,,,,,,,,,,,,,,,,,,,,
,Option,Mitraillette,Américaine,,,0,0,,,,,,,,,,,,,,,,,,,,,,,,,,,,
,Option,Mitraillette,Américaine forte,,,0,0,,,,,,,,,,,,,,,,,,,,,,,,,,,,
,Option,Mitraillette,Américaine légère,,,0,0,,,,,,,,,,,,,,,,,,,,,,,,,,,,
,Option,Mitraillette,Andalouse,,,0,0,,,,,,,,,,,,,,,,,,,,,,,,,,,,
,Option,Mitraillette,Barbecue,,,0,0,,,,,,,,,,,,,,,,,,,,,,,,,,,,
,Option,Mitraillette,Béarnaise,,,0,0,,,,,,,,,,,,,,,,,,,,,,,,,,,,
,Option,Mitraillette,Bicky burger,,,0,0,,,,,,,,,,,,,,,,,,,,,,,,,,,,
,Option,Mitraillette,Brazil,,,0,0,,,,,,,,,,,,,,,,,,,,,,,,,,,,
,Option,Mitraillette,Cocktail,,,0,0,,,,,,,,,,,,,,,,,,,,,,,,,,,,
,Option,Mitraillette,Curry ketchup,,,0,0,,,,,,,,,,,,,,,,,,,,,,,,,,,,
,Option,Mitraillette,Géante,,,0,0,,,,,,,,,,,,,,,,,,,,,,,,,,,,
,Option,Mitraillette,Hawaï,,,0,0,,,,,,,,,,,,,,,,,,,,,,,,,,,,
,Option,Mitraillette,Ketchup,,,0,0,,,,,,,,,,,,,,,,,,,,,,,,,,,,
,Option,Mitraillette,Loempia,,,0,0,,,,,,,,,,,,,,,,,,,,,,,,,,,,
,Option,Mitraillette,Manalouse,,,0,0,,,,,,,,,,,,,,,,,,,,,,,,,,,,
,Option,Mitraillette,Mayonnaise,,,0,0,,,,,,,,,,,,,,,,,,,,,,,,,,,,
,Option,Mitraillette,Moutarde,,,0,0,,,,,,,,,,,,,,,,,,,,,,,,,,,,
,Option,Mitraillette,Pitta à l'ail,,,0,0,,,,,,,,,,,,,,,,,,,,,,,,,,,,
,Option,Mitraillette,Poivre,,,0,0,,,,,,,,,,,,,,,,,,,,,,,,,,,,
,Option,Mitraillette,Provençale,,,0,0,,,,,,,,,,,,,,,,,,,,,,,,,,,,
,Option,Mitraillette,Riche,,,0,0,,,,,,,,,,,,,,,,,,,,,,,,,,,,
,Option,Mitraillette,Samouraï,,,0,0,,,,,,,,,,,,,,,,,,,,,,,,,,,,
,Option,Mitraillette,Tartare,,,0,0,,,,,,,,,,,,,,,,,,,,,,,,,,,,
,Option,Mitraillette,Tomagrec,,,0,0,,,,,,,,,,,,,,,,,,,,,,,,,,,,
,Option,Mitraillette,Toscane,,,0,0,,,,,,,,,,,,,,,,,,,,,,,,,,,,
,Option,Mitraillette,Vinaigrette,,,0,0,,,,,,,,,,,,,,,,,,,,,,,,,,,,
,Option,Mitraillette,Mayonnaise truffe,,,0,0,,,,,,,,,,,,,,,,,,,,,,,,,,,,
,Option,Mitraillette,Jammie,,,0,0,,,,,,,,,,,,,,,,,,,,,,,,,,,,
,Option,Mitraillette,Cheas'y,,,0,0,,,,,,,,,,,,,,,,,,,,,,,,,,,,
,Option,Mitraillette,Dallas,,,0,0,,,,,,,,,,,,,,,,,,,,,,,,,,,,
,Option-Group,Mitraillette,Choix crudités (facultatif),,,,,,,,,,,,,,,,,,,,,,,,,,,,,,,,
,Option,Mitraillette,Sans crudités,,,0,0,,,,,,,,,,,,,,,,,,,,,,,,,,,,
,Option,Mitraillette,Carotte,,,0.1,0.1,,,,,,,,,,,,,,,,,,,,,,,,,,,,
,Option,Mitraillette,Chou blanc,,,0.1,0.1,,,,,,,,,,,,,,,,,,,,,,,,,,,,
,Option,Mitraillette,Cornichon,,,0.1,0.1,,,,,,,,,,,,,,,,,,,,,,,,,,,,
,Option,Mitraillette,Maïs,,,0.1,0.1,,,,,,,,,,,,,,,,,,,,,,,,,,,,
,Option,Mitraillette,Oignons rouges,,,0.1,0.1,,,,,,,,,,,,,,,,,,,,,,,,,,,,
,Option,Mitraillette,Salade verte,,,0.1,0.1,,,,,,,,,,,,,,,,,,,,,,,,,,,,
,Option,Mitraillette,Tomates,,,0.1,0.1,,,,,,,,,,,,,,,,,,,,,,,,,,,,
,Option-Group,Mitraillette,Choix extra cheese (facultatif),,,,,,,,,,,,,,,,,,,,,,,,,,,,,,,,
,Option,Mitraillette,Feta,,,0.9,0.9,,,,,,,,,,,,,,,,,,,,,,,,,,,,
,Option,Mitraillette,Cheese,,,0.7,0.7,,,,,,,,,,,,,,,,,,,,,,,,,,,,
,Option-Group,Mitraillette,Choix extra sauces (facultatif),,,,,,,,,,,,,,,,,,,,,,,,,,,,,,,,
,Option,Mitraillette,Algérienne,,,0,0,,,,,,,,,,,,,,,,,,,,,,,,,,,,
,Option,Mitraillette,Américaine,,,1.2,1.2,,,,,,,,,,,,,,,,,,,,,,,,,,,,
,Option,Mitraillette,Américaine forte,,,1.2,1.2,,,,,,,,,,,,,,,,,,,,,,,,,,,,
,Option,Mitraillette,Américaine légère,,,1.2,1.2,,,,,,,,,,,,,,,,,,,,,,,,,,,,
,Option,Mitraillette,Andalouse,,,1.2,1.2,,,,,,,,,,,,,,,,,,,,,,,,,,,,
,Option,Mitraillette,Barbecue,,,1.2,1.2,,,,,,,,,,,,,,,,,,,,,,,,,,,,
,Option,Mitraillette,Béarnaise,,,1.2,1.2,,,,,,,,,,,,,,,,,,,,,,,,,,,,
,Option,Mitraillette,Bicky burger,,,1.2,1.2,,,,,,,,,,,,,,,,,,,,,,,,,,,,
,Option,Mitraillette,Brazil,,,1.2,1.2,,,,,,,,,,,,,,,,,,,,,,,,,,,,
,Option,Mitraillette,Cocktail,,,1.2,1.2,,,,,,,,,,,,,,,,,,,,,,,,,,,,
,Option,Mitraillette,Curry ketchup,,,1.2,1.2,,,,,,,,,,,,,,,,,,,,,,,,,,,,
,Option,Mitraillette,Géante,,,1.2,1.2,,,,,,,,,,,,,,,,,,,,,,,,,,,,
,Option,Mitraillette,Hawaï,,,1.2,1.2,,,,,,,,,,,,,,,,,,,,,,,,,,,,
,Option,Mitraillette,Ketchup,,,1.2,1.2,,,,,,,,,,,,,,,,,,,,,,,,,,,,
,Option,Mitraillette,Loempia,,,1.2,1.2,,,,,,,,,,,,,,,,,,,,,,,,,,,,
,Option,Mitraillette,Manalouse,,,1.2,1.2,,,,,,,,,,,,,,,,,,,,,,,,,,,,
,Option,Mitraillette,Mayonnaise,,,1.2,1.2,,,,,,,,,,,,,,,,,,,,,,,,,,,,
,Option,Mitraillette,Moutarde,,,1.2,1.2,,,,,,,,,,,,,,,,,,,,,,,,,,,,
,Option,Mitraillette,Pitta à l'ail,,,1.2,1.2,,,,,,,,,,,,,,,,,,,,,,,,,,,,
,Option,Mitraillette,Poivre,,,1.2,1.2,,,,,,,,,,,,,,,,,,,,,,,,,,,,
,Option,Mitraillette,Provençale,,,1.2,1.2,,,,,,,,,,,,,,,,,,,,,,,,,,,,
,Option,Mitraillette,Riche,,,1.2,1.2,,,,,,,,,,,,,,,,,,,,,,,,,,,,
,Option,Mitraillette,Samouraï,,,1.2,1.2,,,,,,,,,,,,,,,,,,,,,,,,,,,,
,Option,Mitraillette,Tartare,,,1.2,1.2,,,,,,,,,,,,,,,,,,,,,,,,,,,,
,Option,Mitraillette,Tomagrec,,,1.2,1.2,,,,,,,,,,,,,,,,,,,,,,,,,,,,
,Option,Mitraillette,Toscane,,,1.2,1.2,,,,,,,,,,,,,,,,,,,,,,,,,,,,
,Option,Mitraillette,Vinaigrette,,,1.2,1.2,,,,,,,,,,,,,,,,,,,,,,,,,,,,
,Option,Mitraillette,Mayonnaise truffe,,,1.2,1.2,,,,,,,,,,,,,,,,,,,,,,,,,,,,
,Option,Mitraillette,Jammie,,,1.2,1.2,,,,,,,,,,,,,,,,,,,,,,,,,,,,
,Option,Mitraillette,Cheas'y,,,1.2,1.2,,,,,,,,,,,,,,,,,,,,,,,,,,,,
,Option,Mitraillette,Dallas,,,1.2,1.2,,,,,,,,,,,,,,,,,,,,,,,,,,,,
,ITEM,Mitraillette,Mitraillette chix fingers,,Choix sauce = sauce dans le pain & sur les frites / Choix extra sauce = sauce en plus dans un pot. Si vous souhaitez 2 sauces mélangée : choisir une sauce et écrire la deuxième sauce en commentaire. Si vous souhaitez la sauce à part : précisez en commentaire.,10.8,10.8,,,,,,,,,,,,,,,,,,,,,,,,,,,,
,Option-Group,Mitraillette,Choix sauce (obligatoire),,,,,,,,,,,,,,,,,,,,,,,,,,,,,,,,
,Option,Mitraillette,Sans sauce,,,0,0,,,,,,,,,,,,,,,,,,,,,,,,,,,,
,Option,Mitraillette,Algérienne,,,0,0,,,,,,,,,,,,,,,,,,,,,,,,,,,,
,Option,Mitraillette,Américaine,,,0,0,,,,,,,,,,,,,,,,,,,,,,,,,,,,
,Option,Mitraillette,Américaine forte,,,0,0,,,,,,,,,,,,,,,,,,,,,,,,,,,,
,Option,Mitraillette,Américaine légère,,,0,0,,,,,,,,,,,,,,,,,,,,,,,,,,,,
,Option,Mitraillette,Andalouse,,,0,0,,,,,,,,,,,,,,,,,,,,,,,,,,,,
,Option,Mitraillette,Barbecue,,,0,0,,,,,,,,,,,,,,,,,,,,,,,,,,,,
,Option,Mitraillette,Béarnaise,,,0,0,,,,,,,,,,,,,,,,,,,,,,,,,,,,
,Option,Mitraillette,Bicky burger,,,0,0,,,,,,,,,,,,,,,,,,,,,,,,,,,,
,Option,Mitraillette,Brazil,,,0,0,,,,,,,,,,,,,,,,,,,,,,,,,,,,
,Option,Mitraillette,Cocktail,,,0,0,,,,,,,,,,,,,,,,,,,,,,,,,,,,
,Option,Mitraillette,Curry ketchup,,,0,0,,,,,,,,,,,,,,,,,,,,,,,,,,,,
,Option,Mitraillette,Géante,,,0,0,,,,,,,,,,,,,,,,,,,,,,,,,,,,
,Option,Mitraillette,Hawaï,,,0,0,,,,,,,,,,,,,,,,,,,,,,,,,,,,
,Option,Mitraillette,Ketchup,,,0,0,,,,,,,,,,,,,,,,,,,,,,,,,,,,
,Option,Mitraillette,Loempia,,,0,0,,,,,,,,,,,,,,,,,,,,,,,,,,,,
,Option,Mitraillette,Manalouse,,,0,0,,,,,,,,,,,,,,,,,,,,,,,,,,,,
,Option,Mitraillette,Mayonnaise,,,0,0,,,,,,,,,,,,,,,,,,,,,,,,,,,,
,Option,Mitraillette,Moutarde,,,0,0,,,,,,,,,,,,,,,,,,,,,,,,,,,,
,Option,Mitraillette,Pitta à l'ail,,,0,0,,,,,,,,,,,,,,,,,,,,,,,,,,,,
,Option,Mitraillette,Poivre,,,0,0,,,,,,,,,,,,,,,,,,,,,,,,,,,,
,Option,Mitraillette,Provençale,,,0,0,,,,,,,,,,,,,,,,,,,,,,,,,,,,
,Option,Mitraillette,Riche,,,0,0,,,,,,,,,,,,,,,,,,,,,,,,,,,,
,Option,Mitraillette,Samouraï,,,0,0,,,,,,,,,,,,,,,,,,,,,,,,,,,,
,Option,Mitraillette,Tartare,,,0,0,,,,,,,,,,,,,,,,,,,,,,,,,,,,
,Option,Mitraillette,Tomagrec,,,0,0,,,,,,,,,,,,,,,,,,,,,,,,,,,,
,Option,Mitraillette,Toscane,,,0,0,,,,,,,,,,,,,,,,,,,,,,,,,,,,
,Option,Mitraillette,Vinaigrette,,,0,0,,,,,,,,,,,,,,,,,,,,,,,,,,,,
,Option,Mitraillette,Mayonnaise truffe,,,0,0,,,,,,,,,,,,,,,,,,,,,,,,,,,,
,Option,Mitraillette,Jammie,,,0,0,,,,,,,,,,,,,,,,,,,,,,,,,,,,
,Option,Mitraillette,Cheas'y,,,0,0,,,,,,,,,,,,,,,,,,,,,,,,,,,,
,Option,Mitraillette,Dallas,,,0,0,,,,,,,,,,,,,,,,,,,,,,,,,,,,
,Option-Group,Mitraillette,Choix crudités (facultatif),,,,,,,,,,,,,,,,,,,,,,,,,,,,,,,,
,Option,Mitraillette,Sans crudités,,,0,0,,,,,,,,,,,,,,,,,,,,,,,,,,,,
,Option,Mitraillette,Carotte,,,0.1,0.1,,,,,,,,,,,,,,,,,,,,,,,,,,,,
,Option,Mitraillette,Chou blanc,,,0.1,0.1,,,,,,,,,,,,,,,,,,,,,,,,,,,,
,Option,Mitraillette,Cornichon,,,0.1,0.1,,,,,,,,,,,,,,,,,,,,,,,,,,,,
,Option,Mitraillette,Maïs,,,0.1,0.1,,,,,,,,,,,,,,,,,,,,,,,,,,,,
,Option,Mitraillette,Oignons rouges,,,0.1,0.1,,,,,,,,,,,,,,,,,,,,,,,,,,,,
,Option,Mitraillette,Salade verte,,,0.1,0.1,,,,,,,,,,,,,,,,,,,,,,,,,,,,
,Option,Mitraillette,Tomates,,,0.1,0.1,,,,,,,,,,,,,,,,,,,,,,,,,,,,
,Option-Group,Mitraillette,Choix extra cheese (facultatif),,,,,,,,,,,,,,,,,,,,,,,,,,,,,,,,
,Option,Mitraillette,Feta,,,0.9,0.9,,,,,,,,,,,,,,,,,,,,,,,,,,,,
,Option,Mitraillette,Cheese,,,0.7,0.7,,,,,,,,,,,,,,,,,,,,,,,,,,,,
,Option-Group,Mitraillette,Choix extra sauces (facultatif),,,,,,,,,,,,,,,,,,,,,,,,,,,,,,,,
,Option,Mitraillette,Algérienne,,,0,0,,,,,,,,,,,,,,,,,,,,,,,,,,,,
,Option,Mitraillette,Américaine,,,1.2,1.2,,,,,,,,,,,,,,,,,,,,,,,,,,,,
,Option,Mitraillette,Américaine forte,,,1.2,1.2,,,,,,,,,,,,,,,,,,,,,,,,,,,,
,Option,Mitraillette,Américaine légère,,,1.2,1.2,,,,,,,,,,,,,,,,,,,,,,,,,,,,
,Option,Mitraillette,Andalouse,,,1.2,1.2,,,,,,,,,,,,,,,,,,,,,,,,,,,,
,Option,Mitraillette,Barbecue,,,1.2,1.2,,,,,,,,,,,,,,,,,,,,,,,,,,,,
,Option,Mitraillette,Béarnaise,,,1.2,1.2,,,,,,,,,,,,,,,,,,,,,,,,,,,,
,Option,Mitraillette,Bicky burger,,,1.2,1.2,,,,,,,,,,,,,,,,,,,,,,,,,,,,
,Option,Mitraillette,Brazil,,,1.2,1.2,,,,,,,,,,,,,,,,,,,,,,,,,,,,
,Option,Mitraillette,Cocktail,,,1.2,1.2,,,,,,,,,,,,,,,,,,,,,,,,,,,,
,Option,Mitraillette,Curry ketchup,,,1.2,1.2,,,,,,,,,,,,,,,,,,,,,,,,,,,,
,Option,Mitraillette,Géante,,,1.2,1.2,,,,,,,,,,,,,,,,,,,,,,,,,,,,
,Option,Mitraillette,Hawaï,,,1.2,1.2,,,,,,,,,,,,,,,,,,,,,,,,,,,,
,Option,Mitraillette,Ketchup,,,1.2,1.2,,,,,,,,,,,,,,,,,,,,,,,,,,,,
,Option,Mitraillette,Loempia,,,1.2,1.2,,,,,,,,,,,,,,,,,,,,,,,,,,,,
,Option,Mitraillette,Manalouse,,,1.2,1.2,,,,,,,,,,,,,,,,,,,,,,,,,,,,
,Option,Mitraillette,Mayonnaise,,,1.2,1.2,,,,,,,,,,,,,,,,,,,,,,,,,,,,
,Option,Mitraillette,Moutarde,,,1.2,1.2,,,,,,,,,,,,,,,,,,,,,,,,,,,,
,Option,Mitraillette,Pitta à l'ail,,,1.2,1.2,,,,,,,,,,,,,,,,,,,,,,,,,,,,
,Option,Mitraillette,Poivre,,,1.2,1.2,,,,,,,,,,,,,,,,,,,,,,,,,,,,
,Option,Mitraillette,Provençale,,,1.2,1.2,,,,,,,,,,,,,,,,,,,,,,,,,,,,
,Option,Mitraillette,Riche,,,1.2,1.2,,,,,,,,,,,,,,,,,,,,,,,,,,,,
,Option,Mitraillette,Samouraï,,,1.2,1.2,,,,,,,,,,,,,,,,,,,,,,,,,,,,
,Option,Mitraillette,Tartare,,,1.2,1.2,,,,,,,,,,,,,,,,,,,,,,,,,,,,
,Option,Mitraillette,Tomagrec,,,1.2,1.2,,,,,,,,,,,,,,,,,,,,,,,,,,,,
,Option,Mitraillette,Toscane,,,1.2,1.2,,,,,,,,,,,,,,,,,,,,,,,,,,,,
,Option,Mitraillette,Vinaigrette,,,1.2,1.2,,,,,,,,,,,,,,,,,,,,,,,,,,,,
,Option,Mitraillette,Mayonnaise truffe,,,1.2,1.2,,,,,,,,,,,,,,,,,,,,,,,,,,,,
,Option,Mitraillette,Jammie,,,1.2,1.2,,,,,,,,,,,,,,,,,,,,,,,,,,,,
,Option,Mitraillette,Cheas'y,,,1.2,1.2,,,,,,,,,,,,,,,,,,,,,,,,,,,,
,Option,Mitraillette,Dallas,,,1.2,1.2,,,,,,,,,,,,,,,,,,,,,,,,,,,,
,ITEM,Mitraillette,Mitraillette chili cheese,,Choix sauce = sauce dans le pain & sur les frites / Choix extra sauce = sauce en plus dans un pot. Si vous souhaitez 2 sauces mélangée : choisir une sauce et écrire la deuxième sauce en commentaire. Si vous souhaitez la sauce à part : précisez en commentaire.,11.3,11.3,,,,,,,,,,,,,,,,,,,,,,,,,,,,
,Option-Group,Mitraillette,Choix sauce (obligatoire),,,,,,,,,,,,,,,,,,,,,,,,,,,,,,,,
,Option,Mitraillette,Sans sauce,,,0,0,,,,,,,,,,,,,,,,,,,,,,,,,,,,
,Option,Mitraillette,Algérienne,,,0,0,,,,,,,,,,,,,,,,,,,,,,,,,,,,
,Option,Mitraillette,Américaine,,,0,0,,,,,,,,,,,,,,,,,,,,,,,,,,,,
,Option,Mitraillette,Américaine forte,,,0,0,,,,,,,,,,,,,,,,,,,,,,,,,,,,
,Option,Mitraillette,Américaine légère,,,0,0,,,,,,,,,,,,,,,,,,,,,,,,,,,,
,Option,Mitraillette,Andalouse,,,0,0,,,,,,,,,,,,,,,,,,,,,,,,,,,,
,Option,Mitraillette,Barbecue,,,0,0,,,,,,,,,,,,,,,,,,,,,,,,,,,,
,Option,Mitraillette,Béarnaise,,,0,0,,,,,,,,,,,,,,,,,,,,,,,,,,,,
,Option,Mitraillette,Bicky burger,,,0,0,,,,,,,,,,,,,,,,,,,,,,,,,,,,
,Option,Mitraillette,Brazil,,,0,0,,,,,,,,,,,,,,,,,,,,,,,,,,,,
,Option,Mitraillette,Cocktail,,,0,0,,,,,,,,,,,,,,,,,,,,,,,,,,,,
,Option,Mitraillette,Curry ketchup,,,0,0,,,,,,,,,,,,,,,,,,,,,,,,,,,,
,Option,Mitraillette,Géante,,,0,0,,,,,,,,,,,,,,,,,,,,,,,,,,,,
,Option,Mitraillette,Hawaï,,,0,0,,,,,,,,,,,,,,,,,,,,,,,,,,,,
,Option,Mitraillette,Ketchup,,,0,0,,,,,,,,,,,,,,,,,,,,,,,,,,,,
,Option,Mitraillette,Loempia,,,0,0,,,,,,,,,,,,,,,,,,,,,,,,,,,,
,Option,Mitraillette,Manalouse,,,0,0,,,,,,,,,,,,,,,,,,,,,,,,,,,,
,Option,Mitraillette,Mayonnaise,,,0,0,,,,,,,,,,,,,,,,,,,,,,,,,,,,
,Option,Mitraillette,Moutarde,,,0,0,,,,,,,,,,,,,,,,,,,,,,,,,,,,
,Option,Mitraillette,Pitta à l'ail,,,0,0,,,,,,,,,,,,,,,,,,,,,,,,,,,,
,Option,Mitraillette,Poivre,,,0,0,,,,,,,,,,,,,,,,,,,,,,,,,,,,
,Option,Mitraillette,Provençale,,,0,0,,,,,,,,,,,,,,,,,,,,,,,,,,,,
,Option,Mitraillette,Riche,,,0,0,,,,,,,,,,,,,,,,,,,,,,,,,,,,
,Option,Mitraillette,Samouraï,,,0,0,,,,,,,,,,,,,,,,,,,,,,,,,,,,
,Option,Mitraillette,Tartare,,,0,0,,,,,,,,,,,,,,,,,,,,,,,,,,,,
,Option,Mitraillette,Tomagrec,,,0,0,,,,,,,,,,,,,,,,,,,,,,,,,,,,
,Option,Mitraillette,Toscane,,,0,0,,,,,,,,,,,,,,,,,,,,,,,,,,,,
,Option,Mitraillette,Vinaigrette,,,0,0,,,,,,,,,,,,,,,,,,,,,,,,,,,,
,Option,Mitraillette,Mayonnaise truffe,,,0,0,,,,,,,,,,,,,,,,,,,,,,,,,,,,
,Option,Mitraillette,Jammie,,,0,0,,,,,,,,,,,,,,,,,,,,,,,,,,,,
,Option,Mitraillette,Cheas'y,,,0,0,,,,,,,,,,,,,,,,,,,,,,,,,,,,
,Option,Mitraillette,Dallas,,,0,0,,,,,,,,,,,,,,,,,,,,,,,,,,,,
,Option-Group,Mitraillette,Choix crudités (facultatif),,,,,,,,,,,,,,,,,,,,,,,,,,,,,,,,
,Option,Mitraillette,Sans crudités,,,0,0,,,,,,,,,,,,,,,,,,,,,,,,,,,,
,Option,Mitraillette,Carotte,,,0.1,0.1,,,,,,,,,,,,,,,,,,,,,,,,,,,,
,Option,Mitraillette,Chou blanc,,,0.1,0.1,,,,,,,,,,,,,,,,,,,,,,,,,,,,
,Option,Mitraillette,Cornichon,,,0.1,0.1,,,,,,,,,,,,,,,,,,,,,,,,,,,,
,Option,Mitraillette,Maïs,,,0.1,0.1,,,,,,,,,,,,,,,,,,,,,,,,,,,,
,Option,Mitraillette,Oignons rouges,,,0.1,0.1,,,,,,,,,,,,,,,,,,,,,,,,,,,,
,Option,Mitraillette,Salade verte,,,0.1,0.1,,,,,,,,,,,,,,,,,,,,,,,,,,,,
,Option,Mitraillette,Tomates,,,0.1,0.1,,,,,,,,,,,,,,,,,,,,,,,,,,,,
,Option-Group,Mitraillette,Choix extra cheese (facultatif),,,,,,,,,,,,,,,,,,,,,,,,,,,,,,,,
,Option,Mitraillette,Feta,,,0.9,0.9,,,,,,,,,,,,,,,,,,,,,,,,,,,,
,Option,Mitraillette,Cheese,,,0.7,0.7,,,,,,,,,,,,,,,,,,,,,,,,,,,,
,Option-Group,Mitraillette,Choix extra sauces (facultatif),,,,,,,,,,,,,,,,,,,,,,,,,,,,,,,,
,Option,Mitraillette,Algérienne,,,0,0,,,,,,,,,,,,,,,,,,,,,,,,,,,,
,Option,Mitraillette,Américaine,,,1.2,1.2,,,,,,,,,,,,,,,,,,,,,,,,,,,,
,Option,Mitraillette,Américaine forte,,,1.2,1.2,,,,,,,,,,,,,,,,,,,,,,,,,,,,
,Option,Mitraillette,Américaine légère,,,1.2,1.2,,,,,,,,,,,,,,,,,,,,,,,,,,,,
,Option,Mitraillette,Andalouse,,,1.2,1.2,,,,,,,,,,,,,,,,,,,,,,,,,,,,
,Option,Mitraillette,Barbecue,,,1.2,1.2,,,,,,,,,,,,,,,,,,,,,,,,,,,,
,Option,Mitraillette,Béarnaise,,,1.2,1.2,,,,,,,,,,,,,,,,,,,,,,,,,,,,
,Option,Mitraillette,Bicky burger,,,1.2,1.2,,,,,,,,,,,,,,,,,,,,,,,,,,,,
,Option,Mitraillette,Brazil,,,1.2,1.2,,,,,,,,,,,,,,,,,,,,,,,,,,,,
,Option,Mitraillette,Cocktail,,,1.2,1.2,,,,,,,,,,,,,,,,,,,,,,,,,,,,
,Option,Mitraillette,Curry ketchup,,,1.2,1.2,,,,,,,,,,,,,,,,,,,,,,,,,,,,
,Option,Mitraillette,Géante,,,1.2,1.2,,,,,,,,,,,,,,,,,,,,,,,,,,,,
,Option,Mitraillette,Hawaï,,,1.2,1.2,,,,,,,,,,,,,,,,,,,,,,,,,,,,
,Option,Mitraillette,Ketchup,,,1.2,1.2,,,,,,,,,,,,,,,,,,,,,,,,,,,,
,Option,Mitraillette,Loempia,,,1.2,1.2,,,,,,,,,,,,,,,,,,,,,,,,,,,,
,Option,Mitraillette,Manalouse,,,1.2,1.2,,,,,,,,,,,,,,,,,,,,,,,,,,,,
,Option,Mitraillette,Mayonnaise,,,1.2,1.2,,,,,,,,,,,,,,,,,,,,,,,,,,,,
,Option,Mitraillette,Moutarde,,,1.2,1.2,,,,,,,,,,,,,,,,,,,,,,,,,,,,
,Option,Mitraillette,Pitta à l'ail,,,1.2,1.2,,,,,,,,,,,,,,,,,,,,,,,,,,,,
,Option,Mitraillette,Poivre,,,1.2,1.2,,,,,,,,,,,,,,,,,,,,,,,,,,,,
,Option,Mitraillette,Provençale,,,1.2,1.2,,,,,,,,,,,,,,,,,,,,,,,,,,,,
,Option,Mitraillette,Riche,,,1.2,1.2,,,,,,,,,,,,,,,,,,,,,,,,,,,,
,Option,Mitraillette,Samouraï,,,1.2,1.2,,,,,,,,,,,,,,,,,,,,,,,,,,,,
,Option,Mitraillette,Tartare,,,1.2,1.2,,,,,,,,,,,,,,,,,,,,,,,,,,,,
,Option,Mitraillette,Tomagrec,,,1.2,1.2,,,,,,,,,,,,,,,,,,,,,,,,,,,,
,Option,Mitraillette,Toscane,,,1.2,1.2,,,,,,,,,,,,,,,,,,,,,,,,,,,,
,Option,Mitraillette,Vinaigrette,,,1.2,1.2,,,,,,,,,,,,,,,,,,,,,,,,,,,,
,Option,Mitraillette,Mayonnaise truffe,,,1.2,1.2,,,,,,,,,,,,,,,,,,,,,,,,,,,,
,Option,Mitraillette,Jammie,,,1.2,1.2,,,,,,,,,,,,,,,,,,,,,,,,,,,,
,Option,Mitraillette,Cheas'y,,,1.2,1.2,,,,,,,,,,,,,,,,,,,,,,,,,,,,
,Option,Mitraillette,Dallas,,,1.2,1.2,,,,,,,,,,,,,,,,,,,,,,,,,,,,
,ITEM,Mitraillette,Mitraillette mini loempia,,Choix sauce = sauce dans le pain & sur les frites / Choix extra sauce = sauce en plus dans un pot. Si vous souhaitez 2 sauces mélangée : choisir une sauce et écrire la deuxième sauce en commentaire. Si vous souhaitez la sauce à part : précisez en commentaire.,11.3,11.3,,,,,,,,,,,,,,,,,,,,,,,,,,,,
,Option-Group,Mitraillette,Choix sauce (obligatoire),,,,,,,,,,,,,,,,,,,,,,,,,,,,,,,,
,Option,Mitraillette,Sans sauce,,,0,0,,,,,,,,,,,,,,,,,,,,,,,,,,,,
,Option,Mitraillette,Algérienne,,,0,0,,,,,,,,,,,,,,,,,,,,,,,,,,,,
,Option,Mitraillette,Américaine,,,0,0,,,,,,,,,,,,,,,,,,,,,,,,,,,,
,Option,Mitraillette,Américaine forte,,,0,0,,,,,,,,,,,,,,,,,,,,,,,,,,,,
,Option,Mitraillette,Américaine légère,,,0,0,,,,,,,,,,,,,,,,,,,,,,,,,,,,
,Option,Mitraillette,Andalouse,,,0,0,,,,,,,,,,,,,,,,,,,,,,,,,,,,
,Option,Mitraillette,Barbecue,,,0,0,,,,,,,,,,,,,,,,,,,,,,,,,,,,
,Option,Mitraillette,Béarnaise,,,0,0,,,,,,,,,,,,,,,,,,,,,,,,,,,,
,Option,Mitraillette,Bicky burger,,,0,0,,,,,,,,,,,,,,,,,,,,,,,,,,,,
,Option,Mitraillette,Brazil,,,0,0,,,,,,,,,,,,,,,,,,,,,,,,,,,,
,Option,Mitraillette,Cocktail,,,0,0,,,,,,,,,,,,,,,,,,,,,,,,,,,,
,Option,Mitraillette,Curry ketchup,,,0,0,,,,,,,,,,,,,,,,,,,,,,,,,,,,
,Option,Mitraillette,Géante,,,0,0,,,,,,,,,,,,,,,,,,,,,,,,,,,,
,Option,Mitraillette,Hawaï,,,0,0,,,,,,,,,,,,,,,,,,,,,,,,,,,,
,Option,Mitraillette,Ketchup,,,0,0,,,,,,,,,,,,,,,,,,,,,,,,,,,,
,Option,Mitraillette,Loempia,,,0,0,,,,,,,,,,,,,,,,,,,,,,,,,,,,
,Option,Mitraillette,Manalouse,,,0,0,,,,,,,,,,,,,,,,,,,,,,,,,,,,
,Option,Mitraillette,Mayonnaise,,,0,0,,,,,,,,,,,,,,,,,,,,,,,,,,,,
,Option,Mitraillette,Moutarde,,,0,0,,,,,,,,,,,,,,,,,,,,,,,,,,,,
,Option,Mitraillette,Pitta à l'ail,,,0,0,,,,,,,,,,,,,,,,,,,,,,,,,,,,
,Option,Mitraillette,Poivre,,,0,0,,,,,,,,,,,,,,,,,,,,,,,,,,,,
,Option,Mitraillette,Provençale,,,0,0,,,,,,,,,,,,,,,,,,,,,,,,,,,,
,Option,Mitraillette,Riche,,,0,0,,,,,,,,,,,,,,,,,,,,,,,,,,,,
,Option,Mitraillette,Samouraï,,,0,0,,,,,,,,,,,,,,,,,,,,,,,,,,,,
,Option,Mitraillette,Tartare,,,0,0,,,,,,,,,,,,,,,,,,,,,,,,,,,,
,Option,Mitraillette,Tomagrec,,,0,0,,,,,,,,,,,,,,,,,,,,,,,,,,,,
,Option,Mitraillette,Toscane,,,0,0,,,,,,,,,,,,,,,,,,,,,,,,,,,,
,Option,Mitraillette,Vinaigrette,,,0,0,,,,,,,,,,,,,,,,,,,,,,,,,,,,
,Option,Mitraillette,Mayonnaise truffe,,,0,0,,,,,,,,,,,,,,,,,,,,,,,,,,,,
,Option,Mitraillette,Jammie,,,0,0,,,,,,,,,,,,,,,,,,,,,,,,,,,,
,Option,Mitraillette,Cheas'y,,,0,0,,,,,,,,,,,,,,,,,,,,,,,,,,,,
,Option,Mitraillette,Dallas,,,0,0,,,,,,,,,,,,,,,,,,,,,,,,,,,,
,Option-Group,Mitraillette,Choix crudités (facultatif),,,,,,,,,,,,,,,,,,,,,,,,,,,,,,,,
,Option,Mitraillette,Sans crudités,,,0,0,,,,,,,,,,,,,,,,,,,,,,,,,,,,
,Option,Mitraillette,Carotte,,,0.1,0.1,,,,,,,,,,,,,,,,,,,,,,,,,,,,
,Option,Mitraillette,Chou blanc,,,0.1,0.1,,,,,,,,,,,,,,,,,,,,,,,,,,,,
,Option,Mitraillette,Cornichon,,,0.1,0.1,,,,,,,,,,,,,,,,,,,,,,,,,,,,
,Option,Mitraillette,Maïs,,,0.1,0.1,,,,,,,,,,,,,,,,,,,,,,,,,,,,
,Option,Mitraillette,Oignons rouges,,,0.1,0.1,,,,,,,,,,,,,,,,,,,,,,,,,,,,
,Option,Mitraillette,Salade verte,,,0.1,0.1,,,,,,,,,,,,,,,,,,,,,,,,,,,,
,Option,Mitraillette,Tomates,,,0.1,0.1,,,,,,,,,,,,,,,,,,,,,,,,,,,,
,Option-Group,Mitraillette,Choix extra cheese (facultatif),,,,,,,,,,,,,,,,,,,,,,,,,,,,,,,,
,Option,Mitraillette,Feta,,,0.9,0.9,,,,,,,,,,,,,,,,,,,,,,,,,,,,
,Option,Mitraillette,Cheese,,,0.7,0.7,,,,,,,,,,,,,,,,,,,,,,,,,,,,
,Option-Group,Mitraillette,Choix extra sauces (facultatif),,,,,,,,,,,,,,,,,,,,,,,,,,,,,,,,
,Option,Mitraillette,Algérienne,,,0,0,,,,,,,,,,,,,,,,,,,,,,,,,,,,
,Option,Mitraillette,Américaine,,,1.2,1.2,,,,,,,,,,,,,,,,,,,,,,,,,,,,
,Option,Mitraillette,Américaine forte,,,1.2,1.2,,,,,,,,,,,,,,,,,,,,,,,,,,,,
,Option,Mitraillette,Américaine légère,,,1.2,1.2,,,,,,,,,,,,,,,,,,,,,,,,,,,,
,Option,Mitraillette,Andalouse,,,1.2,1.2,,,,,,,,,,,,,,,,,,,,,,,,,,,,
,Option,Mitraillette,Barbecue,,,1.2,1.2,,,,,,,,,,,,,,,,,,,,,,,,,,,,
,Option,Mitraillette,Béarnaise,,,1.2,1.2,,,,,,,,,,,,,,,,,,,,,,,,,,,,
,Option,Mitraillette,Bicky burger,,,1.2,1.2,,,,,,,,,,,,,,,,,,,,,,,,,,,,
,Option,Mitraillette,Brazil,,,1.2,1.2,,,,,,,,,,,,,,,,,,,,,,,,,,,,
,Option,Mitraillette,Cocktail,,,1.2,1.2,,,,,,,,,,,,,,,,,,,,,,,,,,,,
,Option,Mitraillette,Curry ketchup,,,1.2,1.2,,,,,,,,,,,,,,,,,,,,,,,,,,,,
,Option,Mitraillette,Géante,,,1.2,1.2,,,,,,,,,,,,,,,,,,,,,,,,,,,,
,Option,Mitraillette,Hawaï,,,1.2,1.2,,,,,,,,,,,,,,,,,,,,,,,,,,,,
,Option,Mitraillette,Ketchup,,,1.2,1.2,,,,,,,,,,,,,,,,,,,,,,,,,,,,
,Option,Mitraillette,Loempia,,,1.2,1.2,,,,,,,,,,,,,,,,,,,,,,,,,,,,
,Option,Mitraillette,Manalouse,,,1.2,1.2,,,,,,,,,,,,,,,,,,,,,,,,,,,,
,Option,Mitraillette,Mayonnaise,,,1.2,1.2,,,,,,,,,,,,,,,,,,,,,,,,,,,,
,Option,Mitraillette,Moutarde,,,1.2,1.2,,,,,,,,,,,,,,,,,,,,,,,,,,,,
,Option,Mitraillette,Pitta à l'ail,,,1.2,1.2,,,,,,,,,,,,,,,,,,,,,,,,,,,,
,Option,Mitraillette,Poivre,,,1.2,1.2,,,,,,,,,,,,,,,,,,,,,,,,,,,,
,Option,Mitraillette,Provençale,,,1.2,1.2,,,,,,,,,,,,,,,,,,,,,,,,,,,,
,Option,Mitraillette,Riche,,,1.2,1.2,,,,,,,,,,,,,,,,,,,,,,,,,,,,
,Option,Mitraillette,Samouraï,,,1.2,1.2,,,,,,,,,,,,,,,,,,,,,,,,,,,,
,Option,Mitraillette,Tartare,,,1.2,1.2,,,,,,,,,,,,,,,,,,,,,,,,,,,,
,Option,Mitraillette,Tomagrec,,,1.2,1.2,,,,,,,,,,,,,,,,,,,,,,,,,,,,
,Option,Mitraillette,Toscane,,,1.2,1.2,,,,,,,,,,,,,,,,,,,,,,,,,,,,
,Option,Mitraillette,Vinaigrette,,,1.2,1.2,,,,,,,,,,,,,,,,,,,,,,,,,,,,
,Option,Mitraillette,Mayonnaise truffe,,,1.2,1.2,,,,,,,,,,,,,,,,,,,,,,,,,,,,
,Option,Mitraillette,Jammie,,,1.2,1.2,,,,,,,,,,,,,,,,,,,,,,,,,,,,
,Option,Mitraillette,Cheas'y,,,1.2,1.2,,,,,,,,,,,,,,,,,,,,,,,,,,,,
,Option,Mitraillette,Dallas,,,1.2,1.2,,,,,,,,,,,,,,,,,,,,,,,,,,,,
,ITEM,Mitraillette,Mitraillette ragoezi,,Choix sauce = sauce dans le pain & sur les frites / Choix extra sauce = sauce en plus dans un pot. Si vous souhaitez 2 sauces mélangée : choisir une sauce et écrire la deuxième sauce en commentaire. Si vous souhaitez la sauce à part : précisez en commentaire.,10.7,10.7,,,,,,,,,,,,,,,,,,,,,,,,,,,,
,Option-Group,Mitraillette,Choix sauce (obligatoire),,,,,,,,,,,,,,,,,,,,,,,,,,,,,,,,
,Option,Mitraillette,Sans sauce,,,0,0,,,,,,,,,,,,,,,,,,,,,,,,,,,,
,Option,Mitraillette,Algérienne,,,0,0,,,,,,,,,,,,,,,,,,,,,,,,,,,,
,Option,Mitraillette,Américaine,,,0,0,,,,,,,,,,,,,,,,,,,,,,,,,,,,
,Option,Mitraillette,Américaine forte,,,0,0,,,,,,,,,,,,,,,,,,,,,,,,,,,,
,Option,Mitraillette,Américaine légère,,,0,0,,,,,,,,,,,,,,,,,,,,,,,,,,,,
,Option,Mitraillette,Andalouse,,,0,0,,,,,,,,,,,,,,,,,,,,,,,,,,,,
,Option,Mitraillette,Barbecue,,,0,0,,,,,,,,,,,,,,,,,,,,,,,,,,,,
,Option,Mitraillette,Béarnaise,,,0,0,,,,,,,,,,,,,,,,,,,,,,,,,,,,
,Option,Mitraillette,Bicky burger,,,0,0,,,,,,,,,,,,,,,,,,,,,,,,,,,,
,Option,Mitraillette,Brazil,,,0,0,,,,,,,,,,,,,,,,,,,,,,,,,,,,
,Option,Mitraillette,Cocktail,,,0,0,,,,,,,,,,,,,,,,,,,,,,,,,,,,
,Option,Mitraillette,Curry ketchup,,,0,0,,,,,,,,,,,,,,,,,,,,,,,,,,,,
,Option,Mitraillette,Géante,,,0,0,,,,,,,,,,,,,,,,,,,,,,,,,,,,
,Option,Mitraillette,Hawaï,,,0,0,,,,,,,,,,,,,,,,,,,,,,,,,,,,
,Option,Mitraillette,Ketchup,,,0,0,,,,,,,,,,,,,,,,,,,,,,,,,,,,
,Option,Mitraillette,Loempia,,,0,0,,,,,,,,,,,,,,,,,,,,,,,,,,,,
,Option,Mitraillette,Manalouse,,,0,0,,,,,,,,,,,,,,,,,,,,,,,,,,,,
,Option,Mitraillette,Mayonnaise,,,0,0,,,,,,,,,,,,,,,,,,,,,,,,,,,,
,Option,Mitraillette,Moutarde,,,0,0,,,,,,,,,,,,,,,,,,,,,,,,,,,,
,Option,Mitraillette,Pitta à l'ail,,,0,0,,,,,,,,,,,,,,,,,,,,,,,,,,,,
,Option,Mitraillette,Poivre,,,0,0,,,,,,,,,,,,,,,,,,,,,,,,,,,,
,Option,Mitraillette,Provençale,,,0,0,,,,,,,,,,,,,,,,,,,,,,,,,,,,
,Option,Mitraillette,Riche,,,0,0,,,,,,,,,,,,,,,,,,,,,,,,,,,,
,Option,Mitraillette,Samouraï,,,0,0,,,,,,,,,,,,,,,,,,,,,,,,,,,,
,Option,Mitraillette,Tartare,,,0,0,,,,,,,,,,,,,,,,,,,,,,,,,,,,
,Option,Mitraillette,Tomagrec,,,0,0,,,,,,,,,,,,,,,,,,,,,,,,,,,,
,Option,Mitraillette,Toscane,,,0,0,,,,,,,,,,,,,,,,,,,,,,,,,,,,
,Option,Mitraillette,Vinaigrette,,,0,0,,,,,,,,,,,,,,,,,,,,,,,,,,,,
,Option,Mitraillette,Mayonnaise truffe,,,0,0,,,,,,,,,,,,,,,,,,,,,,,,,,,,
,Option,Mitraillette,Jammie,,,0,0,,,,,,,,,,,,,,,,,,,,,,,,,,,,
,Option,Mitraillette,Cheas'y,,,0,0,,,,,,,,,,,,,,,,,,,,,,,,,,,,
,Option,Mitraillette,Dallas,,,0,0,,,,,,,,,,,,,,,,,,,,,,,,,,,,
,Option-Group,Mitraillette,Choix crudités (facultatif),,,,,,,,,,,,,,,,,,,,,,,,,,,,,,,,
,Option,Mitraillette,Sans crudités,,,0,0,,,,,,,,,,,,,,,,,,,,,,,,,,,,
,Option,Mitraillette,Carotte,,,0.1,0.1,,,,,,,,,,,,,,,,,,,,,,,,,,,,
,Option,Mitraillette,Chou blanc,,,0.1,0.1,,,,,,,,,,,,,,,,,,,,,,,,,,,,
,Option,Mitraillette,Cornichon,,,0.1,0.1,,,,,,,,,,,,,,,,,,,,,,,,,,,,
,Option,Mitraillette,Maïs,,,0.1,0.1,,,,,,,,,,,,,,,,,,,,,,,,,,,,
,Option,Mitraillette,Oignons rouges,,,0.1,0.1,,,,,,,,,,,,,,,,,,,,,,,,,,,,
,Option,Mitraillette,Salade verte,,,0.1,0.1,,,,,,,,,,,,,,,,,,,,,,,,,,,,
,Option,Mitraillette,Tomates,,,0.1,0.1,,,,,,,,,,,,,,,,,,,,,,,,,,,,
,Option-Group,Mitraillette,Choix extra cheese (facultatif),,,,,,,,,,,,,,,,,,,,,,,,,,,,,,,,
,Option,Mitraillette,Feta,,,0.9,0.9,,,,,,,,,,,,,,,,,,,,,,,,,,,,
,Option,Mitraillette,Cheese,,,0.7,0.7,,,,,,,,,,,,,,,,,,,,,,,,,,,,
,Option-Group,Mitraillette,Choix extra sauces (facultatif),,,,,,,,,,,,,,,,,,,,,,,,,,,,,,,,
,Option,Mitraillette,Algérienne,,,0,0,,,,,,,,,,,,,,,,,,,,,,,,,,,,
,Option,Mitraillette,Américaine,,,1.2,1.2,,,,,,,,,,,,,,,,,,,,,,,,,,,,
,Option,Mitraillette,Américaine forte,,,1.2,1.2,,,,,,,,,,,,,,,,,,,,,,,,,,,,
,Option,Mitraillette,Américaine légère,,,1.2,1.2,,,,,,,,,,,,,,,,,,,,,,,,,,,,
,Option,Mitraillette,Andalouse,,,1.2,1.2,,,,,,,,,,,,,,,,,,,,,,,,,,,,
,Option,Mitraillette,Barbecue,,,1.2,1.2,,,,,,,,,,,,,,,,,,,,,,,,,,,,
,Option,Mitraillette,Béarnaise,,,1.2,1.2,,,,,,,,,,,,,,,,,,,,,,,,,,,,
,Option,Mitraillette,Bicky burger,,,1.2,1.2,,,,,,,,,,,,,,,,,,,,,,,,,,,,
,Option,Mitraillette,Brazil,,,1.2,1.2,,,,,,,,,,,,,,,,,,,,,,,,,,,,
,Option,Mitraillette,Cocktail,,,1.2,1.2,,,,,,,,,,,,,,,,,,,,,,,,,,,,
,Option,Mitraillette,Curry ketchup,,,1.2,1.2,,,,,,,,,,,,,,,,,,,,,,,,,,,,
,Option,Mitraillette,Géante,,,1.2,1.2,,,,,,,,,,,,,,,,,,,,,,,,,,,,
,Option,Mitraillette,Hawaï,,,1.2,1.2,,,,,,,,,,,,,,,,,,,,,,,,,,,,
,Option,Mitraillette,Ketchup,,,1.2,1.2,,,,,,,,,,,,,,,,,,,,,,,,,,,,
,Option,Mitraillette,Loempia,,,1.2,1.2,,,,,,,,,,,,,,,,,,,,,,,,,,,,
,Option,Mitraillette,Manalouse,,,1.2,1.2,,,,,,,,,,,,,,,,,,,,,,,,,,,,
,Option,Mitraillette,Mayonnaise,,,1.2,1.2,,,,,,,,,,,,,,,,,,,,,,,,,,,,
,Option,Mitraillette,Moutarde,,,1.2,1.2,,,,,,,,,,,,,,,,,,,,,,,,,,,,
,Option,Mitraillette,Pitta à l'ail,,,1.2,1.2,,,,,,,,,,,,,,,,,,,,,,,,,,,,
,Option,Mitraillette,Poivre,,,1.2,1.2,,,,,,,,,,,,,,,,,,,,,,,,,,,,
,Option,Mitraillette,Provençale,,,1.2,1.2,,,,,,,,,,,,,,,,,,,,,,,,,,,,
,Option,Mitraillette,Riche,,,1.2,1.2,,,,,,,,,,,,,,,,,,,,,,,,,,,,
,Option,Mitraillette,Samouraï,,,1.2,1.2,,,,,,,,,,,,,,,,,,,,,,,,,,,,
,Option,Mitraillette,Tartare,,,1.2,1.2,,,,,,,,,,,,,,,,,,,,,,,,,,,,
,Option,Mitraillette,Tomagrec,,,1.2,1.2,,,,,,,,,,,,,,,,,,,,,,,,,,,,
,Option,Mitraillette,Toscane,,,1.2,1.2,,,,,,,,,,,,,,,,,,,,,,,,,,,,
,Option,Mitraillette,Vinaigrette,,,1.2,1.2,,,,,,,,,,,,,,,,,,,,,,,,,,,,
,Option,Mitraillette,Mayonnaise truffe,,,1.2,1.2,,,,,,,,,,,,,,,,,,,,,,,,,,,,
,Option,Mitraillette,Jammie,,,1.2,1.2,,,,,,,,,,,,,,,,,,,,,,,,,,,,
,Option,Mitraillette,Cheas'y,,,1.2,1.2,,,,,,,,,,,,,,,,,,,,,,,,,,,,
,Option,Mitraillette,Dallas,,,1.2,1.2,,,,,,,,,,,,,,,,,,,,,,,,,,,,
,ITEM,Mitraillette,Mitraillette loempia,,Choix sauce = sauce dans le pain & sur les frites / Choix extra sauce = sauce en plus dans un pot. Si vous souhaitez 2 sauces mélangée : choisir une sauce et écrire la deuxième sauce en commentaire. Si vous souhaitez la sauce à part : précisez en commentaire.,11.5,11.5,,,,,,,,,,,,,,,,,,,,,,,,,,,,
,Option-Group,Mitraillette,Choix sauce (obligatoire),,,,,,,,,,,,,,,,,,,,,,,,,,,,,,,,
,Option,Mitraillette,Sans sauce,,,0,0,,,,,,,,,,,,,,,,,,,,,,,,,,,,
,Option,Mitraillette,Algérienne,,,0,0,,,,,,,,,,,,,,,,,,,,,,,,,,,,
,Option,Mitraillette,Américaine,,,0,0,,,,,,,,,,,,,,,,,,,,,,,,,,,,
,Option,Mitraillette,Américaine forte,,,0,0,,,,,,,,,,,,,,,,,,,,,,,,,,,,
,Option,Mitraillette,Américaine légère,,,0,0,,,,,,,,,,,,,,,,,,,,,,,,,,,,
,Option,Mitraillette,Andalouse,,,0,0,,,,,,,,,,,,,,,,,,,,,,,,,,,,
,Option,Mitraillette,Barbecue,,,0,0,,,,,,,,,,,,,,,,,,,,,,,,,,,,
,Option,Mitraillette,Béarnaise,,,0,0,,,,,,,,,,,,,,,,,,,,,,,,,,,,
,Option,Mitraillette,Bicky burger,,,0,0,,,,,,,,,,,,,,,,,,,,,,,,,,,,
,Option,Mitraillette,Brazil,,,0,0,,,,,,,,,,,,,,,,,,,,,,,,,,,,
,Option,Mitraillette,Cocktail,,,0,0,,,,,,,,,,,,,,,,,,,,,,,,,,,,
,Option,Mitraillette,Curry ketchup,,,0,0,,,,,,,,,,,,,,,,,,,,,,,,,,,,
,Option,Mitraillette,Géante,,,0,0,,,,,,,,,,,,,,,,,,,,,,,,,,,,
,Option,Mitraillette,Hawaï,,,0,0,,,,,,,,,,,,,,,,,,,,,,,,,,,,
,Option,Mitraillette,Ketchup,,,0,0,,,,,,,,,,,,,,,,,,,,,,,,,,,,
,Option,Mitraillette,Loempia,,,0,0,,,,,,,,,,,,,,,,,,,,,,,,,,,,
,Option,Mitraillette,Manalouse,,,0,0,,,,,,,,,,,,,,,,,,,,,,,,,,,,
,Option,Mitraillette,Mayonnaise,,,0,0,,,,,,,,,,,,,,,,,,,,,,,,,,,,
,Option,Mitraillette,Moutarde,,,0,0,,,,,,,,,,,,,,,,,,,,,,,,,,,,
,Option,Mitraillette,Pitta à l'ail,,,0,0,,,,,,,,,,,,,,,,,,,,,,,,,,,,
,Option,Mitraillette,Poivre,,,0,0,,,,,,,,,,,,,,,,,,,,,,,,,,,,
,Option,Mitraillette,Provençale,,,0,0,,,,,,,,,,,,,,,,,,,,,,,,,,,,
,Option,Mitraillette,Riche,,,0,0,,,,,,,,,,,,,,,,,,,,,,,,,,,,
,Option,Mitraillette,Samouraï,,,0,0,,,,,,,,,,,,,,,,,,,,,,,,,,,,
,Option,Mitraillette,Tartare,,,0,0,,,,,,,,,,,,,,,,,,,,,,,,,,,,
,Option,Mitraillette,Tomagrec,,,0,0,,,,,,,,,,,,,,,,,,,,,,,,,,,,
,Option,Mitraillette,Toscane,,,0,0,,,,,,,,,,,,,,,,,,,,,,,,,,,,
,Option,Mitraillette,Vinaigrette,,,0,0,,,,,,,,,,,,,,,,,,,,,,,,,,,,
,Option,Mitraillette,Mayonnaise truffe,,,0,0,,,,,,,,,,,,,,,,,,,,,,,,,,,,
,Option,Mitraillette,Jammie,,,0,0,,,,,,,,,,,,,,,,,,,,,,,,,,,,
,Option,Mitraillette,Cheas'y,,,0,0,,,,,,,,,,,,,,,,,,,,,,,,,,,,
,Option,Mitraillette,Dallas,,,0,0,,,,,,,,,,,,,,,,,,,,,,,,,,,,
,Option-Group,Mitraillette,Choix crudités (facultatif),,,,,,,,,,,,,,,,,,,,,,,,,,,,,,,,
,Option,Mitraillette,Sans crudités,,,0,0,,,,,,,,,,,,,,,,,,,,,,,,,,,,
,Option,Mitraillette,Carotte,,,0.1,0.1,,,,,,,,,,,,,,,,,,,,,,,,,,,,
,Option,Mitraillette,Chou blanc,,,0.1,0.1,,,,,,,,,,,,,,,,,,,,,,,,,,,,
,Option,Mitraillette,Cornichon,,,0.1,0.1,,,,,,,,,,,,,,,,,,,,,,,,,,,,
,Option,Mitraillette,Maïs,,,0.1,0.1,,,,,,,,,,,,,,,,,,,,,,,,,,,,
,Option,Mitraillette,Oignons rouges,,,0.1,0.1,,,,,,,,,,,,,,,,,,,,,,,,,,,,
,Option,Mitraillette,Salade verte,,,0.1,0.1,,,,,,,,,,,,,,,,,,,,,,,,,,,,
,Option,Mitraillette,Tomates,,,0.1,0.1,,,,,,,,,,,,,,,,,,,,,,,,,,,,
,Option-Group,Mitraillette,Choix extra cheese (facultatif),,,,,,,,,,,,,,,,,,,,,,,,,,,,,,,,
,Option,Mitraillette,Feta,,,0.9,0.9,,,,,,,,,,,,,,,,,,,,,,,,,,,,
,Option,Mitraillette,Cheese,,,0.7,0.7,,,,,,,,,,,,,,,,,,,,,,,,,,,,
,Option-Group,Mitraillette,Choix extra sauces (facultatif),,,,,,,,,,,,,,,,,,,,,,,,,,,,,,,,
,Option,Mitraillette,Algérienne,,,0,0,,,,,,,,,,,,,,,,,,,,,,,,,,,,
,Option,Mitraillette,Américaine,,,1.2,1.2,,,,,,,,,,,,,,,,,,,,,,,,,,,,
,Option,Mitraillette,Américaine forte,,,1.2,1.2,,,,,,,,,,,,,,,,,,,,,,,,,,,,
,Option,Mitraillette,Américaine légère,,,1.2,1.2,,,,,,,,,,,,,,,,,,,,,,,,,,,,
,Option,Mitraillette,Andalouse,,,1.2,1.2,,,,,,,,,,,,,,,,,,,,,,,,,,,,
,Option,Mitraillette,Barbecue,,,1.2,1.2,,,,,,,,,,,,,,,,,,,,,,,,,,,,
,Option,Mitraillette,Béarnaise,,,1.2,1.2,,,,,,,,,,,,,,,,,,,,,,,,,,,,
,Option,Mitraillette,Bicky burger,,,1.2,1.2,,,,,,,,,,,,,,,,,,,,,,,,,,,,
,Option,Mitraillette,Brazil,,,1.2,1.2,,,,,,,,,,,,,,,,,,,,,,,,,,,,
,Option,Mitraillette,Cocktail,,,1.2,1.2,,,,,,,,,,,,,,,,,,,,,,,,,,,,
,Option,Mitraillette,Curry ketchup,,,1.2,1.2,,,,,,,,,,,,,,,,,,,,,,,,,,,,
,Option,Mitraillette,Géante,,,1.2,1.2,,,,,,,,,,,,,,,,,,,,,,,,,,,,
,Option,Mitraillette,Hawaï,,,1.2,1.2,,,,,,,,,,,,,,,,,,,,,,,,,,,,
,Option,Mitraillette,Ketchup,,,1.2,1.2,,,,,,,,,,,,,,,,,,,,,,,,,,,,
,Option,Mitraillette,Loempia,,,1.2,1.2,,,,,,,,,,,,,,,,,,,,,,,,,,,,
,Option,Mitraillette,Manalouse,,,1.2,1.2,,,,,,,,,,,,,,,,,,,,,,,,,,,,
,Option,Mitraillette,Mayonnaise,,,1.2,1.2,,,,,,,,,,,,,,,,,,,,,,,,,,,,
,Option,Mitraillette,Moutarde,,,1.2,1.2,,,,,,,,,,,,,,,,,,,,,,,,,,,,
,Option,Mitraillette,Pitta à l'ail,,,1.2,1.2,,,,,,,,,,,,,,,,,,,,,,,,,,,,
,Option,Mitraillette,Poivre,,,1.2,1.2,,,,,,,,,,,,,,,,,,,,,,,,,,,,
,Option,Mitraillette,Provençale,,,1.2,1.2,,,,,,,,,,,,,,,,,,,,,,,,,,,,
,Option,Mitraillette,Riche,,,1.2,1.2,,,,,,,,,,,,,,,,,,,,,,,,,,,,
,Option,Mitraillette,Samouraï,,,1.2,1.2,,,,,,,,,,,,,,,,,,,,,,,,,,,,
,Option,Mitraillette,Tartare,,,1.2,1.2,,,,,,,,,,,,,,,,,,,,,,,,,,,,
,Option,Mitraillette,Tomagrec,,,1.2,1.2,,,,,,,,,,,,,,,,,,,,,,,,,,,,
,Option,Mitraillette,Toscane,,,1.2,1.2,,,,,,,,,,,,,,,,,,,,,,,,,,,,
,Option,Mitraillette,Vinaigrette,,,1.2,1.2,,,,,,,,,,,,,,,,,,,,,,,,,,,,
,Option,Mitraillette,Mayonnaise truffe,,,1.2,1.2,,,,,,,,,,,,,,,,,,,,,,,,,,,,
,Option,Mitraillette,Jammie,,,1.2,1.2,,,,,,,,,,,,,,,,,,,,,,,,,,,,
,Option,Mitraillette,Cheas'y,,,1.2,1.2,,,,,,,,,,,,,,,,,,,,,,,,,,,,
,Option,Mitraillette,Dallas,,,1.2,1.2,,,,,,,,,,,,,,,,,,,,,,,,,,,,
,ITEM,Mitraillette,Mitraillette cheese crack,,Choix sauce = sauce dans le pain & sur les frites / Choix extra sauce = sauce en plus dans un pot. Si vous souhaitez 2 sauces mélangée : choisir une sauce et écrire la deuxième sauce en commentaire. Si vous souhaitez la sauce à part : précisez en commentaire.,10,10,,,,,,,,,,,,,,,,,,,,,,,,,,,,
,Option-Group,Mitraillette,Choix sauce (obligatoire),,,,,,,,,,,,,,,,,,,,,,,,,,,,,,,,
,Option,Mitraillette,Sans sauce,,,0,0,,,,,,,,,,,,,,,,,,,,,,,,,,,,
,Option,Mitraillette,Algérienne,,,0,0,,,,,,,,,,,,,,,,,,,,,,,,,,,,
,Option,Mitraillette,Américaine,,,0,0,,,,,,,,,,,,,,,,,,,,,,,,,,,,
,Option,Mitraillette,Américaine forte,,,0,0,,,,,,,,,,,,,,,,,,,,,,,,,,,,
,Option,Mitraillette,Américaine légère,,,0,0,,,,,,,,,,,,,,,,,,,,,,,,,,,,
,Option,Mitraillette,Andalouse,,,0,0,,,,,,,,,,,,,,,,,,,,,,,,,,,,
,Option,Mitraillette,Barbecue,,,0,0,,,,,,,,,,,,,,,,,,,,,,,,,,,,
,Option,Mitraillette,Béarnaise,,,0,0,,,,,,,,,,,,,,,,,,,,,,,,,,,,
,Option,Mitraillette,Bicky burger,,,0,0,,,,,,,,,,,,,,,,,,,,,,,,,,,,
,Option,Mitraillette,Brazil,,,0,0,,,,,,,,,,,,,,,,,,,,,,,,,,,,
,Option,Mitraillette,Cocktail,,,0,0,,,,,,,,,,,,,,,,,,,,,,,,,,,,
,Option,Mitraillette,Curry ketchup,,,0,0,,,,,,,,,,,,,,,,,,,,,,,,,,,,
,Option,Mitraillette,Géante,,,0,0,,,,,,,,,,,,,,,,,,,,,,,,,,,,
,Option,Mitraillette,Hawaï,,,0,0,,,,,,,,,,,,,,,,,,,,,,,,,,,,
,Option,Mitraillette,Ketchup,,,0,0,,,,,,,,,,,,,,,,,,,,,,,,,,,,
,Option,Mitraillette,Loempia,,,0,0,,,,,,,,,,,,,,,,,,,,,,,,,,,,
,Option,Mitraillette,Manalouse,,,0,0,,,,,,,,,,,,,,,,,,,,,,,,,,,,
,Option,Mitraillette,Mayonnaise,,,0,0,,,,,,,,,,,,,,,,,,,,,,,,,,,,
,Option,Mitraillette,Moutarde,,,0,0,,,,,,,,,,,,,,,,,,,,,,,,,,,,
,Option,Mitraillette,Pitta à l'ail,,,0,0,,,,,,,,,,,,,,,,,,,,,,,,,,,,
,Option,Mitraillette,Poivre,,,0,0,,,,,,,,,,,,,,,,,,,,,,,,,,,,
,Option,Mitraillette,Provençale,,,0,0,,,,,,,,,,,,,,,,,,,,,,,,,,,,
,Option,Mitraillette,Riche,,,0,0,,,,,,,,,,,,,,,,,,,,,,,,,,,,
,Option,Mitraillette,Samouraï,,,0,0,,,,,,,,,,,,,,,,,,,,,,,,,,,,
,Option,Mitraillette,Tartare,,,0,0,,,,,,,,,,,,,,,,,,,,,,,,,,,,
,Option,Mitraillette,Tomagrec,,,0,0,,,,,,,,,,,,,,,,,,,,,,,,,,,,
,Option,Mitraillette,Toscane,,,0,0,,,,,,,,,,,,,,,,,,,,,,,,,,,,
,Option,Mitraillette,Vinaigrette,,,0,0,,,,,,,,,,,,,,,,,,,,,,,,,,,,
,Option,Mitraillette,Mayonnaise truffe,,,0,0,,,,,,,,,,,,,,,,,,,,,,,,,,,,
,Option,Mitraillette,Jammie,,,0,0,,,,,,,,,,,,,,,,,,,,,,,,,,,,
,Option,Mitraillette,Cheas'y,,,0,0,,,,,,,,,,,,,,,,,,,,,,,,,,,,
,Option,Mitraillette,Dallas,,,0,0,,,,,,,,,,,,,,,,,,,,,,,,,,,,
,Option-Group,Mitraillette,Choix crudités (facultatif),,,,,,,,,,,,,,,,,,,,,,,,,,,,,,,,
,Option,Mitraillette,Sans crudités,,,0,0,,,,,,,,,,,,,,,,,,,,,,,,,,,,
,Option,Mitraillette,Carotte,,,0.1,0.1,,,,,,,,,,,,,,,,,,,,,,,,,,,,
,Option,Mitraillette,Chou blanc,,,0.1,0.1,,,,,,,,,,,,,,,,,,,,,,,,,,,,
,Option,Mitraillette,Cornichon,,,0.1,0.1,,,,,,,,,,,,,,,,,,,,,,,,,,,,
,Option,Mitraillette,Maïs,,,0.1,0.1,,,,,,,,,,,,,,,,,,,,,,,,,,,,
,Option,Mitraillette,Oignons rouges,,,0.1,0.1,,,,,,,,,,,,,,,,,,,,,,,,,,,,
,Option,Mitraillette,Salade verte,,,0.1,0.1,,,,,,,,,,,,,,,,,,,,,,,,,,,,
,Option,Mitraillette,Tomates,,,0.1,0.1,,,,,,,,,,,,,,,,,,,,,,,,,,,,
,Option-Group,Mitraillette,Choix extra cheese (facultatif),,,,,,,,,,,,,,,,,,,,,,,,,,,,,,,,
,Option,Mitraillette,Feta,,,0.9,0.9,,,,,,,,,,,,,,,,,,,,,,,,,,,,
,Option,Mitraillette,Cheese,,,0.7,0.7,,,,,,,,,,,,,,,,,,,,,,,,,,,,
,Option-Group,Mitraillette,Choix extra sauces (facultatif),,,,,,,,,,,,,,,,,,,,,,,,,,,,,,,,
,Option,Mitraillette,Algérienne,,,0,0,,,,,,,,,,,,,,,,,,,,,,,,,,,,
,Option,Mitraillette,Américaine,,,1.2,1.2,,,,,,,,,,,,,,,,,,,,,,,,,,,,
,Option,Mitraillette,Américaine forte,,,1.2,1.2,,,,,,,,,,,,,,,,,,,,,,,,,,,,
,Option,Mitraillette,Américaine légère,,,1.2,1.2,,,,,,,,,,,,,,,,,,,,,,,,,,,,
,Option,Mitraillette,Andalouse,,,1.2,1.2,,,,,,,,,,,,,,,,,,,,,,,,,,,,
,Option,Mitraillette,Barbecue,,,1.2,1.2,,,,,,,,,,,,,,,,,,,,,,,,,,,,
,Option,Mitraillette,Béarnaise,,,1.2,1.2,,,,,,,,,,,,,,,,,,,,,,,,,,,,
,Option,Mitraillette,Bicky burger,,,1.2,1.2,,,,,,,,,,,,,,,,,,,,,,,,,,,,
,Option,Mitraillette,Brazil,,,1.2,1.2,,,,,,,,,,,,,,,,,,,,,,,,,,,,
,Option,Mitraillette,Cocktail,,,1.2,1.2,,,,,,,,,,,,,,,,,,,,,,,,,,,,
,Option,Mitraillette,Curry ketchup,,,1.2,1.2,,,,,,,,,,,,,,,,,,,,,,,,,,,,
,Option,Mitraillette,Géante,,,1.2,1.2,,,,,,,,,,,,,,,,,,,,,,,,,,,,
,Option,Mitraillette,Hawaï,,,1.2,1.2,,,,,,,,,,,,,,,,,,,,,,,,,,,,
,Option,Mitraillette,Ketchup,,,1.2,1.2,,,,,,,,,,,,,,,,,,,,,,,,,,,,
,Option,Mitraillette,Loempia,,,1.2,1.2,,,,,,,,,,,,,,,,,,,,,,,,,,,,
,Option,Mitraillette,Manalouse,,,1.2,1.2,,,,,,,,,,,,,,,,,,,,,,,,,,,,
,Option,Mitraillette,Mayonnaise,,,1.2,1.2,,,,,,,,,,,,,,,,,,,,,,,,,,,,
,Option,Mitraillette,Moutarde,,,1.2,1.2,,,,,,,,,,,,,,,,,,,,,,,,,,,,
,Option,Mitraillette,Pitta à l'ail,,,1.2,1.2,,,,,,,,,,,,,,,,,,,,,,,,,,,,
,Option,Mitraillette,Poivre,,,1.2,1.2,,,,,,,,,,,,,,,,,,,,,,,,,,,,
,Option,Mitraillette,Provençale,,,1.2,1.2,,,,,,,,,,,,,,,,,,,,,,,,,,,,
,Option,Mitraillette,Riche,,,1.2,1.2,,,,,,,,,,,,,,,,,,,,,,,,,,,,
,Option,Mitraillette,Samouraï,,,1.2,1.2,,,,,,,,,,,,,,,,,,,,,,,,,,,,
,Option,Mitraillette,Tartare,,,1.2,1.2,,,,,,,,,,,,,,,,,,,,,,,,,,,,
,Option,Mitraillette,Tomagrec,,,1.2,1.2,,,,,,,,,,,,,,,,,,,,,,,,,,,,
,Option,Mitraillette,Toscane,,,1.2,1.2,,,,,,,,,,,,,,,,,,,,,,,,,,,,
,Option,Mitraillette,Vinaigrette,,,1.2,1.2,,,,,,,,,,,,,,,,,,,,,,,,,,,,
,Option,Mitraillette,Mayonnaise truffe,,,1.2,1.2,,,,,,,,,,,,,,,,,,,,,,,,,,,,
,Option,Mitraillette,Jammie,,,1.2,1.2,,,,,,,,,,,,,,,,,,,,,,,,,,,,
,Option,Mitraillette,Cheas'y,,,1.2,1.2,,,,,,,,,,,,,,,,,,,,,,,,,,,,
,Option,Mitraillette,Dallas,,,1.2,1.2,,,,,,,,,,,,,,,,,,,,,,,,,,,,
,ITEM,Mitraillette,Mitraillette boulette nature,,Choix sauce = sauce dans le pain & sur les frites / Choix extra sauce = sauce en plus dans un pot. Si vous souhaitez 2 sauces mélangée : choisir une sauce et écrire la deuxième sauce en commentaire. Si vous souhaitez la sauce à part : précisez en commentaire.,9.6,9.6,,,,,,,,,,,,,,,,,,,,,,,,,,,,
,Option-Group,Mitraillette,Choix sauce (obligatoire),,,,,,,,,,,,,,,,,,,,,,,,,,,,,,,,
,Option,Mitraillette,Sans sauce,,,0,0,,,,,,,,,,,,,,,,,,,,,,,,,,,,
,Option,Mitraillette,Algérienne,,,0,0,,,,,,,,,,,,,,,,,,,,,,,,,,,,
,Option,Mitraillette,Américaine,,,0,0,,,,,,,,,,,,,,,,,,,,,,,,,,,,
,Option,Mitraillette,Américaine forte,,,0,0,,,,,,,,,,,,,,,,,,,,,,,,,,,,
,Option,Mitraillette,Américaine légère,,,0,0,,,,,,,,,,,,,,,,,,,,,,,,,,,,
,Option,Mitraillette,Andalouse,,,0,0,,,,,,,,,,,,,,,,,,,,,,,,,,,,
,Option,Mitraillette,Barbecue,,,0,0,,,,,,,,,,,,,,,,,,,,,,,,,,,,
,Option,Mitraillette,Béarnaise,,,0,0,,,,,,,,,,,,,,,,,,,,,,,,,,,,
,Option,Mitraillette,Bicky burger,,,0,0,,,,,,,,,,,,,,,,,,,,,,,,,,,,
,Option,Mitraillette,Brazil,,,0,0,,,,,,,,,,,,,,,,,,,,,,,,,,,,
,Option,Mitraillette,Cocktail,,,0,0,,,,,,,,,,,,,,,,,,,,,,,,,,,,
,Option,Mitraillette,Curry ketchup,,,0,0,,,,,,,,,,,,,,,,,,,,,,,,,,,,
,Option,Mitraillette,Géante,,,0,0,,,,,,,,,,,,,,,,,,,,,,,,,,,,
,Option,Mitraillette,Hawaï,,,0,0,,,,,,,,,,,,,,,,,,,,,,,,,,,,
,Option,Mitraillette,Ketchup,,,0,0,,,,,,,,,,,,,,,,,,,,,,,,,,,,
,Option,Mitraillette,Loempia,,,0,0,,,,,,,,,,,,,,,,,,,,,,,,,,,,
,Option,Mitraillette,Manalouse,,,0,0,,,,,,,,,,,,,,,,,,,,,,,,,,,,
,Option,Mitraillette,Mayonnaise,,,0,0,,,,,,,,,,,,,,,,,,,,,,,,,,,,
,Option,Mitraillette,Moutarde,,,0,0,,,,,,,,,,,,,,,,,,,,,,,,,,,,
,Option,Mitraillette,Pitta à l'ail,,,0,0,,,,,,,,,,,,,,,,,,,,,,,,,,,,
,Option,Mitraillette,Poivre,,,0,0,,,,,,,,,,,,,,,,,,,,,,,,,,,,
,Option,Mitraillette,Provençale,,,0,0,,,,,,,,,,,,,,,,,,,,,,,,,,,,
,Option,Mitraillette,Riche,,,0,0,,,,,,,,,,,,,,,,,,,,,,,,,,,,
,Option,Mitraillette,Samouraï,,,0,0,,,,,,,,,,,,,,,,,,,,,,,,,,,,
,Option,Mitraillette,Tartare,,,0,0,,,,,,,,,,,,,,,,,,,,,,,,,,,,
,Option,Mitraillette,Tomagrec,,,0,0,,,,,,,,,,,,,,,,,,,,,,,,,,,,
,Option,Mitraillette,Toscane,,,0,0,,,,,,,,,,,,,,,,,,,,,,,,,,,,
,Option,Mitraillette,Vinaigrette,,,0,0,,,,,,,,,,,,,,,,,,,,,,,,,,,,
,Option,Mitraillette,Mayonnaise truffe,,,0,0,,,,,,,,,,,,,,,,,,,,,,,,,,,,
,Option,Mitraillette,Jammie,,,0,0,,,,,,,,,,,,,,,,,,,,,,,,,,,,
,Option,Mitraillette,Cheas'y,,,0,0,,,,,,,,,,,,,,,,,,,,,,,,,,,,
,Option,Mitraillette,Dallas,,,0,0,,,,,,,,,,,,,,,,,,,,,,,,,,,,
,Option-Group,Mitraillette,Choix crudités (facultatif),,,,,,,,,,,,,,,,,,,,,,,,,,,,,,,,
,Option,Mitraillette,Sans crudités,,,0,0,,,,,,,,,,,,,,,,,,,,,,,,,,,,
,Option,Mitraillette,Carotte,,,0.1,0.1,,,,,,,,,,,,,,,,,,,,,,,,,,,,
,Option,Mitraillette,Chou blanc,,,0.1,0.1,,,,,,,,,,,,,,,,,,,,,,,,,,,,
,Option,Mitraillette,Cornichon,,,0.1,0.1,,,,,,,,,,,,,,,,,,,,,,,,,,,,
,Option,Mitraillette,Maïs,,,0.1,0.1,,,,,,,,,,,,,,,,,,,,,,,,,,,,
,Option,Mitraillette,Oignons rouges,,,0.1,0.1,,,,,,,,,,,,,,,,,,,,,,,,,,,,
,Option,Mitraillette,Salade verte,,,0.1,0.1,,,,,,,,,,,,,,,,,,,,,,,,,,,,
,Option,Mitraillette,Tomates,,,0.1,0.1,,,,,,,,,,,,,,,,,,,,,,,,,,,,
,Option-Group,Mitraillette,Choix extra cheese (facultatif),,,,,,,,,,,,,,,,,,,,,,,,,,,,,,,,
,Option,Mitraillette,Feta,,,0.9,0.9,,,,,,,,,,,,,,,,,,,,,,,,,,,,
,Option,Mitraillette,Cheese,,,0.7,0.7,,,,,,,,,,,,,,,,,,,,,,,,,,,,
,Option-Group,Mitraillette,Choix extra sauces (facultatif),,,,,,,,,,,,,,,,,,,,,,,,,,,,,,,,
,Option,Mitraillette,Algérienne,,,0,0,,,,,,,,,,,,,,,,,,,,,,,,,,,,
,Option,Mitraillette,Américaine,,,1.2,1.2,,,,,,,,,,,,,,,,,,,,,,,,,,,,
,Option,Mitraillette,Américaine forte,,,1.2,1.2,,,,,,,,,,,,,,,,,,,,,,,,,,,,
,Option,Mitraillette,Américaine légère,,,1.2,1.2,,,,,,,,,,,,,,,,,,,,,,,,,,,,
,Option,Mitraillette,Andalouse,,,1.2,1.2,,,,,,,,,,,,,,,,,,,,,,,,,,,,
,Option,Mitraillette,Barbecue,,,1.2,1.2,,,,,,,,,,,,,,,,,,,,,,,,,,,,
,Option,Mitraillette,Béarnaise,,,1.2,1.2,,,,,,,,,,,,,,,,,,,,,,,,,,,,
,Option,Mitraillette,Bicky burger,,,1.2,1.2,,,,,,,,,,,,,,,,,,,,,,,,,,,,
,Option,Mitraillette,Brazil,,,1.2,1.2,,,,,,,,,,,,,,,,,,,,,,,,,,,,
,Option,Mitraillette,Cocktail,,,1.2,1.2,,,,,,,,,,,,,,,,,,,,,,,,,,,,
,Option,Mitraillette,Curry ketchup,,,1.2,1.2,,,,,,,,,,,,,,,,,,,,,,,,,,,,
,Option,Mitraillette,Géante,,,1.2,1.2,,,,,,,,,,,,,,,,,,,,,,,,,,,,
,Option,Mitraillette,Hawaï,,,1.2,1.2,,,,,,,,,,,,,,,,,,,,,,,,,,,,
,Option,Mitraillette,Ketchup,,,1.2,1.2,,,,,,,,,,,,,,,,,,,,,,,,,,,,
,Option,Mitraillette,Loempia,,,1.2,1.2,,,,,,,,,,,,,,,,,,,,,,,,,,,,
,Option,Mitraillette,Manalouse,,,1.2,1.2,,,,,,,,,,,,,,,,,,,,,,,,,,,,
,Option,Mitraillette,Mayonnaise,,,1.2,1.2,,,,,,,,,,,,,,,,,,,,,,,,,,,,
,Option,Mitraillette,Moutarde,,,1.2,1.2,,,,,,,,,,,,,,,,,,,,,,,,,,,,
,Option,Mitraillette,Pitta à l'ail,,,1.2,1.2,,,,,,,,,,,,,,,,,,,,,,,,,,,,
,Option,Mitraillette,Poivre,,,1.2,1.2,,,,,,,,,,,,,,,,,,,,,,,,,,,,
,Option,Mitraillette,Provençale,,,1.2,1.2,,,,,,,,,,,,,,,,,,,,,,,,,,,,
,Option,Mitraillette,Riche,,,1.2,1.2,,,,,,,,,,,,,,,,,,,,,,,,,,,,
,Option,Mitraillette,Samouraï,,,1.2,1.2,,,,,,,,,,,,,,,,,,,,,,,,,,,,
,Option,Mitraillette,Tartare,,,1.2,1.2,,,,,,,,,,,,,,,,,,,,,,,,,,,,
,Option,Mitraillette,Tomagrec,,,1.2,1.2,,,,,,,,,,,,,,,,,,,,,,,,,,,,
,Option,Mitraillette,Toscane,,,1.2,1.2,,,,,,,,,,,,,,,,,,,,,,,,,,,,
,Option,Mitraillette,Vinaigrette,,,1.2,1.2,,,,,,,,,,,,,,,,,,,,,,,,,,,,
,Option,Mitraillette,Mayonnaise truffe,,,1.2,1.2,,,,,,,,,,,,,,,,,,,,,,,,,,,,
,Option,Mitraillette,Jammie,,,1.2,1.2,,,,,,,,,,,,,,,,,,,,,,,,,,,,
,Option,Mitraillette,Cheas'y,,,1.2,1.2,,,,,,,,,,,,,,,,,,,,,,,,,,,,
,Option,Mitraillette,Dallas,,,1.2,1.2,,,,,,,,,,,,,,,,,,,,,,,,,,,,
,ITEM,Mitraillette,Mitraillette boulette rôtie,,Choix sauce = sauce dans le pain & sur les frites / Choix extra sauce = sauce en plus dans un pot. Si vous souhaitez 2 sauces mélangée : choisir une sauce et écrire la deuxième sauce en commentaire. Si vous souhaitez la sauce à part : précisez en commentaire.,10.8,10.8,,,,,,,,,,,,,,,,,,,,,,,,,,,,
,Option-Group,Mitraillette,Choix sauce (obligatoire),,,,,,,,,,,,,,,,,,,,,,,,,,,,,,,,
,Option,Mitraillette,Sans sauce,,,0,0,,,,,,,,,,,,,,,,,,,,,,,,,,,,
,Option,Mitraillette,Algérienne,,,0,0,,,,,,,,,,,,,,,,,,,,,,,,,,,,
,Option,Mitraillette,Américaine,,,0,0,,,,,,,,,,,,,,,,,,,,,,,,,,,,
,Option,Mitraillette,Américaine forte,,,0,0,,,,,,,,,,,,,,,,,,,,,,,,,,,,
,Option,Mitraillette,Américaine légère,,,0,0,,,,,,,,,,,,,,,,,,,,,,,,,,,,
,Option,Mitraillette,Andalouse,,,0,0,,,,,,,,,,,,,,,,,,,,,,,,,,,,
,Option,Mitraillette,Barbecue,,,0,0,,,,,,,,,,,,,,,,,,,,,,,,,,,,
,Option,Mitraillette,Béarnaise,,,0,0,,,,,,,,,,,,,,,,,,,,,,,,,,,,
,Option,Mitraillette,Bicky burger,,,0,0,,,,,,,,,,,,,,,,,,,,,,,,,,,,
,Option,Mitraillette,Brazil,,,0,0,,,,,,,,,,,,,,,,,,,,,,,,,,,,
,Option,Mitraillette,Cocktail,,,0,0,,,,,,,,,,,,,,,,,,,,,,,,,,,,
,Option,Mitraillette,Curry ketchup,,,0,0,,,,,,,,,,,,,,,,,,,,,,,,,,,,
,Option,Mitraillette,Géante,,,0,0,,,,,,,,,,,,,,,,,,,,,,,,,,,,
,Option,Mitraillette,Hawaï,,,0,0,,,,,,,,,,,,,,,,,,,,,,,,,,,,
,Option,Mitraillette,Ketchup,,,0,0,,,,,,,,,,,,,,,,,,,,,,,,,,,,
,Option,Mitraillette,Loempia,,,0,0,,,,,,,,,,,,,,,,,,,,,,,,,,,,
,Option,Mitraillette,Manalouse,,,0,0,,,,,,,,,,,,,,,,,,,,,,,,,,,,
,Option,Mitraillette,Mayonnaise,,,0,0,,,,,,,,,,,,,,,,,,,,,,,,,,,,
,Option,Mitraillette,Moutarde,,,0,0,,,,,,,,,,,,,,,,,,,,,,,,,,,,
,Option,Mitraillette,Pitta à l'ail,,,0,0,,,,,,,,,,,,,,,,,,,,,,,,,,,,
,Option,Mitraillette,Poivre,,,0,0,,,,,,,,,,,,,,,,,,,,,,,,,,,,
,Option,Mitraillette,Provençale,,,0,0,,,,,,,,,,,,,,,,,,,,,,,,,,,,
,Option,Mitraillette,Riche,,,0,0,,,,,,,,,,,,,,,,,,,,,,,,,,,,
,Option,Mitraillette,Samouraï,,,0,0,,,,,,,,,,,,,,,,,,,,,,,,,,,,
,Option,Mitraillette,Tartare,,,0,0,,,,,,,,,,,,,,,,,,,,,,,,,,,,
,Option,Mitraillette,Tomagrec,,,0,0,,,,,,,,,,,,,,,,,,,,,,,,,,,,
,Option,Mitraillette,Toscane,,,0,0,,,,,,,,,,,,,,,,,,,,,,,,,,,,
,Option,Mitraillette,Vinaigrette,,,0,0,,,,,,,,,,,,,,,,,,,,,,,,,,,,
,Option,Mitraillette,Mayonnaise truffe,,,0,0,,,,,,,,,,,,,,,,,,,,,,,,,,,,
,Option,Mitraillette,Jammie,,,0,0,,,,,,,,,,,,,,,,,,,,,,,,,,,,
,Option,Mitraillette,Cheas'y,,,0,0,,,,,,,,,,,,,,,,,,,,,,,,,,,,
,Option,Mitraillette,Dallas,,,0,0,,,,,,,,,,,,,,,,,,,,,,,,,,,,
,Option-Group,Mitraillette,Choix crudités (facultatif),,,,,,,,,,,,,,,,,,,,,,,,,,,,,,,,
,Option,Mitraillette,Sans crudités,,,0,0,,,,,,,,,,,,,,,,,,,,,,,,,,,,
,Option,Mitraillette,Carotte,,,0.1,0.1,,,,,,,,,,,,,,,,,,,,,,,,,,,,
,Option,Mitraillette,Chou blanc,,,0.1,0.1,,,,,,,,,,,,,,,,,,,,,,,,,,,,
,Option,Mitraillette,Cornichon,,,0.1,0.1,,,,,,,,,,,,,,,,,,,,,,,,,,,,
,Option,Mitraillette,Maïs,,,0.1,0.1,,,,,,,,,,,,,,,,,,,,,,,,,,,,
,Option,Mitraillette,Oignons rouges,,,0.1,0.1,,,,,,,,,,,,,,,,,,,,,,,,,,,,
,Option,Mitraillette,Salade verte,,,0.1,0.1,,,,,,,,,,,,,,,,,,,,,,,,,,,,
,Option,Mitraillette,Tomates,,,0.1,0.1,,,,,,,,,,,,,,,,,,,,,,,,,,,,
,Option-Group,Mitraillette,Choix extra cheese (facultatif),,,,,,,,,,,,,,,,,,,,,,,,,,,,,,,,
,Option,Mitraillette,Feta,,,0.9,0.9,,,,,,,,,,,,,,,,,,,,,,,,,,,,
,Option,Mitraillette,Cheese,,,0.7,0.7,,,,,,,,,,,,,,,,,,,,,,,,,,,,
,Option-Group,Mitraillette,Choix extra sauces (facultatif),,,,,,,,,,,,,,,,,,,,,,,,,,,,,,,,
,Option,Mitraillette,Algérienne,,,0,0,,,,,,,,,,,,,,,,,,,,,,,,,,,,
,Option,Mitraillette,Américaine,,,1.2,1.2,,,,,,,,,,,,,,,,,,,,,,,,,,,,
,Option,Mitraillette,Américaine forte,,,1.2,1.2,,,,,,,,,,,,,,,,,,,,,,,,,,,,
,Option,Mitraillette,Américaine légère,,,1.2,1.2,,,,,,,,,,,,,,,,,,,,,,,,,,,,
,Option,Mitraillette,Andalouse,,,1.2,1.2,,,,,,,,,,,,,,,,,,,,,,,,,,,,
,Option,Mitraillette,Barbecue,,,1.2,1.2,,,,,,,,,,,,,,,,,,,,,,,,,,,,
,Option,Mitraillette,Béarnaise,,,1.2,1.2,,,,,,,,,,,,,,,,,,,,,,,,,,,,
,Option,Mitraillette,Bicky burger,,,1.2,1.2,,,,,,,,,,,,,,,,,,,,,,,,,,,,
,Option,Mitraillette,Brazil,,,1.2,1.2,,,,,,,,,,,,,,,,,,,,,,,,,,,,
,Option,Mitraillette,Cocktail,,,1.2,1.2,,,,,,,,,,,,,,,,,,,,,,,,,,,,
,Option,Mitraillette,Curry ketchup,,,1.2,1.2,,,,,,,,,,,,,,,,,,,,,,,,,,,,
,Option,Mitraillette,Géante,,,1.2,1.2,,,,,,,,,,,,,,,,,,,,,,,,,,,,
,Option,Mitraillette,Hawaï,,,1.2,1.2,,,,,,,,,,,,,,,,,,,,,,,,,,,,
,Option,Mitraillette,Ketchup,,,1.2,1.2,,,,,,,,,,,,,,,,,,,,,,,,,,,,
,Option,Mitraillette,Loempia,,,1.2,1.2,,,,,,,,,,,,,,,,,,,,,,,,,,,,
,Option,Mitraillette,Manalouse,,,1.2,1.2,,,,,,,,,,,,,,,,,,,,,,,,,,,,
,Option,Mitraillette,Mayonnaise,,,1.2,1.2,,,,,,,,,,,,,,,,,,,,,,,,,,,,
,Option,Mitraillette,Moutarde,,,1.2,1.2,,,,,,,,,,,,,,,,,,,,,,,,,,,,
,Option,Mitraillette,Pitta à l'ail,,,1.2,1.2,,,,,,,,,,,,,,,,,,,,,,,,,,,,
,Option,Mitraillette,Poivre,,,1.2,1.2,,,,,,,,,,,,,,,,,,,,,,,,,,,,
,Option,Mitraillette,Provençale,,,1.2,1.2,,,,,,,,,,,,,,,,,,,,,,,,,,,,
,Option,Mitraillette,Riche,,,1.2,1.2,,,,,,,,,,,,,,,,,,,,,,,,,,,,
,Option,Mitraillette,Samouraï,,,1.2,1.2,,,,,,,,,,,,,,,,,,,,,,,,,,,,
,Option,Mitraillette,Tartare,,,1.2,1.2,,,,,,,,,,,,,,,,,,,,,,,,,,,,
,Option,Mitraillette,Tomagrec,,,1.2,1.2,,,,,,,,,,,,,,,,,,,,,,,,,,,,
,Option,Mitraillette,Toscane,,,1.2,1.2,,,,,,,,,,,,,,,,,,,,,,,,,,,,
,Option,Mitraillette,Vinaigrette,,,1.2,1.2,,,,,,,,,,,,,,,,,,,,,,,,,,,,
,Option,Mitraillette,Mayonnaise truffe,,,1.2,1.2,,,,,,,,,,,,,,,,,,,,,,,,,,,,
,Option,Mitraillette,Jammie,,,1.2,1.2,,,,,,,,,,,,,,,,,,,,,,,,,,,,
,Option,Mitraillette,Cheas'y,,,1.2,1.2,,,,,,,,,,,,,,,,,,,,,,,,,,,,
,Option,Mitraillette,Dallas,,,1.2,1.2,,,,,,,,,,,,,,,,,,,,,,,,,,,,
,ITEM,Mitraillette,Mitraillette boulette à l'ail,,Choix sauce = sauce dans le pain & sur les frites / Choix extra sauce = sauce en plus dans un pot. Si vous souhaitez 2 sauces mélangée : choisir une sauce et écrire la deuxième sauce en commentaire. Si vous souhaitez la sauce à part : précisez en commentaire.,9.9,9.9,,,,,,,,,,,,,,,,,,,,,,,,,,,,
,Option-Group,Mitraillette,Choix sauce (obligatoire),,,,,,,,,,,,,,,,,,,,,,,,,,,,,,,,
,Option,Mitraillette,Sans sauce,,,0,0,,,,,,,,,,,,,,,,,,,,,,,,,,,,
,Option,Mitraillette,Algérienne,,,0,0,,,,,,,,,,,,,,,,,,,,,,,,,,,,
,Option,Mitraillette,Américaine,,,0,0,,,,,,,,,,,,,,,,,,,,,,,,,,,,
,Option,Mitraillette,Américaine forte,,,0,0,,,,,,,,,,,,,,,,,,,,,,,,,,,,
,Option,Mitraillette,Américaine légère,,,0,0,,,,,,,,,,,,,,,,,,,,,,,,,,,,
,Option,Mitraillette,Andalouse,,,0,0,,,,,,,,,,,,,,,,,,,,,,,,,,,,
,Option,Mitraillette,Barbecue,,,0,0,,,,,,,,,,,,,,,,,,,,,,,,,,,,
,Option,Mitraillette,Béarnaise,,,0,0,,,,,,,,,,,,,,,,,,,,,,,,,,,,
,Option,Mitraillette,Bicky burger,,,0,0,,,,,,,,,,,,,,,,,,,,,,,,,,,,
,Option,Mitraillette,Brazil,,,0,0,,,,,,,,,,,,,,,,,,,,,,,,,,,,
,Option,Mitraillette,Cocktail,,,0,0,,,,,,,,,,,,,,,,,,,,,,,,,,,,
,Option,Mitraillette,Curry ketchup,,,0,0,,,,,,,,,,,,,,,,,,,,,,,,,,,,
,Option,Mitraillette,Géante,,,0,0,,,,,,,,,,,,,,,,,,,,,,,,,,,,
,Option,Mitraillette,Hawaï,,,0,0,,,,,,,,,,,,,,,,,,,,,,,,,,,,
,Option,Mitraillette,Ketchup,,,0,0,,,,,,,,,,,,,,,,,,,,,,,,,,,,
,Option,Mitraillette,Loempia,,,0,0,,,,,,,,,,,,,,,,,,,,,,,,,,,,
,Option,Mitraillette,Manalouse,,,0,0,,,,,,,,,,,,,,,,,,,,,,,,,,,,
,Option,Mitraillette,Mayonnaise,,,0,0,,,,,,,,,,,,,,,,,,,,,,,,,,,,
,Option,Mitraillette,Moutarde,,,0,0,,,,,,,,,,,,,,,,,,,,,,,,,,,,
,Option,Mitraillette,Pitta à l'ail,,,0,0,,,,,,,,,,,,,,,,,,,,,,,,,,,,
,Option,Mitraillette,Poivre,,,0,0,,,,,,,,,,,,,,,,,,,,,,,,,,,,
,Option,Mitraillette,Provençale,,,0,0,,,,,,,,,,,,,,,,,,,,,,,,,,,,
,Option,Mitraillette,Riche,,,0,0,,,,,,,,,,,,,,,,,,,,,,,,,,,,
,Option,Mitraillette,Samouraï,,,0,0,,,,,,,,,,,,,,,,,,,,,,,,,,,,
,Option,Mitraillette,Tartare,,,0,0,,,,,,,,,,,,,,,,,,,,,,,,,,,,
,Option,Mitraillette,Tomagrec,,,0,0,,,,,,,,,,,,,,,,,,,,,,,,,,,,
,Option,Mitraillette,Toscane,,,0,0,,,,,,,,,,,,,,,,,,,,,,,,,,,,
,Option,Mitraillette,Vinaigrette,,,0,0,,,,,,,,,,,,,,,,,,,,,,,,,,,,
,Option,Mitraillette,Mayonnaise truffe,,,0,0,,,,,,,,,,,,,,,,,,,,,,,,,,,,
,Option,Mitraillette,Jammie,,,0,0,,,,,,,,,,,,,,,,,,,,,,,,,,,,
,Option,Mitraillette,Cheas'y,,,0,0,,,,,,,,,,,,,,,,,,,,,,,,,,,,
,Option,Mitraillette,Dallas,,,0,0,,,,,,,,,,,,,,,,,,,,,,,,,,,,
,Option-Group,Mitraillette,Choix crudités (facultatif),,,,,,,,,,,,,,,,,,,,,,,,,,,,,,,,
,Option,Mitraillette,Sans crudités,,,0,0,,,,,,,,,,,,,,,,,,,,,,,,,,,,
,Option,Mitraillette,Carotte,,,0.1,0.1,,,,,,,,,,,,,,,,,,,,,,,,,,,,
,Option,Mitraillette,Chou blanc,,,0.1,0.1,,,,,,,,,,,,,,,,,,,,,,,,,,,,
,Option,Mitraillette,Cornichon,,,0.1,0.1,,,,,,,,,,,,,,,,,,,,,,,,,,,,
,Option,Mitraillette,Maïs,,,0.1,0.1,,,,,,,,,,,,,,,,,,,,,,,,,,,,
,Option,Mitraillette,Oignons rouges,,,0.1,0.1,,,,,,,,,,,,,,,,,,,,,,,,,,,,
,Option,Mitraillette,Salade verte,,,0.1,0.1,,,,,,,,,,,,,,,,,,,,,,,,,,,,
,Option,Mitraillette,Tomates,,,0.1,0.1,,,,,,,,,,,,,,,,,,,,,,,,,,,,
,Option-Group,Mitraillette,Choix extra cheese (facultatif),,,,,,,,,,,,,,,,,,,,,,,,,,,,,,,,
,Option,Mitraillette,Feta,,,0.9,0.9,,,,,,,,,,,,,,,,,,,,,,,,,,,,
,Option,Mitraillette,Cheese,,,0.7,0.7,,,,,,,,,,,,,,,,,,,,,,,,,,,,
,Option-Group,Mitraillette,Choix extra sauces (facultatif),,,,,,,,,,,,,,,,,,,,,,,,,,,,,,,,
,Option,Mitraillette,Algérienne,,,0,0,,,,,,,,,,,,,,,,,,,,,,,,,,,,
,Option,Mitraillette,Américaine,,,1.2,1.2,,,,,,,,,,,,,,,,,,,,,,,,,,,,
,Option,Mitraillette,Américaine forte,,,1.2,1.2,,,,,,,,,,,,,,,,,,,,,,,,,,,,
,Option,Mitraillette,Américaine légère,,,1.2,1.2,,,,,,,,,,,,,,,,,,,,,,,,,,,,
,Option,Mitraillette,Andalouse,,,1.2,1.2,,,,,,,,,,,,,,,,,,,,,,,,,,,,
,Option,Mitraillette,Barbecue,,,1.2,1.2,,,,,,,,,,,,,,,,,,,,,,,,,,,,
,Option,Mitraillette,Béarnaise,,,1.2,1.2,,,,,,,,,,,,,,,,,,,,,,,,,,,,
,Option,Mitraillette,Bicky burger,,,1.2,1.2,,,,,,,,,,,,,,,,,,,,,,,,,,,,
,Option,Mitraillette,Brazil,,,1.2,1.2,,,,,,,,,,,,,,,,,,,,,,,,,,,,
,Option,Mitraillette,Cocktail,,,1.2,1.2,,,,,,,,,,,,,,,,,,,,,,,,,,,,
,Option,Mitraillette,Curry ketchup,,,1.2,1.2,,,,,,,,,,,,,,,,,,,,,,,,,,,,
,Option,Mitraillette,Géante,,,1.2,1.2,,,,,,,,,,,,,,,,,,,,,,,,,,,,
,Option,Mitraillette,Hawaï,,,1.2,1.2,,,,,,,,,,,,,,,,,,,,,,,,,,,,
,Option,Mitraillette,Ketchup,,,1.2,1.2,,,,,,,,,,,,,,,,,,,,,,,,,,,,
,Option,Mitraillette,Loempia,,,1.2,1.2,,,,,,,,,,,,,,,,,,,,,,,,,,,,
,Option,Mitraillette,Manalouse,,,1.2,1.2,,,,,,,,,,,,,,,,,,,,,,,,,,,,
,Option,Mitraillette,Mayonnaise,,,1.2,1.2,,,,,,,,,,,,,,,,,,,,,,,,,,,,
,Option,Mitraillette,Moutarde,,,1.2,1.2,,,,,,,,,,,,,,,,,,,,,,,,,,,,
,Option,Mitraillette,Pitta à l'ail,,,1.2,1.2,,,,,,,,,,,,,,,,,,,,,,,,,,,,
,Option,Mitraillette,Poivre,,,1.2,1.2,,,,,,,,,,,,,,,,,,,,,,,,,,,,
,Option,Mitraillette,Provençale,,,1.2,1.2,,,,,,,,,,,,,,,,,,,,,,,,,,,,
,Option,Mitraillette,Riche,,,1.2,1.2,,,,,,,,,,,,,,,,,,,,,,,,,,,,
,Option,Mitraillette,Samouraï,,,1.2,1.2,,,,,,,,,,,,,,,,,,,,,,,,,,,,
,Option,Mitraillette,Tartare,,,1.2,1.2,,,,,,,,,,,,,,,,,,,,,,,,,,,,
,Option,Mitraillette,Tomagrec,,,1.2,1.2,,,,,,,,,,,,,,,,,,,,,,,,,,,,
,Option,Mitraillette,Toscane,,,1.2,1.2,,,,,,,,,,,,,,,,,,,,,,,,,,,,
,Option,Mitraillette,Vinaigrette,,,1.2,1.2,,,,,,,,,,,,,,,,,,,,,,,,,,,,
,Option,Mitraillette,Mayonnaise truffe,,,1.2,1.2,,,,,,,,,,,,,,,,,,,,,,,,,,,,
,Option,Mitraillette,Jammie,,,1.2,1.2,,,,,,,,,,,,,,,,,,,,,,,,,,,,
,Option,Mitraillette,Cheas'y,,,1.2,1.2,,,,,,,,,,,,,,,,,,,,,,,,,,,,
,Option,Mitraillette,Dallas,,,1.2,1.2,,,,,,,,,,,,,,,,,,,,,,,,,,,,
,ITEM,Mitraillette,Mitraillette brochette classique,,Choix sauce = sauce dans le pain & sur les frites / Choix extra sauce = sauce en plus dans un pot. Si vous souhaitez 2 sauces mélangée : choisir une sauce et écrire la deuxième sauce en commentaire. Si vous souhaitez la sauce à part : précisez en commentaire.,10.8,10.8,,,,,,,,,,,,,,,,,,,,,,,,,,,,
,Option-Group,Mitraillette,Choix sauce (obligatoire),,,,,,,,,,,,,,,,,,,,,,,,,,,,,,,,
,Option,Mitraillette,Sans sauce,,,0,0,,,,,,,,,,,,,,,,,,,,,,,,,,,,
,Option,Mitraillette,Algérienne,,,0,0,,,,,,,,,,,,,,,,,,,,,,,,,,,,
,Option,Mitraillette,Américaine,,,0,0,,,,,,,,,,,,,,,,,,,,,,,,,,,,
,Option,Mitraillette,Américaine forte,,,0,0,,,,,,,,,,,,,,,,,,,,,,,,,,,,
,Option,Mitraillette,Américaine légère,,,0,0,,,,,,,,,,,,,,,,,,,,,,,,,,,,
,Option,Mitraillette,Andalouse,,,0,0,,,,,,,,,,,,,,,,,,,,,,,,,,,,
,Option,Mitraillette,Barbecue,,,0,0,,,,,,,,,,,,,,,,,,,,,,,,,,,,
,Option,Mitraillette,Béarnaise,,,0,0,,,,,,,,,,,,,,,,,,,,,,,,,,,,
,Option,Mitraillette,Bicky burger,,,0,0,,,,,,,,,,,,,,,,,,,,,,,,,,,,
,Option,Mitraillette,Brazil,,,0,0,,,,,,,,,,,,,,,,,,,,,,,,,,,,
,Option,Mitraillette,Cocktail,,,0,0,,,,,,,,,,,,,,,,,,,,,,,,,,,,
,Option,Mitraillette,Curry ketchup,,,0,0,,,,,,,,,,,,,,,,,,,,,,,,,,,,
,Option,Mitraillette,Géante,,,0,0,,,,,,,,,,,,,,,,,,,,,,,,,,,,
,Option,Mitraillette,Hawaï,,,0,0,,,,,,,,,,,,,,,,,,,,,,,,,,,,
,Option,Mitraillette,Ketchup,,,0,0,,,,,,,,,,,,,,,,,,,,,,,,,,,,
,Option,Mitraillette,Loempia,,,0,0,,,,,,,,,,,,,,,,,,,,,,,,,,,,
,Option,Mitraillette,Manalouse,,,0,0,,,,,,,,,,,,,,,,,,,,,,,,,,,,
,Option,Mitraillette,Mayonnaise,,,0,0,,,,,,,,,,,,,,,,,,,,,,,,,,,,
,Option,Mitraillette,Moutarde,,,0,0,,,,,,,,,,,,,,,,,,,,,,,,,,,,
,Option,Mitraillette,Pitta à l'ail,,,0,0,,,,,,,,,,,,,,,,,,,,,,,,,,,,
,Option,Mitraillette,Poivre,,,0,0,,,,,,,,,,,,,,,,,,,,,,,,,,,,
,Option,Mitraillette,Provençale,,,0,0,,,,,,,,,,,,,,,,,,,,,,,,,,,,
,Option,Mitraillette,Riche,,,0,0,,,,,,,,,,,,,,,,,,,,,,,,,,,,
,Option,Mitraillette,Samouraï,,,0,0,,,,,,,,,,,,,,,,,,,,,,,,,,,,
,Option,Mitraillette,Tartare,,,0,0,,,,,,,,,,,,,,,,,,,,,,,,,,,,
,Option,Mitraillette,Tomagrec,,,0,0,,,,,,,,,,,,,,,,,,,,,,,,,,,,
,Option,Mitraillette,Toscane,,,0,0,,,,,,,,,,,,,,,,,,,,,,,,,,,,
,Option,Mitraillette,Vinaigrette,,,0,0,,,,,,,,,,,,,,,,,,,,,,,,,,,,
,Option,Mitraillette,Mayonnaise truffe,,,0,0,,,,,,,,,,,,,,,,,,,,,,,,,,,,
,Option,Mitraillette,Jammie,,,0,0,,,,,,,,,,,,,,,,,,,,,,,,,,,,
,Option,Mitraillette,Cheas'y,,,0,0,,,,,,,,,,,,,,,,,,,,,,,,,,,,
,Option,Mitraillette,Dallas,,,0,0,,,,,,,,,,,,,,,,,,,,,,,,,,,,
,Option-Group,Mitraillette,Choix crudités (facultatif),,,,,,,,,,,,,,,,,,,,,,,,,,,,,,,,
,Option,Mitraillette,Sans crudités,,,0,0,,,,,,,,,,,,,,,,,,,,,,,,,,,,
,Option,Mitraillette,Carotte,,,0.1,0.1,,,,,,,,,,,,,,,,,,,,,,,,,,,,
,Option,Mitraillette,Chou blanc,,,0.1,0.1,,,,,,,,,,,,,,,,,,,,,,,,,,,,
,Option,Mitraillette,Cornichon,,,0.1,0.1,,,,,,,,,,,,,,,,,,,,,,,,,,,,
,Option,Mitraillette,Maïs,,,0.1,0.1,,,,,,,,,,,,,,,,,,,,,,,,,,,,
,Option,Mitraillette,Oignons rouges,,,0.1,0.1,,,,,,,,,,,,,,,,,,,,,,,,,,,,
,Option,Mitraillette,Salade verte,,,0.1,0.1,,,,,,,,,,,,,,,,,,,,,,,,,,,,
,Option,Mitraillette,Tomates,,,0.1,0.1,,,,,,,,,,,,,,,,,,,,,,,,,,,,
,Option-Group,Mitraillette,Choix extra cheese (facultatif),,,,,,,,,,,,,,,,,,,,,,,,,,,,,,,,
,Option,Mitraillette,Feta,,,0.9,0.9,,,,,,,,,,,,,,,,,,,,,,,,,,,,
,Option,Mitraillette,Cheese,,,0.7,0.7,,,,,,,,,,,,,,,,,,,,,,,,,,,,
,Option-Group,Mitraillette,Choix extra sauces (facultatif),,,,,,,,,,,,,,,,,,,,,,,,,,,,,,,,
,Option,Mitraillette,Algérienne,,,0,0,,,,,,,,,,,,,,,,,,,,,,,,,,,,
,Option,Mitraillette,Américaine,,,1.2,1.2,,,,,,,,,,,,,,,,,,,,,,,,,,,,
,Option,Mitraillette,Américaine forte,,,1.2,1.2,,,,,,,,,,,,,,,,,,,,,,,,,,,,
,Option,Mitraillette,Américaine légère,,,1.2,1.2,,,,,,,,,,,,,,,,,,,,,,,,,,,,
,Option,Mitraillette,Andalouse,,,1.2,1.2,,,,,,,,,,,,,,,,,,,,,,,,,,,,
,Option,Mitraillette,Barbecue,,,1.2,1.2,,,,,,,,,,,,,,,,,,,,,,,,,,,,
,Option,Mitraillette,Béarnaise,,,1.2,1.2,,,,,,,,,,,,,,,,,,,,,,,,,,,,
,Option,Mitraillette,Bicky burger,,,1.2,1.2,,,,,,,,,,,,,,,,,,,,,,,,,,,,
,Option,Mitraillette,Brazil,,,1.2,1.2,,,,,,,,,,,,,,,,,,,,,,,,,,,,
,Option,Mitraillette,Cocktail,,,1.2,1.2,,,,,,,,,,,,,,,,,,,,,,,,,,,,
,Option,Mitraillette,Curry ketchup,,,1.2,1.2,,,,,,,,,,,,,,,,,,,,,,,,,,,,
,Option,Mitraillette,Géante,,,1.2,1.2,,,,,,,,,,,,,,,,,,,,,,,,,,,,
,Option,Mitraillette,Hawaï,,,1.2,1.2,,,,,,,,,,,,,,,,,,,,,,,,,,,,
,Option,Mitraillette,Ketchup,,,1.2,1.2,,,,,,,,,,,,,,,,,,,,,,,,,,,,
,Option,Mitraillette,Loempia,,,1.2,1.2,,,,,,,,,,,,,,,,,,,,,,,,,,,,
,Option,Mitraillette,Manalouse,,,1.2,1.2,,,,,,,,,,,,,,,,,,,,,,,,,,,,
,Option,Mitraillette,Mayonnaise,,,1.2,1.2,,,,,,,,,,,,,,,,,,,,,,,,,,,,
,Option,Mitraillette,Moutarde,,,1.2,1.2,,,,,,,,,,,,,,,,,,,,,,,,,,,,
,Option,Mitraillette,Pitta à l'ail,,,1.2,1.2,,,,,,,,,,,,,,,,,,,,,,,,,,,,
,Option,Mitraillette,Poivre,,,1.2,1.2,,,,,,,,,,,,,,,,,,,,,,,,,,,,
,Option,Mitraillette,Provençale,,,1.2,1.2,,,,,,,,,,,,,,,,,,,,,,,,,,,,
,Option,Mitraillette,Riche,,,1.2,1.2,,,,,,,,,,,,,,,,,,,,,,,,,,,,
,Option,Mitraillette,Samouraï,,,1.2,1.2,,,,,,,,,,,,,,,,,,,,,,,,,,,,
,Option,Mitraillette,Tartare,,,1.2,1.2,,,,,,,,,,,,,,,,,,,,,,,,,,,,
,Option,Mitraillette,Tomagrec,,,1.2,1.2,,,,,,,,,,,,,,,,,,,,,,,,,,,,
,Option,Mitraillette,Toscane,,,1.2,1.2,,,,,,,,,,,,,,,,,,,,,,,,,,,,
,Option,Mitraillette,Vinaigrette,,,1.2,1.2,,,,,,,,,,,,,,,,,,,,,,,,,,,,
,Option,Mitraillette,Mayonnaise truffe,,,1.2,1.2,,,,,,,,,,,,,,,,,,,,,,,,,,,,
,Option,Mitraillette,Jammie,,,1.2,1.2,,,,,,,,,,,,,,,,,,,,,,,,,,,,
,Option,Mitraillette,Cheas'y,,,1.2,1.2,,,,,,,,,,,,,,,,,,,,,,,,,,,,
,Option,Mitraillette,Dallas,,,1.2,1.2,,,,,,,,,,,,,,,,,,,,,,,,,,,,
,ITEM,Mitraillette,Mitraillette brochette provençale,,Choix sauce = sauce dans le pain & sur les frites / Choix extra sauce = sauce en plus dans un pot. Si vous souhaitez 2 sauces mélangée : choisir une sauce et écrire la deuxième sauce en commentaire. Si vous souhaitez la sauce à part : précisez en commentaire.,11.3,11.3,,,,,,,,,,,,,,,,,,,,,,,,,,,,
,Option-Group,Mitraillette,Choix sauce (obligatoire),,,,,,,,,,,,,,,,,,,,,,,,,,,,,,,,
,Option,Mitraillette,Sans sauce,,,0,0,,,,,,,,,,,,,,,,,,,,,,,,,,,,
,Option,Mitraillette,Algérienne,,,0,0,,,,,,,,,,,,,,,,,,,,,,,,,,,,
,Option,Mitraillette,Américaine,,,0,0,,,,,,,,,,,,,,,,,,,,,,,,,,,,
,Option,Mitraillette,Américaine forte,,,0,0,,,,,,,,,,,,,,,,,,,,,,,,,,,,
,Option,Mitraillette,Américaine légère,,,0,0,,,,,,,,,,,,,,,,,,,,,,,,,,,,
,Option,Mitraillette,Andalouse,,,0,0,,,,,,,,,,,,,,,,,,,,,,,,,,,,
,Option,Mitraillette,Barbecue,,,0,0,,,,,,,,,,,,,,,,,,,,,,,,,,,,
,Option,Mitraillette,Béarnaise,,,0,0,,,,,,,,,,,,,,,,,,,,,,,,,,,,
,Option,Mitraillette,Bicky burger,,,0,0,,,,,,,,,,,,,,,,,,,,,,,,,,,,
,Option,Mitraillette,Brazil,,,0,0,,,,,,,,,,,,,,,,,,,,,,,,,,,,
,Option,Mitraillette,Cocktail,,,0,0,,,,,,,,,,,,,,,,,,,,,,,,,,,,
,Option,Mitraillette,Curry ketchup,,,0,0,,,,,,,,,,,,,,,,,,,,,,,,,,,,
,Option,Mitraillette,Géante,,,0,0,,,,,,,,,,,,,,,,,,,,,,,,,,,,
,Option,Mitraillette,Hawaï,,,0,0,,,,,,,,,,,,,,,,,,,,,,,,,,,,
,Option,Mitraillette,Ketchup,,,0,0,,,,,,,,,,,,,,,,,,,,,,,,,,,,
,Option,Mitraillette,Loempia,,,0,0,,,,,,,,,,,,,,,,,,,,,,,,,,,,
,Option,Mitraillette,Manalouse,,,0,0,,,,,,,,,,,,,,,,,,,,,,,,,,,,
,Option,Mitraillette,Mayonnaise,,,0,0,,,,,,,,,,,,,,,,,,,,,,,,,,,,
,Option,Mitraillette,Moutarde,,,0,0,,,,,,,,,,,,,,,,,,,,,,,,,,,,
,Option,Mitraillette,Pitta à l'ail,,,0,0,,,,,,,,,,,,,,,,,,,,,,,,,,,,
,Option,Mitraillette,Poivre,,,0,0,,,,,,,,,,,,,,,,,,,,,,,,,,,,
,Option,Mitraillette,Provençale,,,0,0,,,,,,,,,,,,,,,,,,,,,,,,,,,,
,Option,Mitraillette,Riche,,,0,0,,,,,,,,,,,,,,,,,,,,,,,,,,,,
,Option,Mitraillette,Samouraï,,,0,0,,,,,,,,,,,,,,,,,,,,,,,,,,,,
,Option,Mitraillette,Tartare,,,0,0,,,,,,,,,,,,,,,,,,,,,,,,,,,,
,Option,Mitraillette,Tomagrec,,,0,0,,,,,,,,,,,,,,,,,,,,,,,,,,,,
,Option,Mitraillette,Toscane,,,0,0,,,,,,,,,,,,,,,,,,,,,,,,,,,,
,Option,Mitraillette,Vinaigrette,,,0,0,,,,,,,,,,,,,,,,,,,,,,,,,,,,
,Option,Mitraillette,Mayonnaise truffe,,,0,0,,,,,,,,,,,,,,,,,,,,,,,,,,,,
,Option,Mitraillette,Jammie,,,0,0,,,,,,,,,,,,,,,,,,,,,,,,,,,,
,Option,Mitraillette,Cheas'y,,,0,0,,,,,,,,,,,,,,,,,,,,,,,,,,,,
,Option,Mitraillette,Dallas,,,0,0,,,,,,,,,,,,,,,,,,,,,,,,,,,,
,Option-Group,Mitraillette,Choix crudités (facultatif),,,,,,,,,,,,,,,,,,,,,,,,,,,,,,,,
,Option,Mitraillette,Sans crudités,,,0,0,,,,,,,,,,,,,,,,,,,,,,,,,,,,
,Option,Mitraillette,Carotte,,,0.1,0.1,,,,,,,,,,,,,,,,,,,,,,,,,,,,
,Option,Mitraillette,Chou blanc,,,0.1,0.1,,,,,,,,,,,,,,,,,,,,,,,,,,,,
,Option,Mitraillette,Cornichon,,,0.1,0.1,,,,,,,,,,,,,,,,,,,,,,,,,,,,
,Option,Mitraillette,Maïs,,,0.1,0.1,,,,,,,,,,,,,,,,,,,,,,,,,,,,
,Option,Mitraillette,Oignons rouges,,,0.1,0.1,,,,,,,,,,,,,,,,,,,,,,,,,,,,
,Option,Mitraillette,Salade verte,,,0.1,0.1,,,,,,,,,,,,,,,,,,,,,,,,,,,,
,Option,Mitraillette,Tomates,,,0.1,0.1,,,,,,,,,,,,,,,,,,,,,,,,,,,,
,Option-Group,Mitraillette,Choix extra cheese (facultatif),,,,,,,,,,,,,,,,,,,,,,,,,,,,,,,,
,Option,Mitraillette,Feta,,,0.9,0.9,,,,,,,,,,,,,,,,,,,,,,,,,,,,
,Option,Mitraillette,Cheese,,,0.7,0.7,,,,,,,,,,,,,,,,,,,,,,,,,,,,
,Option-Group,Mitraillette,Choix extra sauces (facultatif),,,,,,,,,,,,,,,,,,,,,,,,,,,,,,,,
,Option,Mitraillette,Algérienne,,,0,0,,,,,,,,,,,,,,,,,,,,,,,,,,,,
,Option,Mitraillette,Américaine,,,1.2,1.2,,,,,,,,,,,,,,,,,,,,,,,,,,,,
,Option,Mitraillette,Américaine forte,,,1.2,1.2,,,,,,,,,,,,,,,,,,,,,,,,,,,,
,Option,Mitraillette,Américaine légère,,,1.2,1.2,,,,,,,,,,,,,,,,,,,,,,,,,,,,
,Option,Mitraillette,Andalouse,,,1.2,1.2,,,,,,,,,,,,,,,,,,,,,,,,,,,,
,Option,Mitraillette,Barbecue,,,1.2,1.2,,,,,,,,,,,,,,,,,,,,,,,,,,,,
,Option,Mitraillette,Béarnaise,,,1.2,1.2,,,,,,,,,,,,,,,,,,,,,,,,,,,,
,Option,Mitraillette,Bicky burger,,,1.2,1.2,,,,,,,,,,,,,,,,,,,,,,,,,,,,
,Option,Mitraillette,Brazil,,,1.2,1.2,,,,,,,,,,,,,,,,,,,,,,,,,,,,
,Option,Mitraillette,Cocktail,,,1.2,1.2,,,,,,,,,,,,,,,,,,,,,,,,,,,,
,Option,Mitraillette,Curry ketchup,,,1.2,1.2,,,,,,,,,,,,,,,,,,,,,,,,,,,,
,Option,Mitraillette,Géante,,,1.2,1.2,,,,,,,,,,,,,,,,,,,,,,,,,,,,
,Option,Mitraillette,Hawaï,,,1.2,1.2,,,,,,,,,,,,,,,,,,,,,,,,,,,,
,Option,Mitraillette,Ketchup,,,1.2,1.2,,,,,,,,,,,,,,,,,,,,,,,,,,,,
,Option,Mitraillette,Loempia,,,1.2,1.2,,,,,,,,,,,,,,,,,,,,,,,,,,,,
,Option,Mitraillette,Manalouse,,,1.2,1.2,,,,,,,,,,,,,,,,,,,,,,,,,,,,
,Option,Mitraillette,Mayonnaise,,,1.2,1.2,,,,,,,,,,,,,,,,,,,,,,,,,,,,
,Option,Mitraillette,Moutarde,,,1.2,1.2,,,,,,,,,,,,,,,,,,,,,,,,,,,,
,Option,Mitraillette,Pitta à l'ail,,,1.2,1.2,,,,,,,,,,,,,,,,,,,,,,,,,,,,
,Option,Mitraillette,Poivre,,,1.2,1.2,,,,,,,,,,,,,,,,,,,,,,,,,,,,
,Option,Mitraillette,Provençale,,,1.2,1.2,,,,,,,,,,,,,,,,,,,,,,,,,,,,
,Option,Mitraillette,Riche,,,1.2,1.2,,,,,,,,,,,,,,,,,,,,,,,,,,,,
,Option,Mitraillette,Samouraï,,,1.2,1.2,,,,,,,,,,,,,,,,,,,,,,,,,,,,
,Option,Mitraillette,Tartare,,,1.2,1.2,,,,,,,,,,,,,,,,,,,,,,,,,,,,
,Option,Mitraillette,Tomagrec,,,1.2,1.2,,,,,,,,,,,,,,,,,,,,,,,,,,,,
,Option,Mitraillette,Toscane,,,1.2,1.2,,,,,,,,,,,,,,,,,,,,,,,,,,,,
,Option,Mitraillette,Vinaigrette,,,1.2,1.2,,,,,,,,,,,,,,,,,,,,,,,,,,,,
,Option,Mitraillette,Mayonnaise truffe,,,1.2,1.2,,,,,,,,,,,,,,,,,,,,,,,,,,,,
,Option,Mitraillette,Jammie,,,1.2,1.2,,,,,,,,,,,,,,,,,,,,,,,,,,,,
,Option,Mitraillette,Cheas'y,,,1.2,1.2,,,,,,,,,,,,,,,,,,,,,,,,,,,,
,Option,Mitraillette,Dallas,,,1.2,1.2,,,,,,,,,,,,,,,,,,,,,,,,,,,,
,ITEM,Mitraillette,Mitraillette brochette ardennaise,,Choix sauce = sauce dans le pain & sur les frites / Choix extra sauce = sauce en plus dans un pot. Si vous souhaitez 2 sauces mélangée : choisir une sauce et écrire la deuxième sauce en commentaire. Si vous souhaitez la sauce à part : précisez en commentaire.,11.3,11.3,,,,,,,,,,,,,,,,,,,,,,,,,,,,
,Option-Group,Mitraillette,Choix sauce (obligatoire),,,,,,,,,,,,,,,,,,,,,,,,,,,,,,,,
,Option,Mitraillette,Sans sauce,,,0,0,,,,,,,,,,,,,,,,,,,,,,,,,,,,
,Option,Mitraillette,Algérienne,,,0,0,,,,,,,,,,,,,,,,,,,,,,,,,,,,
,Option,Mitraillette,Américaine,,,0,0,,,,,,,,,,,,,,,,,,,,,,,,,,,,
,Option,Mitraillette,Américaine forte,,,0,0,,,,,,,,,,,,,,,,,,,,,,,,,,,,
,Option,Mitraillette,Américaine légère,,,0,0,,,,,,,,,,,,,,,,,,,,,,,,,,,,
,Option,Mitraillette,Andalouse,,,0,0,,,,,,,,,,,,,,,,,,,,,,,,,,,,
,Option,Mitraillette,Barbecue,,,0,0,,,,,,,,,,,,,,,,,,,,,,,,,,,,
,Option,Mitraillette,Béarnaise,,,0,0,,,,,,,,,,,,,,,,,,,,,,,,,,,,
,Option,Mitraillette,Bicky burger,,,0,0,,,,,,,,,,,,,,,,,,,,,,,,,,,,
,Option,Mitraillette,Brazil,,,0,0,,,,,,,,,,,,,,,,,,,,,,,,,,,,
,Option,Mitraillette,Cocktail,,,0,0,,,,,,,,,,,,,,,,,,,,,,,,,,,,
,Option,Mitraillette,Curry ketchup,,,0,0,,,,,,,,,,,,,,,,,,,,,,,,,,,,
,Option,Mitraillette,Géante,,,0,0,,,,,,,,,,,,,,,,,,,,,,,,,,,,
,Option,Mitraillette,Hawaï,,,0,0,,,,,,,,,,,,,,,,,,,,,,,,,,,,
,Option,Mitraillette,Ketchup,,,0,0,,,,,,,,,,,,,,,,,,,,,,,,,,,,
,Option,Mitraillette,Loempia,,,0,0,,,,,,,,,,,,,,,,,,,,,,,,,,,,
,Option,Mitraillette,Manalouse,,,0,0,,,,,,,,,,,,,,,,,,,,,,,,,,,,
,Option,Mitraillette,Mayonnaise,,,0,0,,,,,,,,,,,,,,,,,,,,,,,,,,,,
,Option,Mitraillette,Moutarde,,,0,0,,,,,,,,,,,,,,,,,,,,,,,,,,,,
,Option,Mitraillette,Pitta à l'ail,,,0,0,,,,,,,,,,,,,,,,,,,,,,,,,,,,
,Option,Mitraillette,Poivre,,,0,0,,,,,,,,,,,,,,,,,,,,,,,,,,,,
,Option,Mitraillette,Provençale,,,0,0,,,,,,,,,,,,,,,,,,,,,,,,,,,,
,Option,Mitraillette,Riche,,,0,0,,,,,,,,,,,,,,,,,,,,,,,,,,,,
,Option,Mitraillette,Samouraï,,,0,0,,,,,,,,,,,,,,,,,,,,,,,,,,,,
,Option,Mitraillette,Tartare,,,0,0,,,,,,,,,,,,,,,,,,,,,,,,,,,,
,Option,Mitraillette,Tomagrec,,,0,0,,,,,,,,,,,,,,,,,,,,,,,,,,,,
,Option,Mitraillette,Toscane,,,0,0,,,,,,,,,,,,,,,,,,,,,,,,,,,,
,Option,Mitraillette,Vinaigrette,,,0,0,,,,,,,,,,,,,,,,,,,,,,,,,,,,
,Option,Mitraillette,Mayonnaise truffe,,,0,0,,,,,,,,,,,,,,,,,,,,,,,,,,,,
,Option,Mitraillette,Jammie,,,0,0,,,,,,,,,,,,,,,,,,,,,,,,,,,,
,Option,Mitraillette,Cheas'y,,,0,0,,,,,,,,,,,,,,,,,,,,,,,,,,,,
,Option,Mitraillette,Dallas,,,0,0,,,,,,,,,,,,,,,,,,,,,,,,,,,,
,Option-Group,Mitraillette,Choix crudités (facultatif),,,,,,,,,,,,,,,,,,,,,,,,,,,,,,,,
,Option,Mitraillette,Sans crudités,,,0,0,,,,,,,,,,,,,,,,,,,,,,,,,,,,
,Option,Mitraillette,Carotte,,,0.1,0.1,,,,,,,,,,,,,,,,,,,,,,,,,,,,
,Option,Mitraillette,Chou blanc,,,0.1,0.1,,,,,,,,,,,,,,,,,,,,,,,,,,,,
,Option,Mitraillette,Cornichon,,,0.1,0.1,,,,,,,,,,,,,,,,,,,,,,,,,,,,
,Option,Mitraillette,Maïs,,,0.1,0.1,,,,,,,,,,,,,,,,,,,,,,,,,,,,
,Option,Mitraillette,Oignons rouges,,,0.1,0.1,,,,,,,,,,,,,,,,,,,,,,,,,,,,
,Option,Mitraillette,Salade verte,,,0.1,0.1,,,,,,,,,,,,,,,,,,,,,,,,,,,,
,Option,Mitraillette,Tomates,,,0.1,0.1,,,,,,,,,,,,,,,,,,,,,,,,,,,,
,Option-Group,Mitraillette,Choix extra cheese (facultatif),,,,,,,,,,,,,,,,,,,,,,,,,,,,,,,,
,Option,Mitraillette,Feta,,,0.9,0.9,,,,,,,,,,,,,,,,,,,,,,,,,,,,
,Option,Mitraillette,Cheese,,,0.7,0.7,,,,,,,,,,,,,,,,,,,,,,,,,,,,
,Option-Group,Mitraillette,Choix extra sauces (facultatif),,,,,,,,,,,,,,,,,,,,,,,,,,,,,,,,
,Option,Mitraillette,Algérienne,,,0,0,,,,,,,,,,,,,,,,,,,,,,,,,,,,
,Option,Mitraillette,Américaine,,,1.2,1.2,,,,,,,,,,,,,,,,,,,,,,,,,,,,
,Option,Mitraillette,Américaine forte,,,1.2,1.2,,,,,,,,,,,,,,,,,,,,,,,,,,,,
,Option,Mitraillette,Américaine légère,,,1.2,1.2,,,,,,,,,,,,,,,,,,,,,,,,,,,,
,Option,Mitraillette,Andalouse,,,1.2,1.2,,,,,,,,,,,,,,,,,,,,,,,,,,,,
,Option,Mitraillette,Barbecue,,,1.2,1.2,,,,,,,,,,,,,,,,,,,,,,,,,,,,
,Option,Mitraillette,Béarnaise,,,1.2,1.2,,,,,,,,,,,,,,,,,,,,,,,,,,,,
,Option,Mitraillette,Bicky burger,,,1.2,1.2,,,,,,,,,,,,,,,,,,,,,,,,,,,,
,Option,Mitraillette,Brazil,,,1.2,1.2,,,,,,,,,,,,,,,,,,,,,,,,,,,,
,Option,Mitraillette,Cocktail,,,1.2,1.2,,,,,,,,,,,,,,,,,,,,,,,,,,,,
,Option,Mitraillette,Curry ketchup,,,1.2,1.2,,,,,,,,,,,,,,,,,,,,,,,,,,,,
,Option,Mitraillette,Géante,,,1.2,1.2,,,,,,,,,,,,,,,,,,,,,,,,,,,,
,Option,Mitraillette,Hawaï,,,1.2,1.2,,,,,,,,,,,,,,,,,,,,,,,,,,,,
,Option,Mitraillette,Ketchup,,,1.2,1.2,,,,,,,,,,,,,,,,,,,,,,,,,,,,
,Option,Mitraillette,Loempia,,,1.2,1.2,,,,,,,,,,,,,,,,,,,,,,,,,,,,
,Option,Mitraillette,Manalouse,,,1.2,1.2,,,,,,,,,,,,,,,,,,,,,,,,,,,,
,Option,Mitraillette,Mayonnaise,,,1.2,1.2,,,,,,,,,,,,,,,,,,,,,,,,,,,,
,Option,Mitraillette,Moutarde,,,1.2,1.2,,,,,,,,,,,,,,,,,,,,,,,,,,,,
,Option,Mitraillette,Pitta à l'ail,,,1.2,1.2,,,,,,,,,,,,,,,,,,,,,,,,,,,,
,Option,Mitraillette,Poivre,,,1.2,1.2,,,,,,,,,,,,,,,,,,,,,,,,,,,,
,Option,Mitraillette,Provençale,,,1.2,1.2,,,,,,,,,,,,,,,,,,,,,,,,,,,,
,Option,Mitraillette,Riche,,,1.2,1.2,,,,,,,,,,,,,,,,,,,,,,,,,,,,
,Option,Mitraillette,Samouraï,,,1.2,1.2,,,,,,,,,,,,,,,,,,,,,,,,,,,,
,Option,Mitraillette,Tartare,,,1.2,1.2,,,,,,,,,,,,,,,,,,,,,,,,,,,,
,Option,Mitraillette,Tomagrec,,,1.2,1.2,,,,,,,,,,,,,,,,,,,,,,,,,,,,
,Option,Mitraillette,Toscane,,,1.2,1.2,,,,,,,,,,,,,,,,,,,,,,,,,,,,
,Option,Mitraillette,Vinaigrette,,,1.2,1.2,,,,,,,,,,,,,,,,,,,,,,,,,,,,
,Option,Mitraillette,Mayonnaise truffe,,,1.2,1.2,,,,,,,,,,,,,,,,,,,,,,,,,,,,
,Option,Mitraillette,Jammie,,,1.2,1.2,,,,,,,,,,,,,,,,,,,,,,,,,,,,
,Option,Mitraillette,Cheas'y,,,1.2,1.2,,,,,,,,,,,,,,,,,,,,,,,,,,,,
,Option,Mitraillette,Dallas,,,1.2,1.2,,,,,,,,,,,,,,,,,,,,,,,,,,,,
,ITEM,Mitraillette,Mitraillette brochette de dinde,,Choix sauce = sauce dans le pain & sur les frites / Choix extra sauce = sauce en plus dans un pot. Si vous souhaitez 2 sauces mélangée : choisir une sauce et écrire la deuxième sauce en commentaire. Si vous souhaitez la sauce à part : précisez en commentaire.,11.3,11.3,,,,,,,,,,,,,,,,,,,,,,,,,,,,
,Option-Group,Mitraillette,Choix sauce (obligatoire),,,,,,,,,,,,,,,,,,,,,,,,,,,,,,,,
,Option,Mitraillette,Sans sauce,,,0,0,,,,,,,,,,,,,,,,,,,,,,,,,,,,
,Option,Mitraillette,Algérienne,,,0,0,,,,,,,,,,,,,,,,,,,,,,,,,,,,
,Option,Mitraillette,Américaine,,,0,0,,,,,,,,,,,,,,,,,,,,,,,,,,,,
,Option,Mitraillette,Américaine forte,,,0,0,,,,,,,,,,,,,,,,,,,,,,,,,,,,
,Option,Mitraillette,Américaine légère,,,0,0,,,,,,,,,,,,,,,,,,,,,,,,,,,,
,Option,Mitraillette,Andalouse,,,0,0,,,,,,,,,,,,,,,,,,,,,,,,,,,,
,Option,Mitraillette,Barbecue,,,0,0,,,,,,,,,,,,,,,,,,,,,,,,,,,,
,Option,Mitraillette,Béarnaise,,,0,0,,,,,,,,,,,,,,,,,,,,,,,,,,,,
,Option,Mitraillette,Bicky burger,,,0,0,,,,,,,,,,,,,,,,,,,,,,,,,,,,
,Option,Mitraillette,Brazil,,,0,0,,,,,,,,,,,,,,,,,,,,,,,,,,,,
,Option,Mitraillette,Cocktail,,,0,0,,,,,,,,,,,,,,,,,,,,,,,,,,,,
,Option,Mitraillette,Curry ketchup,,,0,0,,,,,,,,,,,,,,,,,,,,,,,,,,,,
,Option,Mitraillette,Géante,,,0,0,,,,,,,,,,,,,,,,,,,,,,,,,,,,
,Option,Mitraillette,Hawaï,,,0,0,,,,,,,,,,,,,,,,,,,,,,,,,,,,
,Option,Mitraillette,Ketchup,,,0,0,,,,,,,,,,,,,,,,,,,,,,,,,,,,
,Option,Mitraillette,Loempia,,,0,0,,,,,,,,,,,,,,,,,,,,,,,,,,,,
,Option,Mitraillette,Manalouse,,,0,0,,,,,,,,,,,,,,,,,,,,,,,,,,,,
,Option,Mitraillette,Mayonnaise,,,0,0,,,,,,,,,,,,,,,,,,,,,,,,,,,,
,Option,Mitraillette,Moutarde,,,0,0,,,,,,,,,,,,,,,,,,,,,,,,,,,,
,Option,Mitraillette,Pitta à l'ail,,,0,0,,,,,,,,,,,,,,,,,,,,,,,,,,,,
,Option,Mitraillette,Poivre,,,0,0,,,,,,,,,,,,,,,,,,,,,,,,,,,,
,Option,Mitraillette,Provençale,,,0,0,,,,,,,,,,,,,,,,,,,,,,,,,,,,
,Option,Mitraillette,Riche,,,0,0,,,,,,,,,,,,,,,,,,,,,,,,,,,,
,Option,Mitraillette,Samouraï,,,0,0,,,,,,,,,,,,,,,,,,,,,,,,,,,,
,Option,Mitraillette,Tartare,,,0,0,,,,,,,,,,,,,,,,,,,,,,,,,,,,
,Option,Mitraillette,Tomagrec,,,0,0,,,,,,,,,,,,,,,,,,,,,,,,,,,,
,Option,Mitraillette,Toscane,,,0,0,,,,,,,,,,,,,,,,,,,,,,,,,,,,
,Option,Mitraillette,Vinaigrette,,,0,0,,,,,,,,,,,,,,,,,,,,,,,,,,,,
,Option,Mitraillette,Mayonnaise truffe,,,0,0,,,,,,,,,,,,,,,,,,,,,,,,,,,,
,Option,Mitraillette,Jammie,,,0,0,,,,,,,,,,,,,,,,,,,,,,,,,,,,
,Option,Mitraillette,Cheas'y,,,0,0,,,,,,,,,,,,,,,,,,,,,,,,,,,,
,Option,Mitraillette,Dallas,,,0,0,,,,,,,,,,,,,,,,,,,,,,,,,,,,
,Option-Group,Mitraillette,Choix crudités (facultatif),,,,,,,,,,,,,,,,,,,,,,,,,,,,,,,,
,Option,Mitraillette,Sans crudités,,,0,0,,,,,,,,,,,,,,,,,,,,,,,,,,,,
,Option,Mitraillette,Carotte,,,0.1,0.1,,,,,,,,,,,,,,,,,,,,,,,,,,,,
,Option,Mitraillette,Chou blanc,,,0.1,0.1,,,,,,,,,,,,,,,,,,,,,,,,,,,,
,Option,Mitraillette,Cornichon,,,0.1,0.1,,,,,,,,,,,,,,,,,,,,,,,,,,,,
,Option,Mitraillette,Maïs,,,0.1,0.1,,,,,,,,,,,,,,,,,,,,,,,,,,,,
,Option,Mitraillette,Oignons rouges,,,0.1,0.1,,,,,,,,,,,,,,,,,,,,,,,,,,,,
,Option,Mitraillette,Salade verte,,,0.1,0.1,,,,,,,,,,,,,,,,,,,,,,,,,,,,
,Option,Mitraillette,Tomates,,,0.1,0.1,,,,,,,,,,,,,,,,,,,,,,,,,,,,
,Option-Group,Mitraillette,Choix extra cheese (facultatif),,,,,,,,,,,,,,,,,,,,,,,,,,,,,,,,
,Option,Mitraillette,Feta,,,0.9,0.9,,,,,,,,,,,,,,,,,,,,,,,,,,,,
,Option,Mitraillette,Cheese,,,0.7,0.7,,,,,,,,,,,,,,,,,,,,,,,,,,,,
,Option-Group,Mitraillette,Choix extra sauces (facultatif),,,,,,,,,,,,,,,,,,,,,,,,,,,,,,,,
,Option,Mitraillette,Algérienne,,,0,0,,,,,,,,,,,,,,,,,,,,,,,,,,,,
,Option,Mitraillette,Américaine,,,1.2,1.2,,,,,,,,,,,,,,,,,,,,,,,,,,,,
,Option,Mitraillette,Américaine forte,,,1.2,1.2,,,,,,,,,,,,,,,,,,,,,,,,,,,,
,Option,Mitraillette,Américaine légère,,,1.2,1.2,,,,,,,,,,,,,,,,,,,,,,,,,,,,
,Option,Mitraillette,Andalouse,,,1.2,1.2,,,,,,,,,,,,,,,,,,,,,,,,,,,,
,Option,Mitraillette,Barbecue,,,1.2,1.2,,,,,,,,,,,,,,,,,,,,,,,,,,,,
,Option,Mitraillette,Béarnaise,,,1.2,1.2,,,,,,,,,,,,,,,,,,,,,,,,,,,,
,Option,Mitraillette,Bicky burger,,,1.2,1.2,,,,,,,,,,,,,,,,,,,,,,,,,,,,
,Option,Mitraillette,Brazil,,,1.2,1.2,,,,,,,,,,,,,,,,,,,,,,,,,,,,
,Option,Mitraillette,Cocktail,,,1.2,1.2,,,,,,,,,,,,,,,,,,,,,,,,,,,,
,Option,Mitraillette,Curry ketchup,,,1.2,1.2,,,,,,,,,,,,,,,,,,,,,,,,,,,,
,Option,Mitraillette,Géante,,,1.2,1.2,,,,,,,,,,,,,,,,,,,,,,,,,,,,
,Option,Mitraillette,Hawaï,,,1.2,1.2,,,,,,,,,,,,,,,,,,,,,,,,,,,,
,Option,Mitraillette,Ketchup,,,1.2,1.2,,,,,,,,,,,,,,,,,,,,,,,,,,,,
,Option,Mitraillette,Loempia,,,1.2,1.2,,,,,,,,,,,,,,,,,,,,,,,,,,,,
,Option,Mitraillette,Manalouse,,,1.2,1.2,,,,,,,,,,,,,,,,,,,,,,,,,,,,
,Option,Mitraillette,Mayonnaise,,,1.2,1.2,,,,,,,,,,,,,,,,,,,,,,,,,,,,
,Option,Mitraillette,Moutarde,,,1.2,1.2,,,,,,,,,,,,,,,,,,,,,,,,,,,,
,Option,Mitraillette,Pitta à l'ail,,,1.2,1.2,,,,,,,,,,,,,,,,,,,,,,,,,,,,
,Option,Mitraillette,Poivre,,,1.2,1.2,,,,,,,,,,,,,,,,,,,,,,,,,,,,
,Option,Mitraillette,Provençale,,,1.2,1.2,,,,,,,,,,,,,,,,,,,,,,,,,,,,
,Option,Mitraillette,Riche,,,1.2,1.2,,,,,,,,,,,,,,,,,,,,,,,,,,,,
,Option,Mitraillette,Samouraï,,,1.2,1.2,,,,,,,,,,,,,,,,,,,,,,,,,,,,
,Option,Mitraillette,Tartare,,,1.2,1.2,,,,,,,,,,,,,,,,,,,,,,,,,,,,
,Option,Mitraillette,Tomagrec,,,1.2,1.2,,,,,,,,,,,,,,,,,,,,,,,,,,,,
,Option,Mitraillette,Toscane,,,1.2,1.2,,,,,,,,,,,,,,,,,,,,,,,,,,,,
,Option,Mitraillette,Vinaigrette,,,1.2,1.2,,,,,,,,,,,,,,,,,,,,,,,,,,,,
,Option,Mitraillette,Mayonnaise truffe,,,1.2,1.2,,,,,,,,,,,,,,,,,,,,,,,,,,,,
,Option,Mitraillette,Jammie,,,1.2,1.2,,,,,,,,,,,,,,,,,,,,,,,,,,,,
,Option,Mitraillette,Cheas'y,,,1.2,1.2,,,,,,,,,,,,,,,,,,,,,,,,,,,,
,Option,Mitraillette,Dallas,,,1.2,1.2,,,,,,,,,,,,,,,,,,,,,,,,,,,,
,ITEM,Mitraillette,Mitraillette brochette tzigane,,Choix sauce = sauce dans le pain & sur les frites / Choix extra sauce = sauce en plus dans un pot. Si vous souhaitez 2 sauces mélangée : choisir une sauce et écrire la deuxième sauce en commentaire. Si vous souhaitez la sauce à part : précisez en commentaire.,10.6,10.6,,,,,,,,,,,,,,,,,,,,,,,,,,,,
,Option-Group,Mitraillette,Choix sauce (obligatoire),,,,,,,,,,,,,,,,,,,,,,,,,,,,,,,,
,Option,Mitraillette,Sans sauce,,,0,0,,,,,,,,,,,,,,,,,,,,,,,,,,,,
,Option,Mitraillette,Algérienne,,,0,0,,,,,,,,,,,,,,,,,,,,,,,,,,,,
,Option,Mitraillette,Américaine,,,0,0,,,,,,,,,,,,,,,,,,,,,,,,,,,,
,Option,Mitraillette,Américaine forte,,,0,0,,,,,,,,,,,,,,,,,,,,,,,,,,,,
,Option,Mitraillette,Américaine légère,,,0,0,,,,,,,,,,,,,,,,,,,,,,,,,,,,
,Option,Mitraillette,Andalouse,,,0,0,,,,,,,,,,,,,,,,,,,,,,,,,,,,
,Option,Mitraillette,Barbecue,,,0,0,,,,,,,,,,,,,,,,,,,,,,,,,,,,
,Option,Mitraillette,Béarnaise,,,0,0,,,,,,,,,,,,,,,,,,,,,,,,,,,,
,Option,Mitraillette,Bicky burger,,,0,0,,,,,,,,,,,,,,,,,,,,,,,,,,,,
,Option,Mitraillette,Brazil,,,0,0,,,,,,,,,,,,,,,,,,,,,,,,,,,,
,Option,Mitraillette,Cocktail,,,0,0,,,,,,,,,,,,,,,,,,,,,,,,,,,,
,Option,Mitraillette,Curry ketchup,,,0,0,,,,,,,,,,,,,,,,,,,,,,,,,,,,
,Option,Mitraillette,Géante,,,0,0,,,,,,,,,,,,,,,,,,,,,,,,,,,,
,Option,Mitraillette,Hawaï,,,0,0,,,,,,,,,,,,,,,,,,,,,,,,,,,,
,Option,Mitraillette,Ketchup,,,0,0,,,,,,,,,,,,,,,,,,,,,,,,,,,,
,Option,Mitraillette,Loempia,,,0,0,,,,,,,,,,,,,,,,,,,,,,,,,,,,
,Option,Mitraillette,Manalouse,,,0,0,,,,,,,,,,,,,,,,,,,,,,,,,,,,
,Option,Mitraillette,Mayonnaise,,,0,0,,,,,,,,,,,,,,,,,,,,,,,,,,,,
,Option,Mitraillette,Moutarde,,,0,0,,,,,,,,,,,,,,,,,,,,,,,,,,,,
,Option,Mitraillette,Pitta à l'ail,,,0,0,,,,,,,,,,,,,,,,,,,,,,,,,,,,
,Option,Mitraillette,Poivre,,,0,0,,,,,,,,,,,,,,,,,,,,,,,,,,,,
,Option,Mitraillette,Provençale,,,0,0,,,,,,,,,,,,,,,,,,,,,,,,,,,,
,Option,Mitraillette,Riche,,,0,0,,,,,,,,,,,,,,,,,,,,,,,,,,,,
,Option,Mitraillette,Samouraï,,,0,0,,,,,,,,,,,,,,,,,,,,,,,,,,,,
,Option,Mitraillette,Tartare,,,0,0,,,,,,,,,,,,,,,,,,,,,,,,,,,,
,Option,Mitraillette,Tomagrec,,,0,0,,,,,,,,,,,,,,,,,,,,,,,,,,,,
,Option,Mitraillette,Toscane,,,0,0,,,,,,,,,,,,,,,,,,,,,,,,,,,,
,Option,Mitraillette,Vinaigrette,,,0,0,,,,,,,,,,,,,,,,,,,,,,,,,,,,
,Option,Mitraillette,Mayonnaise truffe,,,0,0,,,,,,,,,,,,,,,,,,,,,,,,,,,,
,Option,Mitraillette,Jammie,,,0,0,,,,,,,,,,,,,,,,,,,,,,,,,,,,
,Option,Mitraillette,Cheas'y,,,0,0,,,,,,,,,,,,,,,,,,,,,,,,,,,,
,Option,Mitraillette,Dallas,,,0,0,,,,,,,,,,,,,,,,,,,,,,,,,,,,
,Option-Group,Mitraillette,Choix crudités (facultatif),,,,,,,,,,,,,,,,,,,,,,,,,,,,,,,,
,Option,Mitraillette,Sans crudités,,,0,0,,,,,,,,,,,,,,,,,,,,,,,,,,,,
,Option,Mitraillette,Carotte,,,0.1,0.1,,,,,,,,,,,,,,,,,,,,,,,,,,,,
,Option,Mitraillette,Chou blanc,,,0.1,0.1,,,,,,,,,,,,,,,,,,,,,,,,,,,,
,Option,Mitraillette,Cornichon,,,0.1,0.1,,,,,,,,,,,,,,,,,,,,,,,,,,,,
,Option,Mitraillette,Maïs,,,0.1,0.1,,,,,,,,,,,,,,,,,,,,,,,,,,,,
,Option,Mitraillette,Oignons rouges,,,0.1,0.1,,,,,,,,,,,,,,,,,,,,,,,,,,,,
,Option,Mitraillette,Salade verte,,,0.1,0.1,,,,,,,,,,,,,,,,,,,,,,,,,,,,
,Option,Mitraillette,Tomates,,,0.1,0.1,,,,,,,,,,,,,,,,,,,,,,,,,,,,
,Option-Group,Mitraillette,Choix extra cheese (facultatif),,,,,,,,,,,,,,,,,,,,,,,,,,,,,,,,
,Option,Mitraillette,Feta,,,0.9,0.9,,,,,,,,,,,,,,,,,,,,,,,,,,,,
,Option,Mitraillette,Cheese,,,0.7,0.7,,,,,,,,,,,,,,,,,,,,,,,,,,,,
,Option-Group,Mitraillette,Choix extra sauces (facultatif),,,,,,,,,,,,,,,,,,,,,,,,,,,,,,,,
,Option,Mitraillette,Algérienne,,,0,0,,,,,,,,,,,,,,,,,,,,,,,,,,,,
,Option,Mitraillette,Américaine,,,1.2,1.2,,,,,,,,,,,,,,,,,,,,,,,,,,,,
,Option,Mitraillette,Américaine forte,,,1.2,1.2,,,,,,,,,,,,,,,,,,,,,,,,,,,,
,Option,Mitraillette,Américaine légère,,,1.2,1.2,,,,,,,,,,,,,,,,,,,,,,,,,,,,
,Option,Mitraillette,Andalouse,,,1.2,1.2,,,,,,,,,,,,,,,,,,,,,,,,,,,,
,Option,Mitraillette,Barbecue,,,1.2,1.2,,,,,,,,,,,,,,,,,,,,,,,,,,,,
,Option,Mitraillette,Béarnaise,,,1.2,1.2,,,,,,,,,,,,,,,,,,,,,,,,,,,,
,Option,Mitraillette,Bicky burger,,,1.2,1.2,,,,,,,,,,,,,,,,,,,,,,,,,,,,
,Option,Mitraillette,Brazil,,,1.2,1.2,,,,,,,,,,,,,,,,,,,,,,,,,,,,
,Option,Mitraillette,Cocktail,,,1.2,1.2,,,,,,,,,,,,,,,,,,,,,,,,,,,,
,Option,Mitraillette,Curry ketchup,,,1.2,1.2,,,,,,,,,,,,,,,,,,,,,,,,,,,,
,Option,Mitraillette,Géante,,,1.2,1.2,,,,,,,,,,,,,,,,,,,,,,,,,,,,
,Option,Mitraillette,Hawaï,,,1.2,1.2,,,,,,,,,,,,,,,,,,,,,,,,,,,,
,Option,Mitraillette,Ketchup,,,1.2,1.2,,,,,,,,,,,,,,,,,,,,,,,,,,,,
,Option,Mitraillette,Loempia,,,1.2,1.2,,,,,,,,,,,,,,,,,,,,,,,,,,,,
,Option,Mitraillette,Manalouse,,,1.2,1.2,,,,,,,,,,,,,,,,,,,,,,,,,,,,
,Option,Mitraillette,Mayonnaise,,,1.2,1.2,,,,,,,,,,,,,,,,,,,,,,,,,,,,
,Option,Mitraillette,Moutarde,,,1.2,1.2,,,,,,,,,,,,,,,,,,,,,,,,,,,,
,Option,Mitraillette,Pitta à l'ail,,,1.2,1.2,,,,,,,,,,,,,,,,,,,,,,,,,,,,
,Option,Mitraillette,Poivre,,,1.2,1.2,,,,,,,,,,,,,,,,,,,,,,,,,,,,
,Option,Mitraillette,Provençale,,,1.2,1.2,,,,,,,,,,,,,,,,,,,,,,,,,,,,
,Option,Mitraillette,Riche,,,1.2,1.2,,,,,,,,,,,,,,,,,,,,,,,,,,,,
,Option,Mitraillette,Samouraï,,,1.2,1.2,,,,,,,,,,,,,,,,,,,,,,,,,,,,
,Option,Mitraillette,Tartare,,,1.2,1.2,,,,,,,,,,,,,,,,,,,,,,,,,,,,
,Option,Mitraillette,Tomagrec,,,1.2,1.2,,,,,,,,,,,,,,,,,,,,,,,,,,,,
,Option,Mitraillette,Toscane,,,1.2,1.2,,,,,,,,,,,,,,,,,,,,,,,,,,,,
,Option,Mitraillette,Vinaigrette,,,1.2,1.2,,,,,,,,,,,,,,,,,,,,,,,,,,,,
,Option,Mitraillette,Mayonnaise truffe,,,1.2,1.2,,,,,,,,,,,,,,,,,,,,,,,,,,,,
,Option,Mitraillette,Jammie,,,1.2,1.2,,,,,,,,,,,,,,,,,,,,,,,,,,,,
,Option,Mitraillette,Cheas'y,,,1.2,1.2,,,,,,,,,,,,,,,,,,,,,,,,,,,,
,Option,Mitraillette,Dallas,,,1.2,1.2,,,,,,,,,,,,,,,,,,,,,,,,,,,,
,ITEM,Mitraillette,Mitraillette brochette crizly,,Choix sauce = sauce dans le pain & sur les frites / Choix extra sauce = sauce en plus dans un pot. Si vous souhaitez 2 sauces mélangée : choisir une sauce et écrire la deuxième sauce en commentaire. Si vous souhaitez la sauce à part : précisez en commentaire.,11.8,11.8,,,,,,,,,,,,,,,,,,,,,,,,,,,,
,Option-Group,Mitraillette,Choix sauce (obligatoire),,,,,,,,,,,,,,,,,,,,,,,,,,,,,,,,
,Option,Mitraillette,Sans sauce,,,0,0,,,,,,,,,,,,,,,,,,,,,,,,,,,,
,Option,Mitraillette,Algérienne,,,0,0,,,,,,,,,,,,,,,,,,,,,,,,,,,,
,Option,Mitraillette,Américaine,,,0,0,,,,,,,,,,,,,,,,,,,,,,,,,,,,
,Option,Mitraillette,Américaine forte,,,0,0,,,,,,,,,,,,,,,,,,,,,,,,,,,,
,Option,Mitraillette,Américaine légère,,,0,0,,,,,,,,,,,,,,,,,,,,,,,,,,,,
,Option,Mitraillette,Andalouse,,,0,0,,,,,,,,,,,,,,,,,,,,,,,,,,,,
,Option,Mitraillette,Barbecue,,,0,0,,,,,,,,,,,,,,,,,,,,,,,,,,,,
,Option,Mitraillette,Béarnaise,,,0,0,,,,,,,,,,,,,,,,,,,,,,,,,,,,
,Option,Mitraillette,Bicky burger,,,0,0,,,,,,,,,,,,,,,,,,,,,,,,,,,,
,Option,Mitraillette,Brazil,,,0,0,,,,,,,,,,,,,,,,,,,,,,,,,,,,
,Option,Mitraillette,Cocktail,,,0,0,,,,,,,,,,,,,,,,,,,,,,,,,,,,
,Option,Mitraillette,Curry ketchup,,,0,0,,,,,,,,,,,,,,,,,,,,,,,,,,,,
,Option,Mitraillette,Géante,,,0,0,,,,,,,,,,,,,,,,,,,,,,,,,,,,
,Option,Mitraillette,Hawaï,,,0,0,,,,,,,,,,,,,,,,,,,,,,,,,,,,
,Option,Mitraillette,Ketchup,,,0,0,,,,,,,,,,,,,,,,,,,,,,,,,,,,
,Option,Mitraillette,Loempia,,,0,0,,,,,,,,,,,,,,,,,,,,,,,,,,,,
,Option,Mitraillette,Manalouse,,,0,0,,,,,,,,,,,,,,,,,,,,,,,,,,,,
,Option,Mitraillette,Mayonnaise,,,0,0,,,,,,,,,,,,,,,,,,,,,,,,,,,,
,Option,Mitraillette,Moutarde,,,0,0,,,,,,,,,,,,,,,,,,,,,,,,,,,,
,Option,Mitraillette,Pitta à l'ail,,,0,0,,,,,,,,,,,,,,,,,,,,,,,,,,,,
,Option,Mitraillette,Poivre,,,0,0,,,,,,,,,,,,,,,,,,,,,,,,,,,,
,Option,Mitraillette,Provençale,,,0,0,,,,,,,,,,,,,,,,,,,,,,,,,,,,
,Option,Mitraillette,Riche,,,0,0,,,,,,,,,,,,,,,,,,,,,,,,,,,,
,Option,Mitraillette,Samouraï,,,0,0,,,,,,,,,,,,,,,,,,,,,,,,,,,,
,Option,Mitraillette,Tartare,,,0,0,,,,,,,,,,,,,,,,,,,,,,,,,,,,
,Option,Mitraillette,Tomagrec,,,0,0,,,,,,,,,,,,,,,,,,,,,,,,,,,,
,Option,Mitraillette,Toscane,,,0,0,,,,,,,,,,,,,,,,,,,,,,,,,,,,
,Option,Mitraillette,Vinaigrette,,,0,0,,,,,,,,,,,,,,,,,,,,,,,,,,,,
,Option,Mitraillette,Mayonnaise truffe,,,0,0,,,,,,,,,,,,,,,,,,,,,,,,,,,,
,Option,Mitraillette,Jammie,,,0,0,,,,,,,,,,,,,,,,,,,,,,,,,,,,
,Option,Mitraillette,Cheas'y,,,0,0,,,,,,,,,,,,,,,,,,,,,,,,,,,,
,Option,Mitraillette,Dallas,,,0,0,,,,,,,,,,,,,,,,,,,,,,,,,,,,
,Option-Group,Mitraillette,Choix crudités (facultatif),,,,,,,,,,,,,,,,,,,,,,,,,,,,,,,,
,Option,Mitraillette,Sans crudités,,,0,0,,,,,,,,,,,,,,,,,,,,,,,,,,,,
,Option,Mitraillette,Carotte,,,0.1,0.1,,,,,,,,,,,,,,,,,,,,,,,,,,,,
,Option,Mitraillette,Chou blanc,,,0.1,0.1,,,,,,,,,,,,,,,,,,,,,,,,,,,,
,Option,Mitraillette,Cornichon,,,0.1,0.1,,,,,,,,,,,,,,,,,,,,,,,,,,,,
,Option,Mitraillette,Maïs,,,0.1,0.1,,,,,,,,,,,,,,,,,,,,,,,,,,,,
,Option,Mitraillette,Oignons rouges,,,0.1,0.1,,,,,,,,,,,,,,,,,,,,,,,,,,,,
,Option,Mitraillette,Salade verte,,,0.1,0.1,,,,,,,,,,,,,,,,,,,,,,,,,,,,
,Option,Mitraillette,Tomates,,,0.1,0.1,,,,,,,,,,,,,,,,,,,,,,,,,,,,
,Option-Group,Mitraillette,Choix extra cheese (facultatif),,,,,,,,,,,,,,,,,,,,,,,,,,,,,,,,
,Option,Mitraillette,Feta,,,0.9,0.9,,,,,,,,,,,,,,,,,,,,,,,,,,,,
,Option,Mitraillette,Cheese,,,0.7,0.7,,,,,,,,,,,,,,,,,,,,,,,,,,,,
,Option-Group,Mitraillette,Choix extra sauces (facultatif),,,,,,,,,,,,,,,,,,,,,,,,,,,,,,,,
,Option,Mitraillette,Algérienne,,,0,0,,,,,,,,,,,,,,,,,,,,,,,,,,,,
,Option,Mitraillette,Américaine,,,1.2,1.2,,,,,,,,,,,,,,,,,,,,,,,,,,,,
,Option,Mitraillette,Américaine forte,,,1.2,1.2,,,,,,,,,,,,,,,,,,,,,,,,,,,,
,Option,Mitraillette,Américaine légère,,,1.2,1.2,,,,,,,,,,,,,,,,,,,,,,,,,,,,
,Option,Mitraillette,Andalouse,,,1.2,1.2,,,,,,,,,,,,,,,,,,,,,,,,,,,,
,Option,Mitraillette,Barbecue,,,1.2,1.2,,,,,,,,,,,,,,,,,,,,,,,,,,,,
,Option,Mitraillette,Béarnaise,,,1.2,1.2,,,,,,,,,,,,,,,,,,,,,,,,,,,,
,Option,Mitraillette,Bicky burger,,,1.2,1.2,,,,,,,,,,,,,,,,,,,,,,,,,,,,
,Option,Mitraillette,Brazil,,,1.2,1.2,,,,,,,,,,,,,,,,,,,,,,,,,,,,
,Option,Mitraillette,Cocktail,,,1.2,1.2,,,,,,,,,,,,,,,,,,,,,,,,,,,,
,Option,Mitraillette,Curry ketchup,,,1.2,1.2,,,,,,,,,,,,,,,,,,,,,,,,,,,,
,Option,Mitraillette,Géante,,,1.2,1.2,,,,,,,,,,,,,,,,,,,,,,,,,,,,
,Option,Mitraillette,Hawaï,,,1.2,1.2,,,,,,,,,,,,,,,,,,,,,,,,,,,,
,Option,Mitraillette,Ketchup,,,1.2,1.2,,,,,,,,,,,,,,,,,,,,,,,,,,,,
,Option,Mitraillette,Loempia,,,1.2,1.2,,,,,,,,,,,,,,,,,,,,,,,,,,,,
,Option,Mitraillette,Manalouse,,,1.2,1.2,,,,,,,,,,,,,,,,,,,,,,,,,,,,
,Option,Mitraillette,Mayonnaise,,,1.2,1.2,,,,,,,,,,,,,,,,,,,,,,,,,,,,
,Option,Mitraillette,Moutarde,,,1.2,1.2,,,,,,,,,,,,,,,,,,,,,,,,,,,,
,Option,Mitraillette,Pitta à l'ail,,,1.2,1.2,,,,,,,,,,,,,,,,,,,,,,,,,,,,
,Option,Mitraillette,Poivre,,,1.2,1.2,,,,,,,,,,,,,,,,,,,,,,,,,,,,
,Option,Mitraillette,Provençale,,,1.2,1.2,,,,,,,,,,,,,,,,,,,,,,,,,,,,
,Option,Mitraillette,Riche,,,1.2,1.2,,,,,,,,,,,,,,,,,,,,,,,,,,,,
,Option,Mitraillette,Samouraï,,,1.2,1.2,,,,,,,,,,,,,,,,,,,,,,,,,,,,
,Option,Mitraillette,Tartare,,,1.2,1.2,,,,,,,,,,,,,,,,,,,,,,,,,,,,
,Option,Mitraillette,Tomagrec,,,1.2,1.2,,,,,,,,,,,,,,,,,,,,,,,,,,,,
,Option,Mitraillette,Toscane,,,1.2,1.2,,,,,,,,,,,,,,,,,,,,,,,,,,,,
,Option,Mitraillette,Vinaigrette,,,1.2,1.2,,,,,,,,,,,,,,,,,,,,,,,,,,,,
,Option,Mitraillette,Mayonnaise truffe,,,1.2,1.2,,,,,,,,,,,,,,,,,,,,,,,,,,,,
,Option,Mitraillette,Jammie,,,1.2,1.2,,,,,,,,,,,,,,,,,,,,,,,,,,,,
,Option,Mitraillette,Cheas'y,,,1.2,1.2,,,,,,,,,,,,,,,,,,,,,,,,,,,,
,Option,Mitraillette,Dallas,,,1.2,1.2,,,,,,,,,,,,,,,,,,,,,,,,,,,,
,ITEM,Mitraillette,Mitraillette brochette de poisson,,Choix sauce = sauce dans le pain & sur les frites / Choix extra sauce = sauce en plus dans un pot. Si vous souhaitez 2 sauces mélangée : choisir une sauce et écrire la deuxième sauce en commentaire. Si vous souhaitez la sauce à part : précisez en commentaire.,11.8,11.8,,,,,,,,,,,,,,,,,,,,,,,,,,,,
,Option-Group,Mitraillette,Choix sauce (obligatoire),,,,,,,,,,,,,,,,,,,,,,,,,,,,,,,,
,Option,Mitraillette,Sans sauce,,,0,0,,,,,,,,,,,,,,,,,,,,,,,,,,,,
,Option,Mitraillette,Algérienne,,,0,0,,,,,,,,,,,,,,,,,,,,,,,,,,,,
,Option,Mitraillette,Américaine,,,0,0,,,,,,,,,,,,,,,,,,,,,,,,,,,,
,Option,Mitraillette,Américaine forte,,,0,0,,,,,,,,,,,,,,,,,,,,,,,,,,,,
,Option,Mitraillette,Américaine légère,,,0,0,,,,,,,,,,,,,,,,,,,,,,,,,,,,
,Option,Mitraillette,Andalouse,,,0,0,,,,,,,,,,,,,,,,,,,,,,,,,,,,
,Option,Mitraillette,Barbecue,,,0,0,,,,,,,,,,,,,,,,,,,,,,,,,,,,
,Option,Mitraillette,Béarnaise,,,0,0,,,,,,,,,,,,,,,,,,,,,,,,,,,,
,Option,Mitraillette,Bicky burger,,,0,0,,,,,,,,,,,,,,,,,,,,,,,,,,,,
,Option,Mitraillette,Brazil,,,0,0,,,,,,,,,,,,,,,,,,,,,,,,,,,,
,Option,Mitraillette,Cocktail,,,0,0,,,,,,,,,,,,,,,,,,,,,,,,,,,,
,Option,Mitraillette,Curry ketchup,,,0,0,,,,,,,,,,,,,,,,,,,,,,,,,,,,
,Option,Mitraillette,Géante,,,0,0,,,,,,,,,,,,,,,,,,,,,,,,,,,,
,Option,Mitraillette,Hawaï,,,0,0,,,,,,,,,,,,,,,,,,,,,,,,,,,,
,Option,Mitraillette,Ketchup,,,0,0,,,,,,,,,,,,,,,,,,,,,,,,,,,,
,Option,Mitraillette,Loempia,,,0,0,,,,,,,,,,,,,,,,,,,,,,,,,,,,
,Option,Mitraillette,Manalouse,,,0,0,,,,,,,,,,,,,,,,,,,,,,,,,,,,
,Option,Mitraillette,Mayonnaise,,,0,0,,,,,,,,,,,,,,,,,,,,,,,,,,,,
,Option,Mitraillette,Moutarde,,,0,0,,,,,,,,,,,,,,,,,,,,,,,,,,,,
,Option,Mitraillette,Pitta à l'ail,,,0,0,,,,,,,,,,,,,,,,,,,,,,,,,,,,
,Option,Mitraillette,Poivre,,,0,0,,,,,,,,,,,,,,,,,,,,,,,,,,,,
,Option,Mitraillette,Provençale,,,0,0,,,,,,,,,,,,,,,,,,,,,,,,,,,,
,Option,Mitraillette,Riche,,,0,0,,,,,,,,,,,,,,,,,,,,,,,,,,,,
,Option,Mitraillette,Samouraï,,,0,0,,,,,,,,,,,,,,,,,,,,,,,,,,,,
,Option,Mitraillette,Tartare,,,0,0,,,,,,,,,,,,,,,,,,,,,,,,,,,,
,Option,Mitraillette,Tomagrec,,,0,0,,,,,,,,,,,,,,,,,,,,,,,,,,,,
,Option,Mitraillette,Toscane,,,0,0,,,,,,,,,,,,,,,,,,,,,,,,,,,,
,Option,Mitraillette,Vinaigrette,,,0,0,,,,,,,,,,,,,,,,,,,,,,,,,,,,
,Option,Mitraillette,Mayonnaise truffe,,,0,0,,,,,,,,,,,,,,,,,,,,,,,,,,,,
,Option,Mitraillette,Jammie,,,0,0,,,,,,,,,,,,,,,,,,,,,,,,,,,,
,Option,Mitraillette,Cheas'y,,,0,0,,,,,,,,,,,,,,,,,,,,,,,,,,,,
,Option,Mitraillette,Dallas,,,0,0,,,,,,,,,,,,,,,,,,,,,,,,,,,,
,Option-Group,Mitraillette,Choix crudités (facultatif),,,,,,,,,,,,,,,,,,,,,,,,,,,,,,,,
,Option,Mitraillette,Sans crudités,,,0,0,,,,,,,,,,,,,,,,,,,,,,,,,,,,
,Option,Mitraillette,Carotte,,,0.1,0.1,,,,,,,,,,,,,,,,,,,,,,,,,,,,
,Option,Mitraillette,Chou blanc,,,0.1,0.1,,,,,,,,,,,,,,,,,,,,,,,,,,,,
,Option,Mitraillette,Cornichon,,,0.1,0.1,,,,,,,,,,,,,,,,,,,,,,,,,,,,
,Option,Mitraillette,Maïs,,,0.1,0.1,,,,,,,,,,,,,,,,,,,,,,,,,,,,
,Option,Mitraillette,Oignons rouges,,,0.1,0.1,,,,,,,,,,,,,,,,,,,,,,,,,,,,
,Option,Mitraillette,Salade verte,,,0.1,0.1,,,,,,,,,,,,,,,,,,,,,,,,,,,,
,Option,Mitraillette,Tomates,,,0.1,0.1,,,,,,,,,,,,,,,,,,,,,,,,,,,,
,Option-Group,Mitraillette,Choix extra cheese (facultatif),,,,,,,,,,,,,,,,,,,,,,,,,,,,,,,,
,Option,Mitraillette,Feta,,,0.9,0.9,,,,,,,,,,,,,,,,,,,,,,,,,,,,
,Option,Mitraillette,Cheese,,,0.7,0.7,,,,,,,,,,,,,,,,,,,,,,,,,,,,
,Option-Group,Mitraillette,Choix extra sauces (facultatif),,,,,,,,,,,,,,,,,,,,,,,,,,,,,,,,
,Option,Mitraillette,Algérienne,,,0,0,,,,,,,,,,,,,,,,,,,,,,,,,,,,
,Option,Mitraillette,Américaine,,,1.2,1.2,,,,,,,,,,,,,,,,,,,,,,,,,,,,
,Option,Mitraillette,Américaine forte,,,1.2,1.2,,,,,,,,,,,,,,,,,,,,,,,,,,,,
,Option,Mitraillette,Américaine légère,,,1.2,1.2,,,,,,,,,,,,,,,,,,,,,,,,,,,,
,Option,Mitraillette,Andalouse,,,1.2,1.2,,,,,,,,,,,,,,,,,,,,,,,,,,,,
,Option,Mitraillette,Barbecue,,,1.2,1.2,,,,,,,,,,,,,,,,,,,,,,,,,,,,
,Option,Mitraillette,Béarnaise,,,1.2,1.2,,,,,,,,,,,,,,,,,,,,,,,,,,,,
,Option,Mitraillette,Bicky burger,,,1.2,1.2,,,,,,,,,,,,,,,,,,,,,,,,,,,,
,Option,Mitraillette,Brazil,,,1.2,1.2,,,,,,,,,,,,,,,,,,,,,,,,,,,,
,Option,Mitraillette,Cocktail,,,1.2,1.2,,,,,,,,,,,,,,,,,,,,,,,,,,,,
,Option,Mitraillette,Curry ketchup,,,1.2,1.2,,,,,,,,,,,,,,,,,,,,,,,,,,,,
,Option,Mitraillette,Géante,,,1.2,1.2,,,,,,,,,,,,,,,,,,,,,,,,,,,,
,Option,Mitraillette,Hawaï,,,1.2,1.2,,,,,,,,,,,,,,,,,,,,,,,,,,,,
,Option,Mitraillette,Ketchup,,,1.2,1.2,,,,,,,,,,,,,,,,,,,,,,,,,,,,
,Option,Mitraillette,Loempia,,,1.2,1.2,,,,,,,,,,,,,,,,,,,,,,,,,,,,
,Option,Mitraillette,Manalouse,,,1.2,1.2,,,,,,,,,,,,,,,,,,,,,,,,,,,,
,Option,Mitraillette,Mayonnaise,,,1.2,1.2,,,,,,,,,,,,,,,,,,,,,,,,,,,,
,Option,Mitraillette,Moutarde,,,1.2,1.2,,,,,,,,,,,,,,,,,,,,,,,,,,,,
,Option,Mitraillette,Pitta à l'ail,,,1.2,1.2,,,,,,,,,,,,,,,,,,,,,,,,,,,,
,Option,Mitraillette,Poivre,,,1.2,1.2,,,,,,,,,,,,,,,,,,,,,,,,,,,,
,Option,Mitraillette,Provençale,,,1.2,1.2,,,,,,,,,,,,,,,,,,,,,,,,,,,,
,Option,Mitraillette,Riche,,,1.2,1.2,,,,,,,,,,,,,,,,,,,,,,,,,,,,
,Option,Mitraillette,Samouraï,,,1.2,1.2,,,,,,,,,,,,,,,,,,,,,,,,,,,,
,Option,Mitraillette,Tartare,,,1.2,1.2,,,,,,,,,,,,,,,,,,,,,,,,,,,,
,Option,Mitraillette,Tomagrec,,,1.2,1.2,,,,,,,,,,,,,,,,,,,,,,,,,,,,
,Option,Mitraillette,Toscane,,,1.2,1.2,,,,,,,,,,,,,,,,,,,,,,,,,,,,
,Option,Mitraillette,Vinaigrette,,,1.2,1.2,,,,,,,,,,,,,,,,,,,,,,,,,,,,
,Option,Mitraillette,Mayonnaise truffe,,,1.2,1.2,,,,,,,,,,,,,,,,,,,,,,,,,,,,
,Option,Mitraillette,Jammie,,,1.2,1.2,,,,,,,,,,,,,,,,,,,,,,,,,,,,
,Option,Mitraillette,Cheas'y,,,1.2,1.2,,,,,,,,,,,,,,,,,,,,,,,,,,,,
,Option,Mitraillette,Dallas,,,1.2,1.2,,,,,,,,,,,,,,,,,,,,,,,,,,,,
,ITEM,Mitraillette,Mitraillette croquette vol-au-vent,,Choix sauce = sauce dans le pain & sur les frites / Choix extra sauce = sauce en plus dans un pot. Si vous souhaitez 2 sauces mélangée : choisir une sauce et écrire la deuxième sauce en commentaire. Si vous souhaitez la sauce à part : précisez en commentaire.,9.8,9.8,,,,,,,,,,,,,,,,,,,,,,,,,,,,
,Option-Group,Mitraillette,Choix sauce (obligatoire),,,,,,,,,,,,,,,,,,,,,,,,,,,,,,,,
,Option,Mitraillette,Sans sauce,,,0,0,,,,,,,,,,,,,,,,,,,,,,,,,,,,
,Option,Mitraillette,Algérienne,,,0,0,,,,,,,,,,,,,,,,,,,,,,,,,,,,
,Option,Mitraillette,Américaine,,,0,0,,,,,,,,,,,,,,,,,,,,,,,,,,,,
,Option,Mitraillette,Américaine forte,,,0,0,,,,,,,,,,,,,,,,,,,,,,,,,,,,
,Option,Mitraillette,Américaine légère,,,0,0,,,,,,,,,,,,,,,,,,,,,,,,,,,,
,Option,Mitraillette,Andalouse,,,0,0,,,,,,,,,,,,,,,,,,,,,,,,,,,,
,Option,Mitraillette,Barbecue,,,0,0,,,,,,,,,,,,,,,,,,,,,,,,,,,,
,Option,Mitraillette,Béarnaise,,,0,0,,,,,,,,,,,,,,,,,,,,,,,,,,,,
,Option,Mitraillette,Bicky burger,,,0,0,,,,,,,,,,,,,,,,,,,,,,,,,,,,
,Option,Mitraillette,Brazil,,,0,0,,,,,,,,,,,,,,,,,,,,,,,,,,,,
,Option,Mitraillette,Cocktail,,,0,0,,,,,,,,,,,,,,,,,,,,,,,,,,,,
,Option,Mitraillette,Curry ketchup,,,0,0,,,,,,,,,,,,,,,,,,,,,,,,,,,,
,Option,Mitraillette,Géante,,,0,0,,,,,,,,,,,,,,,,,,,,,,,,,,,,
,Option,Mitraillette,Hawaï,,,0,0,,,,,,,,,,,,,,,,,,,,,,,,,,,,
,Option,Mitraillette,Ketchup,,,0,0,,,,,,,,,,,,,,,,,,,,,,,,,,,,
,Option,Mitraillette,Loempia,,,0,0,,,,,,,,,,,,,,,,,,,,,,,,,,,,
,Option,Mitraillette,Manalouse,,,0,0,,,,,,,,,,,,,,,,,,,,,,,,,,,,
,Option,Mitraillette,Mayonnaise,,,0,0,,,,,,,,,,,,,,,,,,,,,,,,,,,,
,Option,Mitraillette,Moutarde,,,0,0,,,,,,,,,,,,,,,,,,,,,,,,,,,,
,Option,Mitraillette,Pitta à l'ail,,,0,0,,,,,,,,,,,,,,,,,,,,,,,,,,,,
,Option,Mitraillette,Poivre,,,0,0,,,,,,,,,,,,,,,,,,,,,,,,,,,,
,Option,Mitraillette,Provençale,,,0,0,,,,,,,,,,,,,,,,,,,,,,,,,,,,
,Option,Mitraillette,Riche,,,0,0,,,,,,,,,,,,,,,,,,,,,,,,,,,,
,Option,Mitraillette,Samouraï,,,0,0,,,,,,,,,,,,,,,,,,,,,,,,,,,,
,Option,Mitraillette,Tartare,,,0,0,,,,,,,,,,,,,,,,,,,,,,,,,,,,
,Option,Mitraillette,Tomagrec,,,0,0,,,,,,,,,,,,,,,,,,,,,,,,,,,,
,Option,Mitraillette,Toscane,,,0,0,,,,,,,,,,,,,,,,,,,,,,,,,,,,
,Option,Mitraillette,Vinaigrette,,,0,0,,,,,,,,,,,,,,,,,,,,,,,,,,,,
,Option,Mitraillette,Mayonnaise truffe,,,0,0,,,,,,,,,,,,,,,,,,,,,,,,,,,,
,Option,Mitraillette,Jammie,,,0,0,,,,,,,,,,,,,,,,,,,,,,,,,,,,
,Option,Mitraillette,Cheas'y,,,0,0,,,,,,,,,,,,,,,,,,,,,,,,,,,,
,Option,Mitraillette,Dallas,,,0,0,,,,,,,,,,,,,,,,,,,,,,,,,,,,
,Option-Group,Mitraillette,Choix crudités (facultatif),,,,,,,,,,,,,,,,,,,,,,,,,,,,,,,,
,Option,Mitraillette,Sans crudités,,,0,0,,,,,,,,,,,,,,,,,,,,,,,,,,,,
,Option,Mitraillette,Carotte,,,0.1,0.1,,,,,,,,,,,,,,,,,,,,,,,,,,,,
,Option,Mitraillette,Chou blanc,,,0.1,0.1,,,,,,,,,,,,,,,,,,,,,,,,,,,,
,Option,Mitraillette,Cornichon,,,0.1,0.1,,,,,,,,,,,,,,,,,,,,,,,,,,,,
,Option,Mitraillette,Maïs,,,0.1,0.1,,,,,,,,,,,,,,,,,,,,,,,,,,,,
,Option,Mitraillette,Oignons rouges,,,0.1,0.1,,,,,,,,,,,,,,,,,,,,,,,,,,,,
,Option,Mitraillette,Salade verte,,,0.1,0.1,,,,,,,,,,,,,,,,,,,,,,,,,,,,
,Option,Mitraillette,Tomates,,,0.1,0.1,,,,,,,,,,,,,,,,,,,,,,,,,,,,
,Option-Group,Mitraillette,Choix extra cheese (facultatif),,,,,,,,,,,,,,,,,,,,,,,,,,,,,,,,
,Option,Mitraillette,Feta,,,0.9,0.9,,,,,,,,,,,,,,,,,,,,,,,,,,,,
,Option,Mitraillette,Cheese,,,0.7,0.7,,,,,,,,,,,,,,,,,,,,,,,,,,,,
,Option-Group,Mitraillette,Choix extra sauces (facultatif),,,,,,,,,,,,,,,,,,,,,,,,,,,,,,,,
,Option,Mitraillette,Algérienne,,,0,0,,,,,,,,,,,,,,,,,,,,,,,,,,,,
,Option,Mitraillette,Américaine,,,1.2,1.2,,,,,,,,,,,,,,,,,,,,,,,,,,,,
,Option,Mitraillette,Américaine forte,,,1.2,1.2,,,,,,,,,,,,,,,,,,,,,,,,,,,,
,Option,Mitraillette,Américaine légère,,,1.2,1.2,,,,,,,,,,,,,,,,,,,,,,,,,,,,
,Option,Mitraillette,Andalouse,,,1.2,1.2,,,,,,,,,,,,,,,,,,,,,,,,,,,,
,Option,Mitraillette,Barbecue,,,1.2,1.2,,,,,,,,,,,,,,,,,,,,,,,,,,,,
,Option,Mitraillette,Béarnaise,,,1.2,1.2,,,,,,,,,,,,,,,,,,,,,,,,,,,,
,Option,Mitraillette,Bicky burger,,,1.2,1.2,,,,,,,,,,,,,,,,,,,,,,,,,,,,
,Option,Mitraillette,Brazil,,,1.2,1.2,,,,,,,,,,,,,,,,,,,,,,,,,,,,
,Option,Mitraillette,Cocktail,,,1.2,1.2,,,,,,,,,,,,,,,,,,,,,,,,,,,,
,Option,Mitraillette,Curry ketchup,,,1.2,1.2,,,,,,,,,,,,,,,,,,,,,,,,,,,,
,Option,Mitraillette,Géante,,,1.2,1.2,,,,,,,,,,,,,,,,,,,,,,,,,,,,
,Option,Mitraillette,Hawaï,,,1.2,1.2,,,,,,,,,,,,,,,,,,,,,,,,,,,,
,Option,Mitraillette,Ketchup,,,1.2,1.2,,,,,,,,,,,,,,,,,,,,,,,,,,,,
,Option,Mitraillette,Loempia,,,1.2,1.2,,,,,,,,,,,,,,,,,,,,,,,,,,,,
,Option,Mitraillette,Manalouse,,,1.2,1.2,,,,,,,,,,,,,,,,,,,,,,,,,,,,
,Option,Mitraillette,Mayonnaise,,,1.2,1.2,,,,,,,,,,,,,,,,,,,,,,,,,,,,
,Option,Mitraillette,Moutarde,,,1.2,1.2,,,,,,,,,,,,,,,,,,,,,,,,,,,,
,Option,Mitraillette,Pitta à l'ail,,,1.2,1.2,,,,,,,,,,,,,,,,,,,,,,,,,,,,
,Option,Mitraillette,Poivre,,,1.2,1.2,,,,,,,,,,,,,,,,,,,,,,,,,,,,
,Option,Mitraillette,Provençale,,,1.2,1.2,,,,,,,,,,,,,,,,,,,,,,,,,,,,
,Option,Mitraillette,Riche,,,1.2,1.2,,,,,,,,,,,,,,,,,,,,,,,,,,,,
,Option,Mitraillette,Samouraï,,,1.2,1.2,,,,,,,,,,,,,,,,,,,,,,,,,,,,
,Option,Mitraillette,Tartare,,,1.2,1.2,,,,,,,,,,,,,,,,,,,,,,,,,,,,
,Option,Mitraillette,Tomagrec,,,1.2,1.2,,,,,,,,,,,,,,,,,,,,,,,,,,,,
,Option,Mitraillette,Toscane,,,1.2,1.2,,,,,,,,,,,,,,,,,,,,,,,,,,,,
,Option,Mitraillette,Vinaigrette,,,1.2,1.2,,,,,,,,,,,,,,,,,,,,,,,,,,,,
,Option,Mitraillette,Mayonnaise truffe,,,1.2,1.2,,,,,,,,,,,,,,,,,,,,,,,,,,,,
,Option,Mitraillette,Jammie,,,1.2,1.2,,,,,,,,,,,,,,,,,,,,,,,,,,,,
,Option,Mitraillette,Cheas'y,,,1.2,1.2,,,,,,,,,,,,,,,,,,,,,,,,,,,,
,Option,Mitraillette,Dallas,,,1.2,1.2,,,,,,,,,,,,,,,,,,,,,,,,,,,,
,ITEM,Mitraillette,Mitraillette viande burger,,Choix sauce = sauce dans le pain & sur les frites / Choix extra sauce = sauce en plus dans un pot. Si vous souhaitez 2 sauces mélangée : choisir une sauce et écrire la deuxième sauce en commentaire. Si vous souhaitez la sauce à part : précisez en commentaire.,9.6,9.6,,,,,,,,,,,,,,,,,,,,,,,,,,,,
,Option-Group,Mitraillette,Choix sauce (obligatoire),,,,,,,,,,,,,,,,,,,,,,,,,,,,,,,,
,Option,Mitraillette,Sans sauce,,,0,0,,,,,,,,,,,,,,,,,,,,,,,,,,,,
,Option,Mitraillette,Algérienne,,,0,0,,,,,,,,,,,,,,,,,,,,,,,,,,,,
,Option,Mitraillette,Américaine,,,0,0,,,,,,,,,,,,,,,,,,,,,,,,,,,,
,Option,Mitraillette,Américaine forte,,,0,0,,,,,,,,,,,,,,,,,,,,,,,,,,,,
,Option,Mitraillette,Américaine légère,,,0,0,,,,,,,,,,,,,,,,,,,,,,,,,,,,
,Option,Mitraillette,Andalouse,,,0,0,,,,,,,,,,,,,,,,,,,,,,,,,,,,
,Option,Mitraillette,Barbecue,,,0,0,,,,,,,,,,,,,,,,,,,,,,,,,,,,
,Option,Mitraillette,Béarnaise,,,0,0,,,,,,,,,,,,,,,,,,,,,,,,,,,,
,Option,Mitraillette,Bicky burger,,,0,0,,,,,,,,,,,,,,,,,,,,,,,,,,,,
,Option,Mitraillette,Brazil,,,0,0,,,,,,,,,,,,,,,,,,,,,,,,,,,,
,Option,Mitraillette,Cocktail,,,0,0,,,,,,,,,,,,,,,,,,,,,,,,,,,,
,Option,Mitraillette,Curry ketchup,,,0,0,,,,,,,,,,,,,,,,,,,,,,,,,,,,
,Option,Mitraillette,Géante,,,0,0,,,,,,,,,,,,,,,,,,,,,,,,,,,,
,Option,Mitraillette,Hawaï,,,0,0,,,,,,,,,,,,,,,,,,,,,,,,,,,,
,Option,Mitraillette,Ketchup,,,0,0,,,,,,,,,,,,,,,,,,,,,,,,,,,,
,Option,Mitraillette,Loempia,,,0,0,,,,,,,,,,,,,,,,,,,,,,,,,,,,
,Option,Mitraillette,Manalouse,,,0,0,,,,,,,,,,,,,,,,,,,,,,,,,,,,
,Option,Mitraillette,Mayonnaise,,,0,0,,,,,,,,,,,,,,,,,,,,,,,,,,,,
,Option,Mitraillette,Moutarde,,,0,0,,,,,,,,,,,,,,,,,,,,,,,,,,,,
,Option,Mitraillette,Pitta à l'ail,,,0,0,,,,,,,,,,,,,,,,,,,,,,,,,,,,
,Option,Mitraillette,Poivre,,,0,0,,,,,,,,,,,,,,,,,,,,,,,,,,,,
,Option,Mitraillette,Provençale,,,0,0,,,,,,,,,,,,,,,,,,,,,,,,,,,,
,Option,Mitraillette,Riche,,,0,0,,,,,,,,,,,,,,,,,,,,,,,,,,,,
,Option,Mitraillette,Samouraï,,,0,0,,,,,,,,,,,,,,,,,,,,,,,,,,,,
,Option,Mitraillette,Tartare,,,0,0,,,,,,,,,,,,,,,,,,,,,,,,,,,,
,Option,Mitraillette,Tomagrec,,,0,0,,,,,,,,,,,,,,,,,,,,,,,,,,,,
,Option,Mitraillette,Toscane,,,0,0,,,,,,,,,,,,,,,,,,,,,,,,,,,,
,Option,Mitraillette,Vinaigrette,,,0,0,,,,,,,,,,,,,,,,,,,,,,,,,,,,
,Option,Mitraillette,Mayonnaise truffe,,,0,0,,,,,,,,,,,,,,,,,,,,,,,,,,,,
,Option,Mitraillette,Jammie,,,0,0,,,,,,,,,,,,,,,,,,,,,,,,,,,,
,Option,Mitraillette,Cheas'y,,,0,0,,,,,,,,,,,,,,,,,,,,,,,,,,,,
,Option,Mitraillette,Dallas,,,0,0,,,,,,,,,,,,,,,,,,,,,,,,,,,,
,Option-Group,Mitraillette,Choix crudités (facultatif),,,,,,,,,,,,,,,,,,,,,,,,,,,,,,,,
,Option,Mitraillette,Sans crudités,,,0,0,,,,,,,,,,,,,,,,,,,,,,,,,,,,
,Option,Mitraillette,Carotte,,,0.1,0.1,,,,,,,,,,,,,,,,,,,,,,,,,,,,
,Option,Mitraillette,Chou blanc,,,0.1,0.1,,,,,,,,,,,,,,,,,,,,,,,,,,,,
,Option,Mitraillette,Cornichon,,,0.1,0.1,,,,,,,,,,,,,,,,,,,,,,,,,,,,
,Option,Mitraillette,Maïs,,,0.1,0.1,,,,,,,,,,,,,,,,,,,,,,,,,,,,
,Option,Mitraillette,Oignons rouges,,,0.1,0.1,,,,,,,,,,,,,,,,,,,,,,,,,,,,
,Option,Mitraillette,Salade verte,,,0.1,0.1,,,,,,,,,,,,,,,,,,,,,,,,,,,,
,Option,Mitraillette,Tomates,,,0.1,0.1,,,,,,,,,,,,,,,,,,,,,,,,,,,,
,Option-Group,Mitraillette,Choix extra cheese (facultatif),,,,,,,,,,,,,,,,,,,,,,,,,,,,,,,,
,Option,Mitraillette,Feta,,,0.9,0.9,,,,,,,,,,,,,,,,,,,,,,,,,,,,
,Option,Mitraillette,Cheese,,,0.7,0.7,,,,,,,,,,,,,,,,,,,,,,,,,,,,
,Option-Group,Mitraillette,Choix extra sauces (facultatif),,,,,,,,,,,,,,,,,,,,,,,,,,,,,,,,
,Option,Mitraillette,Algérienne,,,0,0,,,,,,,,,,,,,,,,,,,,,,,,,,,,
,Option,Mitraillette,Américaine,,,1.2,1.2,,,,,,,,,,,,,,,,,,,,,,,,,,,,
,Option,Mitraillette,Américaine forte,,,1.2,1.2,,,,,,,,,,,,,,,,,,,,,,,,,,,,
,Option,Mitraillette,Américaine légère,,,1.2,1.2,,,,,,,,,,,,,,,,,,,,,,,,,,,,
,Option,Mitraillette,Andalouse,,,1.2,1.2,,,,,,,,,,,,,,,,,,,,,,,,,,,,
,Option,Mitraillette,Barbecue,,,1.2,1.2,,,,,,,,,,,,,,,,,,,,,,,,,,,,
,Option,Mitraillette,Béarnaise,,,1.2,1.2,,,,,,,,,,,,,,,,,,,,,,,,,,,,
,Option,Mitraillette,Bicky burger,,,1.2,1.2,,,,,,,,,,,,,,,,,,,,,,,,,,,,
,Option,Mitraillette,Brazil,,,1.2,1.2,,,,,,,,,,,,,,,,,,,,,,,,,,,,
,Option,Mitraillette,Cocktail,,,1.2,1.2,,,,,,,,,,,,,,,,,,,,,,,,,,,,
,Option,Mitraillette,Curry ketchup,,,1.2,1.2,,,,,,,,,,,,,,,,,,,,,,,,,,,,
,Option,Mitraillette,Géante,,,1.2,1.2,,,,,,,,,,,,,,,,,,,,,,,,,,,,
,Option,Mitraillette,Hawaï,,,1.2,1.2,,,,,,,,,,,,,,,,,,,,,,,,,,,,
,Option,Mitraillette,Ketchup,,,1.2,1.2,,,,,,,,,,,,,,,,,,,,,,,,,,,,
,Option,Mitraillette,Loempia,,,1.2,1.2,,,,,,,,,,,,,,,,,,,,,,,,,,,,
,Option,Mitraillette,Manalouse,,,1.2,1.2,,,,,,,,,,,,,,,,,,,,,,,,,,,,
,Option,Mitraillette,Mayonnaise,,,1.2,1.2,,,,,,,,,,,,,,,,,,,,,,,,,,,,
,Option,Mitraillette,Moutarde,,,1.2,1.2,,,,,,,,,,,,,,,,,,,,,,,,,,,,
,Option,Mitraillette,Pitta à l'ail,,,1.2,1.2,,,,,,,,,,,,,,,,,,,,,,,,,,,,
,Option,Mitraillette,Poivre,,,1.2,1.2,,,,,,,,,,,,,,,,,,,,,,,,,,,,
,Option,Mitraillette,Provençale,,,1.2,1.2,,,,,,,,,,,,,,,,,,,,,,,,,,,,
,Option,Mitraillette,Riche,,,1.2,1.2,,,,,,,,,,,,,,,,,,,,,,,,,,,,
,Option,Mitraillette,Samouraï,,,1.2,1.2,,,,,,,,,,,,,,,,,,,,,,,,,,,,
,Option,Mitraillette,Tartare,,,1.2,1.2,,,,,,,,,,,,,,,,,,,,,,,,,,,,
,Option,Mitraillette,Tomagrec,,,1.2,1.2,,,,,,,,,,,,,,,,,,,,,,,,,,,,
,Option,Mitraillette,Toscane,,,1.2,1.2,,,,,,,,,,,,,,,,,,,,,,,,,,,,
,Option,Mitraillette,Vinaigrette,,,1.2,1.2,,,,,,,,,,,,,,,,,,,,,,,,,,,,
,Option,Mitraillette,Mayonnaise truffe,,,1.2,1.2,,,,,,,,,,,,,,,,,,,,,,,,,,,,
,Option,Mitraillette,Jammie,,,1.2,1.2,,,,,,,,,,,,,,,,,,,,,,,,,,,,
,Option,Mitraillette,Cheas'y,,,1.2,1.2,,,,,,,,,,,,,,,,,,,,,,,,,,,,
,Option,Mitraillette,Dallas,,,1.2,1.2,,,,,,,,,,,,,,,,,,,,,,,,,,,,
,ITEM,Mitraillette,Mitraillette viande crispy,,Choix sauce = sauce dans le pain & sur les frites / Choix extra sauce = sauce en plus dans un pot. Si vous souhaitez 2 sauces mélangée : choisir une sauce et écrire la deuxième sauce en commentaire. Si vous souhaitez la sauce à part : précisez en commentaire.,10.1,10.1,,,,,,,,,,,,,,,,,,,,,,,,,,,,
,Option-Group,Mitraillette,Choix sauce (obligatoire),,,,,,,,,,,,,,,,,,,,,,,,,,,,,,,,
,Option,Mitraillette,Sans sauce,,,0,0,,,,,,,,,,,,,,,,,,,,,,,,,,,,
,Option,Mitraillette,Algérienne,,,0,0,,,,,,,,,,,,,,,,,,,,,,,,,,,,
,Option,Mitraillette,Américaine,,,0,0,,,,,,,,,,,,,,,,,,,,,,,,,,,,
,Option,Mitraillette,Américaine forte,,,0,0,,,,,,,,,,,,,,,,,,,,,,,,,,,,
,Option,Mitraillette,Américaine légère,,,0,0,,,,,,,,,,,,,,,,,,,,,,,,,,,,
,Option,Mitraillette,Andalouse,,,0,0,,,,,,,,,,,,,,,,,,,,,,,,,,,,
,Option,Mitraillette,Barbecue,,,0,0,,,,,,,,,,,,,,,,,,,,,,,,,,,,
,Option,Mitraillette,Béarnaise,,,0,0,,,,,,,,,,,,,,,,,,,,,,,,,,,,
,Option,Mitraillette,Bicky burger,,,0,0,,,,,,,,,,,,,,,,,,,,,,,,,,,,
,Option,Mitraillette,Brazil,,,0,0,,,,,,,,,,,,,,,,,,,,,,,,,,,,
,Option,Mitraillette,Cocktail,,,0,0,,,,,,,,,,,,,,,,,,,,,,,,,,,,
,Option,Mitraillette,Curry ketchup,,,0,0,,,,,,,,,,,,,,,,,,,,,,,,,,,,
,Option,Mitraillette,Géante,,,0,0,,,,,,,,,,,,,,,,,,,,,,,,,,,,
,Option,Mitraillette,Hawaï,,,0,0,,,,,,,,,,,,,,,,,,,,,,,,,,,,
,Option,Mitraillette,Ketchup,,,0,0,,,,,,,,,,,,,,,,,,,,,,,,,,,,
,Option,Mitraillette,Loempia,,,0,0,,,,,,,,,,,,,,,,,,,,,,,,,,,,
,Option,Mitraillette,Manalouse,,,0,0,,,,,,,,,,,,,,,,,,,,,,,,,,,,
,Option,Mitraillette,Mayonnaise,,,0,0,,,,,,,,,,,,,,,,,,,,,,,,,,,,
,Option,Mitraillette,Moutarde,,,0,0,,,,,,,,,,,,,,,,,,,,,,,,,,,,
,Option,Mitraillette,Pitta à l'ail,,,0,0,,,,,,,,,,,,,,,,,,,,,,,,,,,,
,Option,Mitraillette,Poivre,,,0,0,,,,,,,,,,,,,,,,,,,,,,,,,,,,
,Option,Mitraillette,Provençale,,,0,0,,,,,,,,,,,,,,,,,,,,,,,,,,,,
,Option,Mitraillette,Riche,,,0,0,,,,,,,,,,,,,,,,,,,,,,,,,,,,
,Option,Mitraillette,Samouraï,,,0,0,,,,,,,,,,,,,,,,,,,,,,,,,,,,
,Option,Mitraillette,Tartare,,,0,0,,,,,,,,,,,,,,,,,,,,,,,,,,,,
,Option,Mitraillette,Tomagrec,,,0,0,,,,,,,,,,,,,,,,,,,,,,,,,,,,
,Option,Mitraillette,Toscane,,,0,0,,,,,,,,,,,,,,,,,,,,,,,,,,,,
,Option,Mitraillette,Vinaigrette,,,0,0,,,,,,,,,,,,,,,,,,,,,,,,,,,,
,Option,Mitraillette,Mayonnaise truffe,,,0,0,,,,,,,,,,,,,,,,,,,,,,,,,,,,
,Option,Mitraillette,Jammie,,,0,0,,,,,,,,,,,,,,,,,,,,,,,,,,,,
,Option,Mitraillette,Cheas'y,,,0,0,,,,,,,,,,,,,,,,,,,,,,,,,,,,
,Option,Mitraillette,Dallas,,,0,0,,,,,,,,,,,,,,,,,,,,,,,,,,,,
,Option-Group,Mitraillette,Choix crudités (facultatif),,,,,,,,,,,,,,,,,,,,,,,,,,,,,,,,
,Option,Mitraillette,Sans crudités,,,0,0,,,,,,,,,,,,,,,,,,,,,,,,,,,,
,Option,Mitraillette,Carotte,,,0.1,0.1,,,,,,,,,,,,,,,,,,,,,,,,,,,,
,Option,Mitraillette,Chou blanc,,,0.1,0.1,,,,,,,,,,,,,,,,,,,,,,,,,,,,
,Option,Mitraillette,Cornichon,,,0.1,0.1,,,,,,,,,,,,,,,,,,,,,,,,,,,,
,Option,Mitraillette,Maïs,,,0.1,0.1,,,,,,,,,,,,,,,,,,,,,,,,,,,,
,Option,Mitraillette,Oignons rouges,,,0.1,0.1,,,,,,,,,,,,,,,,,,,,,,,,,,,,
,Option,Mitraillette,Salade verte,,,0.1,0.1,,,,,,,,,,,,,,,,,,,,,,,,,,,,
,Option,Mitraillette,Tomates,,,0.1,0.1,,,,,,,,,,,,,,,,,,,,,,,,,,,,
,Option-Group,Mitraillette,Choix extra cheese (facultatif),,,,,,,,,,,,,,,,,,,,,,,,,,,,,,,,
,Option,Mitraillette,Feta,,,0.9,0.9,,,,,,,,,,,,,,,,,,,,,,,,,,,,
,Option,Mitraillette,Cheese,,,0.7,0.7,,,,,,,,,,,,,,,,,,,,,,,,,,,,
,Option-Group,Mitraillette,Choix extra sauces (facultatif),,,,,,,,,,,,,,,,,,,,,,,,,,,,,,,,
,Option,Mitraillette,Algérienne,,,0,0,,,,,,,,,,,,,,,,,,,,,,,,,,,,
,Option,Mitraillette,Américaine,,,1.2,1.2,,,,,,,,,,,,,,,,,,,,,,,,,,,,
,Option,Mitraillette,Américaine forte,,,1.2,1.2,,,,,,,,,,,,,,,,,,,,,,,,,,,,
,Option,Mitraillette,Américaine légère,,,1.2,1.2,,,,,,,,,,,,,,,,,,,,,,,,,,,,
,Option,Mitraillette,Andalouse,,,1.2,1.2,,,,,,,,,,,,,,,,,,,,,,,,,,,,
,Option,Mitraillette,Barbecue,,,1.2,1.2,,,,,,,,,,,,,,,,,,,,,,,,,,,,
,Option,Mitraillette,Béarnaise,,,1.2,1.2,,,,,,,,,,,,,,,,,,,,,,,,,,,,
,Option,Mitraillette,Bicky burger,,,1.2,1.2,,,,,,,,,,,,,,,,,,,,,,,,,,,,
,Option,Mitraillette,Brazil,,,1.2,1.2,,,,,,,,,,,,,,,,,,,,,,,,,,,,
,Option,Mitraillette,Cocktail,,,1.2,1.2,,,,,,,,,,,,,,,,,,,,,,,,,,,,
,Option,Mitraillette,Curry ketchup,,,1.2,1.2,,,,,,,,,,,,,,,,,,,,,,,,,,,,
,Option,Mitraillette,Géante,,,1.2,1.2,,,,,,,,,,,,,,,,,,,,,,,,,,,,
,Option,Mitraillette,Hawaï,,,1.2,1.2,,,,,,,,,,,,,,,,,,,,,,,,,,,,
,Option,Mitraillette,Ketchup,,,1.2,1.2,,,,,,,,,,,,,,,,,,,,,,,,,,,,
,Option,Mitraillette,Loempia,,,1.2,1.2,,,,,,,,,,,,,,,,,,,,,,,,,,,,
,Option,Mitraillette,Manalouse,,,1.2,1.2,,,,,,,,,,,,,,,,,,,,,,,,,,,,
,Option,Mitraillette,Mayonnaise,,,1.2,1.2,,,,,,,,,,,,,,,,,,,,,,,,,,,,
,Option,Mitraillette,Moutarde,,,1.2,1.2,,,,,,,,,,,,,,,,,,,,,,,,,,,,
,Option,Mitraillette,Pitta à l'ail,,,1.2,1.2,,,,,,,,,,,,,,,,,,,,,,,,,,,,
,Option,Mitraillette,Poivre,,,1.2,1.2,,,,,,,,,,,,,,,,,,,,,,,,,,,,
,Option,Mitraillette,Provençale,,,1.2,1.2,,,,,,,,,,,,,,,,,,,,,,,,,,,,
,Option,Mitraillette,Riche,,,1.2,1.2,,,,,,,,,,,,,,,,,,,,,,,,,,,,
,Option,Mitraillette,Samouraï,,,1.2,1.2,,,,,,,,,,,,,,,,,,,,,,,,,,,,
,Option,Mitraillette,Tartare,,,1.2,1.2,,,,,,,,,,,,,,,,,,,,,,,,,,,,
,Option,Mitraillette,Tomagrec,,,1.2,1.2,,,,,,,,,,,,,,,,,,,,,,,,,,,,
,Option,Mitraillette,Toscane,,,1.2,1.2,,,,,,,,,,,,,,,,,,,,,,,,,,,,
,Option,Mitraillette,Vinaigrette,,,1.2,1.2,,,,,,,,,,,,,,,,,,,,,,,,,,,,
,Option,Mitraillette,Mayonnaise truffe,,,1.2,1.2,,,,,,,,,,,,,,,,,,,,,,,,,,,,
,Option,Mitraillette,Jammie,,,1.2,1.2,,,,,,,,,,,,,,,,,,,,,,,,,,,,
,Option,Mitraillette,Cheas'y,,,1.2,1.2,,,,,,,,,,,,,,,,,,,,,,,,,,,,
,Option,Mitraillette,Dallas,,,1.2,1.2,,,,,,,,,,,,,,,,,,,,,,,,,,,,
,ITEM,Mitraillette,Mitraillette pur boeuf,,Choix sauce = sauce dans le pain & sur les frites / Choix extra sauce = sauce en plus dans un pot. Si vous souhaitez 2 sauces mélangée : choisir une sauce et écrire la deuxième sauce en commentaire. Si vous souhaitez la sauce à part : précisez en commentaire.,10.6,10.6,,,,,,,,,,,,,,,,,,,,,,,,,,,,
,Option-Group,Mitraillette,Choix sauce (obligatoire),,,,,,,,,,,,,,,,,,,,,,,,,,,,,,,,
,Option,Mitraillette,Sans sauce,,,0,0,,,,,,,,,,,,,,,,,,,,,,,,,,,,
,Option,Mitraillette,Algérienne,,,0,0,,,,,,,,,,,,,,,,,,,,,,,,,,,,
,Option,Mitraillette,Américaine,,,0,0,,,,,,,,,,,,,,,,,,,,,,,,,,,,
,Option,Mitraillette,Américaine forte,,,0,0,,,,,,,,,,,,,,,,,,,,,,,,,,,,
,Option,Mitraillette,Américaine légère,,,0,0,,,,,,,,,,,,,,,,,,,,,,,,,,,,
,Option,Mitraillette,Andalouse,,,0,0,,,,,,,,,,,,,,,,,,,,,,,,,,,,
,Option,Mitraillette,Barbecue,,,0,0,,,,,,,,,,,,,,,,,,,,,,,,,,,,
,Option,Mitraillette,Béarnaise,,,0,0,,,,,,,,,,,,,,,,,,,,,,,,,,,,
,Option,Mitraillette,Bicky burger,,,0,0,,,,,,,,,,,,,,,,,,,,,,,,,,,,
,Option,Mitraillette,Brazil,,,0,0,,,,,,,,,,,,,,,,,,,,,,,,,,,,
,Option,Mitraillette,Cocktail,,,0,0,,,,,,,,,,,,,,,,,,,,,,,,,,,,
,Option,Mitraillette,Curry ketchup,,,0,0,,,,,,,,,,,,,,,,,,,,,,,,,,,,
,Option,Mitraillette,Géante,,,0,0,,,,,,,,,,,,,,,,,,,,,,,,,,,,
,Option,Mitraillette,Hawaï,,,0,0,,,,,,,,,,,,,,,,,,,,,,,,,,,,
,Option,Mitraillette,Ketchup,,,0,0,,,,,,,,,,,,,,,,,,,,,,,,,,,,
,Option,Mitraillette,Loempia,,,0,0,,,,,,,,,,,,,,,,,,,,,,,,,,,,
,Option,Mitraillette,Manalouse,,,0,0,,,,,,,,,,,,,,,,,,,,,,,,,,,,
,Option,Mitraillette,Mayonnaise,,,0,0,,,,,,,,,,,,,,,,,,,,,,,,,,,,
,Option,Mitraillette,Moutarde,,,0,0,,,,,,,,,,,,,,,,,,,,,,,,,,,,
,Option,Mitraillette,Pitta à l'ail,,,0,0,,,,,,,,,,,,,,,,,,,,,,,,,,,,
,Option,Mitraillette,Poivre,,,0,0,,,,,,,,,,,,,,,,,,,,,,,,,,,,
,Option,Mitraillette,Provençale,,,0,0,,,,,,,,,,,,,,,,,,,,,,,,,,,,
,Option,Mitraillette,Riche,,,0,0,,,,,,,,,,,,,,,,,,,,,,,,,,,,
,Option,Mitraillette,Samouraï,,,0,0,,,,,,,,,,,,,,,,,,,,,,,,,,,,
,Option,Mitraillette,Tartare,,,0,0,,,,,,,,,,,,,,,,,,,,,,,,,,,,
,Option,Mitraillette,Tomagrec,,,0,0,,,,,,,,,,,,,,,,,,,,,,,,,,,,
,Option,Mitraillette,Toscane,,,0,0,,,,,,,,,,,,,,,,,,,,,,,,,,,,
,Option,Mitraillette,Vinaigrette,,,0,0,,,,,,,,,,,,,,,,,,,,,,,,,,,,
,Option,Mitraillette,Mayonnaise truffe,,,0,0,,,,,,,,,,,,,,,,,,,,,,,,,,,,
,Option,Mitraillette,Jammie,,,0,0,,,,,,,,,,,,,,,,,,,,,,,,,,,,
,Option,Mitraillette,Cheas'y,,,0,0,,,,,,,,,,,,,,,,,,,,,,,,,,,,
,Option,Mitraillette,Dallas,,,0,0,,,,,,,,,,,,,,,,,,,,,,,,,,,,
,Option-Group,Mitraillette,Choix crudités (facultatif),,,,,,,,,,,,,,,,,,,,,,,,,,,,,,,,
,Option,Mitraillette,Sans crudités,,,0,0,,,,,,,,,,,,,,,,,,,,,,,,,,,,
,Option,Mitraillette,Carotte,,,0.1,0.1,,,,,,,,,,,,,,,,,,,,,,,,,,,,
,Option,Mitraillette,Chou blanc,,,0.1,0.1,,,,,,,,,,,,,,,,,,,,,,,,,,,,
,Option,Mitraillette,Cornichon,,,0.1,0.1,,,,,,,,,,,,,,,,,,,,,,,,,,,,
,Option,Mitraillette,Maïs,,,0.1,0.1,,,,,,,,,,,,,,,,,,,,,,,,,,,,
,Option,Mitraillette,Oignons rouges,,,0.1,0.1,,,,,,,,,,,,,,,,,,,,,,,,,,,,
,Option,Mitraillette,Salade verte,,,0.1,0.1,,,,,,,,,,,,,,,,,,,,,,,,,,,,
,Option,Mitraillette,Tomates,,,0.1,0.1,,,,,,,,,,,,,,,,,,,,,,,,,,,,
,Option-Group,Mitraillette,Choix extra cheese (facultatif),,,,,,,,,,,,,,,,,,,,,,,,,,,,,,,,
,Option,Mitraillette,Feta,,,0.9,0.9,,,,,,,,,,,,,,,,,,,,,,,,,,,,
,Option,Mitraillette,Cheese,,,0.7,0.7,,,,,,,,,,,,,,,,,,,,,,,,,,,,
,Option-Group,Mitraillette,Choix extra sauces (facultatif),,,,,,,,,,,,,,,,,,,,,,,,,,,,,,,,
,Option,Mitraillette,Algérienne,,,0,0,,,,,,,,,,,,,,,,,,,,,,,,,,,,
,Option,Mitraillette,Américaine,,,1.2,1.2,,,,,,,,,,,,,,,,,,,,,,,,,,,,
,Option,Mitraillette,Américaine forte,,,1.2,1.2,,,,,,,,,,,,,,,,,,,,,,,,,,,,
,Option,Mitraillette,Américaine légère,,,1.2,1.2,,,,,,,,,,,,,,,,,,,,,,,,,,,,
,Option,Mitraillette,Andalouse,,,1.2,1.2,,,,,,,,,,,,,,,,,,,,,,,,,,,,
,Option,Mitraillette,Barbecue,,,1.2,1.2,,,,,,,,,,,,,,,,,,,,,,,,,,,,
,Option,Mitraillette,Béarnaise,,,1.2,1.2,,,,,,,,,,,,,,,,,,,,,,,,,,,,
,Option,Mitraillette,Bicky burger,,,1.2,1.2,,,,,,,,,,,,,,,,,,,,,,,,,,,,
,Option,Mitraillette,Brazil,,,1.2,1.2,,,,,,,,,,,,,,,,,,,,,,,,,,,,
,Option,Mitraillette,Cocktail,,,1.2,1.2,,,,,,,,,,,,,,,,,,,,,,,,,,,,
,Option,Mitraillette,Curry ketchup,,,1.2,1.2,,,,,,,,,,,,,,,,,,,,,,,,,,,,
,Option,Mitraillette,Géante,,,1.2,1.2,,,,,,,,,,,,,,,,,,,,,,,,,,,,
,Option,Mitraillette,Hawaï,,,1.2,1.2,,,,,,,,,,,,,,,,,,,,,,,,,,,,
,Option,Mitraillette,Ketchup,,,1.2,1.2,,,,,,,,,,,,,,,,,,,,,,,,,,,,
,Option,Mitraillette,Loempia,,,1.2,1.2,,,,,,,,,,,,,,,,,,,,,,,,,,,,
,Option,Mitraillette,Manalouse,,,1.2,1.2,,,,,,,,,,,,,,,,,,,,,,,,,,,,
,Option,Mitraillette,Mayonnaise,,,1.2,1.2,,,,,,,,,,,,,,,,,,,,,,,,,,,,
,Option,Mitraillette,Moutarde,,,1.2,1.2,,,,,,,,,,,,,,,,,,,,,,,,,,,,
,Option,Mitraillette,Pitta à l'ail,,,1.2,1.2,,,,,,,,,,,,,,,,,,,,,,,,,,,,
,Option,Mitraillette,Poivre,,,1.2,1.2,,,,,,,,,,,,,,,,,,,,,,,,,,,,
,Option,Mitraillette,Provençale,,,1.2,1.2,,,,,,,,,,,,,,,,,,,,,,,,,,,,
,Option,Mitraillette,Riche,,,1.2,1.2,,,,,,,,,,,,,,,,,,,,,,,,,,,,
,Option,Mitraillette,Samouraï,,,1.2,1.2,,,,,,,,,,,,,,,,,,,,,,,,,,,,
,Option,Mitraillette,Tartare,,,1.2,1.2,,,,,,,,,,,,,,,,,,,,,,,,,,,,
,Option,Mitraillette,Tomagrec,,,1.2,1.2,,,,,,,,,,,,,,,,,,,,,,,,,,,,
,Option,Mitraillette,Toscane,,,1.2,1.2,,,,,,,,,,,,,,,,,,,,,,,,,,,,
,Option,Mitraillette,Vinaigrette,,,1.2,1.2,,,,,,,,,,,,,,,,,,,,,,,,,,,,
,Option,Mitraillette,Mayonnaise truffe,,,1.2,1.2,,,,,,,,,,,,,,,,,,,,,,,,,,,,
,Option,Mitraillette,Jammie,,,1.2,1.2,,,,,,,,,,,,,,,,,,,,,,,,,,,,
,Option,Mitraillette,Cheas'y,,,1.2,1.2,,,,,,,,,,,,,,,,,,,,,,,,,,,,
,Option,Mitraillette,Dallas,,,1.2,1.2,,,,,,,,,,,,,,,,,,,,,,,,,,,,
,ITEM,Mitraillette,Mitraillette kermesse,,Choix sauce = sauce dans le pain & sur les frites / Choix extra sauce = sauce en plus dans un pot. Si vous souhaitez 2 sauces mélangée : choisir une sauce et écrire la deuxième sauce en commentaire. Si vous souhaitez la sauce à part : précisez en commentaire.,9,9,,,,,,,,,,,,,,,,,,,,,,,,,,,,
,Option-Group,Mitraillette,Choix sauce (obligatoire),,,,,,,,,,,,,,,,,,,,,,,,,,,,,,,,
,Option,Mitraillette,Sans sauce,,,0,0,,,,,,,,,,,,,,,,,,,,,,,,,,,,
,Option,Mitraillette,Algérienne,,,0,0,,,,,,,,,,,,,,,,,,,,,,,,,,,,
,Option,Mitraillette,Américaine,,,0,0,,,,,,,,,,,,,,,,,,,,,,,,,,,,
,Option,Mitraillette,Américaine forte,,,0,0,,,,,,,,,,,,,,,,,,,,,,,,,,,,
,Option,Mitraillette,Américaine légère,,,0,0,,,,,,,,,,,,,,,,,,,,,,,,,,,,
,Option,Mitraillette,Andalouse,,,0,0,,,,,,,,,,,,,,,,,,,,,,,,,,,,
,Option,Mitraillette,Barbecue,,,0,0,,,,,,,,,,,,,,,,,,,,,,,,,,,,
,Option,Mitraillette,Béarnaise,,,0,0,,,,,,,,,,,,,,,,,,,,,,,,,,,,
,Option,Mitraillette,Bicky burger,,,0,0,,,,,,,,,,,,,,,,,,,,,,,,,,,,
,Option,Mitraillette,Brazil,,,0,0,,,,,,,,,,,,,,,,,,,,,,,,,,,,
,Option,Mitraillette,Cocktail,,,0,0,,,,,,,,,,,,,,,,,,,,,,,,,,,,
,Option,Mitraillette,Curry ketchup,,,0,0,,,,,,,,,,,,,,,,,,,,,,,,,,,,
,Option,Mitraillette,Géante,,,0,0,,,,,,,,,,,,,,,,,,,,,,,,,,,,
,Option,Mitraillette,Hawaï,,,0,0,,,,,,,,,,,,,,,,,,,,,,,,,,,,
,Option,Mitraillette,Ketchup,,,0,0,,,,,,,,,,,,,,,,,,,,,,,,,,,,
,Option,Mitraillette,Loempia,,,0,0,,,,,,,,,,,,,,,,,,,,,,,,,,,,
,Option,Mitraillette,Manalouse,,,0,0,,,,,,,,,,,,,,,,,,,,,,,,,,,,
,Option,Mitraillette,Mayonnaise,,,0,0,,,,,,,,,,,,,,,,,,,,,,,,,,,,
,Option,Mitraillette,Moutarde,,,0,0,,,,,,,,,,,,,,,,,,,,,,,,,,,,
,Option,Mitraillette,Pitta à l'ail,,,0,0,,,,,,,,,,,,,,,,,,,,,,,,,,,,
,Option,Mitraillette,Poivre,,,0,0,,,,,,,,,,,,,,,,,,,,,,,,,,,,
,Option,Mitraillette,Provençale,,,0,0,,,,,,,,,,,,,,,,,,,,,,,,,,,,
,Option,Mitraillette,Riche,,,0,0,,,,,,,,,,,,,,,,,,,,,,,,,,,,
,Option,Mitraillette,Samouraï,,,0,0,,,,,,,,,,,,,,,,,,,,,,,,,,,,
,Option,Mitraillette,Tartare,,,0,0,,,,,,,,,,,,,,,,,,,,,,,,,,,,
,Option,Mitraillette,Tomagrec,,,0,0,,,,,,,,,,,,,,,,,,,,,,,,,,,,
,Option,Mitraillette,Toscane,,,0,0,,,,,,,,,,,,,,,,,,,,,,,,,,,,
,Option,Mitraillette,Vinaigrette,,,0,0,,,,,,,,,,,,,,,,,,,,,,,,,,,,
,Option,Mitraillette,Mayonnaise truffe,,,0,0,,,,,,,,,,,,,,,,,,,,,,,,,,,,
,Option,Mitraillette,Jammie,,,0,0,,,,,,,,,,,,,,,,,,,,,,,,,,,,
,Option,Mitraillette,Cheas'y,,,0,0,,,,,,,,,,,,,,,,,,,,,,,,,,,,
,Option,Mitraillette,Dallas,,,0,0,,,,,,,,,,,,,,,,,,,,,,,,,,,,
,Option-Group,Mitraillette,Choix crudités (facultatif),,,,,,,,,,,,,,,,,,,,,,,,,,,,,,,,
,Option,Mitraillette,Sans crudités,,,0,0,,,,,,,,,,,,,,,,,,,,,,,,,,,,
,Option,Mitraillette,Carotte,,,0.1,0.1,,,,,,,,,,,,,,,,,,,,,,,,,,,,
,Option,Mitraillette,Chou blanc,,,0.1,0.1,,,,,,,,,,,,,,,,,,,,,,,,,,,,
,Option,Mitraillette,Cornichon,,,0.1,0.1,,,,,,,,,,,,,,,,,,,,,,,,,,,,
,Option,Mitraillette,Maïs,,,0.1,0.1,,,,,,,,,,,,,,,,,,,,,,,,,,,,
,Option,Mitraillette,Oignons rouges,,,0.1,0.1,,,,,,,,,,,,,,,,,,,,,,,,,,,,
,Option,Mitraillette,Salade verte,,,0.1,0.1,,,,,,,,,,,,,,,,,,,,,,,,,,,,
,Option,Mitraillette,Tomates,,,0.1,0.1,,,,,,,,,,,,,,,,,,,,,,,,,,,,
,Option-Group,Mitraillette,Choix extra cheese (facultatif),,,,,,,,,,,,,,,,,,,,,,,,,,,,,,,,
,Option,Mitraillette,Feta,,,0.9,0.9,,,,,,,,,,,,,,,,,,,,,,,,,,,,
,Option,Mitraillette,Cheese,,,0.7,0.7,,,,,,,,,,,,,,,,,,,,,,,,,,,,
,Option-Group,Mitraillette,Choix extra sauces (facultatif),,,,,,,,,,,,,,,,,,,,,,,,,,,,,,,,
,Option,Mitraillette,Algérienne,,,0,0,,,,,,,,,,,,,,,,,,,,,,,,,,,,
,Option,Mitraillette,Américaine,,,1.2,1.2,,,,,,,,,,,,,,,,,,,,,,,,,,,,
,Option,Mitraillette,Américaine forte,,,1.2,1.2,,,,,,,,,,,,,,,,,,,,,,,,,,,,
,Option,Mitraillette,Américaine légère,,,1.2,1.2,,,,,,,,,,,,,,,,,,,,,,,,,,,,
,Option,Mitraillette,Andalouse,,,1.2,1.2,,,,,,,,,,,,,,,,,,,,,,,,,,,,
,Option,Mitraillette,Barbecue,,,1.2,1.2,,,,,,,,,,,,,,,,,,,,,,,,,,,,
,Option,Mitraillette,Béarnaise,,,1.2,1.2,,,,,,,,,,,,,,,,,,,,,,,,,,,,
,Option,Mitraillette,Bicky burger,,,1.2,1.2,,,,,,,,,,,,,,,,,,,,,,,,,,,,
,Option,Mitraillette,Brazil,,,1.2,1.2,,,,,,,,,,,,,,,,,,,,,,,,,,,,
,Option,Mitraillette,Cocktail,,,1.2,1.2,,,,,,,,,,,,,,,,,,,,,,,,,,,,
,Option,Mitraillette,Curry ketchup,,,1.2,1.2,,,,,,,,,,,,,,,,,,,,,,,,,,,,
,Option,Mitraillette,Géante,,,1.2,1.2,,,,,,,,,,,,,,,,,,,,,,,,,,,,
,Option,Mitraillette,Hawaï,,,1.2,1.2,,,,,,,,,,,,,,,,,,,,,,,,,,,,
,Option,Mitraillette,Ketchup,,,1.2,1.2,,,,,,,,,,,,,,,,,,,,,,,,,,,,
,Option,Mitraillette,Loempia,,,1.2,1.2,,,,,,,,,,,,,,,,,,,,,,,,,,,,
,Option,Mitraillette,Manalouse,,,1.2,1.2,,,,,,,,,,,,,,,,,,,,,,,,,,,,
,Option,Mitraillette,Mayonnaise,,,1.2,1.2,,,,,,,,,,,,,,,,,,,,,,,,,,,,
,Option,Mitraillette,Moutarde,,,1.2,1.2,,,,,,,,,,,,,,,,,,,,,,,,,,,,
,Option,Mitraillette,Pitta à l'ail,,,1.2,1.2,,,,,,,,,,,,,,,,,,,,,,,,,,,,
,Option,Mitraillette,Poivre,,,1.2,1.2,,,,,,,,,,,,,,,,,,,,,,,,,,,,
,Option,Mitraillette,Provençale,,,1.2,1.2,,,,,,,,,,,,,,,,,,,,,,,,,,,,
,Option,Mitraillette,Riche,,,1.2,1.2,,,,,,,,,,,,,,,,,,,,,,,,,,,,
,Option,Mitraillette,Samouraï,,,1.2,1.2,,,,,,,,,,,,,,,,,,,,,,,,,,,,
,Option,Mitraillette,Tartare,,,1.2,1.2,,,,,,,,,,,,,,,,,,,,,,,,,,,,
,Option,Mitraillette,Tomagrec,,,1.2,1.2,,,,,,,,,,,,,,,,,,,,,,,,,,,,
,Option,Mitraillette,Toscane,,,1.2,1.2,,,,,,,,,,,,,,,,,,,,,,,,,,,,
,Option,Mitraillette,Vinaigrette,,,1.2,1.2,,,,,,,,,,,,,,,,,,,,,,,,,,,,
,Option,Mitraillette,Mayonnaise truffe,,,1.2,1.2,,,,,,,,,,,,,,,,,,,,,,,,,,,,
,Option,Mitraillette,Jammie,,,1.2,1.2,,,,,,,,,,,,,,,,,,,,,,,,,,,,
,Option,Mitraillette,Cheas'y,,,1.2,1.2,,,,,,,,,,,,,,,,,,,,,,,,,,,,
,Option,Mitraillette,Dallas,,,1.2,1.2,,,,,,,,,,,,,,,,,,,,,,,,,,,,
,ITEM,Mitraillette,Mitraillette poulycroc veggie,,Choix sauce = sauce dans le pain & sur les frites / Choix extra sauce = sauce en plus dans un pot. Si vous souhaitez 2 sauces mélangée : choisir une sauce et écrire la deuxième sauce en commentaire. Si vous souhaitez la sauce à part : précisez en commentaire.,10.2,10.2,,,,,,,,,,,,,,,,,,,,,,,,,,,,
,Option-Group,Mitraillette,Choix sauce (obligatoire),,,,,,,,,,,,,,,,,,,,,,,,,,,,,,,,
,Option,Mitraillette,Sans sauce,,,0,0,,,,,,,,,,,,,,,,,,,,,,,,,,,,
,Option,Mitraillette,Algérienne,,,0,0,,,,,,,,,,,,,,,,,,,,,,,,,,,,
,Option,Mitraillette,Américaine,,,0,0,,,,,,,,,,,,,,,,,,,,,,,,,,,,
,Option,Mitraillette,Américaine forte,,,0,0,,,,,,,,,,,,,,,,,,,,,,,,,,,,
,Option,Mitraillette,Américaine légère,,,0,0,,,,,,,,,,,,,,,,,,,,,,,,,,,,
,Option,Mitraillette,Andalouse,,,0,0,,,,,,,,,,,,,,,,,,,,,,,,,,,,
,Option,Mitraillette,Barbecue,,,0,0,,,,,,,,,,,,,,,,,,,,,,,,,,,,
,Option,Mitraillette,Béarnaise,,,0,0,,,,,,,,,,,,,,,,,,,,,,,,,,,,
,Option,Mitraillette,Bicky burger,,,0,0,,,,,,,,,,,,,,,,,,,,,,,,,,,,
,Option,Mitraillette,Brazil,,,0,0,,,,,,,,,,,,,,,,,,,,,,,,,,,,
,Option,Mitraillette,Cocktail,,,0,0,,,,,,,,,,,,,,,,,,,,,,,,,,,,
,Option,Mitraillette,Curry ketchup,,,0,0,,,,,,,,,,,,,,,,,,,,,,,,,,,,
,Option,Mitraillette,Géante,,,0,0,,,,,,,,,,,,,,,,,,,,,,,,,,,,
,Option,Mitraillette,Hawaï,,,0,0,,,,,,,,,,,,,,,,,,,,,,,,,,,,
,Option,Mitraillette,Ketchup,,,0,0,,,,,,,,,,,,,,,,,,,,,,,,,,,,
,Option,Mitraillette,Loempia,,,0,0,,,,,,,,,,,,,,,,,,,,,,,,,,,,
,Option,Mitraillette,Manalouse,,,0,0,,,,,,,,,,,,,,,,,,,,,,,,,,,,
,Option,Mitraillette,Mayonnaise,,,0,0,,,,,,,,,,,,,,,,,,,,,,,,,,,,
,Option,Mitraillette,Moutarde,,,0,0,,,,,,,,,,,,,,,,,,,,,,,,,,,,
,Option,Mitraillette,Pitta à l'ail,,,0,0,,,,,,,,,,,,,,,,,,,,,,,,,,,,
,Option,Mitraillette,Poivre,,,0,0,,,,,,,,,,,,,,,,,,,,,,,,,,,,
,Option,Mitraillette,Provençale,,,0,0,,,,,,,,,,,,,,,,,,,,,,,,,,,,
,Option,Mitraillette,Riche,,,0,0,,,,,,,,,,,,,,,,,,,,,,,,,,,,
,Option,Mitraillette,Samouraï,,,0,0,,,,,,,,,,,,,,,,,,,,,,,,,,,,
,Option,Mitraillette,Tartare,,,0,0,,,,,,,,,,,,,,,,,,,,,,,,,,,,
,Option,Mitraillette,Tomagrec,,,0,0,,,,,,,,,,,,,,,,,,,,,,,,,,,,
,Option,Mitraillette,Toscane,,,0,0,,,,,,,,,,,,,,,,,,,,,,,,,,,,
,Option,Mitraillette,Vinaigrette,,,0,0,,,,,,,,,,,,,,,,,,,,,,,,,,,,
,Option,Mitraillette,Mayonnaise truffe,,,0,0,,,,,,,,,,,,,,,,,,,,,,,,,,,,
,Option,Mitraillette,Jammie,,,0,0,,,,,,,,,,,,,,,,,,,,,,,,,,,,
,Option,Mitraillette,Cheas'y,,,0,0,,,,,,,,,,,,,,,,,,,,,,,,,,,,
,Option,Mitraillette,Dallas,,,0,0,,,,,,,,,,,,,,,,,,,,,,,,,,,,
,Option-Group,Mitraillette,Choix crudités (facultatif),,,,,,,,,,,,,,,,,,,,,,,,,,,,,,,,
,Option,Mitraillette,Sans crudités,,,0,0,,,,,,,,,,,,,,,,,,,,,,,,,,,,
,Option,Mitraillette,Carotte,,,0.1,0.1,,,,,,,,,,,,,,,,,,,,,,,,,,,,
,Option,Mitraillette,Chou blanc,,,0.1,0.1,,,,,,,,,,,,,,,,,,,,,,,,,,,,
,Option,Mitraillette,Cornichon,,,0.1,0.1,,,,,,,,,,,,,,,,,,,,,,,,,,,,
,Option,Mitraillette,Maïs,,,0.1,0.1,,,,,,,,,,,,,,,,,,,,,,,,,,,,
,Option,Mitraillette,Oignons rouges,,,0.1,0.1,,,,,,,,,,,,,,,,,,,,,,,,,,,,
,Option,Mitraillette,Salade verte,,,0.1,0.1,,,,,,,,,,,,,,,,,,,,,,,,,,,,
,Option,Mitraillette,Tomates,,,0.1,0.1,,,,,,,,,,,,,,,,,,,,,,,,,,,,
,Option-Group,Mitraillette,Choix extra cheese (facultatif),,,,,,,,,,,,,,,,,,,,,,,,,,,,,,,,
,Option,Mitraillette,Feta,,,0.9,0.9,,,,,,,,,,,,,,,,,,,,,,,,,,,,
,Option,Mitraillette,Cheese,,,0.7,0.7,,,,,,,,,,,,,,,,,,,,,,,,,,,,
,Option-Group,Mitraillette,Choix extra sauces (facultatif),,,,,,,,,,,,,,,,,,,,,,,,,,,,,,,,
,Option,Mitraillette,Algérienne,,,0,0,,,,,,,,,,,,,,,,,,,,,,,,,,,,
,Option,Mitraillette,Américaine,,,1.2,1.2,,,,,,,,,,,,,,,,,,,,,,,,,,,,
,Option,Mitraillette,Américaine forte,,,1.2,1.2,,,,,,,,,,,,,,,,,,,,,,,,,,,,
,Option,Mitraillette,Américaine légère,,,1.2,1.2,,,,,,,,,,,,,,,,,,,,,,,,,,,,
,Option,Mitraillette,Andalouse,,,1.2,1.2,,,,,,,,,,,,,,,,,,,,,,,,,,,,
,Option,Mitraillette,Barbecue,,,1.2,1.2,,,,,,,,,,,,,,,,,,,,,,,,,,,,
,Option,Mitraillette,Béarnaise,,,1.2,1.2,,,,,,,,,,,,,,,,,,,,,,,,,,,,
,Option,Mitraillette,Bicky burger,,,1.2,1.2,,,,,,,,,,,,,,,,,,,,,,,,,,,,
,Option,Mitraillette,Brazil,,,1.2,1.2,,,,,,,,,,,,,,,,,,,,,,,,,,,,
,Option,Mitraillette,Cocktail,,,1.2,1.2,,,,,,,,,,,,,,,,,,,,,,,,,,,,
,Option,Mitraillette,Curry ketchup,,,1.2,1.2,,,,,,,,,,,,,,,,,,,,,,,,,,,,
,Option,Mitraillette,Géante,,,1.2,1.2,,,,,,,,,,,,,,,,,,,,,,,,,,,,
,Option,Mitraillette,Hawaï,,,1.2,1.2,,,,,,,,,,,,,,,,,,,,,,,,,,,,
,Option,Mitraillette,Ketchup,,,1.2,1.2,,,,,,,,,,,,,,,,,,,,,,,,,,,,
,Option,Mitraillette,Loempia,,,1.2,1.2,,,,,,,,,,,,,,,,,,,,,,,,,,,,
,Option,Mitraillette,Manalouse,,,1.2,1.2,,,,,,,,,,,,,,,,,,,,,,,,,,,,
,Option,Mitraillette,Mayonnaise,,,1.2,1.2,,,,,,,,,,,,,,,,,,,,,,,,,,,,
,Option,Mitraillette,Moutarde,,,1.2,1.2,,,,,,,,,,,,,,,,,,,,,,,,,,,,
,Option,Mitraillette,Pitta à l'ail,,,1.2,1.2,,,,,,,,,,,,,,,,,,,,,,,,,,,,
,Option,Mitraillette,Poivre,,,1.2,1.2,,,,,,,,,,,,,,,,,,,,,,,,,,,,
,Option,Mitraillette,Provençale,,,1.2,1.2,,,,,,,,,,,,,,,,,,,,,,,,,,,,
,Option,Mitraillette,Riche,,,1.2,1.2,,,,,,,,,,,,,,,,,,,,,,,,,,,,
,Option,Mitraillette,Samouraï,,,1.2,1.2,,,,,,,,,,,,,,,,,,,,,,,,,,,,
,Option,Mitraillette,Tartare,,,1.2,1.2,,,,,,,,,,,,,,,,,,,,,,,,,,,,
,Option,Mitraillette,Tomagrec,,,1.2,1.2,,,,,,,,,,,,,,,,,,,,,,,,,,,,
,Option,Mitraillette,Toscane,,,1.2,1.2,,,,,,,,,,,,,,,,,,,,,,,,,,,,
,Option,Mitraillette,Vinaigrette,,,1.2,1.2,,,,,,,,,,,,,,,,,,,,,,,,,,,,
,Option,Mitraillette,Mayonnaise truffe,,,1.2,1.2,,,,,,,,,,,,,,,,,,,,,,,,,,,,
,Option,Mitraillette,Jammie,,,1.2,1.2,,,,,,,,,,,,,,,,,,,,,,,,,,,,
,Option,Mitraillette,Cheas'y,,,1.2,1.2,,,,,,,,,,,,,,,,,,,,,,,,,,,,
,Option,Mitraillette,Dallas,,,1.2,1.2,,,,,,,,,,,,,,,,,,,,,,,,,,,,
,ITEM,Mitraillette,Mitraillette fricadelle veggie,,Choix sauce = sauce dans le pain & sur les frites / Choix extra sauce = sauce en plus dans un pot. Si vous souhaitez 2 sauces mélangée : choisir une sauce et écrire la deuxième sauce en commentaire. Si vous souhaitez la sauce à part : précisez en commentaire.,9.6,9.6,,,,,,,,,,,,,,,,,,,,,,,,,,,,
,Option-Group,Mitraillette,Choix sauce (obligatoire),,,,,,,,,,,,,,,,,,,,,,,,,,,,,,,,
,Option,Mitraillette,Sans sauce,,,0,0,,,,,,,,,,,,,,,,,,,,,,,,,,,,
,Option,Mitraillette,Algérienne,,,0,0,,,,,,,,,,,,,,,,,,,,,,,,,,,,
,Option,Mitraillette,Américaine,,,0,0,,,,,,,,,,,,,,,,,,,,,,,,,,,,
,Option,Mitraillette,Américaine forte,,,0,0,,,,,,,,,,,,,,,,,,,,,,,,,,,,
,Option,Mitraillette,Américaine légère,,,0,0,,,,,,,,,,,,,,,,,,,,,,,,,,,,
,Option,Mitraillette,Andalouse,,,0,0,,,,,,,,,,,,,,,,,,,,,,,,,,,,
,Option,Mitraillette,Barbecue,,,0,0,,,,,,,,,,,,,,,,,,,,,,,,,,,,
,Option,Mitraillette,Béarnaise,,,0,0,,,,,,,,,,,,,,,,,,,,,,,,,,,,
,Option,Mitraillette,Bicky burger,,,0,0,,,,,,,,,,,,,,,,,,,,,,,,,,,,
,Option,Mitraillette,Brazil,,,0,0,,,,,,,,,,,,,,,,,,,,,,,,,,,,
,Option,Mitraillette,Cocktail,,,0,0,,,,,,,,,,,,,,,,,,,,,,,,,,,,
,Option,Mitraillette,Curry ketchup,,,0,0,,,,,,,,,,,,,,,,,,,,,,,,,,,,
,Option,Mitraillette,Géante,,,0,0,,,,,,,,,,,,,,,,,,,,,,,,,,,,
,Option,Mitraillette,Hawaï,,,0,0,,,,,,,,,,,,,,,,,,,,,,,,,,,,
,Option,Mitraillette,Ketchup,,,0,0,,,,,,,,,,,,,,,,,,,,,,,,,,,,
,Option,Mitraillette,Loempia,,,0,0,,,,,,,,,,,,,,,,,,,,,,,,,,,,
,Option,Mitraillette,Manalouse,,,0,0,,,,,,,,,,,,,,,,,,,,,,,,,,,,
,Option,Mitraillette,Mayonnaise,,,0,0,,,,,,,,,,,,,,,,,,,,,,,,,,,,
,Option,Mitraillette,Moutarde,,,0,0,,,,,,,,,,,,,,,,,,,,,,,,,,,,
,Option,Mitraillette,Pitta à l'ail,,,0,0,,,,,,,,,,,,,,,,,,,,,,,,,,,,
,Option,Mitraillette,Poivre,,,0,0,,,,,,,,,,,,,,,,,,,,,,,,,,,,
,Option,Mitraillette,Provençale,,,0,0,,,,,,,,,,,,,,,,,,,,,,,,,,,,
,Option,Mitraillette,Riche,,,0,0,,,,,,,,,,,,,,,,,,,,,,,,,,,,
,Option,Mitraillette,Samouraï,,,0,0,,,,,,,,,,,,,,,,,,,,,,,,,,,,
,Option,Mitraillette,Tartare,,,0,0,,,,,,,,,,,,,,,,,,,,,,,,,,,,
,Option,Mitraillette,Tomagrec,,,0,0,,,,,,,,,,,,,,,,,,,,,,,,,,,,
,Option,Mitraillette,Toscane,,,0,0,,,,,,,,,,,,,,,,,,,,,,,,,,,,
,Option,Mitraillette,Vinaigrette,,,0,0,,,,,,,,,,,,,,,,,,,,,,,,,,,,
,Option,Mitraillette,Mayonnaise truffe,,,0,0,,,,,,,,,,,,,,,,,,,,,,,,,,,,
,Option,Mitraillette,Jammie,,,0,0,,,,,,,,,,,,,,,,,,,,,,,,,,,,
,Option,Mitraillette,Cheas'y,,,0,0,,,,,,,,,,,,,,,,,,,,,,,,,,,,
,Option,Mitraillette,Dallas,,,0,0,,,,,,,,,,,,,,,,,,,,,,,,,,,,
,Option-Group,Mitraillette,Choix crudités (facultatif),,,,,,,,,,,,,,,,,,,,,,,,,,,,,,,,
,Option,Mitraillette,Sans crudités,,,0,0,,,,,,,,,,,,,,,,,,,,,,,,,,,,
,Option,Mitraillette,Carotte,,,0.1,0.1,,,,,,,,,,,,,,,,,,,,,,,,,,,,
,Option,Mitraillette,Chou blanc,,,0.1,0.1,,,,,,,,,,,,,,,,,,,,,,,,,,,,
,Option,Mitraillette,Cornichon,,,0.1,0.1,,,,,,,,,,,,,,,,,,,,,,,,,,,,
,Option,Mitraillette,Maïs,,,0.1,0.1,,,,,,,,,,,,,,,,,,,,,,,,,,,,
,Option,Mitraillette,Oignons rouges,,,0.1,0.1,,,,,,,,,,,,,,,,,,,,,,,,,,,,
,Option,Mitraillette,Salade verte,,,0.1,0.1,,,,,,,,,,,,,,,,,,,,,,,,,,,,
,Option,Mitraillette,Tomates,,,0.1,0.1,,,,,,,,,,,,,,,,,,,,,,,,,,,,
,Option-Group,Mitraillette,Choix extra cheese (facultatif),,,,,,,,,,,,,,,,,,,,,,,,,,,,,,,,
,Option,Mitraillette,Feta,,,0.9,0.9,,,,,,,,,,,,,,,,,,,,,,,,,,,,
,Option,Mitraillette,Cheese,,,0.7,0.7,,,,,,,,,,,,,,,,,,,,,,,,,,,,
,Option-Group,Mitraillette,Choix extra sauces (facultatif),,,,,,,,,,,,,,,,,,,,,,,,,,,,,,,,
,Option,Mitraillette,Algérienne,,,0,0,,,,,,,,,,,,,,,,,,,,,,,,,,,,
,Option,Mitraillette,Américaine,,,1.2,1.2,,,,,,,,,,,,,,,,,,,,,,,,,,,,
,Option,Mitraillette,Américaine forte,,,1.2,1.2,,,,,,,,,,,,,,,,,,,,,,,,,,,,
,Option,Mitraillette,Américaine légère,,,1.2,1.2,,,,,,,,,,,,,,,,,,,,,,,,,,,,
,Option,Mitraillette,Andalouse,,,1.2,1.2,,,,,,,,,,,,,,,,,,,,,,,,,,,,
,Option,Mitraillette,Barbecue,,,1.2,1.2,,,,,,,,,,,,,,,,,,,,,,,,,,,,
,Option,Mitraillette,Béarnaise,,,1.2,1.2,,,,,,,,,,,,,,,,,,,,,,,,,,,,
,Option,Mitraillette,Bicky burger,,,1.2,1.2,,,,,,,,,,,,,,,,,,,,,,,,,,,,
,Option,Mitraillette,Brazil,,,1.2,1.2,,,,,,,,,,,,,,,,,,,,,,,,,,,,
,Option,Mitraillette,Cocktail,,,1.2,1.2,,,,,,,,,,,,,,,,,,,,,,,,,,,,
,Option,Mitraillette,Curry ketchup,,,1.2,1.2,,,,,,,,,,,,,,,,,,,,,,,,,,,,
,Option,Mitraillette,Géante,,,1.2,1.2,,,,,,,,,,,,,,,,,,,,,,,,,,,,
,Option,Mitraillette,Hawaï,,,1.2,1.2,,,,,,,,,,,,,,,,,,,,,,,,,,,,
,Option,Mitraillette,Ketchup,,,1.2,1.2,,,,,,,,,,,,,,,,,,,,,,,,,,,,
,Option,Mitraillette,Loempia,,,1.2,1.2,,,,,,,,,,,,,,,,,,,,,,,,,,,,
,Option,Mitraillette,Manalouse,,,1.2,1.2,,,,,,,,,,,,,,,,,,,,,,,,,,,,
,Option,Mitraillette,Mayonnaise,,,1.2,1.2,,,,,,,,,,,,,,,,,,,,,,,,,,,,
,Option,Mitraillette,Moutarde,,,1.2,1.2,,,,,,,,,,,,,,,,,,,,,,,,,,,,
,Option,Mitraillette,Pitta à l'ail,,,1.2,1.2,,,,,,,,,,,,,,,,,,,,,,,,,,,,
,Option,Mitraillette,Poivre,,,1.2,1.2,,,,,,,,,,,,,,,,,,,,,,,,,,,,
,Option,Mitraillette,Provençale,,,1.2,1.2,,,,,,,,,,,,,,,,,,,,,,,,,,,,
,Option,Mitraillette,Riche,,,1.2,1.2,,,,,,,,,,,,,,,,,,,,,,,,,,,,
,Option,Mitraillette,Samouraï,,,1.2,1.2,,,,,,,,,,,,,,,,,,,,,,,,,,,,
,Option,Mitraillette,Tartare,,,1.2,1.2,,,,,,,,,,,,,,,,,,,,,,,,,,,,
,Option,Mitraillette,Tomagrec,,,1.2,1.2,,,,,,,,,,,,,,,,,,,,,,,,,,,,
,Option,Mitraillette,Toscane,,,1.2,1.2,,,,,,,,,,,,,,,,,,,,,,,,,,,,
,Option,Mitraillette,Vinaigrette,,,1.2,1.2,,,,,,,,,,,,,,,,,,,,,,,,,,,,
,Option,Mitraillette,Mayonnaise truffe,,,1.2,1.2,,,,,,,,,,,,,,,,,,,,,,,,,,,,
,Option,Mitraillette,Jammie,,,1.2,1.2,,,,,,,,,,,,,,,,,,,,,,,,,,,,
,Option,Mitraillette,Cheas'y,,,1.2,1.2,,,,,,,,,,,,,,,,,,,,,,,,,,,,
,Option,Mitraillette,Dallas,,,1.2,1.2,,,,,,,,,,,,,,,,,,,,,,,,,,,,
,ITEM,Mitraillette,Mitraillette stick mozza,,Choix sauce = sauce dans le pain & sur les frites / Choix extra sauce = sauce en plus dans un pot. Si vous souhaitez 2 sauces mélangée : choisir une sauce et écrire la deuxième sauce en commentaire. Si vous souhaitez la sauce à part : précisez en commentaire.,10.8,10.8,,,,,,,,,,,,,,,,,,,,,,,,,,,,
,Option-Group,Mitraillette,Choix sauce (obligatoire),,,,,,,,,,,,,,,,,,,,,,,,,,,,,,,,
,Option,Mitraillette,Sans sauce,,,0,0,,,,,,,,,,,,,,,,,,,,,,,,,,,,
,Option,Mitraillette,Algérienne,,,0,0,,,,,,,,,,,,,,,,,,,,,,,,,,,,
,Option,Mitraillette,Américaine,,,0,0,,,,,,,,,,,,,,,,,,,,,,,,,,,,
,Option,Mitraillette,Américaine forte,,,0,0,,,,,,,,,,,,,,,,,,,,,,,,,,,,
,Option,Mitraillette,Américaine légère,,,0,0,,,,,,,,,,,,,,,,,,,,,,,,,,,,
,Option,Mitraillette,Andalouse,,,0,0,,,,,,,,,,,,,,,,,,,,,,,,,,,,
,Option,Mitraillette,Barbecue,,,0,0,,,,,,,,,,,,,,,,,,,,,,,,,,,,
,Option,Mitraillette,Béarnaise,,,0,0,,,,,,,,,,,,,,,,,,,,,,,,,,,,
,Option,Mitraillette,Bicky burger,,,0,0,,,,,,,,,,,,,,,,,,,,,,,,,,,,
,Option,Mitraillette,Brazil,,,0,0,,,,,,,,,,,,,,,,,,,,,,,,,,,,
,Option,Mitraillette,Cocktail,,,0,0,,,,,,,,,,,,,,,,,,,,,,,,,,,,
,Option,Mitraillette,Curry ketchup,,,0,0,,,,,,,,,,,,,,,,,,,,,,,,,,,,
,Option,Mitraillette,Géante,,,0,0,,,,,,,,,,,,,,,,,,,,,,,,,,,,
,Option,Mitraillette,Hawaï,,,0,0,,,,,,,,,,,,,,,,,,,,,,,,,,,,
,Option,Mitraillette,Ketchup,,,0,0,,,,,,,,,,,,,,,,,,,,,,,,,,,,
,Option,Mitraillette,Loempia,,,0,0,,,,,,,,,,,,,,,,,,,,,,,,,,,,
,Option,Mitraillette,Manalouse,,,0,0,,,,,,,,,,,,,,,,,,,,,,,,,,,,
,Option,Mitraillette,Mayonnaise,,,0,0,,,,,,,,,,,,,,,,,,,,,,,,,,,,
,Option,Mitraillette,Moutarde,,,0,0,,,,,,,,,,,,,,,,,,,,,,,,,,,,
,Option,Mitraillette,Pitta à l'ail,,,0,0,,,,,,,,,,,,,,,,,,,,,,,,,,,,
,Option,Mitraillette,Poivre,,,0,0,,,,,,,,,,,,,,,,,,,,,,,,,,,,
,Option,Mitraillette,Provençale,,,0,0,,,,,,,,,,,,,,,,,,,,,,,,,,,,
,Option,Mitraillette,Riche,,,0,0,,,,,,,,,,,,,,,,,,,,,,,,,,,,
,Option,Mitraillette,Samouraï,,,0,0,,,,,,,,,,,,,,,,,,,,,,,,,,,,
,Option,Mitraillette,Tartare,,,0,0,,,,,,,,,,,,,,,,,,,,,,,,,,,,
,Option,Mitraillette,Tomagrec,,,0,0,,,,,,,,,,,,,,,,,,,,,,,,,,,,
,Option,Mitraillette,Toscane,,,0,0,,,,,,,,,,,,,,,,,,,,,,,,,,,,
,Option,Mitraillette,Vinaigrette,,,0,0,,,,,,,,,,,,,,,,,,,,,,,,,,,,
,Option,Mitraillette,Mayonnaise truffe,,,0,0,,,,,,,,,,,,,,,,,,,,,,,,,,,,
,Option,Mitraillette,Jammie,,,0,0,,,,,,,,,,,,,,,,,,,,,,,,,,,,
,Option,Mitraillette,Cheas'y,,,0,0,,,,,,,,,,,,,,,,,,,,,,,,,,,,
,Option,Mitraillette,Dallas,,,0,0,,,,,,,,,,,,,,,,,,,,,,,,,,,,
,Option-Group,Mitraillette,Choix crudités (facultatif),,,,,,,,,,,,,,,,,,,,,,,,,,,,,,,,
,Option,Mitraillette,Sans crudités,,,0,0,,,,,,,,,,,,,,,,,,,,,,,,,,,,
,Option,Mitraillette,Carotte,,,0.1,0.1,,,,,,,,,,,,,,,,,,,,,,,,,,,,
,Option,Mitraillette,Chou blanc,,,0.1,0.1,,,,,,,,,,,,,,,,,,,,,,,,,,,,
,Option,Mitraillette,Cornichon,,,0.1,0.1,,,,,,,,,,,,,,,,,,,,,,,,,,,,
,Option,Mitraillette,Maïs,,,0.1,0.1,,,,,,,,,,,,,,,,,,,,,,,,,,,,
,Option,Mitraillette,Oignons rouges,,,0.1,0.1,,,,,,,,,,,,,,,,,,,,,,,,,,,,
,Option,Mitraillette,Salade verte,,,0.1,0.1,,,,,,,,,,,,,,,,,,,,,,,,,,,,
,Option,Mitraillette,Tomates,,,0.1,0.1,,,,,,,,,,,,,,,,,,,,,,,,,,,,
,Option-Group,Mitraillette,Choix extra cheese (facultatif),,,,,,,,,,,,,,,,,,,,,,,,,,,,,,,,
,Option,Mitraillette,Feta,,,0.9,0.9,,,,,,,,,,,,,,,,,,,,,,,,,,,,
,Option,Mitraillette,Cheese,,,0.7,0.7,,,,,,,,,,,,,,,,,,,,,,,,,,,,
,Option-Group,Mitraillette,Choix extra sauces (facultatif),,,,,,,,,,,,,,,,,,,,,,,,,,,,,,,,
,Option,Mitraillette,Algérienne,,,0,0,,,,,,,,,,,,,,,,,,,,,,,,,,,,
,Option,Mitraillette,Américaine,,,1.2,1.2,,,,,,,,,,,,,,,,,,,,,,,,,,,,
,Option,Mitraillette,Américaine forte,,,1.2,1.2,,,,,,,,,,,,,,,,,,,,,,,,,,,,
,Option,Mitraillette,Américaine légère,,,1.2,1.2,,,,,,,,,,,,,,,,,,,,,,,,,,,,
,Option,Mitraillette,Andalouse,,,1.2,1.2,,,,,,,,,,,,,,,,,,,,,,,,,,,,
,Option,Mitraillette,Barbecue,,,1.2,1.2,,,,,,,,,,,,,,,,,,,,,,,,,,,,
,Option,Mitraillette,Béarnaise,,,1.2,1.2,,,,,,,,,,,,,,,,,,,,,,,,,,,,
,Option,Mitraillette,Bicky burger,,,1.2,1.2,,,,,,,,,,,,,,,,,,,,,,,,,,,,
,Option,Mitraillette,Brazil,,,1.2,1.2,,,,,,,,,,,,,,,,,,,,,,,,,,,,
,Option,Mitraillette,Cocktail,,,1.2,1.2,,,,,,,,,,,,,,,,,,,,,,,,,,,,
,Option,Mitraillette,Curry ketchup,,,1.2,1.2,,,,,,,,,,,,,,,,,,,,,,,,,,,,
,Option,Mitraillette,Géante,,,1.2,1.2,,,,,,,,,,,,,,,,,,,,,,,,,,,,
,Option,Mitraillette,Hawaï,,,1.2,1.2,,,,,,,,,,,,,,,,,,,,,,,,,,,,
,Option,Mitraillette,Ketchup,,,1.2,1.2,,,,,,,,,,,,,,,,,,,,,,,,,,,,
,Option,Mitraillette,Loempia,,,1.2,1.2,,,,,,,,,,,,,,,,,,,,,,,,,,,,
,Option,Mitraillette,Manalouse,,,1.2,1.2,,,,,,,,,,,,,,,,,,,,,,,,,,,,
,Option,Mitraillette,Mayonnaise,,,1.2,1.2,,,,,,,,,,,,,,,,,,,,,,,,,,,,
,Option,Mitraillette,Moutarde,,,1.2,1.2,,,,,,,,,,,,,,,,,,,,,,,,,,,,
,Option,Mitraillette,Pitta à l'ail,,,1.2,1.2,,,,,,,,,,,,,,,,,,,,,,,,,,,,
,Option,Mitraillette,Poivre,,,1.2,1.2,,,,,,,,,,,,,,,,,,,,,,,,,,,,
,Option,Mitraillette,Provençale,,,1.2,1.2,,,,,,,,,,,,,,,,,,,,,,,,,,,,
,Option,Mitraillette,Riche,,,1.2,1.2,,,,,,,,,,,,,,,,,,,,,,,,,,,,
,Option,Mitraillette,Samouraï,,,1.2,1.2,,,,,,,,,,,,,,,,,,,,,,,,,,,,
,Option,Mitraillette,Tartare,,,1.2,1.2,,,,,,,,,,,,,,,,,,,,,,,,,,,,
,Option,Mitraillette,Tomagrec,,,1.2,1.2,,,,,,,,,,,,,,,,,,,,,,,,,,,,
,Option,Mitraillette,Toscane,,,1.2,1.2,,,,,,,,,,,,,,,,,,,,,,,,,,,,
,Option,Mitraillette,Vinaigrette,,,1.2,1.2,,,,,,,,,,,,,,,,,,,,,,,,,,,,
,Option,Mitraillette,Mayonnaise truffe,,,1.2,1.2,,,,,,,,,,,,,,,,,,,,,,,,,,,,
,Option,Mitraillette,Jammie,,,1.2,1.2,,,,,,,,,,,,,,,,,,,,,,,,,,,,
,Option,Mitraillette,Cheas'y,,,1.2,1.2,,,,,,,,,,,,,,,,,,,,,,,,,,,,
,Option,Mitraillette,Dallas,,,1.2,1.2,,,,,,,,,,,,,,,,,,,,,,,,,,,,
,ITEM,Pain + viande,Pain cervelas,,Choix sauce = sauce dans le pain / Choix extra sauce = sauce en plus dans un pot. Si vous souhaitez 2 sauces mélangée : choisir une sauce et écrire la deuxième sauce en commentaire.,7.6,7.6,,,,,,,,,,,,,,,,,,,,,,,,,,,,
,Option-Group,Pain + viande,Choix sauce (obligatoire),,,,,,,,,,,,,,,,,,,,,,,,,,,,,,,,
,Option,Pain + viande,Sans sauce,,,0,0,,,,,,,,,,,,,,,,,,,,,,,,,,,,
,Option,Pain + viande,Algérienne,,,0,0,,,,,,,,,,,,,,,,,,,,,,,,,,,,
,Option,Pain + viande,Américaine,,,0,0,,,,,,,,,,,,,,,,,,,,,,,,,,,,
,Option,Pain + viande,Américaine forte,,,0,0,,,,,,,,,,,,,,,,,,,,,,,,,,,,
,Option,Pain + viande,Américaine légère,,,0,0,,,,,,,,,,,,,,,,,,,,,,,,,,,,
,Option,Pain + viande,Andalouse,,,0,0,,,,,,,,,,,,,,,,,,,,,,,,,,,,
,Option,Pain + viande,Barbecue,,,0,0,,,,,,,,,,,,,,,,,,,,,,,,,,,,
,Option,Pain + viande,Béarnaise,,,0,0,,,,,,,,,,,,,,,,,,,,,,,,,,,,
,Option,Pain + viande,Bicky burger,,,0,0,,,,,,,,,,,,,,,,,,,,,,,,,,,,
,Option,Pain + viande,Brazil,,,0,0,,,,,,,,,,,,,,,,,,,,,,,,,,,,
,Option,Pain + viande,Cocktail,,,0,0,,,,,,,,,,,,,,,,,,,,,,,,,,,,
,Option,Pain + viande,Curry ketchup,,,0,0,,,,,,,,,,,,,,,,,,,,,,,,,,,,
,Option,Pain + viande,Géante,,,0,0,,,,,,,,,,,,,,,,,,,,,,,,,,,,
,Option,Pain + viande,Hawaï,,,0,0,,,,,,,,,,,,,,,,,,,,,,,,,,,,
,Option,Pain + viande,Ketchup,,,0,0,,,,,,,,,,,,,,,,,,,,,,,,,,,,
,Option,Pain + viande,Loempia,,,0,0,,,,,,,,,,,,,,,,,,,,,,,,,,,,
,Option,Pain + viande,Manalouse,,,0,0,,,,,,,,,,,,,,,,,,,,,,,,,,,,
,Option,Pain + viande,Mayonnaise,,,0,0,,,,,,,,,,,,,,,,,,,,,,,,,,,,
,Option,Pain + viande,Moutarde,,,0,0,,,,,,,,,,,,,,,,,,,,,,,,,,,,
,Option,Pain + viande,Pitta à l'ail,,,0,0,,,,,,,,,,,,,,,,,,,,,,,,,,,,
,Option,Pain + viande,Poivre,,,0,0,,,,,,,,,,,,,,,,,,,,,,,,,,,,
,Option,Pain + viande,Provençale,,,0,0,,,,,,,,,,,,,,,,,,,,,,,,,,,,
,Option,Pain + viande,Riche,,,0,0,,,,,,,,,,,,,,,,,,,,,,,,,,,,
,Option,Pain + viande,Samouraï,,,0,0,,,,,,,,,,,,,,,,,,,,,,,,,,,,
,Option,Pain + viande,Tartare,,,0,0,,,,,,,,,,,,,,,,,,,,,,,,,,,,
,Option,Pain + viande,Tomagrec,,,0,0,,,,,,,,,,,,,,,,,,,,,,,,,,,,
,Option,Pain + viande,Toscane,,,0,0,,,,,,,,,,,,,,,,,,,,,,,,,,,,
,Option,Pain + viande,Vinaigrette,,,0,0,,,,,,,,,,,,,,,,,,,,,,,,,,,,
,Option,Pain + viande,Mayonnaise truffe,,,0,0,,,,,,,,,,,,,,,,,,,,,,,,,,,,
,Option,Pain + viande,Jammie,,,0,0,,,,,,,,,,,,,,,,,,,,,,,,,,,,
,Option,Pain + viande,Cheas'y,,,0,0,,,,,,,,,,,,,,,,,,,,,,,,,,,,
,Option,Pain + viande,Dallas,,,0,0,,,,,,,,,,,,,,,,,,,,,,,,,,,,
,Option-Group,Pain + viande,Choix crudités (facultatif),,,,,,,,,,,,,,,,,,,,,,,,,,,,,,,,
,Option,Pain + viande,Sans crudités,,,0,0,,,,,,,,,,,,,,,,,,,,,,,,,,,,
,Option,Pain + viande,Carotte,,,0.1,0.1,,,,,,,,,,,,,,,,,,,,,,,,,,,,
,Option,Pain + viande,Chou blanc,,,0.1,0.1,,,,,,,,,,,,,,,,,,,,,,,,,,,,
,Option,Pain + viande,Cornichon,,,0.1,0.1,,,,,,,,,,,,,,,,,,,,,,,,,,,,
,Option,Pain + viande,Maïs,,,0.1,0.1,,,,,,,,,,,,,,,,,,,,,,,,,,,,
,Option,Pain + viande,Oignons rouges,,,0.1,0.1,,,,,,,,,,,,,,,,,,,,,,,,,,,,
,Option,Pain + viande,Salade verte,,,0.1,0.1,,,,,,,,,,,,,,,,,,,,,,,,,,,,
,Option,Pain + viande,Tomates,,,0.1,0.1,,,,,,,,,,,,,,,,,,,,,,,,,,,,
,Option-Group,Pain + viande,Choix extra cheese (facultatif),,,,,,,,,,,,,,,,,,,,,,,,,,,,,,,,
,Option,Pain + viande,Feta,,,0.9,0.9,,,,,,,,,,,,,,,,,,,,,,,,,,,,
,Option,Pain + viande,Cheese,,,0.7,0.7,,,,,,,,,,,,,,,,,,,,,,,,,,,,
,Option-Group,Pain + viande,Choix extra sauces (facultatif),,,,,,,,,,,,,,,,,,,,,,,,,,,,,,,,
,Option,Pain + viande,Algérienne,,,0,0,,,,,,,,,,,,,,,,,,,,,,,,,,,,
,Option,Pain + viande,Américaine,,,1.2,1.2,,,,,,,,,,,,,,,,,,,,,,,,,,,,
,Option,Pain + viande,Américaine forte,,,1.2,1.2,,,,,,,,,,,,,,,,,,,,,,,,,,,,
,Option,Pain + viande,Américaine légère,,,1.2,1.2,,,,,,,,,,,,,,,,,,,,,,,,,,,,
,Option,Pain + viande,Andalouse,,,1.2,1.2,,,,,,,,,,,,,,,,,,,,,,,,,,,,
,Option,Pain + viande,Barbecue,,,1.2,1.2,,,,,,,,,,,,,,,,,,,,,,,,,,,,
,Option,Pain + viande,Béarnaise,,,1.2,1.2,,,,,,,,,,,,,,,,,,,,,,,,,,,,
,Option,Pain + viande,Bicky burger,,,1.2,1.2,,,,,,,,,,,,,,,,,,,,,,,,,,,,
,Option,Pain + viande,Brazil,,,1.2,1.2,,,,,,,,,,,,,,,,,,,,,,,,,,,,
,Option,Pain + viande,Cocktail,,,1.2,1.2,,,,,,,,,,,,,,,,,,,,,,,,,,,,
,Option,Pain + viande,Curry ketchup,,,1.2,1.2,,,,,,,,,,,,,,,,,,,,,,,,,,,,
,Option,Pain + viande,Géante,,,1.2,1.2,,,,,,,,,,,,,,,,,,,,,,,,,,,,
,Option,Pain + viande,Hawaï,,,1.2,1.2,,,,,,,,,,,,,,,,,,,,,,,,,,,,
,Option,Pain + viande,Ketchup,,,1.2,1.2,,,,,,,,,,,,,,,,,,,,,,,,,,,,
,Option,Pain + viande,Loempia,,,1.2,1.2,,,,,,,,,,,,,,,,,,,,,,,,,,,,
,Option,Pain + viande,Manalouse,,,1.2,1.2,,,,,,,,,,,,,,,,,,,,,,,,,,,,
,Option,Pain + viande,Mayonnaise,,,1.2,1.2,,,,,,,,,,,,,,,,,,,,,,,,,,,,
,Option,Pain + viande,Moutarde,,,1.2,1.2,,,,,,,,,,,,,,,,,,,,,,,,,,,,
,Option,Pain + viande,Pitta à l'ail,,,1.2,1.2,,,,,,,,,,,,,,,,,,,,,,,,,,,,
,Option,Pain + viande,Poivre,,,1.2,1.2,,,,,,,,,,,,,,,,,,,,,,,,,,,,
,Option,Pain + viande,Provençale,,,1.2,1.2,,,,,,,,,,,,,,,,,,,,,,,,,,,,
,Option,Pain + viande,Riche,,,1.2,1.2,,,,,,,,,,,,,,,,,,,,,,,,,,,,
,Option,Pain + viande,Samouraï,,,1.2,1.2,,,,,,,,,,,,,,,,,,,,,,,,,,,,
,Option,Pain + viande,Tartare,,,1.2,1.2,,,,,,,,,,,,,,,,,,,,,,,,,,,,
,Option,Pain + viande,Tomagrec,,,1.2,1.2,,,,,,,,,,,,,,,,,,,,,,,,,,,,
,Option,Pain + viande,Toscane,,,1.2,1.2,,,,,,,,,,,,,,,,,,,,,,,,,,,,
,Option,Pain + viande,Vinaigrette,,,1.2,1.2,,,,,,,,,,,,,,,,,,,,,,,,,,,,
,Option,Pain + viande,Mayonnaise truffe,,,1.2,1.2,,,,,,,,,,,,,,,,,,,,,,,,,,,,
,Option,Pain + viande,Jammie,,,1.2,1.2,,,,,,,,,,,,,,,,,,,,,,,,,,,,
,Option,Pain + viande,Cheas'y,,,1.2,1.2,,,,,,,,,,,,,,,,,,,,,,,,,,,,
,Option,Pain + viande,Dallas,,,1.2,1.2,,,,,,,,,,,,,,,,,,,,,,,,,,,,
,ITEM,Pain + viande,Pain fricadelle,,Choix sauce = sauce dans le pain / Choix extra sauce = sauce en plus dans un pot. Si vous souhaitez 2 sauces mélangée : choisir une sauce et écrire la deuxième sauce en commentaire.,6.2,6.2,,,,,,,,,,,,,,,,,,,,,,,,,,,,
,Option-Group,Pain + viande,Choix sauce (obligatoire),,,,,,,,,,,,,,,,,,,,,,,,,,,,,,,,
,Option,Pain + viande,Sans sauce,,,0,0,,,,,,,,,,,,,,,,,,,,,,,,,,,,
,Option,Pain + viande,Algérienne,,,0,0,,,,,,,,,,,,,,,,,,,,,,,,,,,,
,Option,Pain + viande,Américaine,,,0,0,,,,,,,,,,,,,,,,,,,,,,,,,,,,
,Option,Pain + viande,Américaine forte,,,0,0,,,,,,,,,,,,,,,,,,,,,,,,,,,,
,Option,Pain + viande,Américaine légère,,,0,0,,,,,,,,,,,,,,,,,,,,,,,,,,,,
,Option,Pain + viande,Andalouse,,,0,0,,,,,,,,,,,,,,,,,,,,,,,,,,,,
,Option,Pain + viande,Barbecue,,,0,0,,,,,,,,,,,,,,,,,,,,,,,,,,,,
,Option,Pain + viande,Béarnaise,,,0,0,,,,,,,,,,,,,,,,,,,,,,,,,,,,
,Option,Pain + viande,Bicky burger,,,0,0,,,,,,,,,,,,,,,,,,,,,,,,,,,,
,Option,Pain + viande,Brazil,,,0,0,,,,,,,,,,,,,,,,,,,,,,,,,,,,
,Option,Pain + viande,Cocktail,,,0,0,,,,,,,,,,,,,,,,,,,,,,,,,,,,
,Option,Pain + viande,Curry ketchup,,,0,0,,,,,,,,,,,,,,,,,,,,,,,,,,,,
,Option,Pain + viande,Géante,,,0,0,,,,,,,,,,,,,,,,,,,,,,,,,,,,
,Option,Pain + viande,Hawaï,,,0,0,,,,,,,,,,,,,,,,,,,,,,,,,,,,
,Option,Pain + viande,Ketchup,,,0,0,,,,,,,,,,,,,,,,,,,,,,,,,,,,
,Option,Pain + viande,Loempia,,,0,0,,,,,,,,,,,,,,,,,,,,,,,,,,,,
,Option,Pain + viande,Manalouse,,,0,0,,,,,,,,,,,,,,,,,,,,,,,,,,,,
,Option,Pain + viande,Mayonnaise,,,0,0,,,,,,,,,,,,,,,,,,,,,,,,,,,,
,Option,Pain + viande,Moutarde,,,0,0,,,,,,,,,,,,,,,,,,,,,,,,,,,,
,Option,Pain + viande,Pitta à l'ail,,,0,0,,,,,,,,,,,,,,,,,,,,,,,,,,,,
,Option,Pain + viande,Poivre,,,0,0,,,,,,,,,,,,,,,,,,,,,,,,,,,,
,Option,Pain + viande,Provençale,,,0,0,,,,,,,,,,,,,,,,,,,,,,,,,,,,
,Option,Pain + viande,Riche,,,0,0,,,,,,,,,,,,,,,,,,,,,,,,,,,,
,Option,Pain + viande,Samouraï,,,0,0,,,,,,,,,,,,,,,,,,,,,,,,,,,,
,Option,Pain + viande,Tartare,,,0,0,,,,,,,,,,,,,,,,,,,,,,,,,,,,
,Option,Pain + viande,Tomagrec,,,0,0,,,,,,,,,,,,,,,,,,,,,,,,,,,,
,Option,Pain + viande,Toscane,,,0,0,,,,,,,,,,,,,,,,,,,,,,,,,,,,
,Option,Pain + viande,Vinaigrette,,,0,0,,,,,,,,,,,,,,,,,,,,,,,,,,,,
,Option,Pain + viande,Mayonnaise truffe,,,0,0,,,,,,,,,,,,,,,,,,,,,,,,,,,,
,Option,Pain + viande,Jammie,,,0,0,,,,,,,,,,,,,,,,,,,,,,,,,,,,
,Option,Pain + viande,Cheas'y,,,0,0,,,,,,,,,,,,,,,,,,,,,,,,,,,,
,Option,Pain + viande,Dallas,,,0,0,,,,,,,,,,,,,,,,,,,,,,,,,,,,
,Option-Group,Pain + viande,Choix crudités (facultatif),,,,,,,,,,,,,,,,,,,,,,,,,,,,,,,,
,Option,Pain + viande,Sans crudités,,,0,0,,,,,,,,,,,,,,,,,,,,,,,,,,,,
,Option,Pain + viande,Carotte,,,0.1,0.1,,,,,,,,,,,,,,,,,,,,,,,,,,,,
,Option,Pain + viande,Chou blanc,,,0.1,0.1,,,,,,,,,,,,,,,,,,,,,,,,,,,,
,Option,Pain + viande,Cornichon,,,0.1,0.1,,,,,,,,,,,,,,,,,,,,,,,,,,,,
,Option,Pain + viande,Maïs,,,0.1,0.1,,,,,,,,,,,,,,,,,,,,,,,,,,,,
,Option,Pain + viande,Oignons rouges,,,0.1,0.1,,,,,,,,,,,,,,,,,,,,,,,,,,,,
,Option,Pain + viande,Salade verte,,,0.1,0.1,,,,,,,,,,,,,,,,,,,,,,,,,,,,
,Option,Pain + viande,Tomates,,,0.1,0.1,,,,,,,,,,,,,,,,,,,,,,,,,,,,
,Option-Group,Pain + viande,Choix extra cheese (facultatif),,,,,,,,,,,,,,,,,,,,,,,,,,,,,,,,
,Option,Pain + viande,Feta,,,0.9,0.9,,,,,,,,,,,,,,,,,,,,,,,,,,,,
,Option,Pain + viande,Cheese,,,0.7,0.7,,,,,,,,,,,,,,,,,,,,,,,,,,,,
,Option-Group,Pain + viande,Choix extra sauces (facultatif),,,,,,,,,,,,,,,,,,,,,,,,,,,,,,,,
,Option,Pain + viande,Algérienne,,,0,0,,,,,,,,,,,,,,,,,,,,,,,,,,,,
,Option,Pain + viande,Américaine,,,1.2,1.2,,,,,,,,,,,,,,,,,,,,,,,,,,,,
,Option,Pain + viande,Américaine forte,,,1.2,1.2,,,,,,,,,,,,,,,,,,,,,,,,,,,,
,Option,Pain + viande,Américaine légère,,,1.2,1.2,,,,,,,,,,,,,,,,,,,,,,,,,,,,
,Option,Pain + viande,Andalouse,,,1.2,1.2,,,,,,,,,,,,,,,,,,,,,,,,,,,,
,Option,Pain + viande,Barbecue,,,1.2,1.2,,,,,,,,,,,,,,,,,,,,,,,,,,,,
,Option,Pain + viande,Béarnaise,,,1.2,1.2,,,,,,,,,,,,,,,,,,,,,,,,,,,,
,Option,Pain + viande,Bicky burger,,,1.2,1.2,,,,,,,,,,,,,,,,,,,,,,,,,,,,
,Option,Pain + viande,Brazil,,,1.2,1.2,,,,,,,,,,,,,,,,,,,,,,,,,,,,
,Option,Pain + viande,Cocktail,,,1.2,1.2,,,,,,,,,,,,,,,,,,,,,,,,,,,,
,Option,Pain + viande,Curry ketchup,,,1.2,1.2,,,,,,,,,,,,,,,,,,,,,,,,,,,,
,Option,Pain + viande,Géante,,,1.2,1.2,,,,,,,,,,,,,,,,,,,,,,,,,,,,
,Option,Pain + viande,Hawaï,,,1.2,1.2,,,,,,,,,,,,,,,,,,,,,,,,,,,,
,Option,Pain + viande,Ketchup,,,1.2,1.2,,,,,,,,,,,,,,,,,,,,,,,,,,,,
,Option,Pain + viande,Loempia,,,1.2,1.2,,,,,,,,,,,,,,,,,,,,,,,,,,,,
,Option,Pain + viande,Manalouse,,,1.2,1.2,,,,,,,,,,,,,,,,,,,,,,,,,,,,
,Option,Pain + viande,Mayonnaise,,,1.2,1.2,,,,,,,,,,,,,,,,,,,,,,,,,,,,
,Option,Pain + viande,Moutarde,,,1.2,1.2,,,,,,,,,,,,,,,,,,,,,,,,,,,,
,Option,Pain + viande,Pitta à l'ail,,,1.2,1.2,,,,,,,,,,,,,,,,,,,,,,,,,,,,
,Option,Pain + viande,Poivre,,,1.2,1.2,,,,,,,,,,,,,,,,,,,,,,,,,,,,
,Option,Pain + viande,Provençale,,,1.2,1.2,,,,,,,,,,,,,,,,,,,,,,,,,,,,
,Option,Pain + viande,Riche,,,1.2,1.2,,,,,,,,,,,,,,,,,,,,,,,,,,,,
,Option,Pain + viande,Samouraï,,,1.2,1.2,,,,,,,,,,,,,,,,,,,,,,,,,,,,
,Option,Pain + viande,Tartare,,,1.2,1.2,,,,,,,,,,,,,,,,,,,,,,,,,,,,
,Option,Pain + viande,Tomagrec,,,1.2,1.2,,,,,,,,,,,,,,,,,,,,,,,,,,,,
,Option,Pain + viande,Toscane,,,1.2,1.2,,,,,,,,,,,,,,,,,,,,,,,,,,,,
,Option,Pain + viande,Vinaigrette,,,1.2,1.2,,,,,,,,,,,,,,,,,,,,,,,,,,,,
,Option,Pain + viande,Mayonnaise truffe,,,1.2,1.2,,,,,,,,,,,,,,,,,,,,,,,,,,,,
,Option,Pain + viande,Jammie,,,1.2,1.2,,,,,,,,,,,,,,,,,,,,,,,,,,,,
,Option,Pain + viande,Cheas'y,,,1.2,1.2,,,,,,,,,,,,,,,,,,,,,,,,,,,,
,Option,Pain + viande,Dallas,,,1.2,1.2,,,,,,,,,,,,,,,,,,,,,,,,,,,,
,ITEM,Pain + viande,Pain fricadelle XXL,,Choix sauce = sauce dans le pain / Choix extra sauce = sauce en plus dans un pot. Si vous souhaitez 2 sauces mélangée : choisir une sauce et écrire la deuxième sauce en commentaire.,8.7,8.7,,,,,,,,,,,,,,,,,,,,,,,,,,,,
,Option-Group,Pain + viande,Choix sauce (obligatoire),,,,,,,,,,,,,,,,,,,,,,,,,,,,,,,,
,Option,Pain + viande,Sans sauce,,,0,0,,,,,,,,,,,,,,,,,,,,,,,,,,,,
,Option,Pain + viande,Algérienne,,,0,0,,,,,,,,,,,,,,,,,,,,,,,,,,,,
,Option,Pain + viande,Américaine,,,0,0,,,,,,,,,,,,,,,,,,,,,,,,,,,,
,Option,Pain + viande,Américaine forte,,,0,0,,,,,,,,,,,,,,,,,,,,,,,,,,,,
,Option,Pain + viande,Américaine légère,,,0,0,,,,,,,,,,,,,,,,,,,,,,,,,,,,
,Option,Pain + viande,Andalouse,,,0,0,,,,,,,,,,,,,,,,,,,,,,,,,,,,
,Option,Pain + viande,Barbecue,,,0,0,,,,,,,,,,,,,,,,,,,,,,,,,,,,
,Option,Pain + viande,Béarnaise,,,0,0,,,,,,,,,,,,,,,,,,,,,,,,,,,,
,Option,Pain + viande,Bicky burger,,,0,0,,,,,,,,,,,,,,,,,,,,,,,,,,,,
,Option,Pain + viande,Brazil,,,0,0,,,,,,,,,,,,,,,,,,,,,,,,,,,,
,Option,Pain + viande,Cocktail,,,0,0,,,,,,,,,,,,,,,,,,,,,,,,,,,,
,Option,Pain + viande,Curry ketchup,,,0,0,,,,,,,,,,,,,,,,,,,,,,,,,,,,
,Option,Pain + viande,Géante,,,0,0,,,,,,,,,,,,,,,,,,,,,,,,,,,,
,Option,Pain + viande,Hawaï,,,0,0,,,,,,,,,,,,,,,,,,,,,,,,,,,,
,Option,Pain + viande,Ketchup,,,0,0,,,,,,,,,,,,,,,,,,,,,,,,,,,,
,Option,Pain + viande,Loempia,,,0,0,,,,,,,,,,,,,,,,,,,,,,,,,,,,
,Option,Pain + viande,Manalouse,,,0,0,,,,,,,,,,,,,,,,,,,,,,,,,,,,
,Option,Pain + viande,Mayonnaise,,,0,0,,,,,,,,,,,,,,,,,,,,,,,,,,,,
,Option,Pain + viande,Moutarde,,,0,0,,,,,,,,,,,,,,,,,,,,,,,,,,,,
,Option,Pain + viande,Pitta à l'ail,,,0,0,,,,,,,,,,,,,,,,,,,,,,,,,,,,
,Option,Pain + viande,Poivre,,,0,0,,,,,,,,,,,,,,,,,,,,,,,,,,,,
,Option,Pain + viande,Provençale,,,0,0,,,,,,,,,,,,,,,,,,,,,,,,,,,,
,Option,Pain + viande,Riche,,,0,0,,,,,,,,,,,,,,,,,,,,,,,,,,,,
,Option,Pain + viande,Samouraï,,,0,0,,,,,,,,,,,,,,,,,,,,,,,,,,,,
,Option,Pain + viande,Tartare,,,0,0,,,,,,,,,,,,,,,,,,,,,,,,,,,,
,Option,Pain + viande,Tomagrec,,,0,0,,,,,,,,,,,,,,,,,,,,,,,,,,,,
,Option,Pain + viande,Toscane,,,0,0,,,,,,,,,,,,,,,,,,,,,,,,,,,,
,Option,Pain + viande,Vinaigrette,,,0,0,,,,,,,,,,,,,,,,,,,,,,,,,,,,
,Option,Pain + viande,Mayonnaise truffe,,,0,0,,,,,,,,,,,,,,,,,,,,,,,,,,,,
,Option,Pain + viande,Jammie,,,0,0,,,,,,,,,,,,,,,,,,,,,,,,,,,,
,Option,Pain + viande,Cheas'y,,,0,0,,,,,,,,,,,,,,,,,,,,,,,,,,,,
,Option,Pain + viande,Dallas,,,0,0,,,,,,,,,,,,,,,,,,,,,,,,,,,,
,Option-Group,Pain + viande,Choix crudités (facultatif),,,,,,,,,,,,,,,,,,,,,,,,,,,,,,,,
,Option,Pain + viande,Sans crudités,,,0,0,,,,,,,,,,,,,,,,,,,,,,,,,,,,
,Option,Pain + viande,Carotte,,,0.1,0.1,,,,,,,,,,,,,,,,,,,,,,,,,,,,
,Option,Pain + viande,Chou blanc,,,0.1,0.1,,,,,,,,,,,,,,,,,,,,,,,,,,,,
,Option,Pain + viande,Cornichon,,,0.1,0.1,,,,,,,,,,,,,,,,,,,,,,,,,,,,
,Option,Pain + viande,Maïs,,,0.1,0.1,,,,,,,,,,,,,,,,,,,,,,,,,,,,
,Option,Pain + viande,Oignons rouges,,,0.1,0.1,,,,,,,,,,,,,,,,,,,,,,,,,,,,
,Option,Pain + viande,Salade verte,,,0.1,0.1,,,,,,,,,,,,,,,,,,,,,,,,,,,,
,Option,Pain + viande,Tomates,,,0.1,0.1,,,,,,,,,,,,,,,,,,,,,,,,,,,,
,Option-Group,Pain + viande,Choix extra cheese (facultatif),,,,,,,,,,,,,,,,,,,,,,,,,,,,,,,,
,Option,Pain + viande,Feta,,,0.9,0.9,,,,,,,,,,,,,,,,,,,,,,,,,,,,
,Option,Pain + viande,Cheese,,,0.7,0.7,,,,,,,,,,,,,,,,,,,,,,,,,,,,
,Option-Group,Pain + viande,Choix extra sauces (facultatif),,,,,,,,,,,,,,,,,,,,,,,,,,,,,,,,
,Option,Pain + viande,Algérienne,,,0,0,,,,,,,,,,,,,,,,,,,,,,,,,,,,
,Option,Pain + viande,Américaine,,,1.2,1.2,,,,,,,,,,,,,,,,,,,,,,,,,,,,
,Option,Pain + viande,Américaine forte,,,1.2,1.2,,,,,,,,,,,,,,,,,,,,,,,,,,,,
,Option,Pain + viande,Américaine légère,,,1.2,1.2,,,,,,,,,,,,,,,,,,,,,,,,,,,,
,Option,Pain + viande,Andalouse,,,1.2,1.2,,,,,,,,,,,,,,,,,,,,,,,,,,,,
,Option,Pain + viande,Barbecue,,,1.2,1.2,,,,,,,,,,,,,,,,,,,,,,,,,,,,
,Option,Pain + viande,Béarnaise,,,1.2,1.2,,,,,,,,,,,,,,,,,,,,,,,,,,,,
,Option,Pain + viande,Bicky burger,,,1.2,1.2,,,,,,,,,,,,,,,,,,,,,,,,,,,,
,Option,Pain + viande,Brazil,,,1.2,1.2,,,,,,,,,,,,,,,,,,,,,,,,,,,,
,Option,Pain + viande,Cocktail,,,1.2,1.2,,,,,,,,,,,,,,,,,,,,,,,,,,,,
,Option,Pain + viande,Curry ketchup,,,1.2,1.2,,,,,,,,,,,,,,,,,,,,,,,,,,,,
,Option,Pain + viande,Géante,,,1.2,1.2,,,,,,,,,,,,,,,,,,,,,,,,,,,,
,Option,Pain + viande,Hawaï,,,1.2,1.2,,,,,,,,,,,,,,,,,,,,,,,,,,,,
,Option,Pain + viande,Ketchup,,,1.2,1.2,,,,,,,,,,,,,,,,,,,,,,,,,,,,
,Option,Pain + viande,Loempia,,,1.2,1.2,,,,,,,,,,,,,,,,,,,,,,,,,,,,
,Option,Pain + viande,Manalouse,,,1.2,1.2,,,,,,,,,,,,,,,,,,,,,,,,,,,,
,Option,Pain + viande,Mayonnaise,,,1.2,1.2,,,,,,,,,,,,,,,,,,,,,,,,,,,,
,Option,Pain + viande,Moutarde,,,1.2,1.2,,,,,,,,,,,,,,,,,,,,,,,,,,,,
,Option,Pain + viande,Pitta à l'ail,,,1.2,1.2,,,,,,,,,,,,,,,,,,,,,,,,,,,,
,Option,Pain + viande,Poivre,,,1.2,1.2,,,,,,,,,,,,,,,,,,,,,,,,,,,,
,Option,Pain + viande,Provençale,,,1.2,1.2,,,,,,,,,,,,,,,,,,,,,,,,,,,,
,Option,Pain + viande,Riche,,,1.2,1.2,,,,,,,,,,,,,,,,,,,,,,,,,,,,
,Option,Pain + viande,Samouraï,,,1.2,1.2,,,,,,,,,,,,,,,,,,,,,,,,,,,,
,Option,Pain + viande,Tartare,,,1.2,1.2,,,,,,,,,,,,,,,,,,,,,,,,,,,,
,Option,Pain + viande,Tomagrec,,,1.2,1.2,,,,,,,,,,,,,,,,,,,,,,,,,,,,
,Option,Pain + viande,Toscane,,,1.2,1.2,,,,,,,,,,,,,,,,,,,,,,,,,,,,
,Option,Pain + viande,Vinaigrette,,,1.2,1.2,,,,,,,,,,,,,,,,,,,,,,,,,,,,
,Option,Pain + viande,Mayonnaise truffe,,,1.2,1.2,,,,,,,,,,,,,,,,,,,,,,,,,,,,
,Option,Pain + viande,Jammie,,,1.2,1.2,,,,,,,,,,,,,,,,,,,,,,,,,,,,
,Option,Pain + viande,Cheas'y,,,1.2,1.2,,,,,,,,,,,,,,,,,,,,,,,,,,,,
,Option,Pain + viande,Dallas,,,1.2,1.2,,,,,,,,,,,,,,,,,,,,,,,,,,,,
,ITEM,Pain + viande,Pain viandelle,,Choix sauce = sauce dans le pain / Choix extra sauce = sauce en plus dans un pot. Si vous souhaitez 2 sauces mélangée : choisir une sauce et écrire la deuxième sauce en commentaire.,7.2,7.2,,,,,,,,,,,,,,,,,,,,,,,,,,,,
,Option-Group,Pain + viande,Choix sauce (obligatoire),,,,,,,,,,,,,,,,,,,,,,,,,,,,,,,,
,Option,Pain + viande,Sans sauce,,,0,0,,,,,,,,,,,,,,,,,,,,,,,,,,,,
,Option,Pain + viande,Algérienne,,,0,0,,,,,,,,,,,,,,,,,,,,,,,,,,,,
,Option,Pain + viande,Américaine,,,0,0,,,,,,,,,,,,,,,,,,,,,,,,,,,,
,Option,Pain + viande,Américaine forte,,,0,0,,,,,,,,,,,,,,,,,,,,,,,,,,,,
,Option,Pain + viande,Américaine légère,,,0,0,,,,,,,,,,,,,,,,,,,,,,,,,,,,
,Option,Pain + viande,Andalouse,,,0,0,,,,,,,,,,,,,,,,,,,,,,,,,,,,
,Option,Pain + viande,Barbecue,,,0,0,,,,,,,,,,,,,,,,,,,,,,,,,,,,
,Option,Pain + viande,Béarnaise,,,0,0,,,,,,,,,,,,,,,,,,,,,,,,,,,,
,Option,Pain + viande,Bicky burger,,,0,0,,,,,,,,,,,,,,,,,,,,,,,,,,,,
,Option,Pain + viande,Brazil,,,0,0,,,,,,,,,,,,,,,,,,,,,,,,,,,,
,Option,Pain + viande,Cocktail,,,0,0,,,,,,,,,,,,,,,,,,,,,,,,,,,,
,Option,Pain + viande,Curry ketchup,,,0,0,,,,,,,,,,,,,,,,,,,,,,,,,,,,
,Option,Pain + viande,Géante,,,0,0,,,,,,,,,,,,,,,,,,,,,,,,,,,,
,Option,Pain + viande,Hawaï,,,0,0,,,,,,,,,,,,,,,,,,,,,,,,,,,,
,Option,Pain + viande,Ketchup,,,0,0,,,,,,,,,,,,,,,,,,,,,,,,,,,,
,Option,Pain + viande,Loempia,,,0,0,,,,,,,,,,,,,,,,,,,,,,,,,,,,
,Option,Pain + viande,Manalouse,,,0,0,,,,,,,,,,,,,,,,,,,,,,,,,,,,
,Option,Pain + viande,Mayonnaise,,,0,0,,,,,,,,,,,,,,,,,,,,,,,,,,,,
,Option,Pain + viande,Moutarde,,,0,0,,,,,,,,,,,,,,,,,,,,,,,,,,,,
,Option,Pain + viande,Pitta à l'ail,,,0,0,,,,,,,,,,,,,,,,,,,,,,,,,,,,
,Option,Pain + viande,Poivre,,,0,0,,,,,,,,,,,,,,,,,,,,,,,,,,,,
,Option,Pain + viande,Provençale,,,0,0,,,,,,,,,,,,,,,,,,,,,,,,,,,,
,Option,Pain + viande,Riche,,,0,0,,,,,,,,,,,,,,,,,,,,,,,,,,,,
,Option,Pain + viande,Samouraï,,,0,0,,,,,,,,,,,,,,,,,,,,,,,,,,,,
,Option,Pain + viande,Tartare,,,0,0,,,,,,,,,,,,,,,,,,,,,,,,,,,,
,Option,Pain + viande,Tomagrec,,,0,0,,,,,,,,,,,,,,,,,,,,,,,,,,,,
,Option,Pain + viande,Toscane,,,0,0,,,,,,,,,,,,,,,,,,,,,,,,,,,,
,Option,Pain + viande,Vinaigrette,,,0,0,,,,,,,,,,,,,,,,,,,,,,,,,,,,
,Option,Pain + viande,Mayonnaise truffe,,,0,0,,,,,,,,,,,,,,,,,,,,,,,,,,,,
,Option,Pain + viande,Jammie,,,0,0,,,,,,,,,,,,,,,,,,,,,,,,,,,,
,Option,Pain + viande,Cheas'y,,,0,0,,,,,,,,,,,,,,,,,,,,,,,,,,,,
,Option,Pain + viande,Dallas,,,0,0,,,,,,,,,,,,,,,,,,,,,,,,,,,,
,Option-Group,Pain + viande,Choix crudités (facultatif),,,,,,,,,,,,,,,,,,,,,,,,,,,,,,,,
,Option,Pain + viande,Sans crudités,,,0,0,,,,,,,,,,,,,,,,,,,,,,,,,,,,
,Option,Pain + viande,Carotte,,,0.1,0.1,,,,,,,,,,,,,,,,,,,,,,,,,,,,
,Option,Pain + viande,Chou blanc,,,0.1,0.1,,,,,,,,,,,,,,,,,,,,,,,,,,,,
,Option,Pain + viande,Cornichon,,,0.1,0.1,,,,,,,,,,,,,,,,,,,,,,,,,,,,
,Option,Pain + viande,Maïs,,,0.1,0.1,,,,,,,,,,,,,,,,,,,,,,,,,,,,
,Option,Pain + viande,Oignons rouges,,,0.1,0.1,,,,,,,,,,,,,,,,,,,,,,,,,,,,
,Option,Pain + viande,Salade verte,,,0.1,0.1,,,,,,,,,,,,,,,,,,,,,,,,,,,,
,Option,Pain + viande,Tomates,,,0.1,0.1,,,,,,,,,,,,,,,,,,,,,,,,,,,,
,Option-Group,Pain + viande,Choix extra cheese (facultatif),,,,,,,,,,,,,,,,,,,,,,,,,,,,,,,,
,Option,Pain + viande,Feta,,,0.9,0.9,,,,,,,,,,,,,,,,,,,,,,,,,,,,
,Option,Pain + viande,Cheese,,,0.7,0.7,,,,,,,,,,,,,,,,,,,,,,,,,,,,
,Option-Group,Pain + viande,Choix extra sauces (facultatif),,,,,,,,,,,,,,,,,,,,,,,,,,,,,,,,
,Option,Pain + viande,Algérienne,,,0,0,,,,,,,,,,,,,,,,,,,,,,,,,,,,
,Option,Pain + viande,Américaine,,,1.2,1.2,,,,,,,,,,,,,,,,,,,,,,,,,,,,
,Option,Pain + viande,Américaine forte,,,1.2,1.2,,,,,,,,,,,,,,,,,,,,,,,,,,,,
,Option,Pain + viande,Américaine légère,,,1.2,1.2,,,,,,,,,,,,,,,,,,,,,,,,,,,,
,Option,Pain + viande,Andalouse,,,1.2,1.2,,,,,,,,,,,,,,,,,,,,,,,,,,,,
,Option,Pain + viande,Barbecue,,,1.2,1.2,,,,,,,,,,,,,,,,,,,,,,,,,,,,
,Option,Pain + viande,Béarnaise,,,1.2,1.2,,,,,,,,,,,,,,,,,,,,,,,,,,,,
,Option,Pain + viande,Bicky burger,,,1.2,1.2,,,,,,,,,,,,,,,,,,,,,,,,,,,,
,Option,Pain + viande,Brazil,,,1.2,1.2,,,,,,,,,,,,,,,,,,,,,,,,,,,,
,Option,Pain + viande,Cocktail,,,1.2,1.2,,,,,,,,,,,,,,,,,,,,,,,,,,,,
,Option,Pain + viande,Curry ketchup,,,1.2,1.2,,,,,,,,,,,,,,,,,,,,,,,,,,,,
,Option,Pain + viande,Géante,,,1.2,1.2,,,,,,,,,,,,,,,,,,,,,,,,,,,,
,Option,Pain + viande,Hawaï,,,1.2,1.2,,,,,,,,,,,,,,,,,,,,,,,,,,,,
,Option,Pain + viande,Ketchup,,,1.2,1.2,,,,,,,,,,,,,,,,,,,,,,,,,,,,
,Option,Pain + viande,Loempia,,,1.2,1.2,,,,,,,,,,,,,,,,,,,,,,,,,,,,
,Option,Pain + viande,Manalouse,,,1.2,1.2,,,,,,,,,,,,,,,,,,,,,,,,,,,,
,Option,Pain + viande,Mayonnaise,,,1.2,1.2,,,,,,,,,,,,,,,,,,,,,,,,,,,,
,Option,Pain + viande,Moutarde,,,1.2,1.2,,,,,,,,,,,,,,,,,,,,,,,,,,,,
,Option,Pain + viande,Pitta à l'ail,,,1.2,1.2,,,,,,,,,,,,,,,,,,,,,,,,,,,,
,Option,Pain + viande,Poivre,,,1.2,1.2,,,,,,,,,,,,,,,,,,,,,,,,,,,,
,Option,Pain + viande,Provençale,,,1.2,1.2,,,,,,,,,,,,,,,,,,,,,,,,,,,,
,Option,Pain + viande,Riche,,,1.2,1.2,,,,,,,,,,,,,,,,,,,,,,,,,,,,
,Option,Pain + viande,Samouraï,,,1.2,1.2,,,,,,,,,,,,,,,,,,,,,,,,,,,,
,Option,Pain + viande,Tartare,,,1.2,1.2,,,,,,,,,,,,,,,,,,,,,,,,,,,,
,Option,Pain + viande,Tomagrec,,,1.2,1.2,,,,,,,,,,,,,,,,,,,,,,,,,,,,
,Option,Pain + viande,Toscane,,,1.2,1.2,,,,,,,,,,,,,,,,,,,,,,,,,,,,
,Option,Pain + viande,Vinaigrette,,,1.2,1.2,,,,,,,,,,,,,,,,,,,,,,,,,,,,
,Option,Pain + viande,Mayonnaise truffe,,,1.2,1.2,,,,,,,,,,,,,,,,,,,,,,,,,,,,
,Option,Pain + viande,Jammie,,,1.2,1.2,,,,,,,,,,,,,,,,,,,,,,,,,,,,
,Option,Pain + viande,Cheas'y,,,1.2,1.2,,,,,,,,,,,,,,,,,,,,,,,,,,,,
,Option,Pain + viande,Dallas,,,1.2,1.2,,,,,,,,,,,,,,,,,,,,,,,,,,,,
,ITEM,Pain + viande,Pain belcanto,,Choix sauce = sauce dans le pain / Choix extra sauce = sauce en plus dans un pot. Si vous souhaitez 2 sauces mélangée : choisir une sauce et écrire la deuxième sauce en commentaire.,7.2,7.2,,,,,,,,,,,,,,,,,,,,,,,,,,,,
,Option-Group,Pain + viande,Choix sauce (obligatoire),,,,,,,,,,,,,,,,,,,,,,,,,,,,,,,,
,Option,Pain + viande,Sans sauce,,,0,0,,,,,,,,,,,,,,,,,,,,,,,,,,,,
,Option,Pain + viande,Algérienne,,,0,0,,,,,,,,,,,,,,,,,,,,,,,,,,,,
,Option,Pain + viande,Américaine,,,0,0,,,,,,,,,,,,,,,,,,,,,,,,,,,,
,Option,Pain + viande,Américaine forte,,,0,0,,,,,,,,,,,,,,,,,,,,,,,,,,,,
,Option,Pain + viande,Américaine légère,,,0,0,,,,,,,,,,,,,,,,,,,,,,,,,,,,
,Option,Pain + viande,Andalouse,,,0,0,,,,,,,,,,,,,,,,,,,,,,,,,,,,
,Option,Pain + viande,Barbecue,,,0,0,,,,,,,,,,,,,,,,,,,,,,,,,,,,
,Option,Pain + viande,Béarnaise,,,0,0,,,,,,,,,,,,,,,,,,,,,,,,,,,,
,Option,Pain + viande,Bicky burger,,,0,0,,,,,,,,,,,,,,,,,,,,,,,,,,,,
,Option,Pain + viande,Brazil,,,0,0,,,,,,,,,,,,,,,,,,,,,,,,,,,,
,Option,Pain + viande,Cocktail,,,0,0,,,,,,,,,,,,,,,,,,,,,,,,,,,,
,Option,Pain + viande,Curry ketchup,,,0,0,,,,,,,,,,,,,,,,,,,,,,,,,,,,
,Option,Pain + viande,Géante,,,0,0,,,,,,,,,,,,,,,,,,,,,,,,,,,,
,Option,Pain + viande,Hawaï,,,0,0,,,,,,,,,,,,,,,,,,,,,,,,,,,,
,Option,Pain + viande,Ketchup,,,0,0,,,,,,,,,,,,,,,,,,,,,,,,,,,,
,Option,Pain + viande,Loempia,,,0,0,,,,,,,,,,,,,,,,,,,,,,,,,,,,
,Option,Pain + viande,Manalouse,,,0,0,,,,,,,,,,,,,,,,,,,,,,,,,,,,
,Option,Pain + viande,Mayonnaise,,,0,0,,,,,,,,,,,,,,,,,,,,,,,,,,,,
,Option,Pain + viande,Moutarde,,,0,0,,,,,,,,,,,,,,,,,,,,,,,,,,,,
,Option,Pain + viande,Pitta à l'ail,,,0,0,,,,,,,,,,,,,,,,,,,,,,,,,,,,
,Option,Pain + viande,Poivre,,,0,0,,,,,,,,,,,,,,,,,,,,,,,,,,,,
,Option,Pain + viande,Provençale,,,0,0,,,,,,,,,,,,,,,,,,,,,,,,,,,,
,Option,Pain + viande,Riche,,,0,0,,,,,,,,,,,,,,,,,,,,,,,,,,,,
,Option,Pain + viande,Samouraï,,,0,0,,,,,,,,,,,,,,,,,,,,,,,,,,,,
,Option,Pain + viande,Tartare,,,0,0,,,,,,,,,,,,,,,,,,,,,,,,,,,,
,Option,Pain + viande,Tomagrec,,,0,0,,,,,,,,,,,,,,,,,,,,,,,,,,,,
,Option,Pain + viande,Toscane,,,0,0,,,,,,,,,,,,,,,,,,,,,,,,,,,,
,Option,Pain + viande,Vinaigrette,,,0,0,,,,,,,,,,,,,,,,,,,,,,,,,,,,
,Option,Pain + viande,Mayonnaise truffe,,,0,0,,,,,,,,,,,,,,,,,,,,,,,,,,,,
,Option,Pain + viande,Jammie,,,0,0,,,,,,,,,,,,,,,,,,,,,,,,,,,,
,Option,Pain + viande,Cheas'y,,,0,0,,,,,,,,,,,,,,,,,,,,,,,,,,,,
,Option,Pain + viande,Dallas,,,0,0,,,,,,,,,,,,,,,,,,,,,,,,,,,,
,Option-Group,Pain + viande,Choix crudités (facultatif),,,,,,,,,,,,,,,,,,,,,,,,,,,,,,,,
,Option,Pain + viande,Sans crudités,,,0,0,,,,,,,,,,,,,,,,,,,,,,,,,,,,
,Option,Pain + viande,Carotte,,,0.1,0.1,,,,,,,,,,,,,,,,,,,,,,,,,,,,
,Option,Pain + viande,Chou blanc,,,0.1,0.1,,,,,,,,,,,,,,,,,,,,,,,,,,,,
,Option,Pain + viande,Cornichon,,,0.1,0.1,,,,,,,,,,,,,,,,,,,,,,,,,,,,
,Option,Pain + viande,Maïs,,,0.1,0.1,,,,,,,,,,,,,,,,,,,,,,,,,,,,
,Option,Pain + viande,Oignons rouges,,,0.1,0.1,,,,,,,,,,,,,,,,,,,,,,,,,,,,
,Option,Pain + viande,Salade verte,,,0.1,0.1,,,,,,,,,,,,,,,,,,,,,,,,,,,,
,Option,Pain + viande,Tomates,,,0.1,0.1,,,,,,,,,,,,,,,,,,,,,,,,,,,,
,Option-Group,Pain + viande,Choix extra cheese (facultatif),,,,,,,,,,,,,,,,,,,,,,,,,,,,,,,,
,Option,Pain + viande,Feta,,,0.9,0.9,,,,,,,,,,,,,,,,,,,,,,,,,,,,
,Option,Pain + viande,Cheese,,,0.7,0.7,,,,,,,,,,,,,,,,,,,,,,,,,,,,
,Option-Group,Pain + viande,Choix extra sauces (facultatif),,,,,,,,,,,,,,,,,,,,,,,,,,,,,,,,
,Option,Pain + viande,Algérienne,,,0,0,,,,,,,,,,,,,,,,,,,,,,,,,,,,
,Option,Pain + viande,Américaine,,,1.2,1.2,,,,,,,,,,,,,,,,,,,,,,,,,,,,
,Option,Pain + viande,Américaine forte,,,1.2,1.2,,,,,,,,,,,,,,,,,,,,,,,,,,,,
,Option,Pain + viande,Américaine légère,,,1.2,1.2,,,,,,,,,,,,,,,,,,,,,,,,,,,,
,Option,Pain + viande,Andalouse,,,1.2,1.2,,,,,,,,,,,,,,,,,,,,,,,,,,,,
,Option,Pain + viande,Barbecue,,,1.2,1.2,,,,,,,,,,,,,,,,,,,,,,,,,,,,
,Option,Pain + viande,Béarnaise,,,1.2,1.2,,,,,,,,,,,,,,,,,,,,,,,,,,,,
,Option,Pain + viande,Bicky burger,,,1.2,1.2,,,,,,,,,,,,,,,,,,,,,,,,,,,,
,Option,Pain + viande,Brazil,,,1.2,1.2,,,,,,,,,,,,,,,,,,,,,,,,,,,,
,Option,Pain + viande,Cocktail,,,1.2,1.2,,,,,,,,,,,,,,,,,,,,,,,,,,,,
,Option,Pain + viande,Curry ketchup,,,1.2,1.2,,,,,,,,,,,,,,,,,,,,,,,,,,,,
,Option,Pain + viande,Géante,,,1.2,1.2,,,,,,,,,,,,,,,,,,,,,,,,,,,,
,Option,Pain + viande,Hawaï,,,1.2,1.2,,,,,,,,,,,,,,,,,,,,,,,,,,,,
,Option,Pain + viande,Ketchup,,,1.2,1.2,,,,,,,,,,,,,,,,,,,,,,,,,,,,
,Option,Pain + viande,Loempia,,,1.2,1.2,,,,,,,,,,,,,,,,,,,,,,,,,,,,
,Option,Pain + viande,Manalouse,,,1.2,1.2,,,,,,,,,,,,,,,,,,,,,,,,,,,,
,Option,Pain + viande,Mayonnaise,,,1.2,1.2,,,,,,,,,,,,,,,,,,,,,,,,,,,,
,Option,Pain + viande,Moutarde,,,1.2,1.2,,,,,,,,,,,,,,,,,,,,,,,,,,,,
,Option,Pain + viande,Pitta à l'ail,,,1.2,1.2,,,,,,,,,,,,,,,,,,,,,,,,,,,,
,Option,Pain + viande,Poivre,,,1.2,1.2,,,,,,,,,,,,,,,,,,,,,,,,,,,,
,Option,Pain + viande,Provençale,,,1.2,1.2,,,,,,,,,,,,,,,,,,,,,,,,,,,,
,Option,Pain + viande,Riche,,,1.2,1.2,,,,,,,,,,,,,,,,,,,,,,,,,,,,
,Option,Pain + viande,Samouraï,,,1.2,1.2,,,,,,,,,,,,,,,,,,,,,,,,,,,,
,Option,Pain + viande,Tartare,,,1.2,1.2,,,,,,,,,,,,,,,,,,,,,,,,,,,,
,Option,Pain + viande,Tomagrec,,,1.2,1.2,,,,,,,,,,,,,,,,,,,,,,,,,,,,
,Option,Pain + viande,Toscane,,,1.2,1.2,,,,,,,,,,,,,,,,,,,,,,,,,,,,
,Option,Pain + viande,Vinaigrette,,,1.2,1.2,,,,,,,,,,,,,,,,,,,,,,,,,,,,
,Option,Pain + viande,Mayonnaise truffe,,,1.2,1.2,,,,,,,,,,,,,,,,,,,,,,,,,,,,
,Option,Pain + viande,Jammie,,,1.2,1.2,,,,,,,,,,,,,,,,,,,,,,,,,,,,
,Option,Pain + viande,Cheas'y,,,1.2,1.2,,,,,,,,,,,,,,,,,,,,,,,,,,,,
,Option,Pain + viande,Dallas,,,1.2,1.2,,,,,,,,,,,,,,,,,,,,,,,,,,,,
,ITEM,Pain + viande,Pain lucifer,,Choix sauce = sauce dans le pain / Choix extra sauce = sauce en plus dans un pot. Si vous souhaitez 2 sauces mélangée : choisir une sauce et écrire la deuxième sauce en commentaire.,7.9,7.9,,,,,,,,,,,,,,,,,,,,,,,,,,,,
,Option-Group,Pain + viande,Choix sauce (obligatoire),,,,,,,,,,,,,,,,,,,,,,,,,,,,,,,,
,Option,Pain + viande,Sans sauce,,,0,0,,,,,,,,,,,,,,,,,,,,,,,,,,,,
,Option,Pain + viande,Algérienne,,,0,0,,,,,,,,,,,,,,,,,,,,,,,,,,,,
,Option,Pain + viande,Américaine,,,0,0,,,,,,,,,,,,,,,,,,,,,,,,,,,,
,Option,Pain + viande,Américaine forte,,,0,0,,,,,,,,,,,,,,,,,,,,,,,,,,,,
,Option,Pain + viande,Américaine légère,,,0,0,,,,,,,,,,,,,,,,,,,,,,,,,,,,
,Option,Pain + viande,Andalouse,,,0,0,,,,,,,,,,,,,,,,,,,,,,,,,,,,
,Option,Pain + viande,Barbecue,,,0,0,,,,,,,,,,,,,,,,,,,,,,,,,,,,
,Option,Pain + viande,Béarnaise,,,0,0,,,,,,,,,,,,,,,,,,,,,,,,,,,,
,Option,Pain + viande,Bicky burger,,,0,0,,,,,,,,,,,,,,,,,,,,,,,,,,,,
,Option,Pain + viande,Brazil,,,0,0,,,,,,,,,,,,,,,,,,,,,,,,,,,,
,Option,Pain + viande,Cocktail,,,0,0,,,,,,,,,,,,,,,,,,,,,,,,,,,,
,Option,Pain + viande,Curry ketchup,,,0,0,,,,,,,,,,,,,,,,,,,,,,,,,,,,
,Option,Pain + viande,Géante,,,0,0,,,,,,,,,,,,,,,,,,,,,,,,,,,,
,Option,Pain + viande,Hawaï,,,0,0,,,,,,,,,,,,,,,,,,,,,,,,,,,,
,Option,Pain + viande,Ketchup,,,0,0,,,,,,,,,,,,,,,,,,,,,,,,,,,,
,Option,Pain + viande,Loempia,,,0,0,,,,,,,,,,,,,,,,,,,,,,,,,,,,
,Option,Pain + viande,Manalouse,,,0,0,,,,,,,,,,,,,,,,,,,,,,,,,,,,
,Option,Pain + viande,Mayonnaise,,,0,0,,,,,,,,,,,,,,,,,,,,,,,,,,,,
,Option,Pain + viande,Moutarde,,,0,0,,,,,,,,,,,,,,,,,,,,,,,,,,,,
,Option,Pain + viande,Pitta à l'ail,,,0,0,,,,,,,,,,,,,,,,,,,,,,,,,,,,
,Option,Pain + viande,Poivre,,,0,0,,,,,,,,,,,,,,,,,,,,,,,,,,,,
,Option,Pain + viande,Provençale,,,0,0,,,,,,,,,,,,,,,,,,,,,,,,,,,,
,Option,Pain + viande,Riche,,,0,0,,,,,,,,,,,,,,,,,,,,,,,,,,,,
,Option,Pain + viande,Samouraï,,,0,0,,,,,,,,,,,,,,,,,,,,,,,,,,,,
,Option,Pain + viande,Tartare,,,0,0,,,,,,,,,,,,,,,,,,,,,,,,,,,,
,Option,Pain + viande,Tomagrec,,,0,0,,,,,,,,,,,,,,,,,,,,,,,,,,,,
,Option,Pain + viande,Toscane,,,0,0,,,,,,,,,,,,,,,,,,,,,,,,,,,,
,Option,Pain + viande,Vinaigrette,,,0,0,,,,,,,,,,,,,,,,,,,,,,,,,,,,
,Option,Pain + viande,Mayonnaise truffe,,,0,0,,,,,,,,,,,,,,,,,,,,,,,,,,,,
,Option,Pain + viande,Jammie,,,0,0,,,,,,,,,,,,,,,,,,,,,,,,,,,,
,Option,Pain + viande,Cheas'y,,,0,0,,,,,,,,,,,,,,,,,,,,,,,,,,,,
,Option,Pain + viande,Dallas,,,0,0,,,,,,,,,,,,,,,,,,,,,,,,,,,,
,Option-Group,Pain + viande,Choix crudités (facultatif),,,,,,,,,,,,,,,,,,,,,,,,,,,,,,,,
,Option,Pain + viande,Sans crudités,,,0,0,,,,,,,,,,,,,,,,,,,,,,,,,,,,
,Option,Pain + viande,Carotte,,,0.1,0.1,,,,,,,,,,,,,,,,,,,,,,,,,,,,
,Option,Pain + viande,Chou blanc,,,0.1,0.1,,,,,,,,,,,,,,,,,,,,,,,,,,,,
,Option,Pain + viande,Cornichon,,,0.1,0.1,,,,,,,,,,,,,,,,,,,,,,,,,,,,
,Option,Pain + viande,Maïs,,,0.1,0.1,,,,,,,,,,,,,,,,,,,,,,,,,,,,
,Option,Pain + viande,Oignons rouges,,,0.1,0.1,,,,,,,,,,,,,,,,,,,,,,,,,,,,
,Option,Pain + viande,Salade verte,,,0.1,0.1,,,,,,,,,,,,,,,,,,,,,,,,,,,,
,Option,Pain + viande,Tomates,,,0.1,0.1,,,,,,,,,,,,,,,,,,,,,,,,,,,,
,Option-Group,Pain + viande,Choix extra cheese (facultatif),,,,,,,,,,,,,,,,,,,,,,,,,,,,,,,,
,Option,Pain + viande,Feta,,,0.9,0.9,,,,,,,,,,,,,,,,,,,,,,,,,,,,
,Option,Pain + viande,Cheese,,,0.7,0.7,,,,,,,,,,,,,,,,,,,,,,,,,,,,
,Option-Group,Pain + viande,Choix extra sauces (facultatif),,,,,,,,,,,,,,,,,,,,,,,,,,,,,,,,
,Option,Pain + viande,Algérienne,,,0,0,,,,,,,,,,,,,,,,,,,,,,,,,,,,
,Option,Pain + viande,Américaine,,,1.2,1.2,,,,,,,,,,,,,,,,,,,,,,,,,,,,
,Option,Pain + viande,Américaine forte,,,1.2,1.2,,,,,,,,,,,,,,,,,,,,,,,,,,,,
,Option,Pain + viande,Américaine légère,,,1.2,1.2,,,,,,,,,,,,,,,,,,,,,,,,,,,,
,Option,Pain + viande,Andalouse,,,1.2,1.2,,,,,,,,,,,,,,,,,,,,,,,,,,,,
,Option,Pain + viande,Barbecue,,,1.2,1.2,,,,,,,,,,,,,,,,,,,,,,,,,,,,
,Option,Pain + viande,Béarnaise,,,1.2,1.2,,,,,,,,,,,,,,,,,,,,,,,,,,,,
,Option,Pain + viande,Bicky burger,,,1.2,1.2,,,,,,,,,,,,,,,,,,,,,,,,,,,,
,Option,Pain + viande,Brazil,,,1.2,1.2,,,,,,,,,,,,,,,,,,,,,,,,,,,,
,Option,Pain + viande,Cocktail,,,1.2,1.2,,,,,,,,,,,,,,,,,,,,,,,,,,,,
,Option,Pain + viande,Curry ketchup,,,1.2,1.2,,,,,,,,,,,,,,,,,,,,,,,,,,,,
,Option,Pain + viande,Géante,,,1.2,1.2,,,,,,,,,,,,,,,,,,,,,,,,,,,,
,Option,Pain + viande,Hawaï,,,1.2,1.2,,,,,,,,,,,,,,,,,,,,,,,,,,,,
,Option,Pain + viande,Ketchup,,,1.2,1.2,,,,,,,,,,,,,,,,,,,,,,,,,,,,
,Option,Pain + viande,Loempia,,,1.2,1.2,,,,,,,,,,,,,,,,,,,,,,,,,,,,
,Option,Pain + viande,Manalouse,,,1.2,1.2,,,,,,,,,,,,,,,,,,,,,,,,,,,,
,Option,Pain + viande,Mayonnaise,,,1.2,1.2,,,,,,,,,,,,,,,,,,,,,,,,,,,,
,Option,Pain + viande,Moutarde,,,1.2,1.2,,,,,,,,,,,,,,,,,,,,,,,,,,,,
,Option,Pain + viande,Pitta à l'ail,,,1.2,1.2,,,,,,,,,,,,,,,,,,,,,,,,,,,,
,Option,Pain + viande,Poivre,,,1.2,1.2,,,,,,,,,,,,,,,,,,,,,,,,,,,,
,Option,Pain + viande,Provençale,,,1.2,1.2,,,,,,,,,,,,,,,,,,,,,,,,,,,,
,Option,Pain + viande,Riche,,,1.2,1.2,,,,,,,,,,,,,,,,,,,,,,,,,,,,
,Option,Pain + viande,Samouraï,,,1.2,1.2,,,,,,,,,,,,,,,,,,,,,,,,,,,,
,Option,Pain + viande,Tartare,,,1.2,1.2,,,,,,,,,,,,,,,,,,,,,,,,,,,,
,Option,Pain + viande,Tomagrec,,,1.2,1.2,,,,,,,,,,,,,,,,,,,,,,,,,,,,
,Option,Pain + viande,Toscane,,,1.2,1.2,,,,,,,,,,,,,,,,,,,,,,,,,,,,
,Option,Pain + viande,Vinaigrette,,,1.2,1.2,,,,,,,,,,,,,,,,,,,,,,,,,,,,
,Option,Pain + viande,Mayonnaise truffe,,,1.2,1.2,,,,,,,,,,,,,,,,,,,,,,,,,,,,
,Option,Pain + viande,Jammie,,,1.2,1.2,,,,,,,,,,,,,,,,,,,,,,,,,,,,
,Option,Pain + viande,Cheas'y,,,1.2,1.2,,,,,,,,,,,,,,,,,,,,,,,,,,,,
,Option,Pain + viande,Dallas,,,1.2,1.2,,,,,,,,,,,,,,,,,,,,,,,,,,,,
,ITEM,Pain + viande,Pain nuggets,,Choix sauce = sauce dans le pain / Choix extra sauce = sauce en plus dans un pot. Si vous souhaitez 2 sauces mélangée : choisir une sauce et écrire la deuxième sauce en commentaire.,8.1,8.1,,,,,,,,,,,,,,,,,,,,,,,,,,,,
,Option-Group,Pain + viande,Choix sauce (obligatoire),,,,,,,,,,,,,,,,,,,,,,,,,,,,,,,,
,Option,Pain + viande,Sans sauce,,,0,0,,,,,,,,,,,,,,,,,,,,,,,,,,,,
,Option,Pain + viande,Algérienne,,,0,0,,,,,,,,,,,,,,,,,,,,,,,,,,,,
,Option,Pain + viande,Américaine,,,0,0,,,,,,,,,,,,,,,,,,,,,,,,,,,,
,Option,Pain + viande,Américaine forte,,,0,0,,,,,,,,,,,,,,,,,,,,,,,,,,,,
,Option,Pain + viande,Américaine légère,,,0,0,,,,,,,,,,,,,,,,,,,,,,,,,,,,
,Option,Pain + viande,Andalouse,,,0,0,,,,,,,,,,,,,,,,,,,,,,,,,,,,
,Option,Pain + viande,Barbecue,,,0,0,,,,,,,,,,,,,,,,,,,,,,,,,,,,
,Option,Pain + viande,Béarnaise,,,0,0,,,,,,,,,,,,,,,,,,,,,,,,,,,,
,Option,Pain + viande,Bicky burger,,,0,0,,,,,,,,,,,,,,,,,,,,,,,,,,,,
,Option,Pain + viande,Brazil,,,0,0,,,,,,,,,,,,,,,,,,,,,,,,,,,,
,Option,Pain + viande,Cocktail,,,0,0,,,,,,,,,,,,,,,,,,,,,,,,,,,,
,Option,Pain + viande,Curry ketchup,,,0,0,,,,,,,,,,,,,,,,,,,,,,,,,,,,
,Option,Pain + viande,Géante,,,0,0,,,,,,,,,,,,,,,,,,,,,,,,,,,,
,Option,Pain + viande,Hawaï,,,0,0,,,,,,,,,,,,,,,,,,,,,,,,,,,,
,Option,Pain + viande,Ketchup,,,0,0,,,,,,,,,,,,,,,,,,,,,,,,,,,,
,Option,Pain + viande,Loempia,,,0,0,,,,,,,,,,,,,,,,,,,,,,,,,,,,
,Option,Pain + viande,Manalouse,,,0,0,,,,,,,,,,,,,,,,,,,,,,,,,,,,
,Option,Pain + viande,Mayonnaise,,,0,0,,,,,,,,,,,,,,,,,,,,,,,,,,,,
,Option,Pain + viande,Moutarde,,,0,0,,,,,,,,,,,,,,,,,,,,,,,,,,,,
,Option,Pain + viande,Pitta à l'ail,,,0,0,,,,,,,,,,,,,,,,,,,,,,,,,,,,
,Option,Pain + viande,Poivre,,,0,0,,,,,,,,,,,,,,,,,,,,,,,,,,,,
,Option,Pain + viande,Provençale,,,0,0,,,,,,,,,,,,,,,,,,,,,,,,,,,,
,Option,Pain + viande,Riche,,,0,0,,,,,,,,,,,,,,,,,,,,,,,,,,,,
,Option,Pain + viande,Samouraï,,,0,0,,,,,,,,,,,,,,,,,,,,,,,,,,,,
,Option,Pain + viande,Tartare,,,0,0,,,,,,,,,,,,,,,,,,,,,,,,,,,,
,Option,Pain + viande,Tomagrec,,,0,0,,,,,,,,,,,,,,,,,,,,,,,,,,,,
,Option,Pain + viande,Toscane,,,0,0,,,,,,,,,,,,,,,,,,,,,,,,,,,,
,Option,Pain + viande,Vinaigrette,,,0,0,,,,,,,,,,,,,,,,,,,,,,,,,,,,
,Option,Pain + viande,Mayonnaise truffe,,,0,0,,,,,,,,,,,,,,,,,,,,,,,,,,,,
,Option,Pain + viande,Jammie,,,0,0,,,,,,,,,,,,,,,,,,,,,,,,,,,,
,Option,Pain + viande,Cheas'y,,,0,0,,,,,,,,,,,,,,,,,,,,,,,,,,,,
,Option,Pain + viande,Dallas,,,0,0,,,,,,,,,,,,,,,,,,,,,,,,,,,,
,Option-Group,Pain + viande,Choix crudités (facultatif),,,,,,,,,,,,,,,,,,,,,,,,,,,,,,,,
,Option,Pain + viande,Sans crudités,,,0,0,,,,,,,,,,,,,,,,,,,,,,,,,,,,
,Option,Pain + viande,Carotte,,,0.1,0.1,,,,,,,,,,,,,,,,,,,,,,,,,,,,
,Option,Pain + viande,Chou blanc,,,0.1,0.1,,,,,,,,,,,,,,,,,,,,,,,,,,,,
,Option,Pain + viande,Cornichon,,,0.1,0.1,,,,,,,,,,,,,,,,,,,,,,,,,,,,
,Option,Pain + viande,Maïs,,,0.1,0.1,,,,,,,,,,,,,,,,,,,,,,,,,,,,
,Option,Pain + viande,Oignons rouges,,,0.1,0.1,,,,,,,,,,,,,,,,,,,,,,,,,,,,
,Option,Pain + viande,Salade verte,,,0.1,0.1,,,,,,,,,,,,,,,,,,,,,,,,,,,,
,Option,Pain + viande,Tomates,,,0.1,0.1,,,,,,,,,,,,,,,,,,,,,,,,,,,,
,Option-Group,Pain + viande,Choix extra cheese (facultatif),,,,,,,,,,,,,,,,,,,,,,,,,,,,,,,,
,Option,Pain + viande,Feta,,,0.9,0.9,,,,,,,,,,,,,,,,,,,,,,,,,,,,
,Option,Pain + viande,Cheese,,,0.7,0.7,,,,,,,,,,,,,,,,,,,,,,,,,,,,
,Option-Group,Pain + viande,Choix extra sauces (facultatif),,,,,,,,,,,,,,,,,,,,,,,,,,,,,,,,
,Option,Pain + viande,Algérienne,,,0,0,,,,,,,,,,,,,,,,,,,,,,,,,,,,
,Option,Pain + viande,Américaine,,,1.2,1.2,,,,,,,,,,,,,,,,,,,,,,,,,,,,
,Option,Pain + viande,Américaine forte,,,1.2,1.2,,,,,,,,,,,,,,,,,,,,,,,,,,,,
,Option,Pain + viande,Américaine légère,,,1.2,1.2,,,,,,,,,,,,,,,,,,,,,,,,,,,,
,Option,Pain + viande,Andalouse,,,1.2,1.2,,,,,,,,,,,,,,,,,,,,,,,,,,,,
,Option,Pain + viande,Barbecue,,,1.2,1.2,,,,,,,,,,,,,,,,,,,,,,,,,,,,
,Option,Pain + viande,Béarnaise,,,1.2,1.2,,,,,,,,,,,,,,,,,,,,,,,,,,,,
,Option,Pain + viande,Bicky burger,,,1.2,1.2,,,,,,,,,,,,,,,,,,,,,,,,,,,,
,Option,Pain + viande,Brazil,,,1.2,1.2,,,,,,,,,,,,,,,,,,,,,,,,,,,,
,Option,Pain + viande,Cocktail,,,1.2,1.2,,,,,,,,,,,,,,,,,,,,,,,,,,,,
,Option,Pain + viande,Curry ketchup,,,1.2,1.2,,,,,,,,,,,,,,,,,,,,,,,,,,,,
,Option,Pain + viande,Géante,,,1.2,1.2,,,,,,,,,,,,,,,,,,,,,,,,,,,,
,Option,Pain + viande,Hawaï,,,1.2,1.2,,,,,,,,,,,,,,,,,,,,,,,,,,,,
,Option,Pain + viande,Ketchup,,,1.2,1.2,,,,,,,,,,,,,,,,,,,,,,,,,,,,
,Option,Pain + viande,Loempia,,,1.2,1.2,,,,,,,,,,,,,,,,,,,,,,,,,,,,
,Option,Pain + viande,Manalouse,,,1.2,1.2,,,,,,,,,,,,,,,,,,,,,,,,,,,,
,Option,Pain + viande,Mayonnaise,,,1.2,1.2,,,,,,,,,,,,,,,,,,,,,,,,,,,,
,Option,Pain + viande,Moutarde,,,1.2,1.2,,,,,,,,,,,,,,,,,,,,,,,,,,,,
,Option,Pain + viande,Pitta à l'ail,,,1.2,1.2,,,,,,,,,,,,,,,,,,,,,,,,,,,,
,Option,Pain + viande,Poivre,,,1.2,1.2,,,,,,,,,,,,,,,,,,,,,,,,,,,,
,Option,Pain + viande,Provençale,,,1.2,1.2,,,,,,,,,,,,,,,,,,,,,,,,,,,,
,Option,Pain + viande,Riche,,,1.2,1.2,,,,,,,,,,,,,,,,,,,,,,,,,,,,
,Option,Pain + viande,Samouraï,,,1.2,1.2,,,,,,,,,,,,,,,,,,,,,,,,,,,,
,Option,Pain + viande,Tartare,,,1.2,1.2,,,,,,,,,,,,,,,,,,,,,,,,,,,,
,Option,Pain + viande,Tomagrec,,,1.2,1.2,,,,,,,,,,,,,,,,,,,,,,,,,,,,
,Option,Pain + viande,Toscane,,,1.2,1.2,,,,,,,,,,,,,,,,,,,,,,,,,,,,
,Option,Pain + viande,Vinaigrette,,,1.2,1.2,,,,,,,,,,,,,,,,,,,,,,,,,,,,
,Option,Pain + viande,Mayonnaise truffe,,,1.2,1.2,,,,,,,,,,,,,,,,,,,,,,,,,,,,
,Option,Pain + viande,Jammie,,,1.2,1.2,,,,,,,,,,,,,,,,,,,,,,,,,,,,
,Option,Pain + viande,Cheas'y,,,1.2,1.2,,,,,,,,,,,,,,,,,,,,,,,,,,,,
,Option,Pain + viande,Dallas,,,1.2,1.2,,,,,,,,,,,,,,,,,,,,,,,,,,,,
,ITEM,Pain + viande,Pain chix fingers,,Choix sauce = sauce dans le pain / Choix extra sauce = sauce en plus dans un pot. Si vous souhaitez 2 sauces mélangée : choisir une sauce et écrire la deuxième sauce en commentaire.,8.1,8.1,,,,,,,,,,,,,,,,,,,,,,,,,,,,
,Option-Group,Pain + viande,Choix sauce (obligatoire),,,,,,,,,,,,,,,,,,,,,,,,,,,,,,,,
,Option,Pain + viande,Sans sauce,,,0,0,,,,,,,,,,,,,,,,,,,,,,,,,,,,
,Option,Pain + viande,Algérienne,,,0,0,,,,,,,,,,,,,,,,,,,,,,,,,,,,
,Option,Pain + viande,Américaine,,,0,0,,,,,,,,,,,,,,,,,,,,,,,,,,,,
,Option,Pain + viande,Américaine forte,,,0,0,,,,,,,,,,,,,,,,,,,,,,,,,,,,
,Option,Pain + viande,Américaine légère,,,0,0,,,,,,,,,,,,,,,,,,,,,,,,,,,,
,Option,Pain + viande,Andalouse,,,0,0,,,,,,,,,,,,,,,,,,,,,,,,,,,,
,Option,Pain + viande,Barbecue,,,0,0,,,,,,,,,,,,,,,,,,,,,,,,,,,,
,Option,Pain + viande,Béarnaise,,,0,0,,,,,,,,,,,,,,,,,,,,,,,,,,,,
,Option,Pain + viande,Bicky burger,,,0,0,,,,,,,,,,,,,,,,,,,,,,,,,,,,
,Option,Pain + viande,Brazil,,,0,0,,,,,,,,,,,,,,,,,,,,,,,,,,,,
,Option,Pain + viande,Cocktail,,,0,0,,,,,,,,,,,,,,,,,,,,,,,,,,,,
,Option,Pain + viande,Curry ketchup,,,0,0,,,,,,,,,,,,,,,,,,,,,,,,,,,,
,Option,Pain + viande,Géante,,,0,0,,,,,,,,,,,,,,,,,,,,,,,,,,,,
,Option,Pain + viande,Hawaï,,,0,0,,,,,,,,,,,,,,,,,,,,,,,,,,,,
,Option,Pain + viande,Ketchup,,,0,0,,,,,,,,,,,,,,,,,,,,,,,,,,,,
,Option,Pain + viande,Loempia,,,0,0,,,,,,,,,,,,,,,,,,,,,,,,,,,,
,Option,Pain + viande,Manalouse,,,0,0,,,,,,,,,,,,,,,,,,,,,,,,,,,,
,Option,Pain + viande,Mayonnaise,,,0,0,,,,,,,,,,,,,,,,,,,,,,,,,,,,
,Option,Pain + viande,Moutarde,,,0,0,,,,,,,,,,,,,,,,,,,,,,,,,,,,
,Option,Pain + viande,Pitta à l'ail,,,0,0,,,,,,,,,,,,,,,,,,,,,,,,,,,,
,Option,Pain + viande,Poivre,,,0,0,,,,,,,,,,,,,,,,,,,,,,,,,,,,
,Option,Pain + viande,Provençale,,,0,0,,,,,,,,,,,,,,,,,,,,,,,,,,,,
,Option,Pain + viande,Riche,,,0,0,,,,,,,,,,,,,,,,,,,,,,,,,,,,
,Option,Pain + viande,Samouraï,,,0,0,,,,,,,,,,,,,,,,,,,,,,,,,,,,
,Option,Pain + viande,Tartare,,,0,0,,,,,,,,,,,,,,,,,,,,,,,,,,,,
,Option,Pain + viande,Tomagrec,,,0,0,,,,,,,,,,,,,,,,,,,,,,,,,,,,
,Option,Pain + viande,Toscane,,,0,0,,,,,,,,,,,,,,,,,,,,,,,,,,,,
,Option,Pain + viande,Vinaigrette,,,0,0,,,,,,,,,,,,,,,,,,,,,,,,,,,,
,Option,Pain + viande,Mayonnaise truffe,,,0,0,,,,,,,,,,,,,,,,,,,,,,,,,,,,
,Option,Pain + viande,Jammie,,,0,0,,,,,,,,,,,,,,,,,,,,,,,,,,,,
,Option,Pain + viande,Cheas'y,,,0,0,,,,,,,,,,,,,,,,,,,,,,,,,,,,
,Option,Pain + viande,Dallas,,,0,0,,,,,,,,,,,,,,,,,,,,,,,,,,,,
,Option-Group,Pain + viande,Choix crudités (facultatif),,,,,,,,,,,,,,,,,,,,,,,,,,,,,,,,
,Option,Pain + viande,Sans crudités,,,0,0,,,,,,,,,,,,,,,,,,,,,,,,,,,,
,Option,Pain + viande,Carotte,,,0.1,0.1,,,,,,,,,,,,,,,,,,,,,,,,,,,,
,Option,Pain + viande,Chou blanc,,,0.1,0.1,,,,,,,,,,,,,,,,,,,,,,,,,,,,
,Option,Pain + viande,Cornichon,,,0.1,0.1,,,,,,,,,,,,,,,,,,,,,,,,,,,,
,Option,Pain + viande,Maïs,,,0.1,0.1,,,,,,,,,,,,,,,,,,,,,,,,,,,,
,Option,Pain + viande,Oignons rouges,,,0.1,0.1,,,,,,,,,,,,,,,,,,,,,,,,,,,,
,Option,Pain + viande,Salade verte,,,0.1,0.1,,,,,,,,,,,,,,,,,,,,,,,,,,,,
,Option,Pain + viande,Tomates,,,0.1,0.1,,,,,,,,,,,,,,,,,,,,,,,,,,,,
,Option-Group,Pain + viande,Choix extra cheese (facultatif),,,,,,,,,,,,,,,,,,,,,,,,,,,,,,,,
,Option,Pain + viande,Feta,,,0.9,0.9,,,,,,,,,,,,,,,,,,,,,,,,,,,,
,Option,Pain + viande,Cheese,,,0.7,0.7,,,,,,,,,,,,,,,,,,,,,,,,,,,,
,Option-Group,Pain + viande,Choix extra sauces (facultatif),,,,,,,,,,,,,,,,,,,,,,,,,,,,,,,,
,Option,Pain + viande,Algérienne,,,0,0,,,,,,,,,,,,,,,,,,,,,,,,,,,,
,Option,Pain + viande,Américaine,,,1.2,1.2,,,,,,,,,,,,,,,,,,,,,,,,,,,,
,Option,Pain + viande,Américaine forte,,,1.2,1.2,,,,,,,,,,,,,,,,,,,,,,,,,,,,
,Option,Pain + viande,Américaine légère,,,1.2,1.2,,,,,,,,,,,,,,,,,,,,,,,,,,,,
,Option,Pain + viande,Andalouse,,,1.2,1.2,,,,,,,,,,,,,,,,,,,,,,,,,,,,
,Option,Pain + viande,Barbecue,,,1.2,1.2,,,,,,,,,,,,,,,,,,,,,,,,,,,,
,Option,Pain + viande,Béarnaise,,,1.2,1.2,,,,,,,,,,,,,,,,,,,,,,,,,,,,
,Option,Pain + viande,Bicky burger,,,1.2,1.2,,,,,,,,,,,,,,,,,,,,,,,,,,,,
,Option,Pain + viande,Brazil,,,1.2,1.2,,,,,,,,,,,,,,,,,,,,,,,,,,,,
,Option,Pain + viande,Cocktail,,,1.2,1.2,,,,,,,,,,,,,,,,,,,,,,,,,,,,
,Option,Pain + viande,Curry ketchup,,,1.2,1.2,,,,,,,,,,,,,,,,,,,,,,,,,,,,
,Option,Pain + viande,Géante,,,1.2,1.2,,,,,,,,,,,,,,,,,,,,,,,,,,,,
,Option,Pain + viande,Hawaï,,,1.2,1.2,,,,,,,,,,,,,,,,,,,,,,,,,,,,
,Option,Pain + viande,Ketchup,,,1.2,1.2,,,,,,,,,,,,,,,,,,,,,,,,,,,,
,Option,Pain + viande,Loempia,,,1.2,1.2,,,,,,,,,,,,,,,,,,,,,,,,,,,,
,Option,Pain + viande,Manalouse,,,1.2,1.2,,,,,,,,,,,,,,,,,,,,,,,,,,,,
,Option,Pain + viande,Mayonnaise,,,1.2,1.2,,,,,,,,,,,,,,,,,,,,,,,,,,,,
,Option,Pain + viande,Moutarde,,,1.2,1.2,,,,,,,,,,,,,,,,,,,,,,,,,,,,
,Option,Pain + viande,Pitta à l'ail,,,1.2,1.2,,,,,,,,,,,,,,,,,,,,,,,,,,,,
,Option,Pain + viande,Poivre,,,1.2,1.2,,,,,,,,,,,,,,,,,,,,,,,,,,,,
,Option,Pain + viande,Provençale,,,1.2,1.2,,,,,,,,,,,,,,,,,,,,,,,,,,,,
,Option,Pain + viande,Riche,,,1.2,1.2,,,,,,,,,,,,,,,,,,,,,,,,,,,,
,Option,Pain + viande,Samouraï,,,1.2,1.2,,,,,,,,,,,,,,,,,,,,,,,,,,,,
,Option,Pain + viande,Tartare,,,1.2,1.2,,,,,,,,,,,,,,,,,,,,,,,,,,,,
,Option,Pain + viande,Tomagrec,,,1.2,1.2,,,,,,,,,,,,,,,,,,,,,,,,,,,,
,Option,Pain + viande,Toscane,,,1.2,1.2,,,,,,,,,,,,,,,,,,,,,,,,,,,,
,Option,Pain + viande,Vinaigrette,,,1.2,1.2,,,,,,,,,,,,,,,,,,,,,,,,,,,,
,Option,Pain + viande,Mayonnaise truffe,,,1.2,1.2,,,,,,,,,,,,,,,,,,,,,,,,,,,,
,Option,Pain + viande,Jammie,,,1.2,1.2,,,,,,,,,,,,,,,,,,,,,,,,,,,,
,Option,Pain + viande,Cheas'y,,,1.2,1.2,,,,,,,,,,,,,,,,,,,,,,,,,,,,
,Option,Pain + viande,Dallas,,,1.2,1.2,,,,,,,,,,,,,,,,,,,,,,,,,,,,
,ITEM,Pain + viande,Pain chili cheese,,Choix sauce = sauce dans le pain / Choix extra sauce = sauce en plus dans un pot. Si vous souhaitez 2 sauces mélangée : choisir une sauce et écrire la deuxième sauce en commentaire.,8.6,8.6,,,,,,,,,,,,,,,,,,,,,,,,,,,,
,Option-Group,Pain + viande,Choix sauce (obligatoire),,,,,,,,,,,,,,,,,,,,,,,,,,,,,,,,
,Option,Pain + viande,Sans sauce,,,0,0,,,,,,,,,,,,,,,,,,,,,,,,,,,,
,Option,Pain + viande,Algérienne,,,0,0,,,,,,,,,,,,,,,,,,,,,,,,,,,,
,Option,Pain + viande,Américaine,,,0,0,,,,,,,,,,,,,,,,,,,,,,,,,,,,
,Option,Pain + viande,Américaine forte,,,0,0,,,,,,,,,,,,,,,,,,,,,,,,,,,,
,Option,Pain + viande,Américaine légère,,,0,0,,,,,,,,,,,,,,,,,,,,,,,,,,,,
,Option,Pain + viande,Andalouse,,,0,0,,,,,,,,,,,,,,,,,,,,,,,,,,,,
,Option,Pain + viande,Barbecue,,,0,0,,,,,,,,,,,,,,,,,,,,,,,,,,,,
,Option,Pain + viande,Béarnaise,,,0,0,,,,,,,,,,,,,,,,,,,,,,,,,,,,
,Option,Pain + viande,Bicky burger,,,0,0,,,,,,,,,,,,,,,,,,,,,,,,,,,,
,Option,Pain + viande,Brazil,,,0,0,,,,,,,,,,,,,,,,,,,,,,,,,,,,
,Option,Pain + viande,Cocktail,,,0,0,,,,,,,,,,,,,,,,,,,,,,,,,,,,
,Option,Pain + viande,Curry ketchup,,,0,0,,,,,,,,,,,,,,,,,,,,,,,,,,,,
,Option,Pain + viande,Géante,,,0,0,,,,,,,,,,,,,,,,,,,,,,,,,,,,
,Option,Pain + viande,Hawaï,,,0,0,,,,,,,,,,,,,,,,,,,,,,,,,,,,
,Option,Pain + viande,Ketchup,,,0,0,,,,,,,,,,,,,,,,,,,,,,,,,,,,
,Option,Pain + viande,Loempia,,,0,0,,,,,,,,,,,,,,,,,,,,,,,,,,,,
,Option,Pain + viande,Manalouse,,,0,0,,,,,,,,,,,,,,,,,,,,,,,,,,,,
,Option,Pain + viande,Mayonnaise,,,0,0,,,,,,,,,,,,,,,,,,,,,,,,,,,,
,Option,Pain + viande,Moutarde,,,0,0,,,,,,,,,,,,,,,,,,,,,,,,,,,,
,Option,Pain + viande,Pitta à l'ail,,,0,0,,,,,,,,,,,,,,,,,,,,,,,,,,,,
,Option,Pain + viande,Poivre,,,0,0,,,,,,,,,,,,,,,,,,,,,,,,,,,,
,Option,Pain + viande,Provençale,,,0,0,,,,,,,,,,,,,,,,,,,,,,,,,,,,
,Option,Pain + viande,Riche,,,0,0,,,,,,,,,,,,,,,,,,,,,,,,,,,,
,Option,Pain + viande,Samouraï,,,0,0,,,,,,,,,,,,,,,,,,,,,,,,,,,,
,Option,Pain + viande,Tartare,,,0,0,,,,,,,,,,,,,,,,,,,,,,,,,,,,
,Option,Pain + viande,Tomagrec,,,0,0,,,,,,,,,,,,,,,,,,,,,,,,,,,,
,Option,Pain + viande,Toscane,,,0,0,,,,,,,,,,,,,,,,,,,,,,,,,,,,
,Option,Pain + viande,Vinaigrette,,,0,0,,,,,,,,,,,,,,,,,,,,,,,,,,,,
,Option,Pain + viande,Mayonnaise truffe,,,0,0,,,,,,,,,,,,,,,,,,,,,,,,,,,,
,Option,Pain + viande,Jammie,,,0,0,,,,,,,,,,,,,,,,,,,,,,,,,,,,
,Option,Pain + viande,Cheas'y,,,0,0,,,,,,,,,,,,,,,,,,,,,,,,,,,,
,Option,Pain + viande,Dallas,,,0,0,,,,,,,,,,,,,,,,,,,,,,,,,,,,
,Option-Group,Pain + viande,Choix crudités (facultatif),,,,,,,,,,,,,,,,,,,,,,,,,,,,,,,,
,Option,Pain + viande,Sans crudités,,,0,0,,,,,,,,,,,,,,,,,,,,,,,,,,,,
,Option,Pain + viande,Carotte,,,0.1,0.1,,,,,,,,,,,,,,,,,,,,,,,,,,,,
,Option,Pain + viande,Chou blanc,,,0.1,0.1,,,,,,,,,,,,,,,,,,,,,,,,,,,,
,Option,Pain + viande,Cornichon,,,0.1,0.1,,,,,,,,,,,,,,,,,,,,,,,,,,,,
,Option,Pain + viande,Maïs,,,0.1,0.1,,,,,,,,,,,,,,,,,,,,,,,,,,,,
,Option,Pain + viande,Oignons rouges,,,0.1,0.1,,,,,,,,,,,,,,,,,,,,,,,,,,,,
,Option,Pain + viande,Salade verte,,,0.1,0.1,,,,,,,,,,,,,,,,,,,,,,,,,,,,
,Option,Pain + viande,Tomates,,,0.1,0.1,,,,,,,,,,,,,,,,,,,,,,,,,,,,
,Option-Group,Pain + viande,Choix extra cheese (facultatif),,,,,,,,,,,,,,,,,,,,,,,,,,,,,,,,
,Option,Pain + viande,Feta,,,0.9,0.9,,,,,,,,,,,,,,,,,,,,,,,,,,,,
,Option,Pain + viande,Cheese,,,0.7,0.7,,,,,,,,,,,,,,,,,,,,,,,,,,,,
,Option-Group,Pain + viande,Choix extra sauces (facultatif),,,,,,,,,,,,,,,,,,,,,,,,,,,,,,,,
,Option,Pain + viande,Algérienne,,,0,0,,,,,,,,,,,,,,,,,,,,,,,,,,,,
,Option,Pain + viande,Américaine,,,1.2,1.2,,,,,,,,,,,,,,,,,,,,,,,,,,,,
,Option,Pain + viande,Américaine forte,,,1.2,1.2,,,,,,,,,,,,,,,,,,,,,,,,,,,,
,Option,Pain + viande,Américaine légère,,,1.2,1.2,,,,,,,,,,,,,,,,,,,,,,,,,,,,
,Option,Pain + viande,Andalouse,,,1.2,1.2,,,,,,,,,,,,,,,,,,,,,,,,,,,,
,Option,Pain + viande,Barbecue,,,1.2,1.2,,,,,,,,,,,,,,,,,,,,,,,,,,,,
,Option,Pain + viande,Béarnaise,,,1.2,1.2,,,,,,,,,,,,,,,,,,,,,,,,,,,,
,Option,Pain + viande,Bicky burger,,,1.2,1.2,,,,,,,,,,,,,,,,,,,,,,,,,,,,
,Option,Pain + viande,Brazil,,,1.2,1.2,,,,,,,,,,,,,,,,,,,,,,,,,,,,
,Option,Pain + viande,Cocktail,,,1.2,1.2,,,,,,,,,,,,,,,,,,,,,,,,,,,,
,Option,Pain + viande,Curry ketchup,,,1.2,1.2,,,,,,,,,,,,,,,,,,,,,,,,,,,,
,Option,Pain + viande,Géante,,,1.2,1.2,,,,,,,,,,,,,,,,,,,,,,,,,,,,
,Option,Pain + viande,Hawaï,,,1.2,1.2,,,,,,,,,,,,,,,,,,,,,,,,,,,,
,Option,Pain + viande,Ketchup,,,1.2,1.2,,,,,,,,,,,,,,,,,,,,,,,,,,,,
,Option,Pain + viande,Loempia,,,1.2,1.2,,,,,,,,,,,,,,,,,,,,,,,,,,,,
,Option,Pain + viande,Manalouse,,,1.2,1.2,,,,,,,,,,,,,,,,,,,,,,,,,,,,
,Option,Pain + viande,Mayonnaise,,,1.2,1.2,,,,,,,,,,,,,,,,,,,,,,,,,,,,
,Option,Pain + viande,Moutarde,,,1.2,1.2,,,,,,,,,,,,,,,,,,,,,,,,,,,,
,Option,Pain + viande,Pitta à l'ail,,,1.2,1.2,,,,,,,,,,,,,,,,,,,,,,,,,,,,
,Option,Pain + viande,Poivre,,,1.2,1.2,,,,,,,,,,,,,,,,,,,,,,,,,,,,
,Option,Pain + viande,Provençale,,,1.2,1.2,,,,,,,,,,,,,,,,,,,,,,,,,,,,
,Option,Pain + viande,Riche,,,1.2,1.2,,,,,,,,,,,,,,,,,,,,,,,,,,,,
,Option,Pain + viande,Samouraï,,,1.2,1.2,,,,,,,,,,,,,,,,,,,,,,,,,,,,
,Option,Pain + viande,Tartare,,,1.2,1.2,,,,,,,,,,,,,,,,,,,,,,,,,,,,
,Option,Pain + viande,Tomagrec,,,1.2,1.2,,,,,,,,,,,,,,,,,,,,,,,,,,,,
,Option,Pain + viande,Toscane,,,1.2,1.2,,,,,,,,,,,,,,,,,,,,,,,,,,,,
,Option,Pain + viande,Vinaigrette,,,1.2,1.2,,,,,,,,,,,,,,,,,,,,,,,,,,,,
,Option,Pain + viande,Mayonnaise truffe,,,1.2,1.2,,,,,,,,,,,,,,,,,,,,,,,,,,,,
,Option,Pain + viande,Jammie,,,1.2,1.2,,,,,,,,,,,,,,,,,,,,,,,,,,,,
,Option,Pain + viande,Cheas'y,,,1.2,1.2,,,,,,,,,,,,,,,,,,,,,,,,,,,,
,Option,Pain + viande,Dallas,,,1.2,1.2,,,,,,,,,,,,,,,,,,,,,,,,,,,,
,ITEM,Pain + viande,Pain mini loempia,,Choix sauce = sauce dans le pain / Choix extra sauce = sauce en plus dans un pot. Si vous souhaitez 2 sauces mélangée : choisir une sauce et écrire la deuxième sauce en commentaire.,8.6,8.6,,,,,,,,,,,,,,,,,,,,,,,,,,,,
,Option-Group,Pain + viande,Choix sauce (obligatoire),,,,,,,,,,,,,,,,,,,,,,,,,,,,,,,,
,Option,Pain + viande,Sans sauce,,,0,0,,,,,,,,,,,,,,,,,,,,,,,,,,,,
,Option,Pain + viande,Algérienne,,,0,0,,,,,,,,,,,,,,,,,,,,,,,,,,,,
,Option,Pain + viande,Américaine,,,0,0,,,,,,,,,,,,,,,,,,,,,,,,,,,,
,Option,Pain + viande,Américaine forte,,,0,0,,,,,,,,,,,,,,,,,,,,,,,,,,,,
,Option,Pain + viande,Américaine légère,,,0,0,,,,,,,,,,,,,,,,,,,,,,,,,,,,
,Option,Pain + viande,Andalouse,,,0,0,,,,,,,,,,,,,,,,,,,,,,,,,,,,
,Option,Pain + viande,Barbecue,,,0,0,,,,,,,,,,,,,,,,,,,,,,,,,,,,
,Option,Pain + viande,Béarnaise,,,0,0,,,,,,,,,,,,,,,,,,,,,,,,,,,,
,Option,Pain + viande,Bicky burger,,,0,0,,,,,,,,,,,,,,,,,,,,,,,,,,,,
,Option,Pain + viande,Brazil,,,0,0,,,,,,,,,,,,,,,,,,,,,,,,,,,,
,Option,Pain + viande,Cocktail,,,0,0,,,,,,,,,,,,,,,,,,,,,,,,,,,,
,Option,Pain + viande,Curry ketchup,,,0,0,,,,,,,,,,,,,,,,,,,,,,,,,,,,
,Option,Pain + viande,Géante,,,0,0,,,,,,,,,,,,,,,,,,,,,,,,,,,,
,Option,Pain + viande,Hawaï,,,0,0,,,,,,,,,,,,,,,,,,,,,,,,,,,,
,Option,Pain + viande,Ketchup,,,0,0,,,,,,,,,,,,,,,,,,,,,,,,,,,,
,Option,Pain + viande,Loempia,,,0,0,,,,,,,,,,,,,,,,,,,,,,,,,,,,
,Option,Pain + viande,Manalouse,,,0,0,,,,,,,,,,,,,,,,,,,,,,,,,,,,
,Option,Pain + viande,Mayonnaise,,,0,0,,,,,,,,,,,,,,,,,,,,,,,,,,,,
,Option,Pain + viande,Moutarde,,,0,0,,,,,,,,,,,,,,,,,,,,,,,,,,,,
,Option,Pain + viande,Pitta à l'ail,,,0,0,,,,,,,,,,,,,,,,,,,,,,,,,,,,
,Option,Pain + viande,Poivre,,,0,0,,,,,,,,,,,,,,,,,,,,,,,,,,,,
,Option,Pain + viande,Provençale,,,0,0,,,,,,,,,,,,,,,,,,,,,,,,,,,,
,Option,Pain + viande,Riche,,,0,0,,,,,,,,,,,,,,,,,,,,,,,,,,,,
,Option,Pain + viande,Samouraï,,,0,0,,,,,,,,,,,,,,,,,,,,,,,,,,,,
,Option,Pain + viande,Tartare,,,0,0,,,,,,,,,,,,,,,,,,,,,,,,,,,,
,Option,Pain + viande,Tomagrec,,,0,0,,,,,,,,,,,,,,,,,,,,,,,,,,,,
,Option,Pain + viande,Toscane,,,0,0,,,,,,,,,,,,,,,,,,,,,,,,,,,,
,Option,Pain + viande,Vinaigrette,,,0,0,,,,,,,,,,,,,,,,,,,,,,,,,,,,
,Option,Pain + viande,Mayonnaise truffe,,,0,0,,,,,,,,,,,,,,,,,,,,,,,,,,,,
,Option,Pain + viande,Jammie,,,0,0,,,,,,,,,,,,,,,,,,,,,,,,,,,,
,Option,Pain + viande,Cheas'y,,,0,0,,,,,,,,,,,,,,,,,,,,,,,,,,,,
,Option,Pain + viande,Dallas,,,0,0,,,,,,,,,,,,,,,,,,,,,,,,,,,,
,Option-Group,Pain + viande,Choix crudités (facultatif),,,,,,,,,,,,,,,,,,,,,,,,,,,,,,,,
,Option,Pain + viande,Sans crudités,,,0,0,,,,,,,,,,,,,,,,,,,,,,,,,,,,
,Option,Pain + viande,Carotte,,,0.1,0.1,,,,,,,,,,,,,,,,,,,,,,,,,,,,
,Option,Pain + viande,Chou blanc,,,0.1,0.1,,,,,,,,,,,,,,,,,,,,,,,,,,,,
,Option,Pain + viande,Cornichon,,,0.1,0.1,,,,,,,,,,,,,,,,,,,,,,,,,,,,
,Option,Pain + viande,Maïs,,,0.1,0.1,,,,,,,,,,,,,,,,,,,,,,,,,,,,
,Option,Pain + viande,Oignons rouges,,,0.1,0.1,,,,,,,,,,,,,,,,,,,,,,,,,,,,
,Option,Pain + viande,Salade verte,,,0.1,0.1,,,,,,,,,,,,,,,,,,,,,,,,,,,,
,Option,Pain + viande,Tomates,,,0.1,0.1,,,,,,,,,,,,,,,,,,,,,,,,,,,,
,Option-Group,Pain + viande,Choix extra cheese (facultatif),,,,,,,,,,,,,,,,,,,,,,,,,,,,,,,,
,Option,Pain + viande,Feta,,,0.9,0.9,,,,,,,,,,,,,,,,,,,,,,,,,,,,
,Option,Pain + viande,Cheese,,,0.7,0.7,,,,,,,,,,,,,,,,,,,,,,,,,,,,
,Option-Group,Pain + viande,Choix extra sauces (facultatif),,,,,,,,,,,,,,,,,,,,,,,,,,,,,,,,
,Option,Pain + viande,Algérienne,,,0,0,,,,,,,,,,,,,,,,,,,,,,,,,,,,
,Option,Pain + viande,Américaine,,,1.2,1.2,,,,,,,,,,,,,,,,,,,,,,,,,,,,
,Option,Pain + viande,Américaine forte,,,1.2,1.2,,,,,,,,,,,,,,,,,,,,,,,,,,,,
,Option,Pain + viande,Américaine légère,,,1.2,1.2,,,,,,,,,,,,,,,,,,,,,,,,,,,,
,Option,Pain + viande,Andalouse,,,1.2,1.2,,,,,,,,,,,,,,,,,,,,,,,,,,,,
,Option,Pain + viande,Barbecue,,,1.2,1.2,,,,,,,,,,,,,,,,,,,,,,,,,,,,
,Option,Pain + viande,Béarnaise,,,1.2,1.2,,,,,,,,,,,,,,,,,,,,,,,,,,,,
,Option,Pain + viande,Bicky burger,,,1.2,1.2,,,,,,,,,,,,,,,,,,,,,,,,,,,,
,Option,Pain + viande,Brazil,,,1.2,1.2,,,,,,,,,,,,,,,,,,,,,,,,,,,,
,Option,Pain + viande,Cocktail,,,1.2,1.2,,,,,,,,,,,,,,,,,,,,,,,,,,,,
,Option,Pain + viande,Curry ketchup,,,1.2,1.2,,,,,,,,,,,,,,,,,,,,,,,,,,,,
,Option,Pain + viande,Géante,,,1.2,1.2,,,,,,,,,,,,,,,,,,,,,,,,,,,,
,Option,Pain + viande,Hawaï,,,1.2,1.2,,,,,,,,,,,,,,,,,,,,,,,,,,,,
,Option,Pain + viande,Ketchup,,,1.2,1.2,,,,,,,,,,,,,,,,,,,,,,,,,,,,
,Option,Pain + viande,Loempia,,,1.2,1.2,,,,,,,,,,,,,,,,,,,,,,,,,,,,
,Option,Pain + viande,Manalouse,,,1.2,1.2,,,,,,,,,,,,,,,,,,,,,,,,,,,,
,Option,Pain + viande,Mayonnaise,,,1.2,1.2,,,,,,,,,,,,,,,,,,,,,,,,,,,,
,Option,Pain + viande,Moutarde,,,1.2,1.2,,,,,,,,,,,,,,,,,,,,,,,,,,,,
,Option,Pain + viande,Pitta à l'ail,,,1.2,1.2,,,,,,,,,,,,,,,,,,,,,,,,,,,,
,Option,Pain + viande,Poivre,,,1.2,1.2,,,,,,,,,,,,,,,,,,,,,,,,,,,,
,Option,Pain + viande,Provençale,,,1.2,1.2,,,,,,,,,,,,,,,,,,,,,,,,,,,,
,Option,Pain + viande,Riche,,,1.2,1.2,,,,,,,,,,,,,,,,,,,,,,,,,,,,
,Option,Pain + viande,Samouraï,,,1.2,1.2,,,,,,,,,,,,,,,,,,,,,,,,,,,,
,Option,Pain + viande,Tartare,,,1.2,1.2,,,,,,,,,,,,,,,,,,,,,,,,,,,,
,Option,Pain + viande,Tomagrec,,,1.2,1.2,,,,,,,,,,,,,,,,,,,,,,,,,,,,
,Option,Pain + viande,Toscane,,,1.2,1.2,,,,,,,,,,,,,,,,,,,,,,,,,,,,
,Option,Pain + viande,Vinaigrette,,,1.2,1.2,,,,,,,,,,,,,,,,,,,,,,,,,,,,
,Option,Pain + viande,Mayonnaise truffe,,,1.2,1.2,,,,,,,,,,,,,,,,,,,,,,,,,,,,
,Option,Pain + viande,Jammie,,,1.2,1.2,,,,,,,,,,,,,,,,,,,,,,,,,,,,
,Option,Pain + viande,Cheas'y,,,1.2,1.2,,,,,,,,,,,,,,,,,,,,,,,,,,,,
,Option,Pain + viande,Dallas,,,1.2,1.2,,,,,,,,,,,,,,,,,,,,,,,,,,,,
,ITEM,Pain + viande,Pain ragoezi,,Choix sauce = sauce dans le pain / Choix extra sauce = sauce en plus dans un pot. Si vous souhaitez 2 sauces mélangée : choisir une sauce et écrire la deuxième sauce en commentaire.,8,8,,,,,,,,,,,,,,,,,,,,,,,,,,,,
,Option-Group,Pain + viande,Choix sauce (obligatoire),,,,,,,,,,,,,,,,,,,,,,,,,,,,,,,,
,Option,Pain + viande,Sans sauce,,,0,0,,,,,,,,,,,,,,,,,,,,,,,,,,,,
,Option,Pain + viande,Algérienne,,,0,0,,,,,,,,,,,,,,,,,,,,,,,,,,,,
,Option,Pain + viande,Américaine,,,0,0,,,,,,,,,,,,,,,,,,,,,,,,,,,,
,Option,Pain + viande,Américaine forte,,,0,0,,,,,,,,,,,,,,,,,,,,,,,,,,,,
,Option,Pain + viande,Américaine légère,,,0,0,,,,,,,,,,,,,,,,,,,,,,,,,,,,
,Option,Pain + viande,Andalouse,,,0,0,,,,,,,,,,,,,,,,,,,,,,,,,,,,
,Option,Pain + viande,Barbecue,,,0,0,,,,,,,,,,,,,,,,,,,,,,,,,,,,
,Option,Pain + viande,Béarnaise,,,0,0,,,,,,,,,,,,,,,,,,,,,,,,,,,,
,Option,Pain + viande,Bicky burger,,,0,0,,,,,,,,,,,,,,,,,,,,,,,,,,,,
,Option,Pain + viande,Brazil,,,0,0,,,,,,,,,,,,,,,,,,,,,,,,,,,,
,Option,Pain + viande,Cocktail,,,0,0,,,,,,,,,,,,,,,,,,,,,,,,,,,,
,Option,Pain + viande,Curry ketchup,,,0,0,,,,,,,,,,,,,,,,,,,,,,,,,,,,
,Option,Pain + viande,Géante,,,0,0,,,,,,,,,,,,,,,,,,,,,,,,,,,,
,Option,Pain + viande,Hawaï,,,0,0,,,,,,,,,,,,,,,,,,,,,,,,,,,,
,Option,Pain + viande,Ketchup,,,0,0,,,,,,,,,,,,,,,,,,,,,,,,,,,,
,Option,Pain + viande,Loempia,,,0,0,,,,,,,,,,,,,,,,,,,,,,,,,,,,
,Option,Pain + viande,Manalouse,,,0,0,,,,,,,,,,,,,,,,,,,,,,,,,,,,
,Option,Pain + viande,Mayonnaise,,,0,0,,,,,,,,,,,,,,,,,,,,,,,,,,,,
,Option,Pain + viande,Moutarde,,,0,0,,,,,,,,,,,,,,,,,,,,,,,,,,,,
,Option,Pain + viande,Pitta à l'ail,,,0,0,,,,,,,,,,,,,,,,,,,,,,,,,,,,
,Option,Pain + viande,Poivre,,,0,0,,,,,,,,,,,,,,,,,,,,,,,,,,,,
,Option,Pain + viande,Provençale,,,0,0,,,,,,,,,,,,,,,,,,,,,,,,,,,,
,Option,Pain + viande,Riche,,,0,0,,,,,,,,,,,,,,,,,,,,,,,,,,,,
,Option,Pain + viande,Samouraï,,,0,0,,,,,,,,,,,,,,,,,,,,,,,,,,,,
,Option,Pain + viande,Tartare,,,0,0,,,,,,,,,,,,,,,,,,,,,,,,,,,,
,Option,Pain + viande,Tomagrec,,,0,0,,,,,,,,,,,,,,,,,,,,,,,,,,,,
,Option,Pain + viande,Toscane,,,0,0,,,,,,,,,,,,,,,,,,,,,,,,,,,,
,Option,Pain + viande,Vinaigrette,,,0,0,,,,,,,,,,,,,,,,,,,,,,,,,,,,
,Option,Pain + viande,Mayonnaise truffe,,,0,0,,,,,,,,,,,,,,,,,,,,,,,,,,,,
,Option,Pain + viande,Jammie,,,0,0,,,,,,,,,,,,,,,,,,,,,,,,,,,,
,Option,Pain + viande,Cheas'y,,,0,0,,,,,,,,,,,,,,,,,,,,,,,,,,,,
,Option,Pain + viande,Dallas,,,0,0,,,,,,,,,,,,,,,,,,,,,,,,,,,,
,Option-Group,Pain + viande,Choix crudités (facultatif),,,,,,,,,,,,,,,,,,,,,,,,,,,,,,,,
,Option,Pain + viande,Sans crudités,,,0,0,,,,,,,,,,,,,,,,,,,,,,,,,,,,
,Option,Pain + viande,Carotte,,,0.1,0.1,,,,,,,,,,,,,,,,,,,,,,,,,,,,
,Option,Pain + viande,Chou blanc,,,0.1,0.1,,,,,,,,,,,,,,,,,,,,,,,,,,,,
,Option,Pain + viande,Cornichon,,,0.1,0.1,,,,,,,,,,,,,,,,,,,,,,,,,,,,
,Option,Pain + viande,Maïs,,,0.1,0.1,,,,,,,,,,,,,,,,,,,,,,,,,,,,
,Option,Pain + viande,Oignons rouges,,,0.1,0.1,,,,,,,,,,,,,,,,,,,,,,,,,,,,
,Option,Pain + viande,Salade verte,,,0.1,0.1,,,,,,,,,,,,,,,,,,,,,,,,,,,,
,Option,Pain + viande,Tomates,,,0.1,0.1,,,,,,,,,,,,,,,,,,,,,,,,,,,,
,Option-Group,Pain + viande,Choix extra cheese (facultatif),,,,,,,,,,,,,,,,,,,,,,,,,,,,,,,,
,Option,Pain + viande,Feta,,,0.9,0.9,,,,,,,,,,,,,,,,,,,,,,,,,,,,
,Option,Pain + viande,Cheese,,,0.7,0.7,,,,,,,,,,,,,,,,,,,,,,,,,,,,
,Option-Group,Pain + viande,Choix extra sauces (facultatif),,,,,,,,,,,,,,,,,,,,,,,,,,,,,,,,
,Option,Pain + viande,Algérienne,,,0,0,,,,,,,,,,,,,,,,,,,,,,,,,,,,
,Option,Pain + viande,Américaine,,,1.2,1.2,,,,,,,,,,,,,,,,,,,,,,,,,,,,
,Option,Pain + viande,Américaine forte,,,1.2,1.2,,,,,,,,,,,,,,,,,,,,,,,,,,,,
,Option,Pain + viande,Américaine légère,,,1.2,1.2,,,,,,,,,,,,,,,,,,,,,,,,,,,,
,Option,Pain + viande,Andalouse,,,1.2,1.2,,,,,,,,,,,,,,,,,,,,,,,,,,,,
,Option,Pain + viande,Barbecue,,,1.2,1.2,,,,,,,,,,,,,,,,,,,,,,,,,,,,
,Option,Pain + viande,Béarnaise,,,1.2,1.2,,,,,,,,,,,,,,,,,,,,,,,,,,,,
,Option,Pain + viande,Bicky burger,,,1.2,1.2,,,,,,,,,,,,,,,,,,,,,,,,,,,,
,Option,Pain + viande,Brazil,,,1.2,1.2,,,,,,,,,,,,,,,,,,,,,,,,,,,,
,Option,Pain + viande,Cocktail,,,1.2,1.2,,,,,,,,,,,,,,,,,,,,,,,,,,,,
,Option,Pain + viande,Curry ketchup,,,1.2,1.2,,,,,,,,,,,,,,,,,,,,,,,,,,,,
,Option,Pain + viande,Géante,,,1.2,1.2,,,,,,,,,,,,,,,,,,,,,,,,,,,,
,Option,Pain + viande,Hawaï,,,1.2,1.2,,,,,,,,,,,,,,,,,,,,,,,,,,,,
,Option,Pain + viande,Ketchup,,,1.2,1.2,,,,,,,,,,,,,,,,,,,,,,,,,,,,
,Option,Pain + viande,Loempia,,,1.2,1.2,,,,,,,,,,,,,,,,,,,,,,,,,,,,
,Option,Pain + viande,Manalouse,,,1.2,1.2,,,,,,,,,,,,,,,,,,,,,,,,,,,,
,Option,Pain + viande,Mayonnaise,,,1.2,1.2,,,,,,,,,,,,,,,,,,,,,,,,,,,,
,Option,Pain + viande,Moutarde,,,1.2,1.2,,,,,,,,,,,,,,,,,,,,,,,,,,,,
,Option,Pain + viande,Pitta à l'ail,,,1.2,1.2,,,,,,,,,,,,,,,,,,,,,,,,,,,,
,Option,Pain + viande,Poivre,,,1.2,1.2,,,,,,,,,,,,,,,,,,,,,,,,,,,,
,Option,Pain + viande,Provençale,,,1.2,1.2,,,,,,,,,,,,,,,,,,,,,,,,,,,,
,Option,Pain + viande,Riche,,,1.2,1.2,,,,,,,,,,,,,,,,,,,,,,,,,,,,
,Option,Pain + viande,Samouraï,,,1.2,1.2,,,,,,,,,,,,,,,,,,,,,,,,,,,,
,Option,Pain + viande,Tartare,,,1.2,1.2,,,,,,,,,,,,,,,,,,,,,,,,,,,,
,Option,Pain + viande,Tomagrec,,,1.2,1.2,,,,,,,,,,,,,,,,,,,,,,,,,,,,
,Option,Pain + viande,Toscane,,,1.2,1.2,,,,,,,,,,,,,,,,,,,,,,,,,,,,
,Option,Pain + viande,Vinaigrette,,,1.2,1.2,,,,,,,,,,,,,,,,,,,,,,,,,,,,
,Option,Pain + viande,Mayonnaise truffe,,,1.2,1.2,,,,,,,,,,,,,,,,,,,,,,,,,,,,
,Option,Pain + viande,Jammie,,,1.2,1.2,,,,,,,,,,,,,,,,,,,,,,,,,,,,
,Option,Pain + viande,Cheas'y,,,1.2,1.2,,,,,,,,,,,,,,,,,,,,,,,,,,,,
,Option,Pain + viande,Dallas,,,1.2,1.2,,,,,,,,,,,,,,,,,,,,,,,,,,,,
,ITEM,Pain + viande,Pain loempia,,Choix sauce = sauce dans le pain / Choix extra sauce = sauce en plus dans un pot. Si vous souhaitez 2 sauces mélangée : choisir une sauce et écrire la deuxième sauce en commentaire.,8.8,8.8,,,,,,,,,,,,,,,,,,,,,,,,,,,,
,Option-Group,Pain + viande,Choix sauce (obligatoire),,,,,,,,,,,,,,,,,,,,,,,,,,,,,,,,
,Option,Pain + viande,Sans sauce,,,0,0,,,,,,,,,,,,,,,,,,,,,,,,,,,,
,Option,Pain + viande,Algérienne,,,0,0,,,,,,,,,,,,,,,,,,,,,,,,,,,,
,Option,Pain + viande,Américaine,,,0,0,,,,,,,,,,,,,,,,,,,,,,,,,,,,
,Option,Pain + viande,Américaine forte,,,0,0,,,,,,,,,,,,,,,,,,,,,,,,,,,,
,Option,Pain + viande,Américaine légère,,,0,0,,,,,,,,,,,,,,,,,,,,,,,,,,,,
,Option,Pain + viande,Andalouse,,,0,0,,,,,,,,,,,,,,,,,,,,,,,,,,,,
,Option,Pain + viande,Barbecue,,,0,0,,,,,,,,,,,,,,,,,,,,,,,,,,,,
,Option,Pain + viande,Béarnaise,,,0,0,,,,,,,,,,,,,,,,,,,,,,,,,,,,
,Option,Pain + viande,Bicky burger,,,0,0,,,,,,,,,,,,,,,,,,,,,,,,,,,,
,Option,Pain + viande,Brazil,,,0,0,,,,,,,,,,,,,,,,,,,,,,,,,,,,
,Option,Pain + viande,Cocktail,,,0,0,,,,,,,,,,,,,,,,,,,,,,,,,,,,
,Option,Pain + viande,Curry ketchup,,,0,0,,,,,,,,,,,,,,,,,,,,,,,,,,,,
,Option,Pain + viande,Géante,,,0,0,,,,,,,,,,,,,,,,,,,,,,,,,,,,
,Option,Pain + viande,Hawaï,,,0,0,,,,,,,,,,,,,,,,,,,,,,,,,,,,
,Option,Pain + viande,Ketchup,,,0,0,,,,,,,,,,,,,,,,,,,,,,,,,,,,
,Option,Pain + viande,Loempia,,,0,0,,,,,,,,,,,,,,,,,,,,,,,,,,,,
,Option,Pain + viande,Manalouse,,,0,0,,,,,,,,,,,,,,,,,,,,,,,,,,,,
,Option,Pain + viande,Mayonnaise,,,0,0,,,,,,,,,,,,,,,,,,,,,,,,,,,,
,Option,Pain + viande,Moutarde,,,0,0,,,,,,,,,,,,,,,,,,,,,,,,,,,,
,Option,Pain + viande,Pitta à l'ail,,,0,0,,,,,,,,,,,,,,,,,,,,,,,,,,,,
,Option,Pain + viande,Poivre,,,0,0,,,,,,,,,,,,,,,,,,,,,,,,,,,,
,Option,Pain + viande,Provençale,,,0,0,,,,,,,,,,,,,,,,,,,,,,,,,,,,
,Option,Pain + viande,Riche,,,0,0,,,,,,,,,,,,,,,,,,,,,,,,,,,,
,Option,Pain + viande,Samouraï,,,0,0,,,,,,,,,,,,,,,,,,,,,,,,,,,,
,Option,Pain + viande,Tartare,,,0,0,,,,,,,,,,,,,,,,,,,,,,,,,,,,
,Option,Pain + viande,Tomagrec,,,0,0,,,,,,,,,,,,,,,,,,,,,,,,,,,,
,Option,Pain + viande,Toscane,,,0,0,,,,,,,,,,,,,,,,,,,,,,,,,,,,
,Option,Pain + viande,Vinaigrette,,,0,0,,,,,,,,,,,,,,,,,,,,,,,,,,,,
,Option,Pain + viande,Mayonnaise truffe,,,0,0,,,,,,,,,,,,,,,,,,,,,,,,,,,,
,Option,Pain + viande,Jammie,,,0,0,,,,,,,,,,,,,,,,,,,,,,,,,,,,
,Option,Pain + viande,Cheas'y,,,0,0,,,,,,,,,,,,,,,,,,,,,,,,,,,,
,Option,Pain + viande,Dallas,,,0,0,,,,,,,,,,,,,,,,,,,,,,,,,,,,
,Option-Group,Pain + viande,Choix crudités (facultatif),,,,,,,,,,,,,,,,,,,,,,,,,,,,,,,,
,Option,Pain + viande,Sans crudités,,,0,0,,,,,,,,,,,,,,,,,,,,,,,,,,,,
,Option,Pain + viande,Carotte,,,0.1,0.1,,,,,,,,,,,,,,,,,,,,,,,,,,,,
,Option,Pain + viande,Chou blanc,,,0.1,0.1,,,,,,,,,,,,,,,,,,,,,,,,,,,,
,Option,Pain + viande,Cornichon,,,0.1,0.1,,,,,,,,,,,,,,,,,,,,,,,,,,,,
,Option,Pain + viande,Maïs,,,0.1,0.1,,,,,,,,,,,,,,,,,,,,,,,,,,,,
,Option,Pain + viande,Oignons rouges,,,0.1,0.1,,,,,,,,,,,,,,,,,,,,,,,,,,,,
,Option,Pain + viande,Salade verte,,,0.1,0.1,,,,,,,,,,,,,,,,,,,,,,,,,,,,
,Option,Pain + viande,Tomates,,,0.1,0.1,,,,,,,,,,,,,,,,,,,,,,,,,,,,
,Option-Group,Pain + viande,Choix extra cheese (facultatif),,,,,,,,,,,,,,,,,,,,,,,,,,,,,,,,
,Option,Pain + viande,Feta,,,0.9,0.9,,,,,,,,,,,,,,,,,,,,,,,,,,,,
,Option,Pain + viande,Cheese,,,0.7,0.7,,,,,,,,,,,,,,,,,,,,,,,,,,,,
,Option-Group,Pain + viande,Choix extra sauces (facultatif),,,,,,,,,,,,,,,,,,,,,,,,,,,,,,,,
,Option,Pain + viande,Algérienne,,,0,0,,,,,,,,,,,,,,,,,,,,,,,,,,,,
,Option,Pain + viande,Américaine,,,1.2,1.2,,,,,,,,,,,,,,,,,,,,,,,,,,,,
,Option,Pain + viande,Américaine forte,,,1.2,1.2,,,,,,,,,,,,,,,,,,,,,,,,,,,,
,Option,Pain + viande,Américaine légère,,,1.2,1.2,,,,,,,,,,,,,,,,,,,,,,,,,,,,
,Option,Pain + viande,Andalouse,,,1.2,1.2,,,,,,,,,,,,,,,,,,,,,,,,,,,,
,Option,Pain + viande,Barbecue,,,1.2,1.2,,,,,,,,,,,,,,,,,,,,,,,,,,,,
,Option,Pain + viande,Béarnaise,,,1.2,1.2,,,,,,,,,,,,,,,,,,,,,,,,,,,,
,Option,Pain + viande,Bicky burger,,,1.2,1.2,,,,,,,,,,,,,,,,,,,,,,,,,,,,
,Option,Pain + viande,Brazil,,,1.2,1.2,,,,,,,,,,,,,,,,,,,,,,,,,,,,
,Option,Pain + viande,Cocktail,,,1.2,1.2,,,,,,,,,,,,,,,,,,,,,,,,,,,,
,Option,Pain + viande,Curry ketchup,,,1.2,1.2,,,,,,,,,,,,,,,,,,,,,,,,,,,,
,Option,Pain + viande,Géante,,,1.2,1.2,,,,,,,,,,,,,,,,,,,,,,,,,,,,
,Option,Pain + viande,Hawaï,,,1.2,1.2,,,,,,,,,,,,,,,,,,,,,,,,,,,,
,Option,Pain + viande,Ketchup,,,1.2,1.2,,,,,,,,,,,,,,,,,,,,,,,,,,,,
,Option,Pain + viande,Loempia,,,1.2,1.2,,,,,,,,,,,,,,,,,,,,,,,,,,,,
,Option,Pain + viande,Manalouse,,,1.2,1.2,,,,,,,,,,,,,,,,,,,,,,,,,,,,
,Option,Pain + viande,Mayonnaise,,,1.2,1.2,,,,,,,,,,,,,,,,,,,,,,,,,,,,
,Option,Pain + viande,Moutarde,,,1.2,1.2,,,,,,,,,,,,,,,,,,,,,,,,,,,,
,Option,Pain + viande,Pitta à l'ail,,,1.2,1.2,,,,,,,,,,,,,,,,,,,,,,,,,,,,
,Option,Pain + viande,Poivre,,,1.2,1.2,,,,,,,,,,,,,,,,,,,,,,,,,,,,
,Option,Pain + viande,Provençale,,,1.2,1.2,,,,,,,,,,,,,,,,,,,,,,,,,,,,
,Option,Pain + viande,Riche,,,1.2,1.2,,,,,,,,,,,,,,,,,,,,,,,,,,,,
,Option,Pain + viande,Samouraï,,,1.2,1.2,,,,,,,,,,,,,,,,,,,,,,,,,,,,
,Option,Pain + viande,Tartare,,,1.2,1.2,,,,,,,,,,,,,,,,,,,,,,,,,,,,
,Option,Pain + viande,Tomagrec,,,1.2,1.2,,,,,,,,,,,,,,,,,,,,,,,,,,,,
,Option,Pain + viande,Toscane,,,1.2,1.2,,,,,,,,,,,,,,,,,,,,,,,,,,,,
,Option,Pain + viande,Vinaigrette,,,1.2,1.2,,,,,,,,,,,,,,,,,,,,,,,,,,,,
,Option,Pain + viande,Mayonnaise truffe,,,1.2,1.2,,,,,,,,,,,,,,,,,,,,,,,,,,,,
,Option,Pain + viande,Jammie,,,1.2,1.2,,,,,,,,,,,,,,,,,,,,,,,,,,,,
,Option,Pain + viande,Cheas'y,,,1.2,1.2,,,,,,,,,,,,,,,,,,,,,,,,,,,,
,Option,Pain + viande,Dallas,,,1.2,1.2,,,,,,,,,,,,,,,,,,,,,,,,,,,,
,ITEM,Pain + viande,Pain cheese crack,,Choix sauce = sauce dans le pain / Choix extra sauce = sauce en plus dans un pot. Si vous souhaitez 2 sauces mélangée : choisir une sauce et écrire la deuxième sauce en commentaire.,7.3,7.3,,,,,,,,,,,,,,,,,,,,,,,,,,,,
,Option-Group,Pain + viande,Choix sauce (obligatoire),,,,,,,,,,,,,,,,,,,,,,,,,,,,,,,,
,Option,Pain + viande,Sans sauce,,,0,0,,,,,,,,,,,,,,,,,,,,,,,,,,,,
,Option,Pain + viande,Algérienne,,,0,0,,,,,,,,,,,,,,,,,,,,,,,,,,,,
,Option,Pain + viande,Américaine,,,0,0,,,,,,,,,,,,,,,,,,,,,,,,,,,,
,Option,Pain + viande,Américaine forte,,,0,0,,,,,,,,,,,,,,,,,,,,,,,,,,,,
,Option,Pain + viande,Américaine légère,,,0,0,,,,,,,,,,,,,,,,,,,,,,,,,,,,
,Option,Pain + viande,Andalouse,,,0,0,,,,,,,,,,,,,,,,,,,,,,,,,,,,
,Option,Pain + viande,Barbecue,,,0,0,,,,,,,,,,,,,,,,,,,,,,,,,,,,
,Option,Pain + viande,Béarnaise,,,0,0,,,,,,,,,,,,,,,,,,,,,,,,,,,,
,Option,Pain + viande,Bicky burger,,,0,0,,,,,,,,,,,,,,,,,,,,,,,,,,,,
,Option,Pain + viande,Brazil,,,0,0,,,,,,,,,,,,,,,,,,,,,,,,,,,,
,Option,Pain + viande,Cocktail,,,0,0,,,,,,,,,,,,,,,,,,,,,,,,,,,,
,Option,Pain + viande,Curry ketchup,,,0,0,,,,,,,,,,,,,,,,,,,,,,,,,,,,
,Option,Pain + viande,Géante,,,0,0,,,,,,,,,,,,,,,,,,,,,,,,,,,,
,Option,Pain + viande,Hawaï,,,0,0,,,,,,,,,,,,,,,,,,,,,,,,,,,,
,Option,Pain + viande,Ketchup,,,0,0,,,,,,,,,,,,,,,,,,,,,,,,,,,,
,Option,Pain + viande,Loempia,,,0,0,,,,,,,,,,,,,,,,,,,,,,,,,,,,
,Option,Pain + viande,Manalouse,,,0,0,,,,,,,,,,,,,,,,,,,,,,,,,,,,
,Option,Pain + viande,Mayonnaise,,,0,0,,,,,,,,,,,,,,,,,,,,,,,,,,,,
,Option,Pain + viande,Moutarde,,,0,0,,,,,,,,,,,,,,,,,,,,,,,,,,,,
,Option,Pain + viande,Pitta à l'ail,,,0,0,,,,,,,,,,,,,,,,,,,,,,,,,,,,
,Option,Pain + viande,Poivre,,,0,0,,,,,,,,,,,,,,,,,,,,,,,,,,,,
,Option,Pain + viande,Provençale,,,0,0,,,,,,,,,,,,,,,,,,,,,,,,,,,,
,Option,Pain + viande,Riche,,,0,0,,,,,,,,,,,,,,,,,,,,,,,,,,,,
,Option,Pain + viande,Samouraï,,,0,0,,,,,,,,,,,,,,,,,,,,,,,,,,,,
,Option,Pain + viande,Tartare,,,0,0,,,,,,,,,,,,,,,,,,,,,,,,,,,,
,Option,Pain + viande,Tomagrec,,,0,0,,,,,,,,,,,,,,,,,,,,,,,,,,,,
,Option,Pain + viande,Toscane,,,0,0,,,,,,,,,,,,,,,,,,,,,,,,,,,,
,Option,Pain + viande,Vinaigrette,,,0,0,,,,,,,,,,,,,,,,,,,,,,,,,,,,
,Option,Pain + viande,Mayonnaise truffe,,,0,0,,,,,,,,,,,,,,,,,,,,,,,,,,,,
,Option,Pain + viande,Jammie,,,0,0,,,,,,,,,,,,,,,,,,,,,,,,,,,,
,Option,Pain + viande,Cheas'y,,,0,0,,,,,,,,,,,,,,,,,,,,,,,,,,,,
,Option,Pain + viande,Dallas,,,0,0,,,,,,,,,,,,,,,,,,,,,,,,,,,,
,Option-Group,Pain + viande,Choix crudités (facultatif),,,,,,,,,,,,,,,,,,,,,,,,,,,,,,,,
,Option,Pain + viande,Sans crudités,,,0,0,,,,,,,,,,,,,,,,,,,,,,,,,,,,
,Option,Pain + viande,Carotte,,,0.1,0.1,,,,,,,,,,,,,,,,,,,,,,,,,,,,
,Option,Pain + viande,Chou blanc,,,0.1,0.1,,,,,,,,,,,,,,,,,,,,,,,,,,,,
,Option,Pain + viande,Cornichon,,,0.1,0.1,,,,,,,,,,,,,,,,,,,,,,,,,,,,
,Option,Pain + viande,Maïs,,,0.1,0.1,,,,,,,,,,,,,,,,,,,,,,,,,,,,
,Option,Pain + viande,Oignons rouges,,,0.1,0.1,,,,,,,,,,,,,,,,,,,,,,,,,,,,
,Option,Pain + viande,Salade verte,,,0.1,0.1,,,,,,,,,,,,,,,,,,,,,,,,,,,,
,Option,Pain + viande,Tomates,,,0.1,0.1,,,,,,,,,,,,,,,,,,,,,,,,,,,,
,Option-Group,Pain + viande,Choix extra cheese (facultatif),,,,,,,,,,,,,,,,,,,,,,,,,,,,,,,,
,Option,Pain + viande,Feta,,,0.9,0.9,,,,,,,,,,,,,,,,,,,,,,,,,,,,
,Option,Pain + viande,Cheese,,,0.7,0.7,,,,,,,,,,,,,,,,,,,,,,,,,,,,
,Option-Group,Pain + viande,Choix extra sauces (facultatif),,,,,,,,,,,,,,,,,,,,,,,,,,,,,,,,
,Option,Pain + viande,Algérienne,,,0,0,,,,,,,,,,,,,,,,,,,,,,,,,,,,
,Option,Pain + viande,Américaine,,,1.2,1.2,,,,,,,,,,,,,,,,,,,,,,,,,,,,
,Option,Pain + viande,Américaine forte,,,1.2,1.2,,,,,,,,,,,,,,,,,,,,,,,,,,,,
,Option,Pain + viande,Américaine légère,,,1.2,1.2,,,,,,,,,,,,,,,,,,,,,,,,,,,,
,Option,Pain + viande,Andalouse,,,1.2,1.2,,,,,,,,,,,,,,,,,,,,,,,,,,,,
,Option,Pain + viande,Barbecue,,,1.2,1.2,,,,,,,,,,,,,,,,,,,,,,,,,,,,
,Option,Pain + viande,Béarnaise,,,1.2,1.2,,,,,,,,,,,,,,,,,,,,,,,,,,,,
,Option,Pain + viande,Bicky burger,,,1.2,1.2,,,,,,,,,,,,,,,,,,,,,,,,,,,,
,Option,Pain + viande,Brazil,,,1.2,1.2,,,,,,,,,,,,,,,,,,,,,,,,,,,,
,Option,Pain + viande,Cocktail,,,1.2,1.2,,,,,,,,,,,,,,,,,,,,,,,,,,,,
,Option,Pain + viande,Curry ketchup,,,1.2,1.2,,,,,,,,,,,,,,,,,,,,,,,,,,,,
,Option,Pain + viande,Géante,,,1.2,1.2,,,,,,,,,,,,,,,,,,,,,,,,,,,,
,Option,Pain + viande,Hawaï,,,1.2,1.2,,,,,,,,,,,,,,,,,,,,,,,,,,,,
,Option,Pain + viande,Ketchup,,,1.2,1.2,,,,,,,,,,,,,,,,,,,,,,,,,,,,
,Option,Pain + viande,Loempia,,,1.2,1.2,,,,,,,,,,,,,,,,,,,,,,,,,,,,
,Option,Pain + viande,Manalouse,,,1.2,1.2,,,,,,,,,,,,,,,,,,,,,,,,,,,,
,Option,Pain + viande,Mayonnaise,,,1.2,1.2,,,,,,,,,,,,,,,,,,,,,,,,,,,,
,Option,Pain + viande,Moutarde,,,1.2,1.2,,,,,,,,,,,,,,,,,,,,,,,,,,,,
,Option,Pain + viande,Pitta à l'ail,,,1.2,1.2,,,,,,,,,,,,,,,,,,,,,,,,,,,,
,Option,Pain + viande,Poivre,,,1.2,1.2,,,,,,,,,,,,,,,,,,,,,,,,,,,,
,Option,Pain + viande,Provençale,,,1.2,1.2,,,,,,,,,,,,,,,,,,,,,,,,,,,,
,Option,Pain + viande,Riche,,,1.2,1.2,,,,,,,,,,,,,,,,,,,,,,,,,,,,
,Option,Pain + viande,Samouraï,,,1.2,1.2,,,,,,,,,,,,,,,,,,,,,,,,,,,,
,Option,Pain + viande,Tartare,,,1.2,1.2,,,,,,,,,,,,,,,,,,,,,,,,,,,,
,Option,Pain + viande,Tomagrec,,,1.2,1.2,,,,,,,,,,,,,,,,,,,,,,,,,,,,
,Option,Pain + viande,Toscane,,,1.2,1.2,,,,,,,,,,,,,,,,,,,,,,,,,,,,
,Option,Pain + viande,Vinaigrette,,,1.2,1.2,,,,,,,,,,,,,,,,,,,,,,,,,,,,
,Option,Pain + viande,Mayonnaise truffe,,,1.2,1.2,,,,,,,,,,,,,,,,,,,,,,,,,,,,
,Option,Pain + viande,Jammie,,,1.2,1.2,,,,,,,,,,,,,,,,,,,,,,,,,,,,
,Option,Pain + viande,Cheas'y,,,1.2,1.2,,,,,,,,,,,,,,,,,,,,,,,,,,,,
,Option,Pain + viande,Dallas,,,1.2,1.2,,,,,,,,,,,,,,,,,,,,,,,,,,,,
,ITEM,Pain + viande,Pain boulette nature,,Choix sauce = sauce dans le pain / Choix extra sauce = sauce en plus dans un pot. Si vous souhaitez 2 sauces mélangée : choisir une sauce et écrire la deuxième sauce en commentaire.,6.9,6.9,,,,,,,,,,,,,,,,,,,,,,,,,,,,
,Option-Group,Pain + viande,Choix sauce (obligatoire),,,,,,,,,,,,,,,,,,,,,,,,,,,,,,,,
,Option,Pain + viande,Sans sauce,,,0,0,,,,,,,,,,,,,,,,,,,,,,,,,,,,
,Option,Pain + viande,Algérienne,,,0,0,,,,,,,,,,,,,,,,,,,,,,,,,,,,
,Option,Pain + viande,Américaine,,,0,0,,,,,,,,,,,,,,,,,,,,,,,,,,,,
,Option,Pain + viande,Américaine forte,,,0,0,,,,,,,,,,,,,,,,,,,,,,,,,,,,
,Option,Pain + viande,Américaine légère,,,0,0,,,,,,,,,,,,,,,,,,,,,,,,,,,,
,Option,Pain + viande,Andalouse,,,0,0,,,,,,,,,,,,,,,,,,,,,,,,,,,,
,Option,Pain + viande,Barbecue,,,0,0,,,,,,,,,,,,,,,,,,,,,,,,,,,,
,Option,Pain + viande,Béarnaise,,,0,0,,,,,,,,,,,,,,,,,,,,,,,,,,,,
,Option,Pain + viande,Bicky burger,,,0,0,,,,,,,,,,,,,,,,,,,,,,,,,,,,
,Option,Pain + viande,Brazil,,,0,0,,,,,,,,,,,,,,,,,,,,,,,,,,,,
,Option,Pain + viande,Cocktail,,,0,0,,,,,,,,,,,,,,,,,,,,,,,,,,,,
,Option,Pain + viande,Curry ketchup,,,0,0,,,,,,,,,,,,,,,,,,,,,,,,,,,,
,Option,Pain + viande,Géante,,,0,0,,,,,,,,,,,,,,,,,,,,,,,,,,,,
,Option,Pain + viande,Hawaï,,,0,0,,,,,,,,,,,,,,,,,,,,,,,,,,,,
,Option,Pain + viande,Ketchup,,,0,0,,,,,,,,,,,,,,,,,,,,,,,,,,,,
,Option,Pain + viande,Loempia,,,0,0,,,,,,,,,,,,,,,,,,,,,,,,,,,,
,Option,Pain + viande,Manalouse,,,0,0,,,,,,,,,,,,,,,,,,,,,,,,,,,,
,Option,Pain + viande,Mayonnaise,,,0,0,,,,,,,,,,,,,,,,,,,,,,,,,,,,
,Option,Pain + viande,Moutarde,,,0,0,,,,,,,,,,,,,,,,,,,,,,,,,,,,
,Option,Pain + viande,Pitta à l'ail,,,0,0,,,,,,,,,,,,,,,,,,,,,,,,,,,,
,Option,Pain + viande,Poivre,,,0,0,,,,,,,,,,,,,,,,,,,,,,,,,,,,
,Option,Pain + viande,Provençale,,,0,0,,,,,,,,,,,,,,,,,,,,,,,,,,,,
,Option,Pain + viande,Riche,,,0,0,,,,,,,,,,,,,,,,,,,,,,,,,,,,
,Option,Pain + viande,Samouraï,,,0,0,,,,,,,,,,,,,,,,,,,,,,,,,,,,
,Option,Pain + viande,Tartare,,,0,0,,,,,,,,,,,,,,,,,,,,,,,,,,,,
,Option,Pain + viande,Tomagrec,,,0,0,,,,,,,,,,,,,,,,,,,,,,,,,,,,
,Option,Pain + viande,Toscane,,,0,0,,,,,,,,,,,,,,,,,,,,,,,,,,,,
,Option,Pain + viande,Vinaigrette,,,0,0,,,,,,,,,,,,,,,,,,,,,,,,,,,,
,Option,Pain + viande,Mayonnaise truffe,,,0,0,,,,,,,,,,,,,,,,,,,,,,,,,,,,
,Option,Pain + viande,Jammie,,,0,0,,,,,,,,,,,,,,,,,,,,,,,,,,,,
,Option,Pain + viande,Cheas'y,,,0,0,,,,,,,,,,,,,,,,,,,,,,,,,,,,
,Option,Pain + viande,Dallas,,,0,0,,,,,,,,,,,,,,,,,,,,,,,,,,,,
,Option-Group,Pain + viande,Choix crudités (facultatif),,,,,,,,,,,,,,,,,,,,,,,,,,,,,,,,
,Option,Pain + viande,Sans crudités,,,0,0,,,,,,,,,,,,,,,,,,,,,,,,,,,,
,Option,Pain + viande,Carotte,,,0.1,0.1,,,,,,,,,,,,,,,,,,,,,,,,,,,,
,Option,Pain + viande,Chou blanc,,,0.1,0.1,,,,,,,,,,,,,,,,,,,,,,,,,,,,
,Option,Pain + viande,Cornichon,,,0.1,0.1,,,,,,,,,,,,,,,,,,,,,,,,,,,,
,Option,Pain + viande,Maïs,,,0.1,0.1,,,,,,,,,,,,,,,,,,,,,,,,,,,,
,Option,Pain + viande,Oignons rouges,,,0.1,0.1,,,,,,,,,,,,,,,,,,,,,,,,,,,,
,Option,Pain + viande,Salade verte,,,0.1,0.1,,,,,,,,,,,,,,,,,,,,,,,,,,,,
,Option,Pain + viande,Tomates,,,0.1,0.1,,,,,,,,,,,,,,,,,,,,,,,,,,,,
,Option-Group,Pain + viande,Choix extra cheese (facultatif),,,,,,,,,,,,,,,,,,,,,,,,,,,,,,,,
,Option,Pain + viande,Feta,,,0.9,0.9,,,,,,,,,,,,,,,,,,,,,,,,,,,,
,Option,Pain + viande,Cheese,,,0.7,0.7,,,,,,,,,,,,,,,,,,,,,,,,,,,,
,Option-Group,Pain + viande,Choix extra sauces (facultatif),,,,,,,,,,,,,,,,,,,,,,,,,,,,,,,,
,Option,Pain + viande,Algérienne,,,0,0,,,,,,,,,,,,,,,,,,,,,,,,,,,,
,Option,Pain + viande,Américaine,,,1.2,1.2,,,,,,,,,,,,,,,,,,,,,,,,,,,,
,Option,Pain + viande,Américaine forte,,,1.2,1.2,,,,,,,,,,,,,,,,,,,,,,,,,,,,
,Option,Pain + viande,Américaine légère,,,1.2,1.2,,,,,,,,,,,,,,,,,,,,,,,,,,,,
,Option,Pain + viande,Andalouse,,,1.2,1.2,,,,,,,,,,,,,,,,,,,,,,,,,,,,
,Option,Pain + viande,Barbecue,,,1.2,1.2,,,,,,,,,,,,,,,,,,,,,,,,,,,,
,Option,Pain + viande,Béarnaise,,,1.2,1.2,,,,,,,,,,,,,,,,,,,,,,,,,,,,
,Option,Pain + viande,Bicky burger,,,1.2,1.2,,,,,,,,,,,,,,,,,,,,,,,,,,,,
,Option,Pain + viande,Brazil,,,1.2,1.2,,,,,,,,,,,,,,,,,,,,,,,,,,,,
,Option,Pain + viande,Cocktail,,,1.2,1.2,,,,,,,,,,,,,,,,,,,,,,,,,,,,
,Option,Pain + viande,Curry ketchup,,,1.2,1.2,,,,,,,,,,,,,,,,,,,,,,,,,,,,
,Option,Pain + viande,Géante,,,1.2,1.2,,,,,,,,,,,,,,,,,,,,,,,,,,,,
,Option,Pain + viande,Hawaï,,,1.2,1.2,,,,,,,,,,,,,,,,,,,,,,,,,,,,
,Option,Pain + viande,Ketchup,,,1.2,1.2,,,,,,,,,,,,,,,,,,,,,,,,,,,,
,Option,Pain + viande,Loempia,,,1.2,1.2,,,,,,,,,,,,,,,,,,,,,,,,,,,,
,Option,Pain + viande,Manalouse,,,1.2,1.2,,,,,,,,,,,,,,,,,,,,,,,,,,,,
,Option,Pain + viande,Mayonnaise,,,1.2,1.2,,,,,,,,,,,,,,,,,,,,,,,,,,,,
,Option,Pain + viande,Moutarde,,,1.2,1.2,,,,,,,,,,,,,,,,,,,,,,,,,,,,
,Option,Pain + viande,Pitta à l'ail,,,1.2,1.2,,,,,,,,,,,,,,,,,,,,,,,,,,,,
,Option,Pain + viande,Poivre,,,1.2,1.2,,,,,,,,,,,,,,,,,,,,,,,,,,,,
,Option,Pain + viande,Provençale,,,1.2,1.2,,,,,,,,,,,,,,,,,,,,,,,,,,,,
,Option,Pain + viande,Riche,,,1.2,1.2,,,,,,,,,,,,,,,,,,,,,,,,,,,,
,Option,Pain + viande,Samouraï,,,1.2,1.2,,,,,,,,,,,,,,,,,,,,,,,,,,,,
,Option,Pain + viande,Tartare,,,1.2,1.2,,,,,,,,,,,,,,,,,,,,,,,,,,,,
,Option,Pain + viande,Tomagrec,,,1.2,1.2,,,,,,,,,,,,,,,,,,,,,,,,,,,,
,Option,Pain + viande,Toscane,,,1.2,1.2,,,,,,,,,,,,,,,,,,,,,,,,,,,,
,Option,Pain + viande,Vinaigrette,,,1.2,1.2,,,,,,,,,,,,,,,,,,,,,,,,,,,,
,Option,Pain + viande,Mayonnaise truffe,,,1.2,1.2,,,,,,,,,,,,,,,,,,,,,,,,,,,,
,Option,Pain + viande,Jammie,,,1.2,1.2,,,,,,,,,,,,,,,,,,,,,,,,,,,,
,Option,Pain + viande,Cheas'y,,,1.2,1.2,,,,,,,,,,,,,,,,,,,,,,,,,,,,
,Option,Pain + viande,Dallas,,,1.2,1.2,,,,,,,,,,,,,,,,,,,,,,,,,,,,
,ITEM,Pain + viande,Pain boulette rôtie,,Choix sauce = sauce dans le pain / Choix extra sauce = sauce en plus dans un pot. Si vous souhaitez 2 sauces mélangée : choisir une sauce et écrire la deuxième sauce en commentaire.,8.1,8.1,,,,,,,,,,,,,,,,,,,,,,,,,,,,
,Option-Group,Pain + viande,Choix sauce (obligatoire),,,,,,,,,,,,,,,,,,,,,,,,,,,,,,,,
,Option,Pain + viande,Sans sauce,,,0,0,,,,,,,,,,,,,,,,,,,,,,,,,,,,
,Option,Pain + viande,Algérienne,,,0,0,,,,,,,,,,,,,,,,,,,,,,,,,,,,
,Option,Pain + viande,Américaine,,,0,0,,,,,,,,,,,,,,,,,,,,,,,,,,,,
,Option,Pain + viande,Américaine forte,,,0,0,,,,,,,,,,,,,,,,,,,,,,,,,,,,
,Option,Pain + viande,Américaine légère,,,0,0,,,,,,,,,,,,,,,,,,,,,,,,,,,,
,Option,Pain + viande,Andalouse,,,0,0,,,,,,,,,,,,,,,,,,,,,,,,,,,,
,Option,Pain + viande,Barbecue,,,0,0,,,,,,,,,,,,,,,,,,,,,,,,,,,,
,Option,Pain + viande,Béarnaise,,,0,0,,,,,,,,,,,,,,,,,,,,,,,,,,,,
,Option,Pain + viande,Bicky burger,,,0,0,,,,,,,,,,,,,,,,,,,,,,,,,,,,
,Option,Pain + viande,Brazil,,,0,0,,,,,,,,,,,,,,,,,,,,,,,,,,,,
,Option,Pain + viande,Cocktail,,,0,0,,,,,,,,,,,,,,,,,,,,,,,,,,,,
,Option,Pain + viande,Curry ketchup,,,0,0,,,,,,,,,,,,,,,,,,,,,,,,,,,,
,Option,Pain + viande,Géante,,,0,0,,,,,,,,,,,,,,,,,,,,,,,,,,,,
,Option,Pain + viande,Hawaï,,,0,0,,,,,,,,,,,,,,,,,,,,,,,,,,,,
,Option,Pain + viande,Ketchup,,,0,0,,,,,,,,,,,,,,,,,,,,,,,,,,,,
,Option,Pain + viande,Loempia,,,0,0,,,,,,,,,,,,,,,,,,,,,,,,,,,,
,Option,Pain + viande,Manalouse,,,0,0,,,,,,,,,,,,,,,,,,,,,,,,,,,,
,Option,Pain + viande,Mayonnaise,,,0,0,,,,,,,,,,,,,,,,,,,,,,,,,,,,
,Option,Pain + viande,Moutarde,,,0,0,,,,,,,,,,,,,,,,,,,,,,,,,,,,
,Option,Pain + viande,Pitta à l'ail,,,0,0,,,,,,,,,,,,,,,,,,,,,,,,,,,,
,Option,Pain + viande,Poivre,,,0,0,,,,,,,,,,,,,,,,,,,,,,,,,,,,
,Option,Pain + viande,Provençale,,,0,0,,,,,,,,,,,,,,,,,,,,,,,,,,,,
,Option,Pain + viande,Riche,,,0,0,,,,,,,,,,,,,,,,,,,,,,,,,,,,
,Option,Pain + viande,Samouraï,,,0,0,,,,,,,,,,,,,,,,,,,,,,,,,,,,
,Option,Pain + viande,Tartare,,,0,0,,,,,,,,,,,,,,,,,,,,,,,,,,,,
,Option,Pain + viande,Tomagrec,,,0,0,,,,,,,,,,,,,,,,,,,,,,,,,,,,
,Option,Pain + viande,Toscane,,,0,0,,,,,,,,,,,,,,,,,,,,,,,,,,,,
,Option,Pain + viande,Vinaigrette,,,0,0,,,,,,,,,,,,,,,,,,,,,,,,,,,,
,Option,Pain + viande,Mayonnaise truffe,,,0,0,,,,,,,,,,,,,,,,,,,,,,,,,,,,
,Option,Pain + viande,Jammie,,,0,0,,,,,,,,,,,,,,,,,,,,,,,,,,,,
,Option,Pain + viande,Cheas'y,,,0,0,,,,,,,,,,,,,,,,,,,,,,,,,,,,
,Option,Pain + viande,Dallas,,,0,0,,,,,,,,,,,,,,,,,,,,,,,,,,,,
,Option-Group,Pain + viande,Choix crudités (facultatif),,,,,,,,,,,,,,,,,,,,,,,,,,,,,,,,
,Option,Pain + viande,Sans crudités,,,0,0,,,,,,,,,,,,,,,,,,,,,,,,,,,,
,Option,Pain + viande,Carotte,,,0.1,0.1,,,,,,,,,,,,,,,,,,,,,,,,,,,,
,Option,Pain + viande,Chou blanc,,,0.1,0.1,,,,,,,,,,,,,,,,,,,,,,,,,,,,
,Option,Pain + viande,Cornichon,,,0.1,0.1,,,,,,,,,,,,,,,,,,,,,,,,,,,,
,Option,Pain + viande,Maïs,,,0.1,0.1,,,,,,,,,,,,,,,,,,,,,,,,,,,,
,Option,Pain + viande,Oignons rouges,,,0.1,0.1,,,,,,,,,,,,,,,,,,,,,,,,,,,,
,Option,Pain + viande,Salade verte,,,0.1,0.1,,,,,,,,,,,,,,,,,,,,,,,,,,,,
,Option,Pain + viande,Tomates,,,0.1,0.1,,,,,,,,,,,,,,,,,,,,,,,,,,,,
,Option-Group,Pain + viande,Choix extra cheese (facultatif),,,,,,,,,,,,,,,,,,,,,,,,,,,,,,,,
,Option,Pain + viande,Feta,,,0.9,0.9,,,,,,,,,,,,,,,,,,,,,,,,,,,,
,Option,Pain + viande,Cheese,,,0.7,0.7,,,,,,,,,,,,,,,,,,,,,,,,,,,,
,Option-Group,Pain + viande,Choix extra sauces (facultatif),,,,,,,,,,,,,,,,,,,,,,,,,,,,,,,,
,Option,Pain + viande,Algérienne,,,0,0,,,,,,,,,,,,,,,,,,,,,,,,,,,,
,Option,Pain + viande,Américaine,,,1.2,1.2,,,,,,,,,,,,,,,,,,,,,,,,,,,,
,Option,Pain + viande,Américaine forte,,,1.2,1.2,,,,,,,,,,,,,,,,,,,,,,,,,,,,
,Option,Pain + viande,Américaine légère,,,1.2,1.2,,,,,,,,,,,,,,,,,,,,,,,,,,,,
,Option,Pain + viande,Andalouse,,,1.2,1.2,,,,,,,,,,,,,,,,,,,,,,,,,,,,
,Option,Pain + viande,Barbecue,,,1.2,1.2,,,,,,,,,,,,,,,,,,,,,,,,,,,,
,Option,Pain + viande,Béarnaise,,,1.2,1.2,,,,,,,,,,,,,,,,,,,,,,,,,,,,
,Option,Pain + viande,Bicky burger,,,1.2,1.2,,,,,,,,,,,,,,,,,,,,,,,,,,,,
,Option,Pain + viande,Brazil,,,1.2,1.2,,,,,,,,,,,,,,,,,,,,,,,,,,,,
,Option,Pain + viande,Cocktail,,,1.2,1.2,,,,,,,,,,,,,,,,,,,,,,,,,,,,
,Option,Pain + viande,Curry ketchup,,,1.2,1.2,,,,,,,,,,,,,,,,,,,,,,,,,,,,
,Option,Pain + viande,Géante,,,1.2,1.2,,,,,,,,,,,,,,,,,,,,,,,,,,,,
,Option,Pain + viande,Hawaï,,,1.2,1.2,,,,,,,,,,,,,,,,,,,,,,,,,,,,
,Option,Pain + viande,Ketchup,,,1.2,1.2,,,,,,,,,,,,,,,,,,,,,,,,,,,,
,Option,Pain + viande,Loempia,,,1.2,1.2,,,,,,,,,,,,,,,,,,,,,,,,,,,,
,Option,Pain + viande,Manalouse,,,1.2,1.2,,,,,,,,,,,,,,,,,,,,,,,,,,,,
,Option,Pain + viande,Mayonnaise,,,1.2,1.2,,,,,,,,,,,,,,,,,,,,,,,,,,,,
,Option,Pain + viande,Moutarde,,,1.2,1.2,,,,,,,,,,,,,,,,,,,,,,,,,,,,
,Option,Pain + viande,Pitta à l'ail,,,1.2,1.2,,,,,,,,,,,,,,,,,,,,,,,,,,,,
,Option,Pain + viande,Poivre,,,1.2,1.2,,,,,,,,,,,,,,,,,,,,,,,,,,,,
,Option,Pain + viande,Provençale,,,1.2,1.2,,,,,,,,,,,,,,,,,,,,,,,,,,,,
,Option,Pain + viande,Riche,,,1.2,1.2,,,,,,,,,,,,,,,,,,,,,,,,,,,,
,Option,Pain + viande,Samouraï,,,1.2,1.2,,,,,,,,,,,,,,,,,,,,,,,,,,,,
,Option,Pain + viande,Tartare,,,1.2,1.2,,,,,,,,,,,,,,,,,,,,,,,,,,,,
,Option,Pain + viande,Tomagrec,,,1.2,1.2,,,,,,,,,,,,,,,,,,,,,,,,,,,,
,Option,Pain + viande,Toscane,,,1.2,1.2,,,,,,,,,,,,,,,,,,,,,,,,,,,,
,Option,Pain + viande,Vinaigrette,,,1.2,1.2,,,,,,,,,,,,,,,,,,,,,,,,,,,,
,Option,Pain + viande,Mayonnaise truffe,,,1.2,1.2,,,,,,,,,,,,,,,,,,,,,,,,,,,,
,Option,Pain + viande,Jammie,,,1.2,1.2,,,,,,,,,,,,,,,,,,,,,,,,,,,,
,Option,Pain + viande,Cheas'y,,,1.2,1.2,,,,,,,,,,,,,,,,,,,,,,,,,,,,
,Option,Pain + viande,Dallas,,,1.2,1.2,,,,,,,,,,,,,,,,,,,,,,,,,,,,
,ITEM,Pain + viande,Pain boulette à l'ail,,Choix sauce = sauce dans le pain / Choix extra sauce = sauce en plus dans un pot. Si vous souhaitez 2 sauces mélangée : choisir une sauce et écrire la deuxième sauce en commentaire.,7.2,7.2,,,,,,,,,,,,,,,,,,,,,,,,,,,,
,Option-Group,Pain + viande,Choix sauce (obligatoire),,,,,,,,,,,,,,,,,,,,,,,,,,,,,,,,
,Option,Pain + viande,Sans sauce,,,0,0,,,,,,,,,,,,,,,,,,,,,,,,,,,,
,Option,Pain + viande,Algérienne,,,0,0,,,,,,,,,,,,,,,,,,,,,,,,,,,,
,Option,Pain + viande,Américaine,,,0,0,,,,,,,,,,,,,,,,,,,,,,,,,,,,
,Option,Pain + viande,Américaine forte,,,0,0,,,,,,,,,,,,,,,,,,,,,,,,,,,,
,Option,Pain + viande,Américaine légère,,,0,0,,,,,,,,,,,,,,,,,,,,,,,,,,,,
,Option,Pain + viande,Andalouse,,,0,0,,,,,,,,,,,,,,,,,,,,,,,,,,,,
,Option,Pain + viande,Barbecue,,,0,0,,,,,,,,,,,,,,,,,,,,,,,,,,,,
,Option,Pain + viande,Béarnaise,,,0,0,,,,,,,,,,,,,,,,,,,,,,,,,,,,
,Option,Pain + viande,Bicky burger,,,0,0,,,,,,,,,,,,,,,,,,,,,,,,,,,,
,Option,Pain + viande,Brazil,,,0,0,,,,,,,,,,,,,,,,,,,,,,,,,,,,
,Option,Pain + viande,Cocktail,,,0,0,,,,,,,,,,,,,,,,,,,,,,,,,,,,
,Option,Pain + viande,Curry ketchup,,,0,0,,,,,,,,,,,,,,,,,,,,,,,,,,,,
,Option,Pain + viande,Géante,,,0,0,,,,,,,,,,,,,,,,,,,,,,,,,,,,
,Option,Pain + viande,Hawaï,,,0,0,,,,,,,,,,,,,,,,,,,,,,,,,,,,
,Option,Pain + viande,Ketchup,,,0,0,,,,,,,,,,,,,,,,,,,,,,,,,,,,
,Option,Pain + viande,Loempia,,,0,0,,,,,,,,,,,,,,,,,,,,,,,,,,,,
,Option,Pain + viande,Manalouse,,,0,0,,,,,,,,,,,,,,,,,,,,,,,,,,,,
,Option,Pain + viande,Mayonnaise,,,0,0,,,,,,,,,,,,,,,,,,,,,,,,,,,,
,Option,Pain + viande,Moutarde,,,0,0,,,,,,,,,,,,,,,,,,,,,,,,,,,,
,Option,Pain + viande,Pitta à l'ail,,,0,0,,,,,,,,,,,,,,,,,,,,,,,,,,,,
,Option,Pain + viande,Poivre,,,0,0,,,,,,,,,,,,,,,,,,,,,,,,,,,,
,Option,Pain + viande,Provençale,,,0,0,,,,,,,,,,,,,,,,,,,,,,,,,,,,
,Option,Pain + viande,Riche,,,0,0,,,,,,,,,,,,,,,,,,,,,,,,,,,,
,Option,Pain + viande,Samouraï,,,0,0,,,,,,,,,,,,,,,,,,,,,,,,,,,,
,Option,Pain + viande,Tartare,,,0,0,,,,,,,,,,,,,,,,,,,,,,,,,,,,
,Option,Pain + viande,Tomagrec,,,0,0,,,,,,,,,,,,,,,,,,,,,,,,,,,,
,Option,Pain + viande,Toscane,,,0,0,,,,,,,,,,,,,,,,,,,,,,,,,,,,
,Option,Pain + viande,Vinaigrette,,,0,0,,,,,,,,,,,,,,,,,,,,,,,,,,,,
,Option,Pain + viande,Mayonnaise truffe,,,0,0,,,,,,,,,,,,,,,,,,,,,,,,,,,,
,Option,Pain + viande,Jammie,,,0,0,,,,,,,,,,,,,,,,,,,,,,,,,,,,
,Option,Pain + viande,Cheas'y,,,0,0,,,,,,,,,,,,,,,,,,,,,,,,,,,,
,Option,Pain + viande,Dallas,,,0,0,,,,,,,,,,,,,,,,,,,,,,,,,,,,
,Option-Group,Pain + viande,Choix crudités (facultatif),,,,,,,,,,,,,,,,,,,,,,,,,,,,,,,,
,Option,Pain + viande,Sans crudités,,,0,0,,,,,,,,,,,,,,,,,,,,,,,,,,,,
,Option,Pain + viande,Carotte,,,0.1,0.1,,,,,,,,,,,,,,,,,,,,,,,,,,,,
,Option,Pain + viande,Chou blanc,,,0.1,0.1,,,,,,,,,,,,,,,,,,,,,,,,,,,,
,Option,Pain + viande,Cornichon,,,0.1,0.1,,,,,,,,,,,,,,,,,,,,,,,,,,,,
,Option,Pain + viande,Maïs,,,0.1,0.1,,,,,,,,,,,,,,,,,,,,,,,,,,,,
,Option,Pain + viande,Oignons rouges,,,0.1,0.1,,,,,,,,,,,,,,,,,,,,,,,,,,,,
,Option,Pain + viande,Salade verte,,,0.1,0.1,,,,,,,,,,,,,,,,,,,,,,,,,,,,
,Option,Pain + viande,Tomates,,,0.1,0.1,,,,,,,,,,,,,,,,,,,,,,,,,,,,
,Option-Group,Pain + viande,Choix extra cheese (facultatif),,,,,,,,,,,,,,,,,,,,,,,,,,,,,,,,
,Option,Pain + viande,Feta,,,0.9,0.9,,,,,,,,,,,,,,,,,,,,,,,,,,,,
,Option,Pain + viande,Cheese,,,0.7,0.7,,,,,,,,,,,,,,,,,,,,,,,,,,,,
,Option-Group,Pain + viande,Choix extra sauces (facultatif),,,,,,,,,,,,,,,,,,,,,,,,,,,,,,,,
,Option,Pain + viande,Algérienne,,,0,0,,,,,,,,,,,,,,,,,,,,,,,,,,,,
,Option,Pain + viande,Américaine,,,1.2,1.2,,,,,,,,,,,,,,,,,,,,,,,,,,,,
,Option,Pain + viande,Américaine forte,,,1.2,1.2,,,,,,,,,,,,,,,,,,,,,,,,,,,,
,Option,Pain + viande,Américaine légère,,,1.2,1.2,,,,,,,,,,,,,,,,,,,,,,,,,,,,
,Option,Pain + viande,Andalouse,,,1.2,1.2,,,,,,,,,,,,,,,,,,,,,,,,,,,,
,Option,Pain + viande,Barbecue,,,1.2,1.2,,,,,,,,,,,,,,,,,,,,,,,,,,,,
,Option,Pain + viande,Béarnaise,,,1.2,1.2,,,,,,,,,,,,,,,,,,,,,,,,,,,,
,Option,Pain + viande,Bicky burger,,,1.2,1.2,,,,,,,,,,,,,,,,,,,,,,,,,,,,
,Option,Pain + viande,Brazil,,,1.2,1.2,,,,,,,,,,,,,,,,,,,,,,,,,,,,
,Option,Pain + viande,Cocktail,,,1.2,1.2,,,,,,,,,,,,,,,,,,,,,,,,,,,,
,Option,Pain + viande,Curry ketchup,,,1.2,1.2,,,,,,,,,,,,,,,,,,,,,,,,,,,,
,Option,Pain + viande,Géante,,,1.2,1.2,,,,,,,,,,,,,,,,,,,,,,,,,,,,
,Option,Pain + viande,Hawaï,,,1.2,1.2,,,,,,,,,,,,,,,,,,,,,,,,,,,,
,Option,Pain + viande,Ketchup,,,1.2,1.2,,,,,,,,,,,,,,,,,,,,,,,,,,,,
,Option,Pain + viande,Loempia,,,1.2,1.2,,,,,,,,,,,,,,,,,,,,,,,,,,,,
,Option,Pain + viande,Manalouse,,,1.2,1.2,,,,,,,,,,,,,,,,,,,,,,,,,,,,
,Option,Pain + viande,Mayonnaise,,,1.2,1.2,,,,,,,,,,,,,,,,,,,,,,,,,,,,
,Option,Pain + viande,Moutarde,,,1.2,1.2,,,,,,,,,,,,,,,,,,,,,,,,,,,,
,Option,Pain + viande,Pitta à l'ail,,,1.2,1.2,,,,,,,,,,,,,,,,,,,,,,,,,,,,
,Option,Pain + viande,Poivre,,,1.2,1.2,,,,,,,,,,,,,,,,,,,,,,,,,,,,
,Option,Pain + viande,Provençale,,,1.2,1.2,,,,,,,,,,,,,,,,,,,,,,,,,,,,
,Option,Pain + viande,Riche,,,1.2,1.2,,,,,,,,,,,,,,,,,,,,,,,,,,,,
,Option,Pain + viande,Samouraï,,,1.2,1.2,,,,,,,,,,,,,,,,,,,,,,,,,,,,
,Option,Pain + viande,Tartare,,,1.2,1.2,,,,,,,,,,,,,,,,,,,,,,,,,,,,
,Option,Pain + viande,Tomagrec,,,1.2,1.2,,,,,,,,,,,,,,,,,,,,,,,,,,,,
,Option,Pain + viande,Toscane,,,1.2,1.2,,,,,,,,,,,,,,,,,,,,,,,,,,,,
,Option,Pain + viande,Vinaigrette,,,1.2,1.2,,,,,,,,,,,,,,,,,,,,,,,,,,,,
,Option,Pain + viande,Mayonnaise truffe,,,1.2,1.2,,,,,,,,,,,,,,,,,,,,,,,,,,,,
,Option,Pain + viande,Jammie,,,1.2,1.2,,,,,,,,,,,,,,,,,,,,,,,,,,,,
,Option,Pain + viande,Cheas'y,,,1.2,1.2,,,,,,,,,,,,,,,,,,,,,,,,,,,,
,Option,Pain + viande,Dallas,,,1.2,1.2,,,,,,,,,,,,,,,,,,,,,,,,,,,,
,ITEM,Pain + viande,Pain brochette classique,,Choix sauce = sauce dans le pain / Choix extra sauce = sauce en plus dans un pot. Si vous souhaitez 2 sauces mélangée : choisir une sauce et écrire la deuxième sauce en commentaire.,8.1,8.1,,,,,,,,,,,,,,,,,,,,,,,,,,,,
,Option-Group,Pain + viande,Choix sauce (obligatoire),,,,,,,,,,,,,,,,,,,,,,,,,,,,,,,,
,Option,Pain + viande,Sans sauce,,,0,0,,,,,,,,,,,,,,,,,,,,,,,,,,,,
,Option,Pain + viande,Algérienne,,,0,0,,,,,,,,,,,,,,,,,,,,,,,,,,,,
,Option,Pain + viande,Américaine,,,0,0,,,,,,,,,,,,,,,,,,,,,,,,,,,,
,Option,Pain + viande,Américaine forte,,,0,0,,,,,,,,,,,,,,,,,,,,,,,,,,,,
,Option,Pain + viande,Américaine légère,,,0,0,,,,,,,,,,,,,,,,,,,,,,,,,,,,
,Option,Pain + viande,Andalouse,,,0,0,,,,,,,,,,,,,,,,,,,,,,,,,,,,
,Option,Pain + viande,Barbecue,,,0,0,,,,,,,,,,,,,,,,,,,,,,,,,,,,
,Option,Pain + viande,Béarnaise,,,0,0,,,,,,,,,,,,,,,,,,,,,,,,,,,,
,Option,Pain + viande,Bicky burger,,,0,0,,,,,,,,,,,,,,,,,,,,,,,,,,,,
,Option,Pain + viande,Brazil,,,0,0,,,,,,,,,,,,,,,,,,,,,,,,,,,,
,Option,Pain + viande,Cocktail,,,0,0,,,,,,,,,,,,,,,,,,,,,,,,,,,,
,Option,Pain + viande,Curry ketchup,,,0,0,,,,,,,,,,,,,,,,,,,,,,,,,,,,
,Option,Pain + viande,Géante,,,0,0,,,,,,,,,,,,,,,,,,,,,,,,,,,,
,Option,Pain + viande,Hawaï,,,0,0,,,,,,,,,,,,,,,,,,,,,,,,,,,,
,Option,Pain + viande,Ketchup,,,0,0,,,,,,,,,,,,,,,,,,,,,,,,,,,,
,Option,Pain + viande,Loempia,,,0,0,,,,,,,,,,,,,,,,,,,,,,,,,,,,
,Option,Pain + viande,Manalouse,,,0,0,,,,,,,,,,,,,,,,,,,,,,,,,,,,
,Option,Pain + viande,Mayonnaise,,,0,0,,,,,,,,,,,,,,,,,,,,,,,,,,,,
,Option,Pain + viande,Moutarde,,,0,0,,,,,,,,,,,,,,,,,,,,,,,,,,,,
,Option,Pain + viande,Pitta à l'ail,,,0,0,,,,,,,,,,,,,,,,,,,,,,,,,,,,
,Option,Pain + viande,Poivre,,,0,0,,,,,,,,,,,,,,,,,,,,,,,,,,,,
,Option,Pain + viande,Provençale,,,0,0,,,,,,,,,,,,,,,,,,,,,,,,,,,,
,Option,Pain + viande,Riche,,,0,0,,,,,,,,,,,,,,,,,,,,,,,,,,,,
,Option,Pain + viande,Samouraï,,,0,0,,,,,,,,,,,,,,,,,,,,,,,,,,,,
,Option,Pain + viande,Tartare,,,0,0,,,,,,,,,,,,,,,,,,,,,,,,,,,,
,Option,Pain + viande,Tomagrec,,,0,0,,,,,,,,,,,,,,,,,,,,,,,,,,,,
,Option,Pain + viande,Toscane,,,0,0,,,,,,,,,,,,,,,,,,,,,,,,,,,,
,Option,Pain + viande,Vinaigrette,,,0,0,,,,,,,,,,,,,,,,,,,,,,,,,,,,
,Option,Pain + viande,Mayonnaise truffe,,,0,0,,,,,,,,,,,,,,,,,,,,,,,,,,,,
,Option,Pain + viande,Jammie,,,0,0,,,,,,,,,,,,,,,,,,,,,,,,,,,,
,Option,Pain + viande,Cheas'y,,,0,0,,,,,,,,,,,,,,,,,,,,,,,,,,,,
,Option,Pain + viande,Dallas,,,0,0,,,,,,,,,,,,,,,,,,,,,,,,,,,,
,Option-Group,Pain + viande,Choix crudités (facultatif),,,,,,,,,,,,,,,,,,,,,,,,,,,,,,,,
,Option,Pain + viande,Sans crudités,,,0,0,,,,,,,,,,,,,,,,,,,,,,,,,,,,
,Option,Pain + viande,Carotte,,,0.1,0.1,,,,,,,,,,,,,,,,,,,,,,,,,,,,
,Option,Pain + viande,Chou blanc,,,0.1,0.1,,,,,,,,,,,,,,,,,,,,,,,,,,,,
,Option,Pain + viande,Cornichon,,,0.1,0.1,,,,,,,,,,,,,,,,,,,,,,,,,,,,
,Option,Pain + viande,Maïs,,,0.1,0.1,,,,,,,,,,,,,,,,,,,,,,,,,,,,
,Option,Pain + viande,Oignons rouges,,,0.1,0.1,,,,,,,,,,,,,,,,,,,,,,,,,,,,
,Option,Pain + viande,Salade verte,,,0.1,0.1,,,,,,,,,,,,,,,,,,,,,,,,,,,,
,Option,Pain + viande,Tomates,,,0.1,0.1,,,,,,,,,,,,,,,,,,,,,,,,,,,,
,Option-Group,Pain + viande,Choix extra cheese (facultatif),,,,,,,,,,,,,,,,,,,,,,,,,,,,,,,,
,Option,Pain + viande,Feta,,,0.9,0.9,,,,,,,,,,,,,,,,,,,,,,,,,,,,
,Option,Pain + viande,Cheese,,,0.7,0.7,,,,,,,,,,,,,,,,,,,,,,,,,,,,
,Option-Group,Pain + viande,Choix extra sauces (facultatif),,,,,,,,,,,,,,,,,,,,,,,,,,,,,,,,
,Option,Pain + viande,Algérienne,,,0,0,,,,,,,,,,,,,,,,,,,,,,,,,,,,
,Option,Pain + viande,Américaine,,,1.2,1.2,,,,,,,,,,,,,,,,,,,,,,,,,,,,
,Option,Pain + viande,Américaine forte,,,1.2,1.2,,,,,,,,,,,,,,,,,,,,,,,,,,,,
,Option,Pain + viande,Américaine légère,,,1.2,1.2,,,,,,,,,,,,,,,,,,,,,,,,,,,,
,Option,Pain + viande,Andalouse,,,1.2,1.2,,,,,,,,,,,,,,,,,,,,,,,,,,,,
,Option,Pain + viande,Barbecue,,,1.2,1.2,,,,,,,,,,,,,,,,,,,,,,,,,,,,
,Option,Pain + viande,Béarnaise,,,1.2,1.2,,,,,,,,,,,,,,,,,,,,,,,,,,,,
,Option,Pain + viande,Bicky burger,,,1.2,1.2,,,,,,,,,,,,,,,,,,,,,,,,,,,,
,Option,Pain + viande,Brazil,,,1.2,1.2,,,,,,,,,,,,,,,,,,,,,,,,,,,,
,Option,Pain + viande,Cocktail,,,1.2,1.2,,,,,,,,,,,,,,,,,,,,,,,,,,,,
,Option,Pain + viande,Curry ketchup,,,1.2,1.2,,,,,,,,,,,,,,,,,,,,,,,,,,,,
,Option,Pain + viande,Géante,,,1.2,1.2,,,,,,,,,,,,,,,,,,,,,,,,,,,,
,Option,Pain + viande,Hawaï,,,1.2,1.2,,,,,,,,,,,,,,,,,,,,,,,,,,,,
,Option,Pain + viande,Ketchup,,,1.2,1.2,,,,,,,,,,,,,,,,,,,,,,,,,,,,
,Option,Pain + viande,Loempia,,,1.2,1.2,,,,,,,,,,,,,,,,,,,,,,,,,,,,
,Option,Pain + viande,Manalouse,,,1.2,1.2,,,,,,,,,,,,,,,,,,,,,,,,,,,,
,Option,Pain + viande,Mayonnaise,,,1.2,1.2,,,,,,,,,,,,,,,,,,,,,,,,,,,,
,Option,Pain + viande,Moutarde,,,1.2,1.2,,,,,,,,,,,,,,,,,,,,,,,,,,,,
,Option,Pain + viande,Pitta à l'ail,,,1.2,1.2,,,,,,,,,,,,,,,,,,,,,,,,,,,,
,Option,Pain + viande,Poivre,,,1.2,1.2,,,,,,,,,,,,,,,,,,,,,,,,,,,,
,Option,Pain + viande,Provençale,,,1.2,1.2,,,,,,,,,,,,,,,,,,,,,,,,,,,,
,Option,Pain + viande,Riche,,,1.2,1.2,,,,,,,,,,,,,,,,,,,,,,,,,,,,
,Option,Pain + viande,Samouraï,,,1.2,1.2,,,,,,,,,,,,,,,,,,,,,,,,,,,,
,Option,Pain + viande,Tartare,,,1.2,1.2,,,,,,,,,,,,,,,,,,,,,,,,,,,,
,Option,Pain + viande,Tomagrec,,,1.2,1.2,,,,,,,,,,,,,,,,,,,,,,,,,,,,
,Option,Pain + viande,Toscane,,,1.2,1.2,,,,,,,,,,,,,,,,,,,,,,,,,,,,
,Option,Pain + viande,Vinaigrette,,,1.2,1.2,,,,,,,,,,,,,,,,,,,,,,,,,,,,
,Option,Pain + viande,Mayonnaise truffe,,,1.2,1.2,,,,,,,,,,,,,,,,,,,,,,,,,,,,
,Option,Pain + viande,Jammie,,,1.2,1.2,,,,,,,,,,,,,,,,,,,,,,,,,,,,
,Option,Pain + viande,Cheas'y,,,1.2,1.2,,,,,,,,,,,,,,,,,,,,,,,,,,,,
,Option,Pain + viande,Dallas,,,1.2,1.2,,,,,,,,,,,,,,,,,,,,,,,,,,,,
,ITEM,Pain + viande,Pain brochette provençale,,Choix sauce = sauce dans le pain / Choix extra sauce = sauce en plus dans un pot. Si vous souhaitez 2 sauces mélangée : choisir une sauce et écrire la deuxième sauce en commentaire.,8.6,8.6,,,,,,,,,,,,,,,,,,,,,,,,,,,,
,Option-Group,Pain + viande,Choix sauce (obligatoire),,,,,,,,,,,,,,,,,,,,,,,,,,,,,,,,
,Option,Pain + viande,Sans sauce,,,0,0,,,,,,,,,,,,,,,,,,,,,,,,,,,,
,Option,Pain + viande,Algérienne,,,0,0,,,,,,,,,,,,,,,,,,,,,,,,,,,,
,Option,Pain + viande,Américaine,,,0,0,,,,,,,,,,,,,,,,,,,,,,,,,,,,
,Option,Pain + viande,Américaine forte,,,0,0,,,,,,,,,,,,,,,,,,,,,,,,,,,,
,Option,Pain + viande,Américaine légère,,,0,0,,,,,,,,,,,,,,,,,,,,,,,,,,,,
,Option,Pain + viande,Andalouse,,,0,0,,,,,,,,,,,,,,,,,,,,,,,,,,,,
,Option,Pain + viande,Barbecue,,,0,0,,,,,,,,,,,,,,,,,,,,,,,,,,,,
,Option,Pain + viande,Béarnaise,,,0,0,,,,,,,,,,,,,,,,,,,,,,,,,,,,
,Option,Pain + viande,Bicky burger,,,0,0,,,,,,,,,,,,,,,,,,,,,,,,,,,,
,Option,Pain + viande,Brazil,,,0,0,,,,,,,,,,,,,,,,,,,,,,,,,,,,
,Option,Pain + viande,Cocktail,,,0,0,,,,,,,,,,,,,,,,,,,,,,,,,,,,
,Option,Pain + viande,Curry ketchup,,,0,0,,,,,,,,,,,,,,,,,,,,,,,,,,,,
,Option,Pain + viande,Géante,,,0,0,,,,,,,,,,,,,,,,,,,,,,,,,,,,
,Option,Pain + viande,Hawaï,,,0,0,,,,,,,,,,,,,,,,,,,,,,,,,,,,
,Option,Pain + viande,Ketchup,,,0,0,,,,,,,,,,,,,,,,,,,,,,,,,,,,
,Option,Pain + viande,Loempia,,,0,0,,,,,,,,,,,,,,,,,,,,,,,,,,,,
,Option,Pain + viande,Manalouse,,,0,0,,,,,,,,,,,,,,,,,,,,,,,,,,,,
,Option,Pain + viande,Mayonnaise,,,0,0,,,,,,,,,,,,,,,,,,,,,,,,,,,,
,Option,Pain + viande,Moutarde,,,0,0,,,,,,,,,,,,,,,,,,,,,,,,,,,,
,Option,Pain + viande,Pitta à l'ail,,,0,0,,,,,,,,,,,,,,,,,,,,,,,,,,,,
,Option,Pain + viande,Poivre,,,0,0,,,,,,,,,,,,,,,,,,,,,,,,,,,,
,Option,Pain + viande,Provençale,,,0,0,,,,,,,,,,,,,,,,,,,,,,,,,,,,
,Option,Pain + viande,Riche,,,0,0,,,,,,,,,,,,,,,,,,,,,,,,,,,,
,Option,Pain + viande,Samouraï,,,0,0,,,,,,,,,,,,,,,,,,,,,,,,,,,,
,Option,Pain + viande,Tartare,,,0,0,,,,,,,,,,,,,,,,,,,,,,,,,,,,
,Option,Pain + viande,Tomagrec,,,0,0,,,,,,,,,,,,,,,,,,,,,,,,,,,,
,Option,Pain + viande,Toscane,,,0,0,,,,,,,,,,,,,,,,,,,,,,,,,,,,
,Option,Pain + viande,Vinaigrette,,,0,0,,,,,,,,,,,,,,,,,,,,,,,,,,,,
,Option,Pain + viande,Mayonnaise truffe,,,0,0,,,,,,,,,,,,,,,,,,,,,,,,,,,,
,Option,Pain + viande,Jammie,,,0,0,,,,,,,,,,,,,,,,,,,,,,,,,,,,
,Option,Pain + viande,Cheas'y,,,0,0,,,,,,,,,,,,,,,,,,,,,,,,,,,,
,Option,Pain + viande,Dallas,,,0,0,,,,,,,,,,,,,,,,,,,,,,,,,,,,
,Option-Group,Pain + viande,Choix crudités (facultatif),,,,,,,,,,,,,,,,,,,,,,,,,,,,,,,,
,Option,Pain + viande,Sans crudités,,,0,0,,,,,,,,,,,,,,,,,,,,,,,,,,,,
,Option,Pain + viande,Carotte,,,0.1,0.1,,,,,,,,,,,,,,,,,,,,,,,,,,,,
,Option,Pain + viande,Chou blanc,,,0.1,0.1,,,,,,,,,,,,,,,,,,,,,,,,,,,,
,Option,Pain + viande,Cornichon,,,0.1,0.1,,,,,,,,,,,,,,,,,,,,,,,,,,,,
,Option,Pain + viande,Maïs,,,0.1,0.1,,,,,,,,,,,,,,,,,,,,,,,,,,,,
,Option,Pain + viande,Oignons rouges,,,0.1,0.1,,,,,,,,,,,,,,,,,,,,,,,,,,,,
,Option,Pain + viande,Salade verte,,,0.1,0.1,,,,,,,,,,,,,,,,,,,,,,,,,,,,
,Option,Pain + viande,Tomates,,,0.1,0.1,,,,,,,,,,,,,,,,,,,,,,,,,,,,
,Option-Group,Pain + viande,Choix extra cheese (facultatif),,,,,,,,,,,,,,,,,,,,,,,,,,,,,,,,
,Option,Pain + viande,Feta,,,0.9,0.9,,,,,,,,,,,,,,,,,,,,,,,,,,,,
,Option,Pain + viande,Cheese,,,0.7,0.7,,,,,,,,,,,,,,,,,,,,,,,,,,,,
,Option-Group,Pain + viande,Choix extra sauces (facultatif),,,,,,,,,,,,,,,,,,,,,,,,,,,,,,,,
,Option,Pain + viande,Algérienne,,,0,0,,,,,,,,,,,,,,,,,,,,,,,,,,,,
,Option,Pain + viande,Américaine,,,1.2,1.2,,,,,,,,,,,,,,,,,,,,,,,,,,,,
,Option,Pain + viande,Américaine forte,,,1.2,1.2,,,,,,,,,,,,,,,,,,,,,,,,,,,,
,Option,Pain + viande,Américaine légère,,,1.2,1.2,,,,,,,,,,,,,,,,,,,,,,,,,,,,
,Option,Pain + viande,Andalouse,,,1.2,1.2,,,,,,,,,,,,,,,,,,,,,,,,,,,,
,Option,Pain + viande,Barbecue,,,1.2,1.2,,,,,,,,,,,,,,,,,,,,,,,,,,,,
,Option,Pain + viande,Béarnaise,,,1.2,1.2,,,,,,,,,,,,,,,,,,,,,,,,,,,,
,Option,Pain + viande,Bicky burger,,,1.2,1.2,,,,,,,,,,,,,,,,,,,,,,,,,,,,
,Option,Pain + viande,Brazil,,,1.2,1.2,,,,,,,,,,,,,,,,,,,,,,,,,,,,
,Option,Pain + viande,Cocktail,,,1.2,1.2,,,,,,,,,,,,,,,,,,,,,,,,,,,,
,Option,Pain + viande,Curry ketchup,,,1.2,1.2,,,,,,,,,,,,,,,,,,,,,,,,,,,,
,Option,Pain + viande,Géante,,,1.2,1.2,,,,,,,,,,,,,,,,,,,,,,,,,,,,
,Option,Pain + viande,Hawaï,,,1.2,1.2,,,,,,,,,,,,,,,,,,,,,,,,,,,,
,Option,Pain + viande,Ketchup,,,1.2,1.2,,,,,,,,,,,,,,,,,,,,,,,,,,,,
,Option,Pain + viande,Loempia,,,1.2,1.2,,,,,,,,,,,,,,,,,,,,,,,,,,,,
,Option,Pain + viande,Manalouse,,,1.2,1.2,,,,,,,,,,,,,,,,,,,,,,,,,,,,
,Option,Pain + viande,Mayonnaise,,,1.2,1.2,,,,,,,,,,,,,,,,,,,,,,,,,,,,
,Option,Pain + viande,Moutarde,,,1.2,1.2,,,,,,,,,,,,,,,,,,,,,,,,,,,,
,Option,Pain + viande,Pitta à l'ail,,,1.2,1.2,,,,,,,,,,,,,,,,,,,,,,,,,,,,
,Option,Pain + viande,Poivre,,,1.2,1.2,,,,,,,,,,,,,,,,,,,,,,,,,,,,
,Option,Pain + viande,Provençale,,,1.2,1.2,,,,,,,,,,,,,,,,,,,,,,,,,,,,
,Option,Pain + viande,Riche,,,1.2,1.2,,,,,,,,,,,,,,,,,,,,,,,,,,,,
,Option,Pain + viande,Samouraï,,,1.2,1.2,,,,,,,,,,,,,,,,,,,,,,,,,,,,
,Option,Pain + viande,Tartare,,,1.2,1.2,,,,,,,,,,,,,,,,,,,,,,,,,,,,
,Option,Pain + viande,Tomagrec,,,1.2,1.2,,,,,,,,,,,,,,,,,,,,,,,,,,,,
,Option,Pain + viande,Toscane,,,1.2,1.2,,,,,,,,,,,,,,,,,,,,,,,,,,,,
,Option,Pain + viande,Vinaigrette,,,1.2,1.2,,,,,,,,,,,,,,,,,,,,,,,,,,,,
,Option,Pain + viande,Mayonnaise truffe,,,1.2,1.2,,,,,,,,,,,,,,,,,,,,,,,,,,,,
,Option,Pain + viande,Jammie,,,1.2,1.2,,,,,,,,,,,,,,,,,,,,,,,,,,,,
,Option,Pain + viande,Cheas'y,,,1.2,1.2,,,,,,,,,,,,,,,,,,,,,,,,,,,,
,Option,Pain + viande,Dallas,,,1.2,1.2,,,,,,,,,,,,,,,,,,,,,,,,,,,,
,ITEM,Pain + viande,Pain brochette ardennaise,,Choix sauce = sauce dans le pain / Choix extra sauce = sauce en plus dans un pot. Si vous souhaitez 2 sauces mélangée : choisir une sauce et écrire la deuxième sauce en commentaire.,8.6,8.6,,,,,,,,,,,,,,,,,,,,,,,,,,,,
,Option-Group,Pain + viande,Choix sauce (obligatoire),,,,,,,,,,,,,,,,,,,,,,,,,,,,,,,,
,Option,Pain + viande,Sans sauce,,,0,0,,,,,,,,,,,,,,,,,,,,,,,,,,,,
,Option,Pain + viande,Algérienne,,,0,0,,,,,,,,,,,,,,,,,,,,,,,,,,,,
,Option,Pain + viande,Américaine,,,0,0,,,,,,,,,,,,,,,,,,,,,,,,,,,,
,Option,Pain + viande,Américaine forte,,,0,0,,,,,,,,,,,,,,,,,,,,,,,,,,,,
,Option,Pain + viande,Américaine légère,,,0,0,,,,,,,,,,,,,,,,,,,,,,,,,,,,
,Option,Pain + viande,Andalouse,,,0,0,,,,,,,,,,,,,,,,,,,,,,,,,,,,
,Option,Pain + viande,Barbecue,,,0,0,,,,,,,,,,,,,,,,,,,,,,,,,,,,
,Option,Pain + viande,Béarnaise,,,0,0,,,,,,,,,,,,,,,,,,,,,,,,,,,,
,Option,Pain + viande,Bicky burger,,,0,0,,,,,,,,,,,,,,,,,,,,,,,,,,,,
,Option,Pain + viande,Brazil,,,0,0,,,,,,,,,,,,,,,,,,,,,,,,,,,,
,Option,Pain + viande,Cocktail,,,0,0,,,,,,,,,,,,,,,,,,,,,,,,,,,,
,Option,Pain + viande,Curry ketchup,,,0,0,,,,,,,,,,,,,,,,,,,,,,,,,,,,
,Option,Pain + viande,Géante,,,0,0,,,,,,,,,,,,,,,,,,,,,,,,,,,,
,Option,Pain + viande,Hawaï,,,0,0,,,,,,,,,,,,,,,,,,,,,,,,,,,,
,Option,Pain + viande,Ketchup,,,0,0,,,,,,,,,,,,,,,,,,,,,,,,,,,,
,Option,Pain + viande,Loempia,,,0,0,,,,,,,,,,,,,,,,,,,,,,,,,,,,
,Option,Pain + viande,Manalouse,,,0,0,,,,,,,,,,,,,,,,,,,,,,,,,,,,
,Option,Pain + viande,Mayonnaise,,,0,0,,,,,,,,,,,,,,,,,,,,,,,,,,,,
,Option,Pain + viande,Moutarde,,,0,0,,,,,,,,,,,,,,,,,,,,,,,,,,,,
,Option,Pain + viande,Pitta à l'ail,,,0,0,,,,,,,,,,,,,,,,,,,,,,,,,,,,
,Option,Pain + viande,Poivre,,,0,0,,,,,,,,,,,,,,,,,,,,,,,,,,,,
,Option,Pain + viande,Provençale,,,0,0,,,,,,,,,,,,,,,,,,,,,,,,,,,,
,Option,Pain + viande,Riche,,,0,0,,,,,,,,,,,,,,,,,,,,,,,,,,,,
,Option,Pain + viande,Samouraï,,,0,0,,,,,,,,,,,,,,,,,,,,,,,,,,,,
,Option,Pain + viande,Tartare,,,0,0,,,,,,,,,,,,,,,,,,,,,,,,,,,,
,Option,Pain + viande,Tomagrec,,,0,0,,,,,,,,,,,,,,,,,,,,,,,,,,,,
,Option,Pain + viande,Toscane,,,0,0,,,,,,,,,,,,,,,,,,,,,,,,,,,,
,Option,Pain + viande,Vinaigrette,,,0,0,,,,,,,,,,,,,,,,,,,,,,,,,,,,
,Option,Pain + viande,Mayonnaise truffe,,,0,0,,,,,,,,,,,,,,,,,,,,,,,,,,,,
,Option,Pain + viande,Jammie,,,0,0,,,,,,,,,,,,,,,,,,,,,,,,,,,,
,Option,Pain + viande,Cheas'y,,,0,0,,,,,,,,,,,,,,,,,,,,,,,,,,,,
,Option,Pain + viande,Dallas,,,0,0,,,,,,,,,,,,,,,,,,,,,,,,,,,,
,Option-Group,Pain + viande,Choix crudités (facultatif),,,,,,,,,,,,,,,,,,,,,,,,,,,,,,,,
,Option,Pain + viande,Sans crudités,,,0,0,,,,,,,,,,,,,,,,,,,,,,,,,,,,
,Option,Pain + viande,Carotte,,,0.1,0.1,,,,,,,,,,,,,,,,,,,,,,,,,,,,
,Option,Pain + viande,Chou blanc,,,0.1,0.1,,,,,,,,,,,,,,,,,,,,,,,,,,,,
,Option,Pain + viande,Cornichon,,,0.1,0.1,,,,,,,,,,,,,,,,,,,,,,,,,,,,
,Option,Pain + viande,Maïs,,,0.1,0.1,,,,,,,,,,,,,,,,,,,,,,,,,,,,
,Option,Pain + viande,Oignons rouges,,,0.1,0.1,,,,,,,,,,,,,,,,,,,,,,,,,,,,
,Option,Pain + viande,Salade verte,,,0.1,0.1,,,,,,,,,,,,,,,,,,,,,,,,,,,,
,Option,Pain + viande,Tomates,,,0.1,0.1,,,,,,,,,,,,,,,,,,,,,,,,,,,,
,Option-Group,Pain + viande,Choix extra cheese (facultatif),,,,,,,,,,,,,,,,,,,,,,,,,,,,,,,,
,Option,Pain + viande,Feta,,,0.9,0.9,,,,,,,,,,,,,,,,,,,,,,,,,,,,
,Option,Pain + viande,Cheese,,,0.7,0.7,,,,,,,,,,,,,,,,,,,,,,,,,,,,
,Option-Group,Pain + viande,Choix extra sauces (facultatif),,,,,,,,,,,,,,,,,,,,,,,,,,,,,,,,
,Option,Pain + viande,Algérienne,,,0,0,,,,,,,,,,,,,,,,,,,,,,,,,,,,
,Option,Pain + viande,Américaine,,,1.2,1.2,,,,,,,,,,,,,,,,,,,,,,,,,,,,
,Option,Pain + viande,Américaine forte,,,1.2,1.2,,,,,,,,,,,,,,,,,,,,,,,,,,,,
,Option,Pain + viande,Américaine légère,,,1.2,1.2,,,,,,,,,,,,,,,,,,,,,,,,,,,,
,Option,Pain + viande,Andalouse,,,1.2,1.2,,,,,,,,,,,,,,,,,,,,,,,,,,,,
,Option,Pain + viande,Barbecue,,,1.2,1.2,,,,,,,,,,,,,,,,,,,,,,,,,,,,
,Option,Pain + viande,Béarnaise,,,1.2,1.2,,,,,,,,,,,,,,,,,,,,,,,,,,,,
,Option,Pain + viande,Bicky burger,,,1.2,1.2,,,,,,,,,,,,,,,,,,,,,,,,,,,,
,Option,Pain + viande,Brazil,,,1.2,1.2,,,,,,,,,,,,,,,,,,,,,,,,,,,,
,Option,Pain + viande,Cocktail,,,1.2,1.2,,,,,,,,,,,,,,,,,,,,,,,,,,,,
,Option,Pain + viande,Curry ketchup,,,1.2,1.2,,,,,,,,,,,,,,,,,,,,,,,,,,,,
,Option,Pain + viande,Géante,,,1.2,1.2,,,,,,,,,,,,,,,,,,,,,,,,,,,,
,Option,Pain + viande,Hawaï,,,1.2,1.2,,,,,,,,,,,,,,,,,,,,,,,,,,,,
,Option,Pain + viande,Ketchup,,,1.2,1.2,,,,,,,,,,,,,,,,,,,,,,,,,,,,
,Option,Pain + viande,Loempia,,,1.2,1.2,,,,,,,,,,,,,,,,,,,,,,,,,,,,
,Option,Pain + viande,Manalouse,,,1.2,1.2,,,,,,,,,,,,,,,,,,,,,,,,,,,,
,Option,Pain + viande,Mayonnaise,,,1.2,1.2,,,,,,,,,,,,,,,,,,,,,,,,,,,,
,Option,Pain + viande,Moutarde,,,1.2,1.2,,,,,,,,,,,,,,,,,,,,,,,,,,,,
,Option,Pain + viande,Pitta à l'ail,,,1.2,1.2,,,,,,,,,,,,,,,,,,,,,,,,,,,,
,Option,Pain + viande,Poivre,,,1.2,1.2,,,,,,,,,,,,,,,,,,,,,,,,,,,,
,Option,Pain + viande,Provençale,,,1.2,1.2,,,,,,,,,,,,,,,,,,,,,,,,,,,,
,Option,Pain + viande,Riche,,,1.2,1.2,,,,,,,,,,,,,,,,,,,,,,,,,,,,
,Option,Pain + viande,Samouraï,,,1.2,1.2,,,,,,,,,,,,,,,,,,,,,,,,,,,,
,Option,Pain + viande,Tartare,,,1.2,1.2,,,,,,,,,,,,,,,,,,,,,,,,,,,,
,Option,Pain + viande,Tomagrec,,,1.2,1.2,,,,,,,,,,,,,,,,,,,,,,,,,,,,
,Option,Pain + viande,Toscane,,,1.2,1.2,,,,,,,,,,,,,,,,,,,,,,,,,,,,
,Option,Pain + viande,Vinaigrette,,,1.2,1.2,,,,,,,,,,,,,,,,,,,,,,,,,,,,
,Option,Pain + viande,Mayonnaise truffe,,,1.2,1.2,,,,,,,,,,,,,,,,,,,,,,,,,,,,
,Option,Pain + viande,Jammie,,,1.2,1.2,,,,,,,,,,,,,,,,,,,,,,,,,,,,
,Option,Pain + viande,Cheas'y,,,1.2,1.2,,,,,,,,,,,,,,,,,,,,,,,,,,,,
,Option,Pain + viande,Dallas,,,1.2,1.2,,,,,,,,,,,,,,,,,,,,,,,,,,,,
,ITEM,Pain + viande,Pain brochette de dinde,,Choix sauce = sauce dans le pain / Choix extra sauce = sauce en plus dans un pot. Si vous souhaitez 2 sauces mélangée : choisir une sauce et écrire la deuxième sauce en commentaire.,8.6,8.6,,,,,,,,,,,,,,,,,,,,,,,,,,,,
,Option-Group,Pain + viande,Choix sauce (obligatoire),,,,,,,,,,,,,,,,,,,,,,,,,,,,,,,,
,Option,Pain + viande,Sans sauce,,,0,0,,,,,,,,,,,,,,,,,,,,,,,,,,,,
,Option,Pain + viande,Algérienne,,,0,0,,,,,,,,,,,,,,,,,,,,,,,,,,,,
,Option,Pain + viande,Américaine,,,0,0,,,,,,,,,,,,,,,,,,,,,,,,,,,,
,Option,Pain + viande,Américaine forte,,,0,0,,,,,,,,,,,,,,,,,,,,,,,,,,,,
,Option,Pain + viande,Américaine légère,,,0,0,,,,,,,,,,,,,,,,,,,,,,,,,,,,
,Option,Pain + viande,Andalouse,,,0,0,,,,,,,,,,,,,,,,,,,,,,,,,,,,
,Option,Pain + viande,Barbecue,,,0,0,,,,,,,,,,,,,,,,,,,,,,,,,,,,
,Option,Pain + viande,Béarnaise,,,0,0,,,,,,,,,,,,,,,,,,,,,,,,,,,,
,Option,Pain + viande,Bicky burger,,,0,0,,,,,,,,,,,,,,,,,,,,,,,,,,,,
,Option,Pain + viande,Brazil,,,0,0,,,,,,,,,,,,,,,,,,,,,,,,,,,,
,Option,Pain + viande,Cocktail,,,0,0,,,,,,,,,,,,,,,,,,,,,,,,,,,,
,Option,Pain + viande,Curry ketchup,,,0,0,,,,,,,,,,,,,,,,,,,,,,,,,,,,
,Option,Pain + viande,Géante,,,0,0,,,,,,,,,,,,,,,,,,,,,,,,,,,,
,Option,Pain + viande,Hawaï,,,0,0,,,,,,,,,,,,,,,,,,,,,,,,,,,,
,Option,Pain + viande,Ketchup,,,0,0,,,,,,,,,,,,,,,,,,,,,,,,,,,,
,Option,Pain + viande,Loempia,,,0,0,,,,,,,,,,,,,,,,,,,,,,,,,,,,
,Option,Pain + viande,Manalouse,,,0,0,,,,,,,,,,,,,,,,,,,,,,,,,,,,
,Option,Pain + viande,Mayonnaise,,,0,0,,,,,,,,,,,,,,,,,,,,,,,,,,,,
,Option,Pain + viande,Moutarde,,,0,0,,,,,,,,,,,,,,,,,,,,,,,,,,,,
,Option,Pain + viande,Pitta à l'ail,,,0,0,,,,,,,,,,,,,,,,,,,,,,,,,,,,
,Option,Pain + viande,Poivre,,,0,0,,,,,,,,,,,,,,,,,,,,,,,,,,,,
,Option,Pain + viande,Provençale,,,0,0,,,,,,,,,,,,,,,,,,,,,,,,,,,,
,Option,Pain + viande,Riche,,,0,0,,,,,,,,,,,,,,,,,,,,,,,,,,,,
,Option,Pain + viande,Samouraï,,,0,0,,,,,,,,,,,,,,,,,,,,,,,,,,,,
,Option,Pain + viande,Tartare,,,0,0,,,,,,,,,,,,,,,,,,,,,,,,,,,,
,Option,Pain + viande,Tomagrec,,,0,0,,,,,,,,,,,,,,,,,,,,,,,,,,,,
,Option,Pain + viande,Toscane,,,0,0,,,,,,,,,,,,,,,,,,,,,,,,,,,,
,Option,Pain + viande,Vinaigrette,,,0,0,,,,,,,,,,,,,,,,,,,,,,,,,,,,
,Option,Pain + viande,Mayonnaise truffe,,,0,0,,,,,,,,,,,,,,,,,,,,,,,,,,,,
,Option,Pain + viande,Jammie,,,0,0,,,,,,,,,,,,,,,,,,,,,,,,,,,,
,Option,Pain + viande,Cheas'y,,,0,0,,,,,,,,,,,,,,,,,,,,,,,,,,,,
,Option,Pain + viande,Dallas,,,0,0,,,,,,,,,,,,,,,,,,,,,,,,,,,,
,Option-Group,Pain + viande,Choix crudités (facultatif),,,,,,,,,,,,,,,,,,,,,,,,,,,,,,,,
,Option,Pain + viande,Sans crudités,,,0,0,,,,,,,,,,,,,,,,,,,,,,,,,,,,
,Option,Pain + viande,Carotte,,,0.1,0.1,,,,,,,,,,,,,,,,,,,,,,,,,,,,
,Option,Pain + viande,Chou blanc,,,0.1,0.1,,,,,,,,,,,,,,,,,,,,,,,,,,,,
,Option,Pain + viande,Cornichon,,,0.1,0.1,,,,,,,,,,,,,,,,,,,,,,,,,,,,
,Option,Pain + viande,Maïs,,,0.1,0.1,,,,,,,,,,,,,,,,,,,,,,,,,,,,
,Option,Pain + viande,Oignons rouges,,,0.1,0.1,,,,,,,,,,,,,,,,,,,,,,,,,,,,
,Option,Pain + viande,Salade verte,,,0.1,0.1,,,,,,,,,,,,,,,,,,,,,,,,,,,,
,Option,Pain + viande,Tomates,,,0.1,0.1,,,,,,,,,,,,,,,,,,,,,,,,,,,,
,Option-Group,Pain + viande,Choix extra cheese (facultatif),,,,,,,,,,,,,,,,,,,,,,,,,,,,,,,,
,Option,Pain + viande,Feta,,,0.9,0.9,,,,,,,,,,,,,,,,,,,,,,,,,,,,
,Option,Pain + viande,Cheese,,,0.7,0.7,,,,,,,,,,,,,,,,,,,,,,,,,,,,
,Option-Group,Pain + viande,Choix extra sauces (facultatif),,,,,,,,,,,,,,,,,,,,,,,,,,,,,,,,
,Option,Pain + viande,Algérienne,,,0,0,,,,,,,,,,,,,,,,,,,,,,,,,,,,
,Option,Pain + viande,Américaine,,,1.2,1.2,,,,,,,,,,,,,,,,,,,,,,,,,,,,
,Option,Pain + viande,Américaine forte,,,1.2,1.2,,,,,,,,,,,,,,,,,,,,,,,,,,,,
,Option,Pain + viande,Américaine légère,,,1.2,1.2,,,,,,,,,,,,,,,,,,,,,,,,,,,,
,Option,Pain + viande,Andalouse,,,1.2,1.2,,,,,,,,,,,,,,,,,,,,,,,,,,,,
,Option,Pain + viande,Barbecue,,,1.2,1.2,,,,,,,,,,,,,,,,,,,,,,,,,,,,
,Option,Pain + viande,Béarnaise,,,1.2,1.2,,,,,,,,,,,,,,,,,,,,,,,,,,,,
,Option,Pain + viande,Bicky burger,,,1.2,1.2,,,,,,,,,,,,,,,,,,,,,,,,,,,,
,Option,Pain + viande,Brazil,,,1.2,1.2,,,,,,,,,,,,,,,,,,,,,,,,,,,,
,Option,Pain + viande,Cocktail,,,1.2,1.2,,,,,,,,,,,,,,,,,,,,,,,,,,,,
,Option,Pain + viande,Curry ketchup,,,1.2,1.2,,,,,,,,,,,,,,,,,,,,,,,,,,,,
,Option,Pain + viande,Géante,,,1.2,1.2,,,,,,,,,,,,,,,,,,,,,,,,,,,,
,Option,Pain + viande,Hawaï,,,1.2,1.2,,,,,,,,,,,,,,,,,,,,,,,,,,,,
,Option,Pain + viande,Ketchup,,,1.2,1.2,,,,,,,,,,,,,,,,,,,,,,,,,,,,
,Option,Pain + viande,Loempia,,,1.2,1.2,,,,,,,,,,,,,,,,,,,,,,,,,,,,
,Option,Pain + viande,Manalouse,,,1.2,1.2,,,,,,,,,,,,,,,,,,,,,,,,,,,,
,Option,Pain + viande,Mayonnaise,,,1.2,1.2,,,,,,,,,,,,,,,,,,,,,,,,,,,,
,Option,Pain + viande,Moutarde,,,1.2,1.2,,,,,,,,,,,,,,,,,,,,,,,,,,,,
,Option,Pain + viande,Pitta à l'ail,,,1.2,1.2,,,,,,,,,,,,,,,,,,,,,,,,,,,,
,Option,Pain + viande,Poivre,,,1.2,1.2,,,,,,,,,,,,,,,,,,,,,,,,,,,,
,Option,Pain + viande,Provençale,,,1.2,1.2,,,,,,,,,,,,,,,,,,,,,,,,,,,,
,Option,Pain + viande,Riche,,,1.2,1.2,,,,,,,,,,,,,,,,,,,,,,,,,,,,
,Option,Pain + viande,Samouraï,,,1.2,1.2,,,,,,,,,,,,,,,,,,,,,,,,,,,,
,Option,Pain + viande,Tartare,,,1.2,1.2,,,,,,,,,,,,,,,,,,,,,,,,,,,,
,Option,Pain + viande,Tomagrec,,,1.2,1.2,,,,,,,,,,,,,,,,,,,,,,,,,,,,
,Option,Pain + viande,Toscane,,,1.2,1.2,,,,,,,,,,,,,,,,,,,,,,,,,,,,
,Option,Pain + viande,Vinaigrette,,,1.2,1.2,,,,,,,,,,,,,,,,,,,,,,,,,,,,
,Option,Pain + viande,Mayonnaise truffe,,,1.2,1.2,,,,,,,,,,,,,,,,,,,,,,,,,,,,
,Option,Pain + viande,Jammie,,,1.2,1.2,,,,,,,,,,,,,,,,,,,,,,,,,,,,
,Option,Pain + viande,Cheas'y,,,1.2,1.2,,,,,,,,,,,,,,,,,,,,,,,,,,,,
,Option,Pain + viande,Dallas,,,1.2,1.2,,,,,,,,,,,,,,,,,,,,,,,,,,,,
,ITEM,Pain + viande,Pain brochette tzigane,,Choix sauce = sauce dans le pain / Choix extra sauce = sauce en plus dans un pot. Si vous souhaitez 2 sauces mélangée : choisir une sauce et écrire la deuxième sauce en commentaire.,7.9,7.9,,,,,,,,,,,,,,,,,,,,,,,,,,,,
,Option-Group,Pain + viande,Choix sauce (obligatoire),,,,,,,,,,,,,,,,,,,,,,,,,,,,,,,,
,Option,Pain + viande,Sans sauce,,,0,0,,,,,,,,,,,,,,,,,,,,,,,,,,,,
,Option,Pain + viande,Algérienne,,,0,0,,,,,,,,,,,,,,,,,,,,,,,,,,,,
,Option,Pain + viande,Américaine,,,0,0,,,,,,,,,,,,,,,,,,,,,,,,,,,,
,Option,Pain + viande,Américaine forte,,,0,0,,,,,,,,,,,,,,,,,,,,,,,,,,,,
,Option,Pain + viande,Américaine légère,,,0,0,,,,,,,,,,,,,,,,,,,,,,,,,,,,
,Option,Pain + viande,Andalouse,,,0,0,,,,,,,,,,,,,,,,,,,,,,,,,,,,
,Option,Pain + viande,Barbecue,,,0,0,,,,,,,,,,,,,,,,,,,,,,,,,,,,
,Option,Pain + viande,Béarnaise,,,0,0,,,,,,,,,,,,,,,,,,,,,,,,,,,,
,Option,Pain + viande,Bicky burger,,,0,0,,,,,,,,,,,,,,,,,,,,,,,,,,,,
,Option,Pain + viande,Brazil,,,0,0,,,,,,,,,,,,,,,,,,,,,,,,,,,,
,Option,Pain + viande,Cocktail,,,0,0,,,,,,,,,,,,,,,,,,,,,,,,,,,,
,Option,Pain + viande,Curry ketchup,,,0,0,,,,,,,,,,,,,,,,,,,,,,,,,,,,
,Option,Pain + viande,Géante,,,0,0,,,,,,,,,,,,,,,,,,,,,,,,,,,,
,Option,Pain + viande,Hawaï,,,0,0,,,,,,,,,,,,,,,,,,,,,,,,,,,,
,Option,Pain + viande,Ketchup,,,0,0,,,,,,,,,,,,,,,,,,,,,,,,,,,,
,Option,Pain + viande,Loempia,,,0,0,,,,,,,,,,,,,,,,,,,,,,,,,,,,
,Option,Pain + viande,Manalouse,,,0,0,,,,,,,,,,,,,,,,,,,,,,,,,,,,
,Option,Pain + viande,Mayonnaise,,,0,0,,,,,,,,,,,,,,,,,,,,,,,,,,,,
,Option,Pain + viande,Moutarde,,,0,0,,,,,,,,,,,,,,,,,,,,,,,,,,,,
,Option,Pain + viande,Pitta à l'ail,,,0,0,,,,,,,,,,,,,,,,,,,,,,,,,,,,
,Option,Pain + viande,Poivre,,,0,0,,,,,,,,,,,,,,,,,,,,,,,,,,,,
,Option,Pain + viande,Provençale,,,0,0,,,,,,,,,,,,,,,,,,,,,,,,,,,,
,Option,Pain + viande,Riche,,,0,0,,,,,,,,,,,,,,,,,,,,,,,,,,,,
,Option,Pain + viande,Samouraï,,,0,0,,,,,,,,,,,,,,,,,,,,,,,,,,,,
,Option,Pain + viande,Tartare,,,0,0,,,,,,,,,,,,,,,,,,,,,,,,,,,,
,Option,Pain + viande,Tomagrec,,,0,0,,,,,,,,,,,,,,,,,,,,,,,,,,,,
,Option,Pain + viande,Toscane,,,0,0,,,,,,,,,,,,,,,,,,,,,,,,,,,,
,Option,Pain + viande,Vinaigrette,,,0,0,,,,,,,,,,,,,,,,,,,,,,,,,,,,
,Option,Pain + viande,Mayonnaise truffe,,,0,0,,,,,,,,,,,,,,,,,,,,,,,,,,,,
,Option,Pain + viande,Jammie,,,0,0,,,,,,,,,,,,,,,,,,,,,,,,,,,,
,Option,Pain + viande,Cheas'y,,,0,0,,,,,,,,,,,,,,,,,,,,,,,,,,,,
,Option,Pain + viande,Dallas,,,0,0,,,,,,,,,,,,,,,,,,,,,,,,,,,,
,Option-Group,Pain + viande,Choix crudités (facultatif),,,,,,,,,,,,,,,,,,,,,,,,,,,,,,,,
,Option,Pain + viande,Sans crudités,,,0,0,,,,,,,,,,,,,,,,,,,,,,,,,,,,
,Option,Pain + viande,Carotte,,,0.1,0.1,,,,,,,,,,,,,,,,,,,,,,,,,,,,
,Option,Pain + viande,Chou blanc,,,0.1,0.1,,,,,,,,,,,,,,,,,,,,,,,,,,,,
,Option,Pain + viande,Cornichon,,,0.1,0.1,,,,,,,,,,,,,,,,,,,,,,,,,,,,
,Option,Pain + viande,Maïs,,,0.1,0.1,,,,,,,,,,,,,,,,,,,,,,,,,,,,
,Option,Pain + viande,Oignons rouges,,,0.1,0.1,,,,,,,,,,,,,,,,,,,,,,,,,,,,
,Option,Pain + viande,Salade verte,,,0.1,0.1,,,,,,,,,,,,,,,,,,,,,,,,,,,,
,Option,Pain + viande,Tomates,,,0.1,0.1,,,,,,,,,,,,,,,,,,,,,,,,,,,,
,Option-Group,Pain + viande,Choix extra cheese (facultatif),,,,,,,,,,,,,,,,,,,,,,,,,,,,,,,,
,Option,Pain + viande,Feta,,,0.9,0.9,,,,,,,,,,,,,,,,,,,,,,,,,,,,
,Option,Pain + viande,Cheese,,,0.7,0.7,,,,,,,,,,,,,,,,,,,,,,,,,,,,
,Option-Group,Pain + viande,Choix extra sauces (facultatif),,,,,,,,,,,,,,,,,,,,,,,,,,,,,,,,
,Option,Pain + viande,Algérienne,,,0,0,,,,,,,,,,,,,,,,,,,,,,,,,,,,
,Option,Pain + viande,Américaine,,,1.2,1.2,,,,,,,,,,,,,,,,,,,,,,,,,,,,
,Option,Pain + viande,Américaine forte,,,1.2,1.2,,,,,,,,,,,,,,,,,,,,,,,,,,,,
,Option,Pain + viande,Américaine légère,,,1.2,1.2,,,,,,,,,,,,,,,,,,,,,,,,,,,,
,Option,Pain + viande,Andalouse,,,1.2,1.2,,,,,,,,,,,,,,,,,,,,,,,,,,,,
,Option,Pain + viande,Barbecue,,,1.2,1.2,,,,,,,,,,,,,,,,,,,,,,,,,,,,
,Option,Pain + viande,Béarnaise,,,1.2,1.2,,,,,,,,,,,,,,,,,,,,,,,,,,,,
,Option,Pain + viande,Bicky burger,,,1.2,1.2,,,,,,,,,,,,,,,,,,,,,,,,,,,,
,Option,Pain + viande,Brazil,,,1.2,1.2,,,,,,,,,,,,,,,,,,,,,,,,,,,,
,Option,Pain + viande,Cocktail,,,1.2,1.2,,,,,,,,,,,,,,,,,,,,,,,,,,,,
,Option,Pain + viande,Curry ketchup,,,1.2,1.2,,,,,,,,,,,,,,,,,,,,,,,,,,,,
,Option,Pain + viande,Géante,,,1.2,1.2,,,,,,,,,,,,,,,,,,,,,,,,,,,,
,Option,Pain + viande,Hawaï,,,1.2,1.2,,,,,,,,,,,,,,,,,,,,,,,,,,,,
,Option,Pain + viande,Ketchup,,,1.2,1.2,,,,,,,,,,,,,,,,,,,,,,,,,,,,
,Option,Pain + viande,Loempia,,,1.2,1.2,,,,,,,,,,,,,,,,,,,,,,,,,,,,
,Option,Pain + viande,Manalouse,,,1.2,1.2,,,,,,,,,,,,,,,,,,,,,,,,,,,,
,Option,Pain + viande,Mayonnaise,,,1.2,1.2,,,,,,,,,,,,,,,,,,,,,,,,,,,,
,Option,Pain + viande,Moutarde,,,1.2,1.2,,,,,,,,,,,,,,,,,,,,,,,,,,,,
,Option,Pain + viande,Pitta à l'ail,,,1.2,1.2,,,,,,,,,,,,,,,,,,,,,,,,,,,,
,Option,Pain + viande,Poivre,,,1.2,1.2,,,,,,,,,,,,,,,,,,,,,,,,,,,,
,Option,Pain + viande,Provençale,,,1.2,1.2,,,,,,,,,,,,,,,,,,,,,,,,,,,,
,Option,Pain + viande,Riche,,,1.2,1.2,,,,,,,,,,,,,,,,,,,,,,,,,,,,
,Option,Pain + viande,Samouraï,,,1.2,1.2,,,,,,,,,,,,,,,,,,,,,,,,,,,,
,Option,Pain + viande,Tartare,,,1.2,1.2,,,,,,,,,,,,,,,,,,,,,,,,,,,,
,Option,Pain + viande,Tomagrec,,,1.2,1.2,,,,,,,,,,,,,,,,,,,,,,,,,,,,
,Option,Pain + viande,Toscane,,,1.2,1.2,,,,,,,,,,,,,,,,,,,,,,,,,,,,
,Option,Pain + viande,Vinaigrette,,,1.2,1.2,,,,,,,,,,,,,,,,,,,,,,,,,,,,
,Option,Pain + viande,Mayonnaise truffe,,,1.2,1.2,,,,,,,,,,,,,,,,,,,,,,,,,,,,
,Option,Pain + viande,Jammie,,,1.2,1.2,,,,,,,,,,,,,,,,,,,,,,,,,,,,
,Option,Pain + viande,Cheas'y,,,1.2,1.2,,,,,,,,,,,,,,,,,,,,,,,,,,,,
,Option,Pain + viande,Dallas,,,1.2,1.2,,,,,,,,,,,,,,,,,,,,,,,,,,,,
,ITEM,Pain + viande,Pain brochette crizly,,Choix sauce = sauce dans le pain / Choix extra sauce = sauce en plus dans un pot. Si vous souhaitez 2 sauces mélangée : choisir une sauce et écrire la deuxième sauce en commentaire.,9.1,9.1,,,,,,,,,,,,,,,,,,,,,,,,,,,,
,Option-Group,Pain + viande,Choix sauce (obligatoire),,,,,,,,,,,,,,,,,,,,,,,,,,,,,,,,
,Option,Pain + viande,Sans sauce,,,0,0,,,,,,,,,,,,,,,,,,,,,,,,,,,,
,Option,Pain + viande,Algérienne,,,0,0,,,,,,,,,,,,,,,,,,,,,,,,,,,,
,Option,Pain + viande,Américaine,,,0,0,,,,,,,,,,,,,,,,,,,,,,,,,,,,
,Option,Pain + viande,Américaine forte,,,0,0,,,,,,,,,,,,,,,,,,,,,,,,,,,,
,Option,Pain + viande,Américaine légère,,,0,0,,,,,,,,,,,,,,,,,,,,,,,,,,,,
,Option,Pain + viande,Andalouse,,,0,0,,,,,,,,,,,,,,,,,,,,,,,,,,,,
,Option,Pain + viande,Barbecue,,,0,0,,,,,,,,,,,,,,,,,,,,,,,,,,,,
,Option,Pain + viande,Béarnaise,,,0,0,,,,,,,,,,,,,,,,,,,,,,,,,,,,
,Option,Pain + viande,Bicky burger,,,0,0,,,,,,,,,,,,,,,,,,,,,,,,,,,,
,Option,Pain + viande,Brazil,,,0,0,,,,,,,,,,,,,,,,,,,,,,,,,,,,
,Option,Pain + viande,Cocktail,,,0,0,,,,,,,,,,,,,,,,,,,,,,,,,,,,
,Option,Pain + viande,Curry ketchup,,,0,0,,,,,,,,,,,,,,,,,,,,,,,,,,,,
,Option,Pain + viande,Géante,,,0,0,,,,,,,,,,,,,,,,,,,,,,,,,,,,
,Option,Pain + viande,Hawaï,,,0,0,,,,,,,,,,,,,,,,,,,,,,,,,,,,
,Option,Pain + viande,Ketchup,,,0,0,,,,,,,,,,,,,,,,,,,,,,,,,,,,
,Option,Pain + viande,Loempia,,,0,0,,,,,,,,,,,,,,,,,,,,,,,,,,,,
,Option,Pain + viande,Manalouse,,,0,0,,,,,,,,,,,,,,,,,,,,,,,,,,,,
,Option,Pain + viande,Mayonnaise,,,0,0,,,,,,,,,,,,,,,,,,,,,,,,,,,,
,Option,Pain + viande,Moutarde,,,0,0,,,,,,,,,,,,,,,,,,,,,,,,,,,,
,Option,Pain + viande,Pitta à l'ail,,,0,0,,,,,,,,,,,,,,,,,,,,,,,,,,,,
,Option,Pain + viande,Poivre,,,0,0,,,,,,,,,,,,,,,,,,,,,,,,,,,,
,Option,Pain + viande,Provençale,,,0,0,,,,,,,,,,,,,,,,,,,,,,,,,,,,
,Option,Pain + viande,Riche,,,0,0,,,,,,,,,,,,,,,,,,,,,,,,,,,,
,Option,Pain + viande,Samouraï,,,0,0,,,,,,,,,,,,,,,,,,,,,,,,,,,,
,Option,Pain + viande,Tartare,,,0,0,,,,,,,,,,,,,,,,,,,,,,,,,,,,
,Option,Pain + viande,Tomagrec,,,0,0,,,,,,,,,,,,,,,,,,,,,,,,,,,,
,Option,Pain + viande,Toscane,,,0,0,,,,,,,,,,,,,,,,,,,,,,,,,,,,
,Option,Pain + viande,Vinaigrette,,,0,0,,,,,,,,,,,,,,,,,,,,,,,,,,,,
,Option,Pain + viande,Mayonnaise truffe,,,0,0,,,,,,,,,,,,,,,,,,,,,,,,,,,,
,Option,Pain + viande,Jammie,,,0,0,,,,,,,,,,,,,,,,,,,,,,,,,,,,
,Option,Pain + viande,Cheas'y,,,0,0,,,,,,,,,,,,,,,,,,,,,,,,,,,,
,Option,Pain + viande,Dallas,,,0,0,,,,,,,,,,,,,,,,,,,,,,,,,,,,
,Option-Group,Pain + viande,Choix crudités (facultatif),,,,,,,,,,,,,,,,,,,,,,,,,,,,,,,,
,Option,Pain + viande,Sans crudités,,,0,0,,,,,,,,,,,,,,,,,,,,,,,,,,,,
,Option,Pain + viande,Carotte,,,0.1,0.1,,,,,,,,,,,,,,,,,,,,,,,,,,,,
,Option,Pain + viande,Chou blanc,,,0.1,0.1,,,,,,,,,,,,,,,,,,,,,,,,,,,,
,Option,Pain + viande,Cornichon,,,0.1,0.1,,,,,,,,,,,,,,,,,,,,,,,,,,,,
,Option,Pain + viande,Maïs,,,0.1,0.1,,,,,,,,,,,,,,,,,,,,,,,,,,,,
,Option,Pain + viande,Oignons rouges,,,0.1,0.1,,,,,,,,,,,,,,,,,,,,,,,,,,,,
,Option,Pain + viande,Salade verte,,,0.1,0.1,,,,,,,,,,,,,,,,,,,,,,,,,,,,
,Option,Pain + viande,Tomates,,,0.1,0.1,,,,,,,,,,,,,,,,,,,,,,,,,,,,
,Option-Group,Pain + viande,Choix extra cheese (facultatif),,,,,,,,,,,,,,,,,,,,,,,,,,,,,,,,
,Option,Pain + viande,Feta,,,0.9,0.9,,,,,,,,,,,,,,,,,,,,,,,,,,,,
,Option,Pain + viande,Cheese,,,0.7,0.7,,,,,,,,,,,,,,,,,,,,,,,,,,,,
,Option-Group,Pain + viande,Choix extra sauces (facultatif),,,,,,,,,,,,,,,,,,,,,,,,,,,,,,,,
,Option,Pain + viande,Algérienne,,,0,0,,,,,,,,,,,,,,,,,,,,,,,,,,,,
,Option,Pain + viande,Américaine,,,1.2,1.2,,,,,,,,,,,,,,,,,,,,,,,,,,,,
,Option,Pain + viande,Américaine forte,,,1.2,1.2,,,,,,,,,,,,,,,,,,,,,,,,,,,,
,Option,Pain + viande,Américaine légère,,,1.2,1.2,,,,,,,,,,,,,,,,,,,,,,,,,,,,
,Option,Pain + viande,Andalouse,,,1.2,1.2,,,,,,,,,,,,,,,,,,,,,,,,,,,,
,Option,Pain + viande,Barbecue,,,1.2,1.2,,,,,,,,,,,,,,,,,,,,,,,,,,,,
,Option,Pain + viande,Béarnaise,,,1.2,1.2,,,,,,,,,,,,,,,,,,,,,,,,,,,,
,Option,Pain + viande,Bicky burger,,,1.2,1.2,,,,,,,,,,,,,,,,,,,,,,,,,,,,
,Option,Pain + viande,Brazil,,,1.2,1.2,,,,,,,,,,,,,,,,,,,,,,,,,,,,
,Option,Pain + viande,Cocktail,,,1.2,1.2,,,,,,,,,,,,,,,,,,,,,,,,,,,,
,Option,Pain + viande,Curry ketchup,,,1.2,1.2,,,,,,,,,,,,,,,,,,,,,,,,,,,,
,Option,Pain + viande,Géante,,,1.2,1.2,,,,,,,,,,,,,,,,,,,,,,,,,,,,
,Option,Pain + viande,Hawaï,,,1.2,1.2,,,,,,,,,,,,,,,,,,,,,,,,,,,,
,Option,Pain + viande,Ketchup,,,1.2,1.2,,,,,,,,,,,,,,,,,,,,,,,,,,,,
,Option,Pain + viande,Loempia,,,1.2,1.2,,,,,,,,,,,,,,,,,,,,,,,,,,,,
,Option,Pain + viande,Manalouse,,,1.2,1.2,,,,,,,,,,,,,,,,,,,,,,,,,,,,
,Option,Pain + viande,Mayonnaise,,,1.2,1.2,,,,,,,,,,,,,,,,,,,,,,,,,,,,
,Option,Pain + viande,Moutarde,,,1.2,1.2,,,,,,,,,,,,,,,,,,,,,,,,,,,,
,Option,Pain + viande,Pitta à l'ail,,,1.2,1.2,,,,,,,,,,,,,,,,,,,,,,,,,,,,
,Option,Pain + viande,Poivre,,,1.2,1.2,,,,,,,,,,,,,,,,,,,,,,,,,,,,
,Option,Pain + viande,Provençale,,,1.2,1.2,,,,,,,,,,,,,,,,,,,,,,,,,,,,
,Option,Pain + viande,Riche,,,1.2,1.2,,,,,,,,,,,,,,,,,,,,,,,,,,,,
,Option,Pain + viande,Samouraï,,,1.2,1.2,,,,,,,,,,,,,,,,,,,,,,,,,,,,
,Option,Pain + viande,Tartare,,,1.2,1.2,,,,,,,,,,,,,,,,,,,,,,,,,,,,
,Option,Pain + viande,Tomagrec,,,1.2,1.2,,,,,,,,,,,,,,,,,,,,,,,,,,,,
,Option,Pain + viande,Toscane,,,1.2,1.2,,,,,,,,,,,,,,,,,,,,,,,,,,,,
,Option,Pain + viande,Vinaigrette,,,1.2,1.2,,,,,,,,,,,,,,,,,,,,,,,,,,,,
,Option,Pain + viande,Mayonnaise truffe,,,1.2,1.2,,,,,,,,,,,,,,,,,,,,,,,,,,,,
,Option,Pain + viande,Jammie,,,1.2,1.2,,,,,,,,,,,,,,,,,,,,,,,,,,,,
,Option,Pain + viande,Cheas'y,,,1.2,1.2,,,,,,,,,,,,,,,,,,,,,,,,,,,,
,Option,Pain + viande,Dallas,,,1.2,1.2,,,,,,,,,,,,,,,,,,,,,,,,,,,,
,ITEM,Pain + viande,Pain brochette de poisson,,Choix sauce = sauce dans le pain / Choix extra sauce = sauce en plus dans un pot. Si vous souhaitez 2 sauces mélangée : choisir une sauce et écrire la deuxième sauce en commentaire.,9.1,9.1,,,,,,,,,,,,,,,,,,,,,,,,,,,,
,Option-Group,Pain + viande,Choix sauce (obligatoire),,,,,,,,,,,,,,,,,,,,,,,,,,,,,,,,
,Option,Pain + viande,Sans sauce,,,0,0,,,,,,,,,,,,,,,,,,,,,,,,,,,,
,Option,Pain + viande,Algérienne,,,0,0,,,,,,,,,,,,,,,,,,,,,,,,,,,,
,Option,Pain + viande,Américaine,,,0,0,,,,,,,,,,,,,,,,,,,,,,,,,,,,
,Option,Pain + viande,Américaine forte,,,0,0,,,,,,,,,,,,,,,,,,,,,,,,,,,,
,Option,Pain + viande,Américaine légère,,,0,0,,,,,,,,,,,,,,,,,,,,,,,,,,,,
,Option,Pain + viande,Andalouse,,,0,0,,,,,,,,,,,,,,,,,,,,,,,,,,,,
,Option,Pain + viande,Barbecue,,,0,0,,,,,,,,,,,,,,,,,,,,,,,,,,,,
,Option,Pain + viande,Béarnaise,,,0,0,,,,,,,,,,,,,,,,,,,,,,,,,,,,
,Option,Pain + viande,Bicky burger,,,0,0,,,,,,,,,,,,,,,,,,,,,,,,,,,,
,Option,Pain + viande,Brazil,,,0,0,,,,,,,,,,,,,,,,,,,,,,,,,,,,
,Option,Pain + viande,Cocktail,,,0,0,,,,,,,,,,,,,,,,,,,,,,,,,,,,
,Option,Pain + viande,Curry ketchup,,,0,0,,,,,,,,,,,,,,,,,,,,,,,,,,,,
,Option,Pain + viande,Géante,,,0,0,,,,,,,,,,,,,,,,,,,,,,,,,,,,
,Option,Pain + viande,Hawaï,,,0,0,,,,,,,,,,,,,,,,,,,,,,,,,,,,
,Option,Pain + viande,Ketchup,,,0,0,,,,,,,,,,,,,,,,,,,,,,,,,,,,
,Option,Pain + viande,Loempia,,,0,0,,,,,,,,,,,,,,,,,,,,,,,,,,,,
,Option,Pain + viande,Manalouse,,,0,0,,,,,,,,,,,,,,,,,,,,,,,,,,,,
,Option,Pain + viande,Mayonnaise,,,0,0,,,,,,,,,,,,,,,,,,,,,,,,,,,,
,Option,Pain + viande,Moutarde,,,0,0,,,,,,,,,,,,,,,,,,,,,,,,,,,,
,Option,Pain + viande,Pitta à l'ail,,,0,0,,,,,,,,,,,,,,,,,,,,,,,,,,,,
,Option,Pain + viande,Poivre,,,0,0,,,,,,,,,,,,,,,,,,,,,,,,,,,,
,Option,Pain + viande,Provençale,,,0,0,,,,,,,,,,,,,,,,,,,,,,,,,,,,
,Option,Pain + viande,Riche,,,0,0,,,,,,,,,,,,,,,,,,,,,,,,,,,,
,Option,Pain + viande,Samouraï,,,0,0,,,,,,,,,,,,,,,,,,,,,,,,,,,,
,Option,Pain + viande,Tartare,,,0,0,,,,,,,,,,,,,,,,,,,,,,,,,,,,
,Option,Pain + viande,Tomagrec,,,0,0,,,,,,,,,,,,,,,,,,,,,,,,,,,,
,Option,Pain + viande,Toscane,,,0,0,,,,,,,,,,,,,,,,,,,,,,,,,,,,
,Option,Pain + viande,Vinaigrette,,,0,0,,,,,,,,,,,,,,,,,,,,,,,,,,,,
,Option,Pain + viande,Mayonnaise truffe,,,0,0,,,,,,,,,,,,,,,,,,,,,,,,,,,,
,Option,Pain + viande,Jammie,,,0,0,,,,,,,,,,,,,,,,,,,,,,,,,,,,
,Option,Pain + viande,Cheas'y,,,0,0,,,,,,,,,,,,,,,,,,,,,,,,,,,,
,Option,Pain + viande,Dallas,,,0,0,,,,,,,,,,,,,,,,,,,,,,,,,,,,
,Option-Group,Pain + viande,Choix crudités (facultatif),,,,,,,,,,,,,,,,,,,,,,,,,,,,,,,,
,Option,Pain + viande,Sans crudités,,,0,0,,,,,,,,,,,,,,,,,,,,,,,,,,,,
,Option,Pain + viande,Carotte,,,0.1,0.1,,,,,,,,,,,,,,,,,,,,,,,,,,,,
,Option,Pain + viande,Chou blanc,,,0.1,0.1,,,,,,,,,,,,,,,,,,,,,,,,,,,,
,Option,Pain + viande,Cornichon,,,0.1,0.1,,,,,,,,,,,,,,,,,,,,,,,,,,,,
,Option,Pain + viande,Maïs,,,0.1,0.1,,,,,,,,,,,,,,,,,,,,,,,,,,,,
,Option,Pain + viande,Oignons rouges,,,0.1,0.1,,,,,,,,,,,,,,,,,,,,,,,,,,,,
,Option,Pain + viande,Salade verte,,,0.1,0.1,,,,,,,,,,,,,,,,,,,,,,,,,,,,
,Option,Pain + viande,Tomates,,,0.1,0.1,,,,,,,,,,,,,,,,,,,,,,,,,,,,
,Option-Group,Pain + viande,Choix extra cheese (facultatif),,,,,,,,,,,,,,,,,,,,,,,,,,,,,,,,
,Option,Pain + viande,Feta,,,0.9,0.9,,,,,,,,,,,,,,,,,,,,,,,,,,,,
,Option,Pain + viande,Cheese,,,0.7,0.7,,,,,,,,,,,,,,,,,,,,,,,,,,,,
,Option-Group,Pain + viande,Choix extra sauces (facultatif),,,,,,,,,,,,,,,,,,,,,,,,,,,,,,,,
,Option,Pain + viande,Algérienne,,,0,0,,,,,,,,,,,,,,,,,,,,,,,,,,,,
,Option,Pain + viande,Américaine,,,1.2,1.2,,,,,,,,,,,,,,,,,,,,,,,,,,,,
,Option,Pain + viande,Américaine forte,,,1.2,1.2,,,,,,,,,,,,,,,,,,,,,,,,,,,,
,Option,Pain + viande,Américaine légère,,,1.2,1.2,,,,,,,,,,,,,,,,,,,,,,,,,,,,
,Option,Pain + viande,Andalouse,,,1.2,1.2,,,,,,,,,,,,,,,,,,,,,,,,,,,,
,Option,Pain + viande,Barbecue,,,1.2,1.2,,,,,,,,,,,,,,,,,,,,,,,,,,,,
,Option,Pain + viande,Béarnaise,,,1.2,1.2,,,,,,,,,,,,,,,,,,,,,,,,,,,,
,Option,Pain + viande,Bicky burger,,,1.2,1.2,,,,,,,,,,,,,,,,,,,,,,,,,,,,
,Option,Pain + viande,Brazil,,,1.2,1.2,,,,,,,,,,,,,,,,,,,,,,,,,,,,
,Option,Pain + viande,Cocktail,,,1.2,1.2,,,,,,,,,,,,,,,,,,,,,,,,,,,,
,Option,Pain + viande,Curry ketchup,,,1.2,1.2,,,,,,,,,,,,,,,,,,,,,,,,,,,,
,Option,Pain + viande,Géante,,,1.2,1.2,,,,,,,,,,,,,,,,,,,,,,,,,,,,
,Option,Pain + viande,Hawaï,,,1.2,1.2,,,,,,,,,,,,,,,,,,,,,,,,,,,,
,Option,Pain + viande,Ketchup,,,1.2,1.2,,,,,,,,,,,,,,,,,,,,,,,,,,,,
,Option,Pain + viande,Loempia,,,1.2,1.2,,,,,,,,,,,,,,,,,,,,,,,,,,,,
,Option,Pain + viande,Manalouse,,,1.2,1.2,,,,,,,,,,,,,,,,,,,,,,,,,,,,
,Option,Pain + viande,Mayonnaise,,,1.2,1.2,,,,,,,,,,,,,,,,,,,,,,,,,,,,
,Option,Pain + viande,Moutarde,,,1.2,1.2,,,,,,,,,,,,,,,,,,,,,,,,,,,,
,Option,Pain + viande,Pitta à l'ail,,,1.2,1.2,,,,,,,,,,,,,,,,,,,,,,,,,,,,
,Option,Pain + viande,Poivre,,,1.2,1.2,,,,,,,,,,,,,,,,,,,,,,,,,,,,
,Option,Pain + viande,Provençale,,,1.2,1.2,,,,,,,,,,,,,,,,,,,,,,,,,,,,
,Option,Pain + viande,Riche,,,1.2,1.2,,,,,,,,,,,,,,,,,,,,,,,,,,,,
,Option,Pain + viande,Samouraï,,,1.2,1.2,,,,,,,,,,,,,,,,,,,,,,,,,,,,
,Option,Pain + viande,Tartare,,,1.2,1.2,,,,,,,,,,,,,,,,,,,,,,,,,,,,
,Option,Pain + viande,Tomagrec,,,1.2,1.2,,,,,,,,,,,,,,,,,,,,,,,,,,,,
,Option,Pain + viande,Toscane,,,1.2,1.2,,,,,,,,,,,,,,,,,,,,,,,,,,,,
,Option,Pain + viande,Vinaigrette,,,1.2,1.2,,,,,,,,,,,,,,,,,,,,,,,,,,,,
,Option,Pain + viande,Mayonnaise truffe,,,1.2,1.2,,,,,,,,,,,,,,,,,,,,,,,,,,,,
,Option,Pain + viande,Jammie,,,1.2,1.2,,,,,,,,,,,,,,,,,,,,,,,,,,,,
,Option,Pain + viande,Cheas'y,,,1.2,1.2,,,,,,,,,,,,,,,,,,,,,,,,,,,,
,Option,Pain + viande,Dallas,,,1.2,1.2,,,,,,,,,,,,,,,,,,,,,,,,,,,,
,ITEM,Pain + viande,Pain croquette vol-au-vent,,Choix sauce = sauce dans le pain / Choix extra sauce = sauce en plus dans un pot. Si vous souhaitez 2 sauces mélangée : choisir une sauce et écrire la deuxième sauce en commentaire.,7.1,7.1,,,,,,,,,,,,,,,,,,,,,,,,,,,,
,Option-Group,Pain + viande,Choix sauce (obligatoire),,,,,,,,,,,,,,,,,,,,,,,,,,,,,,,,
,Option,Pain + viande,Sans sauce,,,0,0,,,,,,,,,,,,,,,,,,,,,,,,,,,,
,Option,Pain + viande,Algérienne,,,0,0,,,,,,,,,,,,,,,,,,,,,,,,,,,,
,Option,Pain + viande,Américaine,,,0,0,,,,,,,,,,,,,,,,,,,,,,,,,,,,
,Option,Pain + viande,Américaine forte,,,0,0,,,,,,,,,,,,,,,,,,,,,,,,,,,,
,Option,Pain + viande,Américaine légère,,,0,0,,,,,,,,,,,,,,,,,,,,,,,,,,,,
,Option,Pain + viande,Andalouse,,,0,0,,,,,,,,,,,,,,,,,,,,,,,,,,,,
,Option,Pain + viande,Barbecue,,,0,0,,,,,,,,,,,,,,,,,,,,,,,,,,,,
,Option,Pain + viande,Béarnaise,,,0,0,,,,,,,,,,,,,,,,,,,,,,,,,,,,
,Option,Pain + viande,Bicky burger,,,0,0,,,,,,,,,,,,,,,,,,,,,,,,,,,,
,Option,Pain + viande,Brazil,,,0,0,,,,,,,,,,,,,,,,,,,,,,,,,,,,
,Option,Pain + viande,Cocktail,,,0,0,,,,,,,,,,,,,,,,,,,,,,,,,,,,
,Option,Pain + viande,Curry ketchup,,,0,0,,,,,,,,,,,,,,,,,,,,,,,,,,,,
,Option,Pain + viande,Géante,,,0,0,,,,,,,,,,,,,,,,,,,,,,,,,,,,
,Option,Pain + viande,Hawaï,,,0,0,,,,,,,,,,,,,,,,,,,,,,,,,,,,
,Option,Pain + viande,Ketchup,,,0,0,,,,,,,,,,,,,,,,,,,,,,,,,,,,
,Option,Pain + viande,Loempia,,,0,0,,,,,,,,,,,,,,,,,,,,,,,,,,,,
,Option,Pain + viande,Manalouse,,,0,0,,,,,,,,,,,,,,,,,,,,,,,,,,,,
,Option,Pain + viande,Mayonnaise,,,0,0,,,,,,,,,,,,,,,,,,,,,,,,,,,,
,Option,Pain + viande,Moutarde,,,0,0,,,,,,,,,,,,,,,,,,,,,,,,,,,,
,Option,Pain + viande,Pitta à l'ail,,,0,0,,,,,,,,,,,,,,,,,,,,,,,,,,,,
,Option,Pain + viande,Poivre,,,0,0,,,,,,,,,,,,,,,,,,,,,,,,,,,,
,Option,Pain + viande,Provençale,,,0,0,,,,,,,,,,,,,,,,,,,,,,,,,,,,
,Option,Pain + viande,Riche,,,0,0,,,,,,,,,,,,,,,,,,,,,,,,,,,,
,Option,Pain + viande,Samouraï,,,0,0,,,,,,,,,,,,,,,,,,,,,,,,,,,,
,Option,Pain + viande,Tartare,,,0,0,,,,,,,,,,,,,,,,,,,,,,,,,,,,
,Option,Pain + viande,Tomagrec,,,0,0,,,,,,,,,,,,,,,,,,,,,,,,,,,,
,Option,Pain + viande,Toscane,,,0,0,,,,,,,,,,,,,,,,,,,,,,,,,,,,
,Option,Pain + viande,Vinaigrette,,,0,0,,,,,,,,,,,,,,,,,,,,,,,,,,,,
,Option,Pain + viande,Mayonnaise truffe,,,0,0,,,,,,,,,,,,,,,,,,,,,,,,,,,,
,Option,Pain + viande,Jammie,,,0,0,,,,,,,,,,,,,,,,,,,,,,,,,,,,
,Option,Pain + viande,Cheas'y,,,0,0,,,,,,,,,,,,,,,,,,,,,,,,,,,,
,Option,Pain + viande,Dallas,,,0,0,,,,,,,,,,,,,,,,,,,,,,,,,,,,
,Option-Group,Pain + viande,Choix crudités (facultatif),,,,,,,,,,,,,,,,,,,,,,,,,,,,,,,,
,Option,Pain + viande,Sans crudités,,,0,0,,,,,,,,,,,,,,,,,,,,,,,,,,,,
,Option,Pain + viande,Carotte,,,0.1,0.1,,,,,,,,,,,,,,,,,,,,,,,,,,,,
,Option,Pain + viande,Chou blanc,,,0.1,0.1,,,,,,,,,,,,,,,,,,,,,,,,,,,,
,Option,Pain + viande,Cornichon,,,0.1,0.1,,,,,,,,,,,,,,,,,,,,,,,,,,,,
,Option,Pain + viande,Maïs,,,0.1,0.1,,,,,,,,,,,,,,,,,,,,,,,,,,,,
,Option,Pain + viande,Oignons rouges,,,0.1,0.1,,,,,,,,,,,,,,,,,,,,,,,,,,,,
,Option,Pain + viande,Salade verte,,,0.1,0.1,,,,,,,,,,,,,,,,,,,,,,,,,,,,
,Option,Pain + viande,Tomates,,,0.1,0.1,,,,,,,,,,,,,,,,,,,,,,,,,,,,
,Option-Group,Pain + viande,Choix extra cheese (facultatif),,,,,,,,,,,,,,,,,,,,,,,,,,,,,,,,
,Option,Pain + viande,Feta,,,0.9,0.9,,,,,,,,,,,,,,,,,,,,,,,,,,,,
,Option,Pain + viande,Cheese,,,0.7,0.7,,,,,,,,,,,,,,,,,,,,,,,,,,,,
,Option-Group,Pain + viande,Choix extra sauces (facultatif),,,,,,,,,,,,,,,,,,,,,,,,,,,,,,,,
,Option,Pain + viande,Algérienne,,,0,0,,,,,,,,,,,,,,,,,,,,,,,,,,,,
,Option,Pain + viande,Américaine,,,1.2,1.2,,,,,,,,,,,,,,,,,,,,,,,,,,,,
,Option,Pain + viande,Américaine forte,,,1.2,1.2,,,,,,,,,,,,,,,,,,,,,,,,,,,,
,Option,Pain + viande,Américaine légère,,,1.2,1.2,,,,,,,,,,,,,,,,,,,,,,,,,,,,
,Option,Pain + viande,Andalouse,,,1.2,1.2,,,,,,,,,,,,,,,,,,,,,,,,,,,,
,Option,Pain + viande,Barbecue,,,1.2,1.2,,,,,,,,,,,,,,,,,,,,,,,,,,,,
,Option,Pain + viande,Béarnaise,,,1.2,1.2,,,,,,,,,,,,,,,,,,,,,,,,,,,,
,Option,Pain + viande,Bicky burger,,,1.2,1.2,,,,,,,,,,,,,,,,,,,,,,,,,,,,
,Option,Pain + viande,Brazil,,,1.2,1.2,,,,,,,,,,,,,,,,,,,,,,,,,,,,
,Option,Pain + viande,Cocktail,,,1.2,1.2,,,,,,,,,,,,,,,,,,,,,,,,,,,,
,Option,Pain + viande,Curry ketchup,,,1.2,1.2,,,,,,,,,,,,,,,,,,,,,,,,,,,,
,Option,Pain + viande,Géante,,,1.2,1.2,,,,,,,,,,,,,,,,,,,,,,,,,,,,
,Option,Pain + viande,Hawaï,,,1.2,1.2,,,,,,,,,,,,,,,,,,,,,,,,,,,,
,Option,Pain + viande,Ketchup,,,1.2,1.2,,,,,,,,,,,,,,,,,,,,,,,,,,,,
,Option,Pain + viande,Loempia,,,1.2,1.2,,,,,,,,,,,,,,,,,,,,,,,,,,,,
,Option,Pain + viande,Manalouse,,,1.2,1.2,,,,,,,,,,,,,,,,,,,,,,,,,,,,
,Option,Pain + viande,Mayonnaise,,,1.2,1.2,,,,,,,,,,,,,,,,,,,,,,,,,,,,
,Option,Pain + viande,Moutarde,,,1.2,1.2,,,,,,,,,,,,,,,,,,,,,,,,,,,,
,Option,Pain + viande,Pitta à l'ail,,,1.2,1.2,,,,,,,,,,,,,,,,,,,,,,,,,,,,
,Option,Pain + viande,Poivre,,,1.2,1.2,,,,,,,,,,,,,,,,,,,,,,,,,,,,
,Option,Pain + viande,Provençale,,,1.2,1.2,,,,,,,,,,,,,,,,,,,,,,,,,,,,
,Option,Pain + viande,Riche,,,1.2,1.2,,,,,,,,,,,,,,,,,,,,,,,,,,,,
,Option,Pain + viande,Samouraï,,,1.2,1.2,,,,,,,,,,,,,,,,,,,,,,,,,,,,
,Option,Pain + viande,Tartare,,,1.2,1.2,,,,,,,,,,,,,,,,,,,,,,,,,,,,
,Option,Pain + viande,Tomagrec,,,1.2,1.2,,,,,,,,,,,,,,,,,,,,,,,,,,,,
,Option,Pain + viande,Toscane,,,1.2,1.2,,,,,,,,,,,,,,,,,,,,,,,,,,,,
,Option,Pain + viande,Vinaigrette,,,1.2,1.2,,,,,,,,,,,,,,,,,,,,,,,,,,,,
,Option,Pain + viande,Mayonnaise truffe,,,1.2,1.2,,,,,,,,,,,,,,,,,,,,,,,,,,,,
,Option,Pain + viande,Jammie,,,1.2,1.2,,,,,,,,,,,,,,,,,,,,,,,,,,,,
,Option,Pain + viande,Cheas'y,,,1.2,1.2,,,,,,,,,,,,,,,,,,,,,,,,,,,,
,Option,Pain + viande,Dallas,,,1.2,1.2,,,,,,,,,,,,,,,,,,,,,,,,,,,,
,ITEM,Pain + viande,Pain viande burger,,Choix sauce = sauce dans le pain / Choix extra sauce = sauce en plus dans un pot. Si vous souhaitez 2 sauces mélangée : choisir une sauce et écrire la deuxième sauce en commentaire.,6.9,6.9,,,,,,,,,,,,,,,,,,,,,,,,,,,,
,Option-Group,Pain + viande,Choix sauce (obligatoire),,,,,,,,,,,,,,,,,,,,,,,,,,,,,,,,
,Option,Pain + viande,Sans sauce,,,0,0,,,,,,,,,,,,,,,,,,,,,,,,,,,,
,Option,Pain + viande,Algérienne,,,0,0,,,,,,,,,,,,,,,,,,,,,,,,,,,,
,Option,Pain + viande,Américaine,,,0,0,,,,,,,,,,,,,,,,,,,,,,,,,,,,
,Option,Pain + viande,Américaine forte,,,0,0,,,,,,,,,,,,,,,,,,,,,,,,,,,,
,Option,Pain + viande,Américaine légère,,,0,0,,,,,,,,,,,,,,,,,,,,,,,,,,,,
,Option,Pain + viande,Andalouse,,,0,0,,,,,,,,,,,,,,,,,,,,,,,,,,,,
,Option,Pain + viande,Barbecue,,,0,0,,,,,,,,,,,,,,,,,,,,,,,,,,,,
,Option,Pain + viande,Béarnaise,,,0,0,,,,,,,,,,,,,,,,,,,,,,,,,,,,
,Option,Pain + viande,Bicky burger,,,0,0,,,,,,,,,,,,,,,,,,,,,,,,,,,,
,Option,Pain + viande,Brazil,,,0,0,,,,,,,,,,,,,,,,,,,,,,,,,,,,
,Option,Pain + viande,Cocktail,,,0,0,,,,,,,,,,,,,,,,,,,,,,,,,,,,
,Option,Pain + viande,Curry ketchup,,,0,0,,,,,,,,,,,,,,,,,,,,,,,,,,,,
,Option,Pain + viande,Géante,,,0,0,,,,,,,,,,,,,,,,,,,,,,,,,,,,
,Option,Pain + viande,Hawaï,,,0,0,,,,,,,,,,,,,,,,,,,,,,,,,,,,
,Option,Pain + viande,Ketchup,,,0,0,,,,,,,,,,,,,,,,,,,,,,,,,,,,
,Option,Pain + viande,Loempia,,,0,0,,,,,,,,,,,,,,,,,,,,,,,,,,,,
,Option,Pain + viande,Manalouse,,,0,0,,,,,,,,,,,,,,,,,,,,,,,,,,,,
,Option,Pain + viande,Mayonnaise,,,0,0,,,,,,,,,,,,,,,,,,,,,,,,,,,,
,Option,Pain + viande,Moutarde,,,0,0,,,,,,,,,,,,,,,,,,,,,,,,,,,,
,Option,Pain + viande,Pitta à l'ail,,,0,0,,,,,,,,,,,,,,,,,,,,,,,,,,,,
,Option,Pain + viande,Poivre,,,0,0,,,,,,,,,,,,,,,,,,,,,,,,,,,,
,Option,Pain + viande,Provençale,,,0,0,,,,,,,,,,,,,,,,,,,,,,,,,,,,
,Option,Pain + viande,Riche,,,0,0,,,,,,,,,,,,,,,,,,,,,,,,,,,,
,Option,Pain + viande,Samouraï,,,0,0,,,,,,,,,,,,,,,,,,,,,,,,,,,,
,Option,Pain + viande,Tartare,,,0,0,,,,,,,,,,,,,,,,,,,,,,,,,,,,
,Option,Pain + viande,Tomagrec,,,0,0,,,,,,,,,,,,,,,,,,,,,,,,,,,,
,Option,Pain + viande,Toscane,,,0,0,,,,,,,,,,,,,,,,,,,,,,,,,,,,
,Option,Pain + viande,Vinaigrette,,,0,0,,,,,,,,,,,,,,,,,,,,,,,,,,,,
,Option,Pain + viande,Mayonnaise truffe,,,0,0,,,,,,,,,,,,,,,,,,,,,,,,,,,,
,Option,Pain + viande,Jammie,,,0,0,,,,,,,,,,,,,,,,,,,,,,,,,,,,
,Option,Pain + viande,Cheas'y,,,0,0,,,,,,,,,,,,,,,,,,,,,,,,,,,,
,Option,Pain + viande,Dallas,,,0,0,,,,,,,,,,,,,,,,,,,,,,,,,,,,
,Option-Group,Pain + viande,Choix crudités (facultatif),,,,,,,,,,,,,,,,,,,,,,,,,,,,,,,,
,Option,Pain + viande,Sans crudités,,,0,0,,,,,,,,,,,,,,,,,,,,,,,,,,,,
,Option,Pain + viande,Carotte,,,0.1,0.1,,,,,,,,,,,,,,,,,,,,,,,,,,,,
,Option,Pain + viande,Chou blanc,,,0.1,0.1,,,,,,,,,,,,,,,,,,,,,,,,,,,,
,Option,Pain + viande,Cornichon,,,0.1,0.1,,,,,,,,,,,,,,,,,,,,,,,,,,,,
,Option,Pain + viande,Maïs,,,0.1,0.1,,,,,,,,,,,,,,,,,,,,,,,,,,,,
,Option,Pain + viande,Oignons rouges,,,0.1,0.1,,,,,,,,,,,,,,,,,,,,,,,,,,,,
,Option,Pain + viande,Salade verte,,,0.1,0.1,,,,,,,,,,,,,,,,,,,,,,,,,,,,
,Option,Pain + viande,Tomates,,,0.1,0.1,,,,,,,,,,,,,,,,,,,,,,,,,,,,
,Option-Group,Pain + viande,Choix extra cheese (facultatif),,,,,,,,,,,,,,,,,,,,,,,,,,,,,,,,
,Option,Pain + viande,Feta,,,0.9,0.9,,,,,,,,,,,,,,,,,,,,,,,,,,,,
,Option,Pain + viande,Cheese,,,0.7,0.7,,,,,,,,,,,,,,,,,,,,,,,,,,,,
,Option-Group,Pain + viande,Choix extra sauces (facultatif),,,,,,,,,,,,,,,,,,,,,,,,,,,,,,,,
,Option,Pain + viande,Algérienne,,,0,0,,,,,,,,,,,,,,,,,,,,,,,,,,,,
,Option,Pain + viande,Américaine,,,1.2,1.2,,,,,,,,,,,,,,,,,,,,,,,,,,,,
,Option,Pain + viande,Américaine forte,,,1.2,1.2,,,,,,,,,,,,,,,,,,,,,,,,,,,,
,Option,Pain + viande,Américaine légère,,,1.2,1.2,,,,,,,,,,,,,,,,,,,,,,,,,,,,
,Option,Pain + viande,Andalouse,,,1.2,1.2,,,,,,,,,,,,,,,,,,,,,,,,,,,,
,Option,Pain + viande,Barbecue,,,1.2,1.2,,,,,,,,,,,,,,,,,,,,,,,,,,,,
,Option,Pain + viande,Béarnaise,,,1.2,1.2,,,,,,,,,,,,,,,,,,,,,,,,,,,,
,Option,Pain + viande,Bicky burger,,,1.2,1.2,,,,,,,,,,,,,,,,,,,,,,,,,,,,
,Option,Pain + viande,Brazil,,,1.2,1.2,,,,,,,,,,,,,,,,,,,,,,,,,,,,
,Option,Pain + viande,Cocktail,,,1.2,1.2,,,,,,,,,,,,,,,,,,,,,,,,,,,,
,Option,Pain + viande,Curry ketchup,,,1.2,1.2,,,,,,,,,,,,,,,,,,,,,,,,,,,,
,Option,Pain + viande,Géante,,,1.2,1.2,,,,,,,,,,,,,,,,,,,,,,,,,,,,
,Option,Pain + viande,Hawaï,,,1.2,1.2,,,,,,,,,,,,,,,,,,,,,,,,,,,,
,Option,Pain + viande,Ketchup,,,1.2,1.2,,,,,,,,,,,,,,,,,,,,,,,,,,,,
,Option,Pain + viande,Loempia,,,1.2,1.2,,,,,,,,,,,,,,,,,,,,,,,,,,,,
,Option,Pain + viande,Manalouse,,,1.2,1.2,,,,,,,,,,,,,,,,,,,,,,,,,,,,
,Option,Pain + viande,Mayonnaise,,,1.2,1.2,,,,,,,,,,,,,,,,,,,,,,,,,,,,
,Option,Pain + viande,Moutarde,,,1.2,1.2,,,,,,,,,,,,,,,,,,,,,,,,,,,,
,Option,Pain + viande,Pitta à l'ail,,,1.2,1.2,,,,,,,,,,,,,,,,,,,,,,,,,,,,
,Option,Pain + viande,Poivre,,,1.2,1.2,,,,,,,,,,,,,,,,,,,,,,,,,,,,
,Option,Pain + viande,Provençale,,,1.2,1.2,,,,,,,,,,,,,,,,,,,,,,,,,,,,
,Option,Pain + viande,Riche,,,1.2,1.2,,,,,,,,,,,,,,,,,,,,,,,,,,,,
,Option,Pain + viande,Samouraï,,,1.2,1.2,,,,,,,,,,,,,,,,,,,,,,,,,,,,
,Option,Pain + viande,Tartare,,,1.2,1.2,,,,,,,,,,,,,,,,,,,,,,,,,,,,
,Option,Pain + viande,Tomagrec,,,1.2,1.2,,,,,,,,,,,,,,,,,,,,,,,,,,,,
,Option,Pain + viande,Toscane,,,1.2,1.2,,,,,,,,,,,,,,,,,,,,,,,,,,,,
,Option,Pain + viande,Vinaigrette,,,1.2,1.2,,,,,,,,,,,,,,,,,,,,,,,,,,,,
,Option,Pain + viande,Mayonnaise truffe,,,1.2,1.2,,,,,,,,,,,,,,,,,,,,,,,,,,,,
,Option,Pain + viande,Jammie,,,1.2,1.2,,,,,,,,,,,,,,,,,,,,,,,,,,,,
,Option,Pain + viande,Cheas'y,,,1.2,1.2,,,,,,,,,,,,,,,,,,,,,,,,,,,,
,Option,Pain + viande,Dallas,,,1.2,1.2,,,,,,,,,,,,,,,,,,,,,,,,,,,,
,ITEM,Pain + viande,Pain viande crispy,,Choix sauce = sauce dans le pain / Choix extra sauce = sauce en plus dans un pot. Si vous souhaitez 2 sauces mélangée : choisir une sauce et écrire la deuxième sauce en commentaire.,7.4,7.4,,,,,,,,,,,,,,,,,,,,,,,,,,,,
,Option-Group,Pain + viande,Choix sauce (obligatoire),,,,,,,,,,,,,,,,,,,,,,,,,,,,,,,,
,Option,Pain + viande,Sans sauce,,,0,0,,,,,,,,,,,,,,,,,,,,,,,,,,,,
,Option,Pain + viande,Algérienne,,,0,0,,,,,,,,,,,,,,,,,,,,,,,,,,,,
,Option,Pain + viande,Américaine,,,0,0,,,,,,,,,,,,,,,,,,,,,,,,,,,,
,Option,Pain + viande,Américaine forte,,,0,0,,,,,,,,,,,,,,,,,,,,,,,,,,,,
,Option,Pain + viande,Américaine légère,,,0,0,,,,,,,,,,,,,,,,,,,,,,,,,,,,
,Option,Pain + viande,Andalouse,,,0,0,,,,,,,,,,,,,,,,,,,,,,,,,,,,
,Option,Pain + viande,Barbecue,,,0,0,,,,,,,,,,,,,,,,,,,,,,,,,,,,
,Option,Pain + viande,Béarnaise,,,0,0,,,,,,,,,,,,,,,,,,,,,,,,,,,,
,Option,Pain + viande,Bicky burger,,,0,0,,,,,,,,,,,,,,,,,,,,,,,,,,,,
,Option,Pain + viande,Brazil,,,0,0,,,,,,,,,,,,,,,,,,,,,,,,,,,,
,Option,Pain + viande,Cocktail,,,0,0,,,,,,,,,,,,,,,,,,,,,,,,,,,,
,Option,Pain + viande,Curry ketchup,,,0,0,,,,,,,,,,,,,,,,,,,,,,,,,,,,
,Option,Pain + viande,Géante,,,0,0,,,,,,,,,,,,,,,,,,,,,,,,,,,,
,Option,Pain + viande,Hawaï,,,0,0,,,,,,,,,,,,,,,,,,,,,,,,,,,,
,Option,Pain + viande,Ketchup,,,0,0,,,,,,,,,,,,,,,,,,,,,,,,,,,,
,Option,Pain + viande,Loempia,,,0,0,,,,,,,,,,,,,,,,,,,,,,,,,,,,
,Option,Pain + viande,Manalouse,,,0,0,,,,,,,,,,,,,,,,,,,,,,,,,,,,
,Option,Pain + viande,Mayonnaise,,,0,0,,,,,,,,,,,,,,,,,,,,,,,,,,,,
,Option,Pain + viande,Moutarde,,,0,0,,,,,,,,,,,,,,,,,,,,,,,,,,,,
,Option,Pain + viande,Pitta à l'ail,,,0,0,,,,,,,,,,,,,,,,,,,,,,,,,,,,
,Option,Pain + viande,Poivre,,,0,0,,,,,,,,,,,,,,,,,,,,,,,,,,,,
,Option,Pain + viande,Provençale,,,0,0,,,,,,,,,,,,,,,,,,,,,,,,,,,,
,Option,Pain + viande,Riche,,,0,0,,,,,,,,,,,,,,,,,,,,,,,,,,,,
,Option,Pain + viande,Samouraï,,,0,0,,,,,,,,,,,,,,,,,,,,,,,,,,,,
,Option,Pain + viande,Tartare,,,0,0,,,,,,,,,,,,,,,,,,,,,,,,,,,,
,Option,Pain + viande,Tomagrec,,,0,0,,,,,,,,,,,,,,,,,,,,,,,,,,,,
,Option,Pain + viande,Toscane,,,0,0,,,,,,,,,,,,,,,,,,,,,,,,,,,,
,Option,Pain + viande,Vinaigrette,,,0,0,,,,,,,,,,,,,,,,,,,,,,,,,,,,
,Option,Pain + viande,Mayonnaise truffe,,,0,0,,,,,,,,,,,,,,,,,,,,,,,,,,,,
,Option,Pain + viande,Jammie,,,0,0,,,,,,,,,,,,,,,,,,,,,,,,,,,,
,Option,Pain + viande,Cheas'y,,,0,0,,,,,,,,,,,,,,,,,,,,,,,,,,,,
,Option,Pain + viande,Dallas,,,0,0,,,,,,,,,,,,,,,,,,,,,,,,,,,,
,Option-Group,Pain + viande,Choix crudités (facultatif),,,,,,,,,,,,,,,,,,,,,,,,,,,,,,,,
,Option,Pain + viande,Sans crudités,,,0,0,,,,,,,,,,,,,,,,,,,,,,,,,,,,
,Option,Pain + viande,Carotte,,,0.1,0.1,,,,,,,,,,,,,,,,,,,,,,,,,,,,
,Option,Pain + viande,Chou blanc,,,0.1,0.1,,,,,,,,,,,,,,,,,,,,,,,,,,,,
,Option,Pain + viande,Cornichon,,,0.1,0.1,,,,,,,,,,,,,,,,,,,,,,,,,,,,
,Option,Pain + viande,Maïs,,,0.1,0.1,,,,,,,,,,,,,,,,,,,,,,,,,,,,
,Option,Pain + viande,Oignons rouges,,,0.1,0.1,,,,,,,,,,,,,,,,,,,,,,,,,,,,
,Option,Pain + viande,Salade verte,,,0.1,0.1,,,,,,,,,,,,,,,,,,,,,,,,,,,,
,Option,Pain + viande,Tomates,,,0.1,0.1,,,,,,,,,,,,,,,,,,,,,,,,,,,,
,Option-Group,Pain + viande,Choix extra cheese (facultatif),,,,,,,,,,,,,,,,,,,,,,,,,,,,,,,,
,Option,Pain + viande,Feta,,,0.9,0.9,,,,,,,,,,,,,,,,,,,,,,,,,,,,
,Option,Pain + viande,Cheese,,,0.7,0.7,,,,,,,,,,,,,,,,,,,,,,,,,,,,
,Option-Group,Pain + viande,Choix extra sauces (facultatif),,,,,,,,,,,,,,,,,,,,,,,,,,,,,,,,
,Option,Pain + viande,Algérienne,,,0,0,,,,,,,,,,,,,,,,,,,,,,,,,,,,
,Option,Pain + viande,Américaine,,,1.2,1.2,,,,,,,,,,,,,,,,,,,,,,,,,,,,
,Option,Pain + viande,Américaine forte,,,1.2,1.2,,,,,,,,,,,,,,,,,,,,,,,,,,,,
,Option,Pain + viande,Américaine légère,,,1.2,1.2,,,,,,,,,,,,,,,,,,,,,,,,,,,,
,Option,Pain + viande,Andalouse,,,1.2,1.2,,,,,,,,,,,,,,,,,,,,,,,,,,,,
,Option,Pain + viande,Barbecue,,,1.2,1.2,,,,,,,,,,,,,,,,,,,,,,,,,,,,
,Option,Pain + viande,Béarnaise,,,1.2,1.2,,,,,,,,,,,,,,,,,,,,,,,,,,,,
,Option,Pain + viande,Bicky burger,,,1.2,1.2,,,,,,,,,,,,,,,,,,,,,,,,,,,,
,Option,Pain + viande,Brazil,,,1.2,1.2,,,,,,,,,,,,,,,,,,,,,,,,,,,,
,Option,Pain + viande,Cocktail,,,1.2,1.2,,,,,,,,,,,,,,,,,,,,,,,,,,,,
,Option,Pain + viande,Curry ketchup,,,1.2,1.2,,,,,,,,,,,,,,,,,,,,,,,,,,,,
,Option,Pain + viande,Géante,,,1.2,1.2,,,,,,,,,,,,,,,,,,,,,,,,,,,,
,Option,Pain + viande,Hawaï,,,1.2,1.2,,,,,,,,,,,,,,,,,,,,,,,,,,,,
,Option,Pain + viande,Ketchup,,,1.2,1.2,,,,,,,,,,,,,,,,,,,,,,,,,,,,
,Option,Pain + viande,Loempia,,,1.2,1.2,,,,,,,,,,,,,,,,,,,,,,,,,,,,
,Option,Pain + viande,Manalouse,,,1.2,1.2,,,,,,,,,,,,,,,,,,,,,,,,,,,,
,Option,Pain + viande,Mayonnaise,,,1.2,1.2,,,,,,,,,,,,,,,,,,,,,,,,,,,,
,Option,Pain + viande,Moutarde,,,1.2,1.2,,,,,,,,,,,,,,,,,,,,,,,,,,,,
,Option,Pain + viande,Pitta à l'ail,,,1.2,1.2,,,,,,,,,,,,,,,,,,,,,,,,,,,,
,Option,Pain + viande,Poivre,,,1.2,1.2,,,,,,,,,,,,,,,,,,,,,,,,,,,,
,Option,Pain + viande,Provençale,,,1.2,1.2,,,,,,,,,,,,,,,,,,,,,,,,,,,,
,Option,Pain + viande,Riche,,,1.2,1.2,,,,,,,,,,,,,,,,,,,,,,,,,,,,
,Option,Pain + viande,Samouraï,,,1.2,1.2,,,,,,,,,,,,,,,,,,,,,,,,,,,,
,Option,Pain + viande,Tartare,,,1.2,1.2,,,,,,,,,,,,,,,,,,,,,,,,,,,,
,Option,Pain + viande,Tomagrec,,,1.2,1.2,,,,,,,,,,,,,,,,,,,,,,,,,,,,
,Option,Pain + viande,Toscane,,,1.2,1.2,,,,,,,,,,,,,,,,,,,,,,,,,,,,
,Option,Pain + viande,Vinaigrette,,,1.2,1.2,,,,,,,,,,,,,,,,,,,,,,,,,,,,
,Option,Pain + viande,Mayonnaise truffe,,,1.2,1.2,,,,,,,,,,,,,,,,,,,,,,,,,,,,
,Option,Pain + viande,Jammie,,,1.2,1.2,,,,,,,,,,,,,,,,,,,,,,,,,,,,
,Option,Pain + viande,Cheas'y,,,1.2,1.2,,,,,,,,,,,,,,,,,,,,,,,,,,,,
,Option,Pain + viande,Dallas,,,1.2,1.2,,,,,,,,,,,,,,,,,,,,,,,,,,,,
,ITEM,Pain + viande,Pain pur boeuf,,Choix sauce = sauce dans le pain / Choix extra sauce = sauce en plus dans un pot. Si vous souhaitez 2 sauces mélangée : choisir une sauce et écrire la deuxième sauce en commentaire.,7.9,7.9,,,,,,,,,,,,,,,,,,,,,,,,,,,,
,Option-Group,Pain + viande,Choix sauce (obligatoire),,,,,,,,,,,,,,,,,,,,,,,,,,,,,,,,
,Option,Pain + viande,Sans sauce,,,0,0,,,,,,,,,,,,,,,,,,,,,,,,,,,,
,Option,Pain + viande,Algérienne,,,0,0,,,,,,,,,,,,,,,,,,,,,,,,,,,,
,Option,Pain + viande,Américaine,,,0,0,,,,,,,,,,,,,,,,,,,,,,,,,,,,
,Option,Pain + viande,Américaine forte,,,0,0,,,,,,,,,,,,,,,,,,,,,,,,,,,,
,Option,Pain + viande,Américaine légère,,,0,0,,,,,,,,,,,,,,,,,,,,,,,,,,,,
,Option,Pain + viande,Andalouse,,,0,0,,,,,,,,,,,,,,,,,,,,,,,,,,,,
,Option,Pain + viande,Barbecue,,,0,0,,,,,,,,,,,,,,,,,,,,,,,,,,,,
,Option,Pain + viande,Béarnaise,,,0,0,,,,,,,,,,,,,,,,,,,,,,,,,,,,
,Option,Pain + viande,Bicky burger,,,0,0,,,,,,,,,,,,,,,,,,,,,,,,,,,,
,Option,Pain + viande,Brazil,,,0,0,,,,,,,,,,,,,,,,,,,,,,,,,,,,
,Option,Pain + viande,Cocktail,,,0,0,,,,,,,,,,,,,,,,,,,,,,,,,,,,
,Option,Pain + viande,Curry ketchup,,,0,0,,,,,,,,,,,,,,,,,,,,,,,,,,,,
,Option,Pain + viande,Géante,,,0,0,,,,,,,,,,,,,,,,,,,,,,,,,,,,
,Option,Pain + viande,Hawaï,,,0,0,,,,,,,,,,,,,,,,,,,,,,,,,,,,
,Option,Pain + viande,Ketchup,,,0,0,,,,,,,,,,,,,,,,,,,,,,,,,,,,
,Option,Pain + viande,Loempia,,,0,0,,,,,,,,,,,,,,,,,,,,,,,,,,,,
,Option,Pain + viande,Manalouse,,,0,0,,,,,,,,,,,,,,,,,,,,,,,,,,,,
,Option,Pain + viande,Mayonnaise,,,0,0,,,,,,,,,,,,,,,,,,,,,,,,,,,,
,Option,Pain + viande,Moutarde,,,0,0,,,,,,,,,,,,,,,,,,,,,,,,,,,,
,Option,Pain + viande,Pitta à l'ail,,,0,0,,,,,,,,,,,,,,,,,,,,,,,,,,,,
,Option,Pain + viande,Poivre,,,0,0,,,,,,,,,,,,,,,,,,,,,,,,,,,,
,Option,Pain + viande,Provençale,,,0,0,,,,,,,,,,,,,,,,,,,,,,,,,,,,
,Option,Pain + viande,Riche,,,0,0,,,,,,,,,,,,,,,,,,,,,,,,,,,,
,Option,Pain + viande,Samouraï,,,0,0,,,,,,,,,,,,,,,,,,,,,,,,,,,,
,Option,Pain + viande,Tartare,,,0,0,,,,,,,,,,,,,,,,,,,,,,,,,,,,
,Option,Pain + viande,Tomagrec,,,0,0,,,,,,,,,,,,,,,,,,,,,,,,,,,,
,Option,Pain + viande,Toscane,,,0,0,,,,,,,,,,,,,,,,,,,,,,,,,,,,
,Option,Pain + viande,Vinaigrette,,,0,0,,,,,,,,,,,,,,,,,,,,,,,,,,,,
,Option,Pain + viande,Mayonnaise truffe,,,0,0,,,,,,,,,,,,,,,,,,,,,,,,,,,,
,Option,Pain + viande,Jammie,,,0,0,,,,,,,,,,,,,,,,,,,,,,,,,,,,
,Option,Pain + viande,Cheas'y,,,0,0,,,,,,,,,,,,,,,,,,,,,,,,,,,,
,Option,Pain + viande,Dallas,,,0,0,,,,,,,,,,,,,,,,,,,,,,,,,,,,
,Option-Group,Pain + viande,Choix crudités (facultatif),,,,,,,,,,,,,,,,,,,,,,,,,,,,,,,,
,Option,Pain + viande,Sans crudités,,,0,0,,,,,,,,,,,,,,,,,,,,,,,,,,,,
,Option,Pain + viande,Carotte,,,0.1,0.1,,,,,,,,,,,,,,,,,,,,,,,,,,,,
,Option,Pain + viande,Chou blanc,,,0.1,0.1,,,,,,,,,,,,,,,,,,,,,,,,,,,,
,Option,Pain + viande,Cornichon,,,0.1,0.1,,,,,,,,,,,,,,,,,,,,,,,,,,,,
,Option,Pain + viande,Maïs,,,0.1,0.1,,,,,,,,,,,,,,,,,,,,,,,,,,,,
,Option,Pain + viande,Oignons rouges,,,0.1,0.1,,,,,,,,,,,,,,,,,,,,,,,,,,,,
,Option,Pain + viande,Salade verte,,,0.1,0.1,,,,,,,,,,,,,,,,,,,,,,,,,,,,
,Option,Pain + viande,Tomates,,,0.1,0.1,,,,,,,,,,,,,,,,,,,,,,,,,,,,
,Option-Group,Pain + viande,Choix extra cheese (facultatif),,,,,,,,,,,,,,,,,,,,,,,,,,,,,,,,
,Option,Pain + viande,Feta,,,0.9,0.9,,,,,,,,,,,,,,,,,,,,,,,,,,,,
,Option,Pain + viande,Cheese,,,0.7,0.7,,,,,,,,,,,,,,,,,,,,,,,,,,,,
,Option-Group,Pain + viande,Choix extra sauces (facultatif),,,,,,,,,,,,,,,,,,,,,,,,,,,,,,,,
,Option,Pain + viande,Algérienne,,,0,0,,,,,,,,,,,,,,,,,,,,,,,,,,,,
,Option,Pain + viande,Américaine,,,1.2,1.2,,,,,,,,,,,,,,,,,,,,,,,,,,,,
,Option,Pain + viande,Américaine forte,,,1.2,1.2,,,,,,,,,,,,,,,,,,,,,,,,,,,,
,Option,Pain + viande,Américaine légère,,,1.2,1.2,,,,,,,,,,,,,,,,,,,,,,,,,,,,
,Option,Pain + viande,Andalouse,,,1.2,1.2,,,,,,,,,,,,,,,,,,,,,,,,,,,,
,Option,Pain + viande,Barbecue,,,1.2,1.2,,,,,,,,,,,,,,,,,,,,,,,,,,,,
,Option,Pain + viande,Béarnaise,,,1.2,1.2,,,,,,,,,,,,,,,,,,,,,,,,,,,,
,Option,Pain + viande,Bicky burger,,,1.2,1.2,,,,,,,,,,,,,,,,,,,,,,,,,,,,
,Option,Pain + viande,Brazil,,,1.2,1.2,,,,,,,,,,,,,,,,,,,,,,,,,,,,
,Option,Pain + viande,Cocktail,,,1.2,1.2,,,,,,,,,,,,,,,,,,,,,,,,,,,,
,Option,Pain + viande,Curry ketchup,,,1.2,1.2,,,,,,,,,,,,,,,,,,,,,,,,,,,,
,Option,Pain + viande,Géante,,,1.2,1.2,,,,,,,,,,,,,,,,,,,,,,,,,,,,
,Option,Pain + viande,Hawaï,,,1.2,1.2,,,,,,,,,,,,,,,,,,,,,,,,,,,,
,Option,Pain + viande,Ketchup,,,1.2,1.2,,,,,,,,,,,,,,,,,,,,,,,,,,,,
,Option,Pain + viande,Loempia,,,1.2,1.2,,,,,,,,,,,,,,,,,,,,,,,,,,,,
,Option,Pain + viande,Manalouse,,,1.2,1.2,,,,,,,,,,,,,,,,,,,,,,,,,,,,
,Option,Pain + viande,Mayonnaise,,,1.2,1.2,,,,,,,,,,,,,,,,,,,,,,,,,,,,
,Option,Pain + viande,Moutarde,,,1.2,1.2,,,,,,,,,,,,,,,,,,,,,,,,,,,,
,Option,Pain + viande,Pitta à l'ail,,,1.2,1.2,,,,,,,,,,,,,,,,,,,,,,,,,,,,
,Option,Pain + viande,Poivre,,,1.2,1.2,,,,,,,,,,,,,,,,,,,,,,,,,,,,
,Option,Pain + viande,Provençale,,,1.2,1.2,,,,,,,,,,,,,,,,,,,,,,,,,,,,
,Option,Pain + viande,Riche,,,1.2,1.2,,,,,,,,,,,,,,,,,,,,,,,,,,,,
,Option,Pain + viande,Samouraï,,,1.2,1.2,,,,,,,,,,,,,,,,,,,,,,,,,,,,
,Option,Pain + viande,Tartare,,,1.2,1.2,,,,,,,,,,,,,,,,,,,,,,,,,,,,
,Option,Pain + viande,Tomagrec,,,1.2,1.2,,,,,,,,,,,,,,,,,,,,,,,,,,,,
,Option,Pain + viande,Toscane,,,1.2,1.2,,,,,,,,,,,,,,,,,,,,,,,,,,,,
,Option,Pain + viande,Vinaigrette,,,1.2,1.2,,,,,,,,,,,,,,,,,,,,,,,,,,,,
,Option,Pain + viande,Mayonnaise truffe,,,1.2,1.2,,,,,,,,,,,,,,,,,,,,,,,,,,,,
,Option,Pain + viande,Jammie,,,1.2,1.2,,,,,,,,,,,,,,,,,,,,,,,,,,,,
,Option,Pain + viande,Cheas'y,,,1.2,1.2,,,,,,,,,,,,,,,,,,,,,,,,,,,,
,Option,Pain + viande,Dallas,,,1.2,1.2,,,,,,,,,,,,,,,,,,,,,,,,,,,,
,ITEM,Pain + viande,Pain kermesse,,Choix sauce = sauce dans le pain / Choix extra sauce = sauce en plus dans un pot. Si vous souhaitez 2 sauces mélangée : choisir une sauce et écrire la deuxième sauce en commentaire.,6.3,6.3,,,,,,,,,,,,,,,,,,,,,,,,,,,,
,Option-Group,Pain + viande,Choix sauce (obligatoire),,,,,,,,,,,,,,,,,,,,,,,,,,,,,,,,
,Option,Pain + viande,Sans sauce,,,0,0,,,,,,,,,,,,,,,,,,,,,,,,,,,,
,Option,Pain + viande,Algérienne,,,0,0,,,,,,,,,,,,,,,,,,,,,,,,,,,,
,Option,Pain + viande,Américaine,,,0,0,,,,,,,,,,,,,,,,,,,,,,,,,,,,
,Option,Pain + viande,Américaine forte,,,0,0,,,,,,,,,,,,,,,,,,,,,,,,,,,,
,Option,Pain + viande,Américaine légère,,,0,0,,,,,,,,,,,,,,,,,,,,,,,,,,,,
,Option,Pain + viande,Andalouse,,,0,0,,,,,,,,,,,,,,,,,,,,,,,,,,,,
,Option,Pain + viande,Barbecue,,,0,0,,,,,,,,,,,,,,,,,,,,,,,,,,,,
,Option,Pain + viande,Béarnaise,,,0,0,,,,,,,,,,,,,,,,,,,,,,,,,,,,
,Option,Pain + viande,Bicky burger,,,0,0,,,,,,,,,,,,,,,,,,,,,,,,,,,,
,Option,Pain + viande,Brazil,,,0,0,,,,,,,,,,,,,,,,,,,,,,,,,,,,
,Option,Pain + viande,Cocktail,,,0,0,,,,,,,,,,,,,,,,,,,,,,,,,,,,
,Option,Pain + viande,Curry ketchup,,,0,0,,,,,,,,,,,,,,,,,,,,,,,,,,,,
,Option,Pain + viande,Géante,,,0,0,,,,,,,,,,,,,,,,,,,,,,,,,,,,
,Option,Pain + viande,Hawaï,,,0,0,,,,,,,,,,,,,,,,,,,,,,,,,,,,
,Option,Pain + viande,Ketchup,,,0,0,,,,,,,,,,,,,,,,,,,,,,,,,,,,
,Option,Pain + viande,Loempia,,,0,0,,,,,,,,,,,,,,,,,,,,,,,,,,,,
,Option,Pain + viande,Manalouse,,,0,0,,,,,,,,,,,,,,,,,,,,,,,,,,,,
,Option,Pain + viande,Mayonnaise,,,0,0,,,,,,,,,,,,,,,,,,,,,,,,,,,,
,Option,Pain + viande,Moutarde,,,0,0,,,,,,,,,,,,,,,,,,,,,,,,,,,,
,Option,Pain + viande,Pitta à l'ail,,,0,0,,,,,,,,,,,,,,,,,,,,,,,,,,,,
,Option,Pain + viande,Poivre,,,0,0,,,,,,,,,,,,,,,,,,,,,,,,,,,,
,Option,Pain + viande,Provençale,,,0,0,,,,,,,,,,,,,,,,,,,,,,,,,,,,
,Option,Pain + viande,Riche,,,0,0,,,,,,,,,,,,,,,,,,,,,,,,,,,,
,Option,Pain + viande,Samouraï,,,0,0,,,,,,,,,,,,,,,,,,,,,,,,,,,,
,Option,Pain + viande,Tartare,,,0,0,,,,,,,,,,,,,,,,,,,,,,,,,,,,
,Option,Pain + viande,Tomagrec,,,0,0,,,,,,,,,,,,,,,,,,,,,,,,,,,,
,Option,Pain + viande,Toscane,,,0,0,,,,,,,,,,,,,,,,,,,,,,,,,,,,
,Option,Pain + viande,Vinaigrette,,,0,0,,,,,,,,,,,,,,,,,,,,,,,,,,,,
,Option,Pain + viande,Mayonnaise truffe,,,0,0,,,,,,,,,,,,,,,,,,,,,,,,,,,,
,Option,Pain + viande,Jammie,,,0,0,,,,,,,,,,,,,,,,,,,,,,,,,,,,
,Option,Pain + viande,Cheas'y,,,0,0,,,,,,,,,,,,,,,,,,,,,,,,,,,,
,Option,Pain + viande,Dallas,,,0,0,,,,,,,,,,,,,,,,,,,,,,,,,,,,
,Option-Group,Pain + viande,Choix crudités (facultatif),,,,,,,,,,,,,,,,,,,,,,,,,,,,,,,,
,Option,Pain + viande,Sans crudités,,,0,0,,,,,,,,,,,,,,,,,,,,,,,,,,,,
,Option,Pain + viande,Carotte,,,0.1,0.1,,,,,,,,,,,,,,,,,,,,,,,,,,,,
,Option,Pain + viande,Chou blanc,,,0.1,0.1,,,,,,,,,,,,,,,,,,,,,,,,,,,,
,Option,Pain + viande,Cornichon,,,0.1,0.1,,,,,,,,,,,,,,,,,,,,,,,,,,,,
,Option,Pain + viande,Maïs,,,0.1,0.1,,,,,,,,,,,,,,,,,,,,,,,,,,,,
,Option,Pain + viande,Oignons rouges,,,0.1,0.1,,,,,,,,,,,,,,,,,,,,,,,,,,,,
,Option,Pain + viande,Salade verte,,,0.1,0.1,,,,,,,,,,,,,,,,,,,,,,,,,,,,
,Option,Pain + viande,Tomates,,,0.1,0.1,,,,,,,,,,,,,,,,,,,,,,,,,,,,
,Option-Group,Pain + viande,Choix extra cheese (facultatif),,,,,,,,,,,,,,,,,,,,,,,,,,,,,,,,
,Option,Pain + viande,Feta,,,0.9,0.9,,,,,,,,,,,,,,,,,,,,,,,,,,,,
,Option,Pain + viande,Cheese,,,0.7,0.7,,,,,,,,,,,,,,,,,,,,,,,,,,,,
,Option-Group,Pain + viande,Choix extra sauces (facultatif),,,,,,,,,,,,,,,,,,,,,,,,,,,,,,,,
,Option,Pain + viande,Algérienne,,,0,0,,,,,,,,,,,,,,,,,,,,,,,,,,,,
,Option,Pain + viande,Américaine,,,1.2,1.2,,,,,,,,,,,,,,,,,,,,,,,,,,,,
,Option,Pain + viande,Américaine forte,,,1.2,1.2,,,,,,,,,,,,,,,,,,,,,,,,,,,,
,Option,Pain + viande,Américaine légère,,,1.2,1.2,,,,,,,,,,,,,,,,,,,,,,,,,,,,
,Option,Pain + viande,Andalouse,,,1.2,1.2,,,,,,,,,,,,,,,,,,,,,,,,,,,,
,Option,Pain + viande,Barbecue,,,1.2,1.2,,,,,,,,,,,,,,,,,,,,,,,,,,,,
,Option,Pain + viande,Béarnaise,,,1.2,1.2,,,,,,,,,,,,,,,,,,,,,,,,,,,,
,Option,Pain + viande,Bicky burger,,,1.2,1.2,,,,,,,,,,,,,,,,,,,,,,,,,,,,
,Option,Pain + viande,Brazil,,,1.2,1.2,,,,,,,,,,,,,,,,,,,,,,,,,,,,
,Option,Pain + viande,Cocktail,,,1.2,1.2,,,,,,,,,,,,,,,,,,,,,,,,,,,,
,Option,Pain + viande,Curry ketchup,,,1.2,1.2,,,,,,,,,,,,,,,,,,,,,,,,,,,,
,Option,Pain + viande,Géante,,,1.2,1.2,,,,,,,,,,,,,,,,,,,,,,,,,,,,
,Option,Pain + viande,Hawaï,,,1.2,1.2,,,,,,,,,,,,,,,,,,,,,,,,,,,,
,Option,Pain + viande,Ketchup,,,1.2,1.2,,,,,,,,,,,,,,,,,,,,,,,,,,,,
,Option,Pain + viande,Loempia,,,1.2,1.2,,,,,,,,,,,,,,,,,,,,,,,,,,,,
,Option,Pain + viande,Manalouse,,,1.2,1.2,,,,,,,,,,,,,,,,,,,,,,,,,,,,
,Option,Pain + viande,Mayonnaise,,,1.2,1.2,,,,,,,,,,,,,,,,,,,,,,,,,,,,
,Option,Pain + viande,Moutarde,,,1.2,1.2,,,,,,,,,,,,,,,,,,,,,,,,,,,,
,Option,Pain + viande,Pitta à l'ail,,,1.2,1.2,,,,,,,,,,,,,,,,,,,,,,,,,,,,
,Option,Pain + viande,Poivre,,,1.2,1.2,,,,,,,,,,,,,,,,,,,,,,,,,,,,
,Option,Pain + viande,Provençale,,,1.2,1.2,,,,,,,,,,,,,,,,,,,,,,,,,,,,
,Option,Pain + viande,Riche,,,1.2,1.2,,,,,,,,,,,,,,,,,,,,,,,,,,,,
,Option,Pain + viande,Samouraï,,,1.2,1.2,,,,,,,,,,,,,,,,,,,,,,,,,,,,
,Option,Pain + viande,Tartare,,,1.2,1.2,,,,,,,,,,,,,,,,,,,,,,,,,,,,
,Option,Pain + viande,Tomagrec,,,1.2,1.2,,,,,,,,,,,,,,,,,,,,,,,,,,,,
,Option,Pain + viande,Toscane,,,1.2,1.2,,,,,,,,,,,,,,,,,,,,,,,,,,,,
,Option,Pain + viande,Vinaigrette,,,1.2,1.2,,,,,,,,,,,,,,,,,,,,,,,,,,,,
,Option,Pain + viande,Mayonnaise truffe,,,1.2,1.2,,,,,,,,,,,,,,,,,,,,,,,,,,,,
,Option,Pain + viande,Jammie,,,1.2,1.2,,,,,,,,,,,,,,,,,,,,,,,,,,,,
,Option,Pain + viande,Cheas'y,,,1.2,1.2,,,,,,,,,,,,,,,,,,,,,,,,,,,,
,Option,Pain + viande,Dallas,,,1.2,1.2,,,,,,,,,,,,,,,,,,,,,,,,,,,,
,ITEM,Pain + viande,Pain poulycroc veggie,,Choix sauce = sauce dans le pain / Choix extra sauce = sauce en plus dans un pot. Si vous souhaitez 2 sauces mélangée : choisir une sauce et écrire la deuxième sauce en commentaire.,7.5,7.5,,,,,,,,,,,,,,,,,,,,,,,,,,,,
,Option-Group,Pain + viande,Choix sauce (obligatoire),,,,,,,,,,,,,,,,,,,,,,,,,,,,,,,,
,Option,Pain + viande,Sans sauce,,,0,0,,,,,,,,,,,,,,,,,,,,,,,,,,,,
,Option,Pain + viande,Algérienne,,,0,0,,,,,,,,,,,,,,,,,,,,,,,,,,,,
,Option,Pain + viande,Américaine,,,0,0,,,,,,,,,,,,,,,,,,,,,,,,,,,,
,Option,Pain + viande,Américaine forte,,,0,0,,,,,,,,,,,,,,,,,,,,,,,,,,,,
,Option,Pain + viande,Américaine légère,,,0,0,,,,,,,,,,,,,,,,,,,,,,,,,,,,
,Option,Pain + viande,Andalouse,,,0,0,,,,,,,,,,,,,,,,,,,,,,,,,,,,
,Option,Pain + viande,Barbecue,,,0,0,,,,,,,,,,,,,,,,,,,,,,,,,,,,
,Option,Pain + viande,Béarnaise,,,0,0,,,,,,,,,,,,,,,,,,,,,,,,,,,,
,Option,Pain + viande,Bicky burger,,,0,0,,,,,,,,,,,,,,,,,,,,,,,,,,,,
,Option,Pain + viande,Brazil,,,0,0,,,,,,,,,,,,,,,,,,,,,,,,,,,,
,Option,Pain + viande,Cocktail,,,0,0,,,,,,,,,,,,,,,,,,,,,,,,,,,,
,Option,Pain + viande,Curry ketchup,,,0,0,,,,,,,,,,,,,,,,,,,,,,,,,,,,
,Option,Pain + viande,Géante,,,0,0,,,,,,,,,,,,,,,,,,,,,,,,,,,,
,Option,Pain + viande,Hawaï,,,0,0,,,,,,,,,,,,,,,,,,,,,,,,,,,,
,Option,Pain + viande,Ketchup,,,0,0,,,,,,,,,,,,,,,,,,,,,,,,,,,,
,Option,Pain + viande,Loempia,,,0,0,,,,,,,,,,,,,,,,,,,,,,,,,,,,
,Option,Pain + viande,Manalouse,,,0,0,,,,,,,,,,,,,,,,,,,,,,,,,,,,
,Option,Pain + viande,Mayonnaise,,,0,0,,,,,,,,,,,,,,,,,,,,,,,,,,,,
,Option,Pain + viande,Moutarde,,,0,0,,,,,,,,,,,,,,,,,,,,,,,,,,,,
,Option,Pain + viande,Pitta à l'ail,,,0,0,,,,,,,,,,,,,,,,,,,,,,,,,,,,
,Option,Pain + viande,Poivre,,,0,0,,,,,,,,,,,,,,,,,,,,,,,,,,,,
,Option,Pain + viande,Provençale,,,0,0,,,,,,,,,,,,,,,,,,,,,,,,,,,,
,Option,Pain + viande,Riche,,,0,0,,,,,,,,,,,,,,,,,,,,,,,,,,,,
,Option,Pain + viande,Samouraï,,,0,0,,,,,,,,,,,,,,,,,,,,,,,,,,,,
,Option,Pain + viande,Tartare,,,0,0,,,,,,,,,,,,,,,,,,,,,,,,,,,,
,Option,Pain + viande,Tomagrec,,,0,0,,,,,,,,,,,,,,,,,,,,,,,,,,,,
,Option,Pain + viande,Toscane,,,0,0,,,,,,,,,,,,,,,,,,,,,,,,,,,,
,Option,Pain + viande,Vinaigrette,,,0,0,,,,,,,,,,,,,,,,,,,,,,,,,,,,
,Option,Pain + viande,Mayonnaise truffe,,,0,0,,,,,,,,,,,,,,,,,,,,,,,,,,,,
,Option,Pain + viande,Jammie,,,0,0,,,,,,,,,,,,,,,,,,,,,,,,,,,,
,Option,Pain + viande,Cheas'y,,,0,0,,,,,,,,,,,,,,,,,,,,,,,,,,,,
,Option,Pain + viande,Dallas,,,0,0,,,,,,,,,,,,,,,,,,,,,,,,,,,,
,Option-Group,Pain + viande,Choix crudités (facultatif),,,,,,,,,,,,,,,,,,,,,,,,,,,,,,,,
,Option,Pain + viande,Sans crudités,,,0,0,,,,,,,,,,,,,,,,,,,,,,,,,,,,
,Option,Pain + viande,Carotte,,,0.1,0.1,,,,,,,,,,,,,,,,,,,,,,,,,,,,
,Option,Pain + viande,Chou blanc,,,0.1,0.1,,,,,,,,,,,,,,,,,,,,,,,,,,,,
,Option,Pain + viande,Cornichon,,,0.1,0.1,,,,,,,,,,,,,,,,,,,,,,,,,,,,
,Option,Pain + viande,Maïs,,,0.1,0.1,,,,,,,,,,,,,,,,,,,,,,,,,,,,
,Option,Pain + viande,Oignons rouges,,,0.1,0.1,,,,,,,,,,,,,,,,,,,,,,,,,,,,
,Option,Pain + viande,Salade verte,,,0.1,0.1,,,,,,,,,,,,,,,,,,,,,,,,,,,,
,Option,Pain + viande,Tomates,,,0.1,0.1,,,,,,,,,,,,,,,,,,,,,,,,,,,,
,Option-Group,Pain + viande,Choix extra cheese (facultatif),,,,,,,,,,,,,,,,,,,,,,,,,,,,,,,,
,Option,Pain + viande,Feta,,,0.9,0.9,,,,,,,,,,,,,,,,,,,,,,,,,,,,
,Option,Pain + viande,Cheese,,,0.7,0.7,,,,,,,,,,,,,,,,,,,,,,,,,,,,
,Option-Group,Pain + viande,Choix extra sauces (facultatif),,,,,,,,,,,,,,,,,,,,,,,,,,,,,,,,
,Option,Pain + viande,Algérienne,,,0,0,,,,,,,,,,,,,,,,,,,,,,,,,,,,
,Option,Pain + viande,Américaine,,,1.2,1.2,,,,,,,,,,,,,,,,,,,,,,,,,,,,
,Option,Pain + viande,Américaine forte,,,1.2,1.2,,,,,,,,,,,,,,,,,,,,,,,,,,,,
,Option,Pain + viande,Américaine légère,,,1.2,1.2,,,,,,,,,,,,,,,,,,,,,,,,,,,,
,Option,Pain + viande,Andalouse,,,1.2,1.2,,,,,,,,,,,,,,,,,,,,,,,,,,,,
,Option,Pain + viande,Barbecue,,,1.2,1.2,,,,,,,,,,,,,,,,,,,,,,,,,,,,
,Option,Pain + viande,Béarnaise,,,1.2,1.2,,,,,,,,,,,,,,,,,,,,,,,,,,,,
,Option,Pain + viande,Bicky burger,,,1.2,1.2,,,,,,,,,,,,,,,,,,,,,,,,,,,,
,Option,Pain + viande,Brazil,,,1.2,1.2,,,,,,,,,,,,,,,,,,,,,,,,,,,,
,Option,Pain + viande,Cocktail,,,1.2,1.2,,,,,,,,,,,,,,,,,,,,,,,,,,,,
,Option,Pain + viande,Curry ketchup,,,1.2,1.2,,,,,,,,,,,,,,,,,,,,,,,,,,,,
,Option,Pain + viande,Géante,,,1.2,1.2,,,,,,,,,,,,,,,,,,,,,,,,,,,,
,Option,Pain + viande,Hawaï,,,1.2,1.2,,,,,,,,,,,,,,,,,,,,,,,,,,,,
,Option,Pain + viande,Ketchup,,,1.2,1.2,,,,,,,,,,,,,,,,,,,,,,,,,,,,
,Option,Pain + viande,Loempia,,,1.2,1.2,,,,,,,,,,,,,,,,,,,,,,,,,,,,
,Option,Pain + viande,Manalouse,,,1.2,1.2,,,,,,,,,,,,,,,,,,,,,,,,,,,,
,Option,Pain + viande,Mayonnaise,,,1.2,1.2,,,,,,,,,,,,,,,,,,,,,,,,,,,,
,Option,Pain + viande,Moutarde,,,1.2,1.2,,,,,,,,,,,,,,,,,,,,,,,,,,,,
,Option,Pain + viande,Pitta à l'ail,,,1.2,1.2,,,,,,,,,,,,,,,,,,,,,,,,,,,,
,Option,Pain + viande,Poivre,,,1.2,1.2,,,,,,,,,,,,,,,,,,,,,,,,,,,,
,Option,Pain + viande,Provençale,,,1.2,1.2,,,,,,,,,,,,,,,,,,,,,,,,,,,,
,Option,Pain + viande,Riche,,,1.2,1.2,,,,,,,,,,,,,,,,,,,,,,,,,,,,
,Option,Pain + viande,Samouraï,,,1.2,1.2,,,,,,,,,,,,,,,,,,,,,,,,,,,,
,Option,Pain + viande,Tartare,,,1.2,1.2,,,,,,,,,,,,,,,,,,,,,,,,,,,,
,Option,Pain + viande,Tomagrec,,,1.2,1.2,,,,,,,,,,,,,,,,,,,,,,,,,,,,
,Option,Pain + viande,Toscane,,,1.2,1.2,,,,,,,,,,,,,,,,,,,,,,,,,,,,
,Option,Pain + viande,Vinaigrette,,,1.2,1.2,,,,,,,,,,,,,,,,,,,,,,,,,,,,
,Option,Pain + viande,Mayonnaise truffe,,,1.2,1.2,,,,,,,,,,,,,,,,,,,,,,,,,,,,
,Option,Pain + viande,Jammie,,,1.2,1.2,,,,,,,,,,,,,,,,,,,,,,,,,,,,
,Option,Pain + viande,Cheas'y,,,1.2,1.2,,,,,,,,,,,,,,,,,,,,,,,,,,,,
,Option,Pain + viande,Dallas,,,1.2,1.2,,,,,,,,,,,,,,,,,,,,,,,,,,,,
,ITEM,Pain + viande,Pain fricadelle veggie,,Choix sauce = sauce dans le pain / Choix extra sauce = sauce en plus dans un pot. Si vous souhaitez 2 sauces mélangée : choisir une sauce et écrire la deuxième sauce en commentaire.,6.9,6.9,,,,,,,,,,,,,,,,,,,,,,,,,,,,
,Option-Group,Pain + viande,Choix sauce (obligatoire),,,,,,,,,,,,,,,,,,,,,,,,,,,,,,,,
,Option,Pain + viande,Sans sauce,,,0,0,,,,,,,,,,,,,,,,,,,,,,,,,,,,
,Option,Pain + viande,Algérienne,,,0,0,,,,,,,,,,,,,,,,,,,,,,,,,,,,
,Option,Pain + viande,Américaine,,,0,0,,,,,,,,,,,,,,,,,,,,,,,,,,,,
,Option,Pain + viande,Américaine forte,,,0,0,,,,,,,,,,,,,,,,,,,,,,,,,,,,
,Option,Pain + viande,Américaine légère,,,0,0,,,,,,,,,,,,,,,,,,,,,,,,,,,,
,Option,Pain + viande,Andalouse,,,0,0,,,,,,,,,,,,,,,,,,,,,,,,,,,,
,Option,Pain + viande,Barbecue,,,0,0,,,,,,,,,,,,,,,,,,,,,,,,,,,,
,Option,Pain + viande,Béarnaise,,,0,0,,,,,,,,,,,,,,,,,,,,,,,,,,,,
,Option,Pain + viande,Bicky burger,,,0,0,,,,,,,,,,,,,,,,,,,,,,,,,,,,
,Option,Pain + viande,Brazil,,,0,0,,,,,,,,,,,,,,,,,,,,,,,,,,,,
,Option,Pain + viande,Cocktail,,,0,0,,,,,,,,,,,,,,,,,,,,,,,,,,,,
,Option,Pain + viande,Curry ketchup,,,0,0,,,,,,,,,,,,,,,,,,,,,,,,,,,,
,Option,Pain + viande,Géante,,,0,0,,,,,,,,,,,,,,,,,,,,,,,,,,,,
,Option,Pain + viande,Hawaï,,,0,0,,,,,,,,,,,,,,,,,,,,,,,,,,,,
,Option,Pain + viande,Ketchup,,,0,0,,,,,,,,,,,,,,,,,,,,,,,,,,,,
,Option,Pain + viande,Loempia,,,0,0,,,,,,,,,,,,,,,,,,,,,,,,,,,,
,Option,Pain + viande,Manalouse,,,0,0,,,,,,,,,,,,,,,,,,,,,,,,,,,,
,Option,Pain + viande,Mayonnaise,,,0,0,,,,,,,,,,,,,,,,,,,,,,,,,,,,
,Option,Pain + viande,Moutarde,,,0,0,,,,,,,,,,,,,,,,,,,,,,,,,,,,
,Option,Pain + viande,Pitta à l'ail,,,0,0,,,,,,,,,,,,,,,,,,,,,,,,,,,,
,Option,Pain + viande,Poivre,,,0,0,,,,,,,,,,,,,,,,,,,,,,,,,,,,
,Option,Pain + viande,Provençale,,,0,0,,,,,,,,,,,,,,,,,,,,,,,,,,,,
,Option,Pain + viande,Riche,,,0,0,,,,,,,,,,,,,,,,,,,,,,,,,,,,
,Option,Pain + viande,Samouraï,,,0,0,,,,,,,,,,,,,,,,,,,,,,,,,,,,
,Option,Pain + viande,Tartare,,,0,0,,,,,,,,,,,,,,,,,,,,,,,,,,,,
,Option,Pain + viande,Tomagrec,,,0,0,,,,,,,,,,,,,,,,,,,,,,,,,,,,
,Option,Pain + viande,Toscane,,,0,0,,,,,,,,,,,,,,,,,,,,,,,,,,,,
,Option,Pain + viande,Vinaigrette,,,0,0,,,,,,,,,,,,,,,,,,,,,,,,,,,,
,Option,Pain + viande,Mayonnaise truffe,,,0,0,,,,,,,,,,,,,,,,,,,,,,,,,,,,
,Option,Pain + viande,Jammie,,,0,0,,,,,,,,,,,,,,,,,,,,,,,,,,,,
,Option,Pain + viande,Cheas'y,,,0,0,,,,,,,,,,,,,,,,,,,,,,,,,,,,
,Option,Pain + viande,Dallas,,,0,0,,,,,,,,,,,,,,,,,,,,,,,,,,,,
,Option-Group,Pain + viande,Choix crudités (facultatif),,,,,,,,,,,,,,,,,,,,,,,,,,,,,,,,
,Option,Pain + viande,Sans crudités,,,0,0,,,,,,,,,,,,,,,,,,,,,,,,,,,,
,Option,Pain + viande,Carotte,,,0.1,0.1,,,,,,,,,,,,,,,,,,,,,,,,,,,,
,Option,Pain + viande,Chou blanc,,,0.1,0.1,,,,,,,,,,,,,,,,,,,,,,,,,,,,
,Option,Pain + viande,Cornichon,,,0.1,0.1,,,,,,,,,,,,,,,,,,,,,,,,,,,,
,Option,Pain + viande,Maïs,,,0.1,0.1,,,,,,,,,,,,,,,,,,,,,,,,,,,,
,Option,Pain + viande,Oignons rouges,,,0.1,0.1,,,,,,,,,,,,,,,,,,,,,,,,,,,,
,Option,Pain + viande,Salade verte,,,0.1,0.1,,,,,,,,,,,,,,,,,,,,,,,,,,,,
,Option,Pain + viande,Tomates,,,0.1,0.1,,,,,,,,,,,,,,,,,,,,,,,,,,,,
,Option-Group,Pain + viande,Choix extra cheese (facultatif),,,,,,,,,,,,,,,,,,,,,,,,,,,,,,,,
,Option,Pain + viande,Feta,,,0.9,0.9,,,,,,,,,,,,,,,,,,,,,,,,,,,,
,Option,Pain + viande,Cheese,,,0.7,0.7,,,,,,,,,,,,,,,,,,,,,,,,,,,,
,Option-Group,Pain + viande,Choix extra sauces (facultatif),,,,,,,,,,,,,,,,,,,,,,,,,,,,,,,,
,Option,Pain + viande,Algérienne,,,0,0,,,,,,,,,,,,,,,,,,,,,,,,,,,,
,Option,Pain + viande,Américaine,,,1.2,1.2,,,,,,,,,,,,,,,,,,,,,,,,,,,,
,Option,Pain + viande,Américaine forte,,,1.2,1.2,,,,,,,,,,,,,,,,,,,,,,,,,,,,
,Option,Pain + viande,Américaine légère,,,1.2,1.2,,,,,,,,,,,,,,,,,,,,,,,,,,,,
,Option,Pain + viande,Andalouse,,,1.2,1.2,,,,,,,,,,,,,,,,,,,,,,,,,,,,
,Option,Pain + viande,Barbecue,,,1.2,1.2,,,,,,,,,,,,,,,,,,,,,,,,,,,,
,Option,Pain + viande,Béarnaise,,,1.2,1.2,,,,,,,,,,,,,,,,,,,,,,,,,,,,
,Option,Pain + viande,Bicky burger,,,1.2,1.2,,,,,,,,,,,,,,,,,,,,,,,,,,,,
,Option,Pain + viande,Brazil,,,1.2,1.2,,,,,,,,,,,,,,,,,,,,,,,,,,,,
,Option,Pain + viande,Cocktail,,,1.2,1.2,,,,,,,,,,,,,,,,,,,,,,,,,,,,
,Option,Pain + viande,Curry ketchup,,,1.2,1.2,,,,,,,,,,,,,,,,,,,,,,,,,,,,
,Option,Pain + viande,Géante,,,1.2,1.2,,,,,,,,,,,,,,,,,,,,,,,,,,,,
,Option,Pain + viande,Hawaï,,,1.2,1.2,,,,,,,,,,,,,,,,,,,,,,,,,,,,
,Option,Pain + viande,Ketchup,,,1.2,1.2,,,,,,,,,,,,,,,,,,,,,,,,,,,,
,Option,Pain + viande,Loempia,,,1.2,1.2,,,,,,,,,,,,,,,,,,,,,,,,,,,,
,Option,Pain + viande,Manalouse,,,1.2,1.2,,,,,,,,,,,,,,,,,,,,,,,,,,,,
,Option,Pain + viande,Mayonnaise,,,1.2,1.2,,,,,,,,,,,,,,,,,,,,,,,,,,,,
,Option,Pain + viande,Moutarde,,,1.2,1.2,,,,,,,,,,,,,,,,,,,,,,,,,,,,
,Option,Pain + viande,Pitta à l'ail,,,1.2,1.2,,,,,,,,,,,,,,,,,,,,,,,,,,,,
,Option,Pain + viande,Poivre,,,1.2,1.2,,,,,,,,,,,,,,,,,,,,,,,,,,,,
,Option,Pain + viande,Provençale,,,1.2,1.2,,,,,,,,,,,,,,,,,,,,,,,,,,,,
,Option,Pain + viande,Riche,,,1.2,1.2,,,,,,,,,,,,,,,,,,,,,,,,,,,,
,Option,Pain + viande,Samouraï,,,1.2,1.2,,,,,,,,,,,,,,,,,,,,,,,,,,,,
,Option,Pain + viande,Tartare,,,1.2,1.2,,,,,,,,,,,,,,,,,,,,,,,,,,,,
,Option,Pain + viande,Tomagrec,,,1.2,1.2,,,,,,,,,,,,,,,,,,,,,,,,,,,,
,Option,Pain + viande,Toscane,,,1.2,1.2,,,,,,,,,,,,,,,,,,,,,,,,,,,,
,Option,Pain + viande,Vinaigrette,,,1.2,1.2,,,,,,,,,,,,,,,,,,,,,,,,,,,,
,Option,Pain + viande,Mayonnaise truffe,,,1.2,1.2,,,,,,,,,,,,,,,,,,,,,,,,,,,,
,Option,Pain + viande,Jammie,,,1.2,1.2,,,,,,,,,,,,,,,,,,,,,,,,,,,,
,Option,Pain + viande,Cheas'y,,,1.2,1.2,,,,,,,,,,,,,,,,,,,,,,,,,,,,
,Option,Pain + viande,Dallas,,,1.2,1.2,,,,,,,,,,,,,,,,,,,,,,,,,,,,
,ITEM,Pain + viande,Pain stick mozza,,Choix sauce = sauce dans le pain / Choix extra sauce = sauce en plus dans un pot. Si vous souhaitez 2 sauces mélangée : choisir une sauce et écrire la deuxième sauce en commentaire.,8.1,8.1,,,,,,,,,,,,,,,,,,,,,,,,,,,,
,Option-Group,Pain + viande,Choix sauce (obligatoire),,,,,,,,,,,,,,,,,,,,,,,,,,,,,,,,
,Option,Pain + viande,Sans sauce,,,0,0,,,,,,,,,,,,,,,,,,,,,,,,,,,,
,Option,Pain + viande,Algérienne,,,0,0,,,,,,,,,,,,,,,,,,,,,,,,,,,,
,Option,Pain + viande,Américaine,,,0,0,,,,,,,,,,,,,,,,,,,,,,,,,,,,
,Option,Pain + viande,Américaine forte,,,0,0,,,,,,,,,,,,,,,,,,,,,,,,,,,,
,Option,Pain + viande,Américaine légère,,,0,0,,,,,,,,,,,,,,,,,,,,,,,,,,,,
,Option,Pain + viande,Andalouse,,,0,0,,,,,,,,,,,,,,,,,,,,,,,,,,,,
,Option,Pain + viande,Barbecue,,,0,0,,,,,,,,,,,,,,,,,,,,,,,,,,,,
,Option,Pain + viande,Béarnaise,,,0,0,,,,,,,,,,,,,,,,,,,,,,,,,,,,
,Option,Pain + viande,Bicky burger,,,0,0,,,,,,,,,,,,,,,,,,,,,,,,,,,,
,Option,Pain + viande,Brazil,,,0,0,,,,,,,,,,,,,,,,,,,,,,,,,,,,
,Option,Pain + viande,Cocktail,,,0,0,,,,,,,,,,,,,,,,,,,,,,,,,,,,
,Option,Pain + viande,Curry ketchup,,,0,0,,,,,,,,,,,,,,,,,,,,,,,,,,,,
,Option,Pain + viande,Géante,,,0,0,,,,,,,,,,,,,,,,,,,,,,,,,,,,
,Option,Pain + viande,Hawaï,,,0,0,,,,,,,,,,,,,,,,,,,,,,,,,,,,
,Option,Pain + viande,Ketchup,,,0,0,,,,,,,,,,,,,,,,,,,,,,,,,,,,
,Option,Pain + viande,Loempia,,,0,0,,,,,,,,,,,,,,,,,,,,,,,,,,,,
,Option,Pain + viande,Manalouse,,,0,0,,,,,,,,,,,,,,,,,,,,,,,,,,,,
,Option,Pain + viande,Mayonnaise,,,0,0,,,,,,,,,,,,,,,,,,,,,,,,,,,,
,Option,Pain + viande,Moutarde,,,0,0,,,,,,,,,,,,,,,,,,,,,,,,,,,,
,Option,Pain + viande,Pitta à l'ail,,,0,0,,,,,,,,,,,,,,,,,,,,,,,,,,,,
,Option,Pain + viande,Poivre,,,0,0,,,,,,,,,,,,,,,,,,,,,,,,,,,,
,Option,Pain + viande,Provençale,,,0,0,,,,,,,,,,,,,,,,,,,,,,,,,,,,
,Option,Pain + viande,Riche,,,0,0,,,,,,,,,,,,,,,,,,,,,,,,,,,,
,Option,Pain + viande,Samouraï,,,0,0,,,,,,,,,,,,,,,,,,,,,,,,,,,,
,Option,Pain + viande,Tartare,,,0,0,,,,,,,,,,,,,,,,,,,,,,,,,,,,
,Option,Pain + viande,Tomagrec,,,0,0,,,,,,,,,,,,,,,,,,,,,,,,,,,,
,Option,Pain + viande,Toscane,,,0,0,,,,,,,,,,,,,,,,,,,,,,,,,,,,
,Option,Pain + viande,Vinaigrette,,,0,0,,,,,,,,,,,,,,,,,,,,,,,,,,,,
,Option,Pain + viande,Mayonnaise truffe,,,0,0,,,,,,,,,,,,,,,,,,,,,,,,,,,,
,Option,Pain + viande,Jammie,,,0,0,,,,,,,,,,,,,,,,,,,,,,,,,,,,
,Option,Pain + viande,Cheas'y,,,0,0,,,,,,,,,,,,,,,,,,,,,,,,,,,,
,Option,Pain + viande,Dallas,,,0,0,,,,,,,,,,,,,,,,,,,,,,,,,,,,
,Option-Group,Pain + viande,Choix crudités (facultatif),,,,,,,,,,,,,,,,,,,,,,,,,,,,,,,,
,Option,Pain + viande,Sans crudités,,,0,0,,,,,,,,,,,,,,,,,,,,,,,,,,,,
,Option,Pain + viande,Carotte,,,0.1,0.1,,,,,,,,,,,,,,,,,,,,,,,,,,,,
,Option,Pain + viande,Chou blanc,,,0.1,0.1,,,,,,,,,,,,,,,,,,,,,,,,,,,,
,Option,Pain + viande,Cornichon,,,0.1,0.1,,,,,,,,,,,,,,,,,,,,,,,,,,,,
,Option,Pain + viande,Maïs,,,0.1,0.1,,,,,,,,,,,,,,,,,,,,,,,,,,,,
,Option,Pain + viande,Oignons rouges,,,0.1,0.1,,,,,,,,,,,,,,,,,,,,,,,,,,,,
,Option,Pain + viande,Salade verte,,,0.1,0.1,,,,,,,,,,,,,,,,,,,,,,,,,,,,
,Option,Pain + viande,Tomates,,,0.1,0.1,,,,,,,,,,,,,,,,,,,,,,,,,,,,
,Option-Group,Pain + viande,Choix extra cheese (facultatif),,,,,,,,,,,,,,,,,,,,,,,,,,,,,,,,
,Option,Pain + viande,Feta,,,0.9,0.9,,,,,,,,,,,,,,,,,,,,,,,,,,,,
,Option,Pain + viande,Cheese,,,0.7,0.7,,,,,,,,,,,,,,,,,,,,,,,,,,,,
,Option-Group,Pain + viande,Choix extra sauces (facultatif),,,,,,,,,,,,,,,,,,,,,,,,,,,,,,,,
,Option,Pain + viande,Algérienne,,,0,0,,,,,,,,,,,,,,,,,,,,,,,,,,,,
,Option,Pain + viande,Américaine,,,1.2,1.2,,,,,,,,,,,,,,,,,,,,,,,,,,,,
,Option,Pain + viande,Américaine forte,,,1.2,1.2,,,,,,,,,,,,,,,,,,,,,,,,,,,,
,Option,Pain + viande,Américaine légère,,,1.2,1.2,,,,,,,,,,,,,,,,,,,,,,,,,,,,
,Option,Pain + viande,Andalouse,,,1.2,1.2,,,,,,,,,,,,,,,,,,,,,,,,,,,,
,Option,Pain + viande,Barbecue,,,1.2,1.2,,,,,,,,,,,,,,,,,,,,,,,,,,,,
,Option,Pain + viande,Béarnaise,,,1.2,1.2,,,,,,,,,,,,,,,,,,,,,,,,,,,,
,Option,Pain + viande,Bicky burger,,,1.2,1.2,,,,,,,,,,,,,,,,,,,,,,,,,,,,
,Option,Pain + viande,Brazil,,,1.2,1.2,,,,,,,,,,,,,,,,,,,,,,,,,,,,
,Option,Pain + viande,Cocktail,,,1.2,1.2,,,,,,,,,,,,,,,,,,,,,,,,,,,,
,Option,Pain + viande,Curry ketchup,,,1.2,1.2,,,,,,,,,,,,,,,,,,,,,,,,,,,,
,Option,Pain + viande,Géante,,,1.2,1.2,,,,,,,,,,,,,,,,,,,,,,,,,,,,
,Option,Pain + viande,Hawaï,,,1.2,1.2,,,,,,,,,,,,,,,,,,,,,,,,,,,,
,Option,Pain + viande,Ketchup,,,1.2,1.2,,,,,,,,,,,,,,,,,,,,,,,,,,,,
,Option,Pain + viande,Loempia,,,1.2,1.2,,,,,,,,,,,,,,,,,,,,,,,,,,,,
,Option,Pain + viande,Manalouse,,,1.2,1.2,,,,,,,,,,,,,,,,,,,,,,,,,,,,
,Option,Pain + viande,Mayonnaise,,,1.2,1.2,,,,,,,,,,,,,,,,,,,,,,,,,,,,
,Option,Pain + viande,Moutarde,,,1.2,1.2,,,,,,,,,,,,,,,,,,,,,,,,,,,,
,Option,Pain + viande,Pitta à l'ail,,,1.2,1.2,,,,,,,,,,,,,,,,,,,,,,,,,,,,
,Option,Pain + viande,Poivre,,,1.2,1.2,,,,,,,,,,,,,,,,,,,,,,,,,,,,
,Option,Pain + viande,Provençale,,,1.2,1.2,,,,,,,,,,,,,,,,,,,,,,,,,,,,
,Option,Pain + viande,Riche,,,1.2,1.2,,,,,,,,,,,,,,,,,,,,,,,,,,,,
,Option,Pain + viande,Samouraï,,,1.2,1.2,,,,,,,,,,,,,,,,,,,,,,,,,,,,
,Option,Pain + viande,Tartare,,,1.2,1.2,,,,,,,,,,,,,,,,,,,,,,,,,,,,
,Option,Pain + viande,Tomagrec,,,1.2,1.2,,,,,,,,,,,,,,,,,,,,,,,,,,,,
,Option,Pain + viande,Toscane,,,1.2,1.2,,,,,,,,,,,,,,,,,,,,,,,,,,,,
,Option,Pain + viande,Vinaigrette,,,1.2,1.2,,,,,,,,,,,,,,,,,,,,,,,,,,,,
,Option,Pain + viande,Mayonnaise truffe,,,1.2,1.2,,,,,,,,,,,,,,,,,,,,,,,,,,,,
,Option,Pain + viande,Jammie,,,1.2,1.2,,,,,,,,,,,,,,,,,,,,,,,,,,,,
,Option,Pain + viande,Cheas'y,,,1.2,1.2,,,,,,,,,,,,,,,,,,,,,,,,,,,,
,Option,Pain + viande,Dallas,,,1.2,1.2,,,,,,,,,,,,,,,,,,,,,,,,,,,,
,ITEM,Frites,Frites (ravier),,,3,3,,,,,,,,,,,,,,,,,,,,,,,,,,,,
,ITEM,Frites,Frites (moyen),,,4.3,4.3,,,,,,,,,,,,,,,,,,,,,,,,,,,,
,ITEM,Frites,Frites (grand),,,4.9,4.9,,,,,,,,,,,,,,,,,,,,,,,,,,,,
,ITEM,Snacks,Cervelas,,,4.5,4.5,,,,,,,,,,,,,,,,,,,,,,,,,,,,
,Option-Group,Snacks,Chaud ou froid,,,,,,,,,,,,,,,,,,,,,,,,,,,,,,,,
,Option,Snacks,Chaud,,,0,0,,,,,,,,,,,,,,,,,,,,,,,,,,,,
,Option,Snacks,Froid,,,0,0,,,,,,,,,,,,,,,,,,,,,,,,,,,,
,ITEM,Snacks,Fricadelle,,,3.1,3.1,,,,,,,,,,,,,,,,,,,,,,,,,,,,
,ITEM,Snacks,Fricadelle XXL,,,5.6,5.6,,,,,,,,,,,,,,,,,,,,,,,,,,,,
,ITEM,Snacks,Viandelle,,,4.1,4.1,,,,,,,,,,,,,,,,,,,,,,,,,,,,
,ITEM,Snacks,Poulycroc,,,4.1,4.1,,,,,,,,,,,,,,,,,,,,,,,,,,,,
,ITEM,Snacks,Belcanto,,,4.1,4.1,,,,,,,,,,,,,,,,,,,,,,,,,,,,
,ITEM,Snacks,Lucifer,,,4.8,4.8,,,,,,,,,,,,,,,,,,,,,,,,,,,,
,ITEM,Snacks,Nuggets,,,5,5,,,,,,,,,,,,,,,,,,,,,,,,,,,,
,ITEM,Snacks,Chix fingers,,,5,5,,,,,,,,,,,,,,,,,,,,,,,,,,,,
,ITEM,Snacks,Chili cheese,,,5.5,5.5,,,,,,,,,,,,,,,,,,,,,,,,,,,,
,ITEM,Snacks,Tenders,,,5.5,5.5,,,,,,,,,,,,,,,,,,,,,,,,,,,,
,ITEM,Snacks,B'balls,,,5.5,5.5,,,,,,,,,,,,,,,,,,,,,,,,,,,,
,ITEM,Snacks,Stick mozzarella,,,5,5,,,,,,,,,,,,,,,,,,,,,,,,,,,,
,ITEM,Snacks,Mini lucifer,,,5.5,5.5,,,,,,,,,,,,,,,,,,,,,,,,,,,,
,ITEM,Snacks,Mini loempia,,,5.5,5.5,,,,,,,,,,,,,,,,,,,,,,,,,,,,
,ITEM,Snacks,Loempia,,,5.7,5.7,,,,,,,,,,,,,,,,,,,,,,,,,,,,
,ITEM,Snacks,Ragoezi,,,4.9,4.9,,,,,,,,,,,,,,,,,,,,,,,,,,,,
,ITEM,Snacks,Cheese crack,,,4.2,4.2,,,,,,,,,,,,,,,,,,,,,,,,,,,,
,ITEM,Snacks,Taco,,,5.5,5.5,,,,,,,,,,,,,,,,,,,,,,,,,,,,
,ITEM,Snacks,Boulette nature,,,3.8,3.8,,,,,,,,,,,,,,,,,,,,,,,,,,,,
,Option-Group,Snacks,Chaud ou froid,,,,,,,,,,,,,,,,,,,,,,,,,,,,,,,,
,Option,Snacks,Chaud,,,0,0,,,,,,,,,,,,,,,,,,,,,,,,,,,,
,Option,Snacks,Froid,,,0,0,,,,,,,,,,,,,,,,,,,,,,,,,,,,
,ITEM,Snacks,Boulette rôtie,,,5,5,,,,,,,,,,,,,,,,,,,,,,,,,,,,
,Option-Group,Snacks,Chaud ou froid,,,,,,,,,,,,,,,,,,,,,,,,,,,,,,,,
,Option,Snacks,Chaud,,,0,0,,,,,,,,,,,,,,,,,,,,,,,,,,,,
,Option,Snacks,Froid,,,0,0,,,,,,,,,,,,,,,,,,,,,,,,,,,,
,ITEM,Snacks,Boulette à l'ail,,,4.1,4.1,,,,,,,,,,,,,,,,,,,,,,,,,,,,
,Option-Group,Snacks,Chaud ou froid,,,,,,,,,,,,,,,,,,,,,,,,,,,,,,,,
,Option,Snacks,Chaud,,,0,0,,,,,,,,,,,,,,,,,,,,,,,,,,,,
,Option,Snacks,Froid,,,0,0,,,,,,,,,,,,,,,,,,,,,,,,,,,,
,ITEM,Snacks,Brochette classique,,,5,5,,,,,,,,,,,,,,,,,,,,,,,,,,,,
,ITEM,Snacks,Brochette provençale,,,5.5,5.5,,,,,,,,,,,,,,,,,,,,,,,,,,,,
,ITEM,Snacks,Brochette ardennaise,,,5.5,5.5,,,,,,,,,,,,,,,,,,,,,,,,,,,,
,ITEM,Snacks,Brochette tzigane,,,4.8,4.8,,,,,,,,,,,,,,,,,,,,,,,,,,,,
,ITEM,Snacks,Brochette de dinde,,,5.5,5.5,,,,,,,,,,,,,,,,,,,,,,,,,,,,
,ITEM,Snacks,Brochette grizzly,,,6,6,,,,,,,,,,,,,,,,,,,,,,,,,,,,
,ITEM,Snacks,Brochette pilon,,,6,6,,,,,,,,,,,,,,,,,,,,,,,,,,,,
,ITEM,Snacks,Brochette poisson,,,6,6,,,,,,,,,,,,,,,,,,,,,,,,,,,,
,ITEM,Snacks,Croquette vol-au-vent,,,4,4,,,,,,,,,,,,,,,,,,,,,,,,,,,,
,ITEM,Snacks,Croquette fromage,,,4,4,,,,,,,,,,,,,,,,,,,,,,,,,,,,
,ITEM,Snacks,Viande burger,,,3.8,3.8,,,,,,,,,,,,,,,,,,,,,,,,,,,,
,ITEM,Snacks,Viande crispy,,,4.3,4.3,,,,,,,,,,,,,,,,,,,,,,,,,,,,
,ITEM,Snacks,Viande pur boeuf,,,4.8,4.8,,,,,,,,,,,,,,,,,,,,,,,,,,,,
,ITEM,Snacks,Kermesse maison,,,3.2,3.2,,,,,,,,,,,,,,,,,,,,,,,,,,,,
,ITEM,Snacks,Poulycroc veggie,,,4.4,4.4,,,,,,,,,,,,,,,,,,,,,,,,,,,,
,ITEM,Snacks,Fricadelle veggie,,,3.8,3.8,,,,,,,,,,,,,,,,,,,,,,,,,,,,
,ITEM,Sauces,Algérienne,,,1.2,1.2,,,,,,,,,,,,,,,,,,,,,,,,,,,,
,ITEM,Sauces,Américaine,,,1.2,1.2,,,,,,,,,,,,,,,,,,,,,,,,,,,,
,ITEM,Sauces,Américaine forte,,,1.2,1.2,,,,,,,,,,,,,,,,,,,,,,,,,,,,
,ITEM,Sauces,Américaine légère,,,1.2,1.2,,,,,,,,,,,,,,,,,,,,,,,,,,,,
,ITEM,Sauces,Andalouse,,,1.2,1.2,,,,,,,,,,,,,,,,,,,,,,,,,,,,
,ITEM,Sauces,Barbecue,,,1.2,1.2,,,,,,,,,,,,,,,,,,,,,,,,,,,,
,ITEM,Sauces,Béarnaise,,,1.2,1.2,,,,,,,,,,,,,,,,,,,,,,,,,,,,
,ITEM,Sauces,Bicky burger,,,1.2,1.2,,,,,,,,,,,,,,,,,,,,,,,,,,,,
,ITEM,Sauces,Brazil,,,1.2,1.2,,,,,,,,,,,,,,,,,,,,,,,,,,,,
,ITEM,Sauces,Cocktail,,,1.2,1.2,,,,,,,,,,,,,,,,,,,,,,,,,,,,
,ITEM,Sauces,Curry ketchup,,,1.2,1.2,,,,,,,,,,,,,,,,,,,,,,,,,,,,
,ITEM,Sauces,Géante,,,1.2,1.2,,,,,,,,,,,,,,,,,,,,,,,,,,,,
,ITEM,Sauces,Hawaï,,,1.2,1.2,,,,,,,,,,,,,,,,,,,,,,,,,,,,
,ITEM,Sauces,Ketchup,,,1.2,1.2,,,,,,,,,,,,,,,,,,,,,,,,,,,,
,ITEM,Sauces,Loempia,,,1.2,1.2,,,,,,,,,,,,,,,,,,,,,,,,,,,,
,ITEM,Sauces,Manalouse,,,1.2,1.2,,,,,,,,,,,,,,,,,,,,,,,,,,,,
,ITEM,Sauces,Mayonnaise,,,1.2,1.2,,,,,,,,,,,,,,,,,,,,,,,,,,,,
,ITEM,Sauces,Moutarde,,,1.2,1.2,,,,,,,,,,,,,,,,,,,,,,,,,,,,
,ITEM,Sauces,Pitta à l'ail,,,1.2,1.2,,,,,,,,,,,,,,,,,,,,,,,,,,,,
,ITEM,Sauces,Poivre,,,1.2,1.2,,,,,,,,,,,,,,,,,,,,,,,,,,,,
,ITEM,Sauces,Provençale,,,1.2,1.2,,,,,,,,,,,,,,,,,,,,,,,,,,,,
,ITEM,Sauces,Riche,,,1.2,1.2,,,,,,,,,,,,,,,,,,,,,,,,,,,,
,ITEM,Sauces,Samouraï,,,1.2,1.2,,,,,,,,,,,,,,,,,,,,,,,,,,,,
,ITEM,Sauces,Tartare,,,1.2,1.2,,,,,,,,,,,,,,,,,,,,,,,,,,,,
,ITEM,Sauces,Tomagrec,,,1.2,1.2,,,,,,,,,,,,,,,,,,,,,,,,,,,,
,ITEM,Sauces,Toscane,,,1.2,1.2,,,,,,,,,,,,,,,,,,,,,,,,,,,,
,ITEM,Sauces,Vinaigrette,,,1.2,1.2,,,,,,,,,,,,,,,,,,,,,,,,,,,,
,ITEM,Sauces,Mayonnaise truffe,,,1.2,1.2,,,,,,,,,,,,,,,,,,,,,,,,,,,,
,ITEM,Sauces,Jammie,,,1.2,1.2,,,,,,,,,,,,,,,,,,,,,,,,,,,,
,ITEM,Sauces,Cheas'y,,,1.2,1.2,,,,,,,,,,,,,,,,,,,,,,,,,,,,
,ITEM,Sauces,Dallas,,,1.2,1.2,,,,,,,,,,,,,,,,,,,,,,,,,,,,
,ITEM,Boissons softs,Capri-Sun,,,2.3,2.3,,,,,,,,,,,,,,,,,,,,,,,,,,,,
,ITEM,Boissons softs,Pepsi,,Coca-cola jusqu'à épuisement du stock,2.5,2.5,,,,,,,,,,,,,,,,,,,,,,,,,,,,
,ITEM,Boissons softs,Pepsi Zero,,Peut-être Coca cola zéro jusqu'à épuisement des stock,2.5,2.5,,,,,,,,,,,,,,,,,,,,,,,,,,,,
,ITEM,Boissons softs,Coca-Cola Vanille,,,2.9,2.9,,,,,,,,,,,,,,,,,,,,,,,,,,,,
,ITEM,Boissons softs,Fanta Citron,,,2.5,2.5,,,,,,,,,,,,,,,,,,,,,,,,,,,,
,ITEM,Boissons softs,Fanta Orange,,,2.5,2.5,,,,,,,,,,,,,,,,,,,,,,,,,,,,
,ITEM,Boissons softs,Gini,,,2.5,2.5,,,,,,,,,,,,,,,,,,,,,,,,,,,,
,ITEM,Boissons softs,Ice-Tea Green,,,2.5,2.5,,,,,,,,,,,,,,,,,,,,,,,,,,,,
,ITEM,Boissons softs,Ice-Tea pétillant,,,2.5,2.5,,,,,,,,,,,,,,,,,,,,,,,,,,,,
,ITEM,Boissons softs,Ice-Tea Pêche,,,2.5,2.5,,,,,,,,,,,,,,,,,,,,,,,,,,,,
,ITEM,Boissons softs,Spa eau plate,,,2.3,2.3,,,,,,,,,,,,,,,,,,,,,,,,,,,,
,ITEM,Boissons softs,Spa eau pétillante,,,2.3,2.3,,,,,,,,,,,,,,,,,,,,,,,,,,,,
,ITEM,Boissons softs,San Pellegrino Limone,,,2.9,2.9,,,,,,,,,,,,,,,,,,,,,,,,,,,,
,ITEM,Boissons softs,Schweppes Zero,,,2.5,2.5,,,,,,,,,,,,,,,,,,,,,,,,,,,,
,ITEM,Boissons softs,Schweppes Agrumes,,,2.5,2.5,,,,,,,,,,,,,,,,,,,,,,,,,,,,
,ITEM,Boissons softs,Sprite,,,2.5,2.5,,,,,,,,,,,,,,,,,,,,,,,,,,,,
,ITEM,Boissons softs,Tropico,,,2.5,2.5,,,,,,,,,,,,,,,,,,,,,,,,,,,,
,ITEM,Boissons softs,Jupiler 0 %,,,2.9,2.9,,,,,,,,,,,,,,,,,,,,,,,,,,,,
,ITEM,Boissons softs,Red Bull,,,3.7,3.7,,,,,,,,,,,,,,,,,,,,,,,,,,,,
,ITEM,Boissons alcoolisées,Chimay bleue,,vidange comprise,5.1,5.1,,,,,,,,,,,,,,,,,,,,,,,,,,,,
,ITEM,Boissons alcoolisées,Desperados,,vidange comprise,4.7,4.7,,,,,,,,,,,,,,,,,,,,,,,,,,,,
,ITEM,Boissons alcoolisées,Duvel,,vidange comprise,5.1,5.1,,,,,,,,,,,,,,,,,,,,,,,,,,,,
,ITEM,Boissons alcoolisées,Leffe blonde,,vidange comprise,4.7,4.7,,,,,,,,,,,,,,,,,,,,,,,,,,,,
,ITEM,Boissons alcoolisées,Leffe brune,,,4.1,4.1,,,,,,,,,,,,,,,,,,,,,,,,,,,,
,ITEM,Boissons alcoolisées,Leffe Ruby,,vidange comprise,4.7,4.7,,,,,,,,,,,,,,,,,,,,,,,,,,,,
,ITEM,Boissons alcoolisées,Hoegaarden rosée,,,3.5,3.5,,,,,,,,,,,,,,,,,,,,,,,,,,,,
,ITEM,Boissons alcoolisées,Jupiler 25cl,,Bouteille.,3.5,3.5,,,,,,,,,,,,,,,,,,,,,,,,,,,,
,ITEM,Boissons alcoolisées,Jupiler 33cl,,Canette.,3.5,3.5,,,,,,,,,,,,,,,,,,,,,,,,,,,,
,ITEM,Boissons alcoolisées,Vin blanc 25cl,,,5,5,,,,,,,,,,,,,,,,,,,,,,,,,,,,
,ITEM,Boissons alcoolisées,Vin rosé 25cl,,,5,5,,,,,,,,,,,,,,,,,,,,,,,,,,,,
,ITEM,Boissons alcoolisées,Vin rouge 25cl,,,5,5,,,,,,,,,,,,,,,,,,,,,,,,,,,,
,ITEM,Boissons alcoolisées,6 Desperados,,,30,30,,,,,,,,,,,,,,,,,,,,,,,,,,,,
