GTIN,Product Type,Category,Product Name,Image URL,Description,Regular Price,Pickup Price,SKU,isAlcohol,ABV(%),Caffeine Quantity,Caffeine reference unit,Net Value,Net Unit,Net Quantity,Gross weight,Gross Unit,Size Description,Energy Content,Serving Size,Tax,Quantity Restriction,Product Types,Deposit Type,Deposit Amount,Allergen information,Additive information,Additional information,Quantitative declaration of ingredients (QUID),Nutritional declaration,Name of manufacturer,Address of manufacturer,Country of origin or place of provenance,Storage conditions,Preparation instructions
,ITEM,Les Classiques,Bolognaise maison,,"tomate, viande hachée porc/boeuf, persil",8,8,,,,,,,,,,,,,,,,,,,,,,,,,,,,
,Option-Group,Les Classiques,Suppléments (facultatif),,,,,,,,,,,,,,,,,,,,,,,,,,,,,,,,
,Option,Les Classiques,Parmesan petit,,,1,1,,,,,,,,,,,,,,,,,,,,,,,,,,,,
,Option,Les Classiques,Parmesan grand,,,2,2,,,,,,,,,,,,,,,,,,,,,,,,,,,,
,Option,Les Classiques,Sauce crème,,,1,1,,,,,,,,,,,,,,,,,,,,,,,,,,,,
,Option,Les Classiques,Sauce tomate,,,1,1,,,,,,,,,,,,,,,,,,,,,,,,,,,,
,Option,Les Classiques,Sauce bolognaise,,,1,1,,,,,,,,,,,,,,,,,,,,,,,,,,,,
,Option,Les Classiques,Burrata,,,5,5,,,,,,,,,,,,,,,,,,,,,,,,,,,,
,Option,Les Classiques,Poulet,,,2.5,2.5,,,,,,,,,,,,,,,,,,,,,,,,,,,,
,Option,Les Classiques,Merguez,,,2.5,2.5,,,,,,,,,,,,,,,,,,,,,,,,,,,,
,Option,Les Classiques,Poissons,,,2.5,2.5,,,,,,,,,,,,,,,,,,,,,,,,,,,,
,Option,Les Classiques,Gratinée au four,,,2,2,,,,,,,,,,,,,,,,,,,,,,,,,,,,
,Option,Les Classiques,Ail,,,0.5,0.5,,,,,,,,,,,,,,,,,,,,,,,,,,,,
,Option,Les Classiques,Basilic,,,0.5,0.5,,,,,,,,,,,,,,,,,,,,,,,,,,,,
,Option,Les Classiques,Pili-pili,,,0.5,0.5,,,,,,,,,,,,,,,,,,,,,,,,,,,,
,Option,Les Classiques,Pâtes SANS GLUTEN,,,2,2,,,,,,,,,,,,,,,,,,,,,,,,,,,,
,Option,Les Classiques,Crème SANS LACTOSE,,,2,2,,,,,,,,,,,,,,,,,,,,,,,,,,,,
,Option,Les Classiques,Chorizo,,,2,2,,,,,,,,,,,,,,,,,,,,,,,,,,,,
,Option,Les Classiques,Jambon,,,2,2,,,,,,,,,,,,,,,,,,,,,,,,,,,,
,Option,Les Classiques,Jambon de parme,,,2,2,,,,,,,,,,,,,,,,,,,,,,,,,,,,
,Option,Les Classiques,Lardons,,,2,2,,,,,,,,,,,,,,,,,,,,,,,,,,,,
,Option,Les Classiques,Gorgonzola,,,2,2,,,,,,,,,,,,,,,,,,,,,,,,,,,,
,Option,Les Classiques,Raclette,,,2,2,,,,,,,,,,,,,,,,,,,,,,,,,,,,
,Option,Les Classiques,Reblochon,,,2,2,,,,,,,,,,,,,,,,,,,,,,,,,,,,
,Option,Les Classiques,Fêta,,,2,2,,,,,,,,,,,,,,,,,,,,,,,,,,,,
,Option,Les Classiques,Légumes,,,1,1,,,,,,,,,,,,,,,,,,,,,,,,,,,,
,Option,Les Classiques,Huile de truffe,,,2,2,,,,,,,,,,,,,,,,,,,,,,,,,,,,
,ITEM,Les Classiques,Crème jambon,,"crème, jambon à l'os, parmesan, persil",9,9,,,,,,,,,,,,,,,,,,,,,,,,,,,,
,Option-Group,Les Classiques,Suppléments (facultatif),,,,,,,,,,,,,,,,,,,,,,,,,,,,,,,,
,Option,Les Classiques,Parmesan petit,,,1,1,,,,,,,,,,,,,,,,,,,,,,,,,,,,
,Option,Les Classiques,Parmesan grand,,,2,2,,,,,,,,,,,,,,,,,,,,,,,,,,,,
,Option,Les Classiques,Sauce crème,,,1,1,,,,,,,,,,,,,,,,,,,,,,,,,,,,
,Option,Les Classiques,Sauce tomate,,,1,1,,,,,,,,,,,,,,,,,,,,,,,,,,,,
,Option,Les Classiques,Sauce bolognaise,,,1,1,,,,,,,,,,,,,,,,,,,,,,,,,,,,
,Option,Les Classiques,Burrata,,,5,5,,,,,,,,,,,,,,,,,,,,,,,,,,,,
,Option,Les Classiques,Poulet,,,2.5,2.5,,,,,,,,,,,,,,,,,,,,,,,,,,,,
,Option,Les Classiques,Merguez,,,2.5,2.5,,,,,,,,,,,,,,,,,,,,,,,,,,,,
,Option,Les Classiques,Poissons,,,2.5,2.5,,,,,,,,,,,,,,,,,,,,,,,,,,,,
,Option,Les Classiques,Gratinée au four,,,2,2,,,,,,,,,,,,,,,,,,,,,,,,,,,,
,Option,Les Classiques,Ail,,,0.5,0.5,,,,,,,,,,,,,,,,,,,,,,,,,,,,
,Option,Les Classiques,Basilic,,,0.5,0.5,,,,,,,,,,,,,,,,,,,,,,,,,,,,
,Option,Les Classiques,Pili-pili,,,0.5,0.5,,,,,,,,,,,,,,,,,,,,,,,,,,,,
,Option,Les Classiques,Pâtes SANS GLUTEN,,,2,2,,,,,,,,,,,,,,,,,,,,,,,,,,,,
,Option,Les Classiques,Crème SANS LACTOSE,,,2,2,,,,,,,,,,,,,,,,,,,,,,,,,,,,
,Option,Les Classiques,Chorizo,,,2,2,,,,,,,,,,,,,,,,,,,,,,,,,,,,
,Option,Les Classiques,Jambon,,,2,2,,,,,,,,,,,,,,,,,,,,,,,,,,,,
,Option,Les Classiques,Jambon de parme,,,2,2,,,,,,,,,,,,,,,,,,,,,,,,,,,,
,Option,Les Classiques,Lardons,,,2,2,,,,,,,,,,,,,,,,,,,,,,,,,,,,
,Option,Les Classiques,Gorgonzola,,,2,2,,,,,,,,,,,,,,,,,,,,,,,,,,,,
,Option,Les Classiques,Raclette,,,2,2,,,,,,,,,,,,,,,,,,,,,,,,,,,,
,Option,Les Classiques,Reblochon,,,2,2,,,,,,,,,,,,,,,,,,,,,,,,,,,,
,Option,Les Classiques,Fêta,,,2,2,,,,,,,,,,,,,,,,,,,,,,,,,,,,
,Option,Les Classiques,Légumes,,,1,1,,,,,,,,,,,,,,,,,,,,,,,,,,,,
,Option,Les Classiques,Huile de truffe,,,2,2,,,,,,,,,,,,,,,,,,,,,,,,,,,,
,ITEM,Les Classiques,4 fromages,,"crème, gorgonzola, mozzarella, parmesan, tallegio, persil",10,10,,,,,,,,,,,,,,,,,,,,,,,,,,,,
,Option-Group,Les Classiques,Suppléments (facultatif),,,,,,,,,,,,,,,,,,,,,,,,,,,,,,,,
,Option,Les Classiques,Parmesan petit,,,1,1,,,,,,,,,,,,,,,,,,,,,,,,,,,,
,Option,Les Classiques,Parmesan grand,,,2,2,,,,,,,,,,,,,,,,,,,,,,,,,,,,
,Option,Les Classiques,Sauce crème,,,1,1,,,,,,,,,,,,,,,,,,,,,,,,,,,,
,Option,Les Classiques,Sauce tomate,,,1,1,,,,,,,,,,,,,,,,,,,,,,,,,,,,
,Option,Les Classiques,Sauce bolognaise,,,1,1,,,,,,,,,,,,,,,,,,,,,,,,,,,,
,Option,Les Classiques,Burrata,,,5,5,,,,,,,,,,,,,,,,,,,,,,,,,,,,
,Option,Les Classiques,Poulet,,,2.5,2.5,,,,,,,,,,,,,,,,,,,,,,,,,,,,
,Option,Les Classiques,Merguez,,,2.5,2.5,,,,,,,,,,,,,,,,,,,,,,,,,,,,
,Option,Les Classiques,Poissons,,,2.5,2.5,,,,,,,,,,,,,,,,,,,,,,,,,,,,
,Option,Les Classiques,Gratinée au four,,,2,2,,,,,,,,,,,,,,,,,,,,,,,,,,,,
,Option,Les Classiques,Ail,,,0.5,0.5,,,,,,,,,,,,,,,,,,,,,,,,,,,,
,Option,Les Classiques,Basilic,,,0.5,0.5,,,,,,,,,,,,,,,,,,,,,,,,,,,,
,Option,Les Classiques,Pili-pili,,,0.5,0.5,,,,,,,,,,,,,,,,,,,,,,,,,,,,
,Option,Les Classiques,Pâtes SANS GLUTEN,,,2,2,,,,,,,,,,,,,,,,,,,,,,,,,,,,
,Option,Les Classiques,Crème SANS LACTOSE,,,2,2,,,,,,,,,,,,,,,,,,,,,,,,,,,,
,Option,Les Classiques,Chorizo,,,2,2,,,,,,,,,,,,,,,,,,,,,,,,,,,,
,Option,Les Classiques,Jambon,,,2,2,,,,,,,,,,,,,,,,,,,,,,,,,,,,
,Option,Les Classiques,Jambon de parme,,,2,2,,,,,,,,,,,,,,,,,,,,,,,,,,,,
,Option,Les Classiques,Lardons,,,2,2,,,,,,,,,,,,,,,,,,,,,,,,,,,,
,Option,Les Classiques,Gorgonzola,,,2,2,,,,,,,,,,,,,,,,,,,,,,,,,,,,
,Option,Les Classiques,Raclette,,,2,2,,,,,,,,,,,,,,,,,,,,,,,,,,,,
,Option,Les Classiques,Reblochon,,,2,2,,,,,,,,,,,,,,,,,,,,,,,,,,,,
,Option,Les Classiques,Fêta,,,2,2,,,,,,,,,,,,,,,,,,,,,,,,,,,,
,Option,Les Classiques,Légumes,,,1,1,,,,,,,,,,,,,,,,,,,,,,,,,,,,
,Option,Les Classiques,Huile de truffe,,,2,2,,,,,,,,,,,,,,,,,,,,,,,,,,,,
,ITEM,Les Classiques,Carbonara,,"crème, lardons, oeuf battu, parmesan, persil",10,10,,,,,,,,,,,,,,,,,,,,,,,,,,,,
,Option-Group,Les Classiques,Suppléments (facultatif),,,,,,,,,,,,,,,,,,,,,,,,,,,,,,,,
,Option,Les Classiques,Parmesan petit,,,1,1,,,,,,,,,,,,,,,,,,,,,,,,,,,,
,Option,Les Classiques,Parmesan grand,,,2,2,,,,,,,,,,,,,,,,,,,,,,,,,,,,
,Option,Les Classiques,Sauce crème,,,1,1,,,,,,,,,,,,,,,,,,,,,,,,,,,,
,Option,Les Classiques,Sauce tomate,,,1,1,,,,,,,,,,,,,,,,,,,,,,,,,,,,
,Option,Les Classiques,Sauce bolognaise,,,1,1,,,,,,,,,,,,,,,,,,,,,,,,,,,,
,Option,Les Classiques,Burrata,,,5,5,,,,,,,,,,,,,,,,,,,,,,,,,,,,
,Option,Les Classiques,Poulet,,,2.5,2.5,,,,,,,,,,,,,,,,,,,,,,,,,,,,
,Option,Les Classiques,Merguez,,,2.5,2.5,,,,,,,,,,,,,,,,,,,,,,,,,,,,
,Option,Les Classiques,Poissons,,,2.5,2.5,,,,,,,,,,,,,,,,,,,,,,,,,,,,
,Option,Les Classiques,Gratinée au four,,,2,2,,,,,,,,,,,,,,,,,,,,,,,,,,,,
,Option,Les Classiques,Ail,,,0.5,0.5,,,,,,,,,,,,,,,,,,,,,,,,,,,,
,Option,Les Classiques,Basilic,,,0.5,0.5,,,,,,,,,,,,,,,,,,,,,,,,,,,,
,Option,Les Classiques,Pili-pili,,,0.5,0.5,,,,,,,,,,,,,,,,,,,,,,,,,,,,
,Option,Les Classiques,Pâtes SANS GLUTEN,,,2,2,,,,,,,,,,,,,,,,,,,,,,,,,,,,
,Option,Les Classiques,Crème SANS LACTOSE,,,2,2,,,,,,,,,,,,,,,,,,,,,,,,,,,,
,Option,Les Classiques,Chorizo,,,2,2,,,,,,,,,,,,,,,,,,,,,,,,,,,,
,Option,Les Classiques,Jambon,,,2,2,,,,,,,,,,,,,,,,,,,,,,,,,,,,
,Option,Les Classiques,Jambon de parme,,,2,2,,,,,,,,,,,,,,,,,,,,,,,,,,,,
,Option,Les Classiques,Lardons,,,2,2,,,,,,,,,,,,,,,,,,,,,,,,,,,,
,Option,Les Classiques,Gorgonzola,,,2,2,,,,,,,,,,,,,,,,,,,,,,,,,,,,
,Option,Les Classiques,Raclette,,,2,2,,,,,,,,,,,,,,,,,,,,,,,,,,,,
,Option,Les Classiques,Reblochon,,,2,2,,,,,,,,,,,,,,,,,,,,,,,,,,,,
,Option,Les Classiques,Fêta,,,2,2,,,,,,,,,,,,,,,,,,,,,,,,,,,,
,Option,Les Classiques,Légumes,,,1,1,,,,,,,,,,,,,,,,,,,,,,,,,,,,
,Option,Les Classiques,Huile de truffe,,,2,2,,,,,,,,,,,,,,,,,,,,,,,,,,,,
,ITEM,Les Classiques,Campagnola,,"crème tomatée, lardons, champignons, basilic, ail",12,12,,,,,,,,,,,,,,,,,,,,,,,,,,,,
,Option-Group,Les Classiques,Suppléments (facultatif),,,,,,,,,,,,,,,,,,,,,,,,,,,,,,,,
,Option,Les Classiques,Parmesan petit,,,1,1,,,,,,,,,,,,,,,,,,,,,,,,,,,,
,Option,Les Classiques,Parmesan grand,,,2,2,,,,,,,,,,,,,,,,,,,,,,,,,,,,
,Option,Les Classiques,Sauce crème,,,1,1,,,,,,,,,,,,,,,,,,,,,,,,,,,,
,Option,Les Classiques,Sauce tomate,,,1,1,,,,,,,,,,,,,,,,,,,,,,,,,,,,
,Option,Les Classiques,Sauce bolognaise,,,1,1,,,,,,,,,,,,,,,,,,,,,,,,,,,,
,Option,Les Classiques,Burrata,,,5,5,,,,,,,,,,,,,,,,,,,,,,,,,,,,
,Option,Les Classiques,Poulet,,,2.5,2.5,,,,,,,,,,,,,,,,,,,,,,,,,,,,
,Option,Les Classiques,Merguez,,,2.5,2.5,,,,,,,,,,,,,,,,,,,,,,,,,,,,
,Option,Les Classiques,Poissons,,,2.5,2.5,,,,,,,,,,,,,,,,,,,,,,,,,,,,
,Option,Les Classiques,Gratinée au four,,,2,2,,,,,,,,,,,,,,,,,,,,,,,,,,,,
,Option,Les Classiques,Ail,,,0.5,0.5,,,,,,,,,,,,,,,,,,,,,,,,,,,,
,Option,Les Classiques,Basilic,,,0.5,0.5,,,,,,,,,,,,,,,,,,,,,,,,,,,,
,Option,Les Classiques,Pili-pili,,,0.5,0.5,,,,,,,,,,,,,,,,,,,,,,,,,,,,
,Option,Les Classiques,Pâtes SANS GLUTEN,,,2,2,,,,,,,,,,,,,,,,,,,,,,,,,,,,
,Option,Les Classiques,Crème SANS LACTOSE,,,2,2,,,,,,,,,,,,,,,,,,,,,,,,,,,,
,Option,Les Classiques,Chorizo,,,2,2,,,,,,,,,,,,,,,,,,,,,,,,,,,,
,Option,Les Classiques,Jambon,,,2,2,,,,,,,,,,,,,,,,,,,,,,,,,,,,
,Option,Les Classiques,Jambon de parme,,,2,2,,,,,,,,,,,,,,,,,,,,,,,,,,,,
,Option,Les Classiques,Lardons,,,2,2,,,,,,,,,,,,,,,,,,,,,,,,,,,,
,Option,Les Classiques,Gorgonzola,,,2,2,,,,,,,,,,,,,,,,,,,,,,,,,,,,
,Option,Les Classiques,Raclette,,,2,2,,,,,,,,,,,,,,,,,,,,,,,,,,,,
,Option,Les Classiques,Reblochon,,,2,2,,,,,,,,,,,,,,,,,,,,,,,,,,,,
,Option,Les Classiques,Fêta,,,2,2,,,,,,,,,,,,,,,,,,,,,,,,,,,,
,Option,Les Classiques,Légumes,,,1,1,,,,,,,,,,,,,,,,,,,,,,,,,,,,
,Option,Les Classiques,Huile de truffe,,,2,2,,,,,,,,,,,,,,,,,,,,,,,,,,,,
,ITEM,Les Classiques,Arrabiata,,"tomate, chorizo, oignons, piments, basilic, ail",10,10,,,,,,,,,,,,,,,,,,,,,,,,,,,,
,Option-Group,Les Classiques,Suppléments (facultatif),,,,,,,,,,,,,,,,,,,,,,,,,,,,,,,,
,Option,Les Classiques,Parmesan petit,,,1,1,,,,,,,,,,,,,,,,,,,,,,,,,,,,
,Option,Les Classiques,Parmesan grand,,,2,2,,,,,,,,,,,,,,,,,,,,,,,,,,,,
,Option,Les Classiques,Sauce crème,,,1,1,,,,,,,,,,,,,,,,,,,,,,,,,,,,
,Option,Les Classiques,Sauce tomate,,,1,1,,,,,,,,,,,,,,,,,,,,,,,,,,,,
,Option,Les Classiques,Sauce bolognaise,,,1,1,,,,,,,,,,,,,,,,,,,,,,,,,,,,
,Option,Les Classiques,Burrata,,,5,5,,,,,,,,,,,,,,,,,,,,,,,,,,,,
,Option,Les Classiques,Poulet,,,2.5,2.5,,,,,,,,,,,,,,,,,,,,,,,,,,,,
,Option,Les Classiques,Merguez,,,2.5,2.5,,,,,,,,,,,,,,,,,,,,,,,,,,,,
,Option,Les Classiques,Poissons,,,2.5,2.5,,,,,,,,,,,,,,,,,,,,,,,,,,,,
,Option,Les Classiques,Gratinée au four,,,2,2,,,,,,,,,,,,,,,,,,,,,,,,,,,,
,Option,Les Classiques,Ail,,,0.5,0.5,,,,,,,,,,,,,,,,,,,,,,,,,,,,
,Option,Les Classiques,Basilic,,,0.5,0.5,,,,,,,,,,,,,,,,,,,,,,,,,,,,
,Option,Les Classiques,Pili-pili,,,0.5,0.5,,,,,,,,,,,,,,,,,,,,,,,,,,,,
,Option,Les Classiques,Pâtes SANS GLUTEN,,,2,2,,,,,,,,,,,,,,,,,,,,,,,,,,,,
,Option,Les Classiques,Crème SANS LACTOSE,,,2,2,,,,,,,,,,,,,,,,,,,,,,,,,,,,
,Option,Les Classiques,Chorizo,,,2,2,,,,,,,,,,,,,,,,,,,,,,,,,,,,
,Option,Les Classiques,Jambon,,,2,2,,,,,,,,,,,,,,,,,,,,,,,,,,,,
,Option,Les Classiques,Jambon de parme,,,2,2,,,,,,,,,,,,,,,,,,,,,,,,,,,,
,Option,Les Classiques,Lardons,,,2,2,,,,,,,,,,,,,,,,,,,,,,,,,,,,
,Option,Les Classiques,Gorgonzola,,,2,2,,,,,,,,,,,,,,,,,,,,,,,,,,,,
,Option,Les Classiques,Raclette,,,2,2,,,,,,,,,,,,,,,,,,,,,,,,,,,,
,Option,Les Classiques,Reblochon,,,2,2,,,,,,,,,,,,,,,,,,,,,,,,,,,,
,Option,Les Classiques,Fêta,,,2,2,,,,,,,,,,,,,,,,,,,,,,,,,,,,
,Option,Les Classiques,Légumes,,,1,1,,,,,,,,,,,,,,,,,,,,,,,,,,,,
,Option,Les Classiques,Huile de truffe,,,2,2,,,,,,,,,,,,,,,,,,,,,,,,,,,,
,ITEM,Les Classiques,Crème tomate,,"crème tomate, basilic, ail",9,9,,,,,,,,,,,,,,,,,,,,,,,,,,,,
,Option-Group,Les Classiques,Suppléments (facultatif),,,,,,,,,,,,,,,,,,,,,,,,,,,,,,,,
,Option,Les Classiques,Parmesan petit,,,1,1,,,,,,,,,,,,,,,,,,,,,,,,,,,,
,Option,Les Classiques,Parmesan grand,,,2,2,,,,,,,,,,,,,,,,,,,,,,,,,,,,
,Option,Les Classiques,Sauce crème,,,1,1,,,,,,,,,,,,,,,,,,,,,,,,,,,,
,Option,Les Classiques,Sauce tomate,,,1,1,,,,,,,,,,,,,,,,,,,,,,,,,,,,
,Option,Les Classiques,Sauce bolognaise,,,1,1,,,,,,,,,,,,,,,,,,,,,,,,,,,,
,Option,Les Classiques,Burrata,,,5,5,,,,,,,,,,,,,,,,,,,,,,,,,,,,
,Option,Les Classiques,Poulet,,,2.5,2.5,,,,,,,,,,,,,,,,,,,,,,,,,,,,
,Option,Les Classiques,Merguez,,,2.5,2.5,,,,,,,,,,,,,,,,,,,,,,,,,,,,
,Option,Les Classiques,Poissons,,,2.5,2.5,,,,,,,,,,,,,,,,,,,,,,,,,,,,
,Option,Les Classiques,Gratinée au four,,,2,2,,,,,,,,,,,,,,,,,,,,,,,,,,,,
,Option,Les Classiques,Ail,,,0.5,0.5,,,,,,,,,,,,,,,,,,,,,,,,,,,,
,Option,Les Classiques,Basilic,,,0.5,0.5,,,,,,,,,,,,,,,,,,,,,,,,,,,,
,Option,Les Classiques,Pili-pili,,,0.5,0.5,,,,,,,,,,,,,,,,,,,,,,,,,,,,
,Option,Les Classiques,Pâtes SANS GLUTEN,,,2,2,,,,,,,,,,,,,,,,,,,,,,,,,,,,
,Option,Les Classiques,Crème SANS LACTOSE,,,2,2,,,,,,,,,,,,,,,,,,,,,,,,,,,,
,Option,Les Classiques,Chorizo,,,2,2,,,,,,,,,,,,,,,,,,,,,,,,,,,,
,Option,Les Classiques,Jambon,,,2,2,,,,,,,,,,,,,,,,,,,,,,,,,,,,
,Option,Les Classiques,Jambon de parme,,,2,2,,,,,,,,,,,,,,,,,,,,,,,,,,,,
,Option,Les Classiques,Lardons,,,2,2,,,,,,,,,,,,,,,,,,,,,,,,,,,,
,Option,Les Classiques,Gorgonzola,,,2,2,,,,,,,,,,,,,,,,,,,,,,,,,,,,
,Option,Les Classiques,Raclette,,,2,2,,,,,,,,,,,,,,,,,,,,,,,,,,,,
,Option,Les Classiques,Reblochon,,,2,2,,,,,,,,,,,,,,,,,,,,,,,,,,,,
,Option,Les Classiques,Fêta,,,2,2,,,,,,,,,,,,,,,,,,,,,,,,,,,,
,Option,Les Classiques,Légumes,,,1,1,,,,,,,,,,,,,,,,,,,,,,,,,,,,
,Option,Les Classiques,Huile de truffe,,,2,2,,,,,,,,,,,,,,,,,,,,,,,,,,,,
,ITEM,Les Classiques,Crème tomate poulet,,"crème tomatée, poulet, basilic, ail",11,11,,,,,,,,,,,,,,,,,,,,,,,,,,,,
,Option-Group,Les Classiques,Suppléments (facultatif),,,,,,,,,,,,,,,,,,,,,,,,,,,,,,,,
,Option,Les Classiques,Parmesan petit,,,1,1,,,,,,,,,,,,,,,,,,,,,,,,,,,,
,Option,Les Classiques,Parmesan grand,,,2,2,,,,,,,,,,,,,,,,,,,,,,,,,,,,
,Option,Les Classiques,Sauce crème,,,1,1,,,,,,,,,,,,,,,,,,,,,,,,,,,,
,Option,Les Classiques,Sauce tomate,,,1,1,,,,,,,,,,,,,,,,,,,,,,,,,,,,
,Option,Les Classiques,Sauce bolognaise,,,1,1,,,,,,,,,,,,,,,,,,,,,,,,,,,,
,Option,Les Classiques,Burrata,,,5,5,,,,,,,,,,,,,,,,,,,,,,,,,,,,
,Option,Les Classiques,Poulet,,,2.5,2.5,,,,,,,,,,,,,,,,,,,,,,,,,,,,
,Option,Les Classiques,Merguez,,,2.5,2.5,,,,,,,,,,,,,,,,,,,,,,,,,,,,
,Option,Les Classiques,Poissons,,,2.5,2.5,,,,,,,,,,,,,,,,,,,,,,,,,,,,
,Option,Les Classiques,Gratinée au four,,,2,2,,,,,,,,,,,,,,,,,,,,,,,,,,,,
,Option,Les Classiques,Ail,,,0.5,0.5,,,,,,,,,,,,,,,,,,,,,,,,,,,,
,Option,Les Classiques,Basilic,,,0.5,0.5,,,,,,,,,,,,,,,,,,,,,,,,,,,,
,Option,Les Classiques,Pili-pili,,,0.5,0.5,,,,,,,,,,,,,,,,,,,,,,,,,,,,
,Option,Les Classiques,Pâtes SANS GLUTEN,,,2,2,,,,,,,,,,,,,,,,,,,,,,,,,,,,
,Option,Les Classiques,Crème SANS LACTOSE,,,2,2,,,,,,,,,,,,,,,,,,,,,,,,,,,,
,Option,Les Classiques,Chorizo,,,2,2,,,,,,,,,,,,,,,,,,,,,,,,,,,,
,Option,Les Classiques,Jambon,,,2,2,,,,,,,,,,,,,,,,,,,,,,,,,,,,
,Option,Les Classiques,Jambon de parme,,,2,2,,,,,,,,,,,,,,,,,,,,,,,,,,,,
,Option,Les Classiques,Lardons,,,2,2,,,,,,,,,,,,,,,,,,,,,,,,,,,,
,Option,Les Classiques,Gorgonzola,,,2,2,,,,,,,,,,,,,,,,,,,,,,,,,,,,
,Option,Les Classiques,Raclette,,,2,2,,,,,,,,,,,,,,,,,,,,,,,,,,,,
,Option,Les Classiques,Reblochon,,,2,2,,,,,,,,,,,,,,,,,,,,,,,,,,,,
,Option,Les Classiques,Fêta,,,2,2,,,,,,,,,,,,,,,,,,,,,,,,,,,,
,Option,Les Classiques,Légumes,,,1,1,,,,,,,,,,,,,,,,,,,,,,,,,,,,
,Option,Les Classiques,Huile de truffe,,,2,2,,,,,,,,,,,,,,,,,,,,,,,,,,,,
,ITEM,Les Gratinées,Nandrinoise,,"bolo, crème, lardons, jambon, petits pois, champignons, basilic, ail",13,13,,,,,,,,,,,,,,,,,,,,,,,,,,,,
,Option-Group,Les Gratinées,Suppléments (facultatif),,,,,,,,,,,,,,,,,,,,,,,,,,,,,,,,
,Option,Les Gratinées,Parmesan petit,,,1,1,,,,,,,,,,,,,,,,,,,,,,,,,,,,
,Option,Les Gratinées,Parmesan grand,,,2,2,,,,,,,,,,,,,,,,,,,,,,,,,,,,
,Option,Les Gratinées,Sauce crème,,,1,1,,,,,,,,,,,,,,,,,,,,,,,,,,,,
,Option,Les Gratinées,Sauce tomate,,,1,1,,,,,,,,,,,,,,,,,,,,,,,,,,,,
,Option,Les Gratinées,Sauce bolognaise,,,1,1,,,,,,,,,,,,,,,,,,,,,,,,,,,,
,Option,Les Gratinées,Burrata,,,5,5,,,,,,,,,,,,,,,,,,,,,,,,,,,,
,Option,Les Gratinées,Poulet,,,2.5,2.5,,,,,,,,,,,,,,,,,,,,,,,,,,,,
,Option,Les Gratinées,Merguez,,,2.5,2.5,,,,,,,,,,,,,,,,,,,,,,,,,,,,
,Option,Les Gratinées,Poissons,,,2.5,2.5,,,,,,,,,,,,,,,,,,,,,,,,,,,,
,Option,Les Gratinées,Gratinée au four,,,2,2,,,,,,,,,,,,,,,,,,,,,,,,,,,,
,Option,Les Gratinées,Ail,,,0.5,0.5,,,,,,,,,,,,,,,,,,,,,,,,,,,,
,Option,Les Gratinées,Basilic,,,0.5,0.5,,,,,,,,,,,,,,,,,,,,,,,,,,,,
,Option,Les Gratinées,Pili-pili,,,0.5,0.5,,,,,,,,,,,,,,,,,,,,,,,,,,,,
,Option,Les Gratinées,Pâtes SANS GLUTEN,,,2,2,,,,,,,,,,,,,,,,,,,,,,,,,,,,
,Option,Les Gratinées,Crème SANS LACTOSE,,,2,2,,,,,,,,,,,,,,,,,,,,,,,,,,,,
,Option,Les Gratinées,Chorizo,,,2,2,,,,,,,,,,,,,,,,,,,,,,,,,,,,
,Option,Les Gratinées,Jambon,,,2,2,,,,,,,,,,,,,,,,,,,,,,,,,,,,
,Option,Les Gratinées,Jambon de parme,,,2,2,,,,,,,,,,,,,,,,,,,,,,,,,,,,
,Option,Les Gratinées,Lardons,,,2,2,,,,,,,,,,,,,,,,,,,,,,,,,,,,
,Option,Les Gratinées,Gorgonzola,,,2,2,,,,,,,,,,,,,,,,,,,,,,,,,,,,
,Option,Les Gratinées,Raclette,,,2,2,,,,,,,,,,,,,,,,,,,,,,,,,,,,
,Option,Les Gratinées,Reblochon,,,2,2,,,,,,,,,,,,,,,,,,,,,,,,,,,,
,Option,Les Gratinées,Fêta,,,2,2,,,,,,,,,,,,,,,,,,,,,,,,,,,,
,Option,Les Gratinées,Légumes,,,1,1,,,,,,,,,,,,,,,,,,,,,,,,,,,,
,Option,Les Gratinées,Huile de truffe,,,2,2,,,,,,,,,,,,,,,,,,,,,,,,,,,,
,ITEM,Les Gratinées,Pennes du Chef,,"bolo, crème, jambon à l'os, champignons, parmesan, basilic, ail",12,12,,,,,,,,,,,,,,,,,,,,,,,,,,,,
,Option-Group,Les Gratinées,Suppléments (facultatif),,,,,,,,,,,,,,,,,,,,,,,,,,,,,,,,
,Option,Les Gratinées,Parmesan petit,,,1,1,,,,,,,,,,,,,,,,,,,,,,,,,,,,
,Option,Les Gratinées,Parmesan grand,,,2,2,,,,,,,,,,,,,,,,,,,,,,,,,,,,
,Option,Les Gratinées,Sauce crème,,,1,1,,,,,,,,,,,,,,,,,,,,,,,,,,,,
,Option,Les Gratinées,Sauce tomate,,,1,1,,,,,,,,,,,,,,,,,,,,,,,,,,,,
,Option,Les Gratinées,Sauce bolognaise,,,1,1,,,,,,,,,,,,,,,,,,,,,,,,,,,,
,Option,Les Gratinées,Burrata,,,5,5,,,,,,,,,,,,,,,,,,,,,,,,,,,,
,Option,Les Gratinées,Poulet,,,2.5,2.5,,,,,,,,,,,,,,,,,,,,,,,,,,,,
,Option,Les Gratinées,Merguez,,,2.5,2.5,,,,,,,,,,,,,,,,,,,,,,,,,,,,
,Option,Les Gratinées,Poissons,,,2.5,2.5,,,,,,,,,,,,,,,,,,,,,,,,,,,,
,Option,Les Gratinées,Gratinée au four,,,2,2,,,,,,,,,,,,,,,,,,,,,,,,,,,,
,Option,Les Gratinées,Ail,,,0.5,0.5,,,,,,,,,,,,,,,,,,,,,,,,,,,,
,Option,Les Gratinées,Basilic,,,0.5,0.5,,,,,,,,,,,,,,,,,,,,,,,,,,,,
,Option,Les Gratinées,Pili-pili,,,0.5,0.5,,,,,,,,,,,,,,,,,,,,,,,,,,,,
,Option,Les Gratinées,Pâtes SANS GLUTEN,,,2,2,,,,,,,,,,,,,,,,,,,,,,,,,,,,
,Option,Les Gratinées,Crème SANS LACTOSE,,,2,2,,,,,,,,,,,,,,,,,,,,,,,,,,,,
,Option,Les Gratinées,Chorizo,,,2,2,,,,,,,,,,,,,,,,,,,,,,,,,,,,
,Option,Les Gratinées,Jambon,,,2,2,,,,,,,,,,,,,,,,,,,,,,,,,,,,
,Option,Les Gratinées,Jambon de parme,,,2,2,,,,,,,,,,,,,,,,,,,,,,,,,,,,
,Option,Les Gratinées,Lardons,,,2,2,,,,,,,,,,,,,,,,,,,,,,,,,,,,
,Option,Les Gratinées,Gorgonzola,,,2,2,,,,,,,,,,,,,,,,,,,,,,,,,,,,
,Option,Les Gratinées,Raclette,,,2,2,,,,,,,,,,,,,,,,,,,,,,,,,,,,
,Option,Les Gratinées,Reblochon,,,2,2,,,,,,,,,,,,,,,,,,,,,,,,,,,,
,Option,Les Gratinées,Fêta,,,2,2,,,,,,,,,,,,,,,,,,,,,,,,,,,,
,Option,Les Gratinées,Légumes,,,1,1,,,,,,,,,,,,,,,,,,,,,,,,,,,,
,Option,Les Gratinées,Huile de truffe,,,2,2,,,,,,,,,,,,,,,,,,,,,,,,,,,,
,ITEM,Les Gratinées,Standard,,"bolognaise, quatre fromages, pili-pili, basilic, ail",13,13,,,,,,,,,,,,,,,,,,,,,,,,,,,,
,Option-Group,Les Gratinées,Suppléments (facultatif),,,,,,,,,,,,,,,,,,,,,,,,,,,,,,,,
,Option,Les Gratinées,Parmesan petit,,,1,1,,,,,,,,,,,,,,,,,,,,,,,,,,,,
,Option,Les Gratinées,Parmesan grand,,,2,2,,,,,,,,,,,,,,,,,,,,,,,,,,,,
,Option,Les Gratinées,Sauce crème,,,1,1,,,,,,,,,,,,,,,,,,,,,,,,,,,,
,Option,Les Gratinées,Sauce tomate,,,1,1,,,,,,,,,,,,,,,,,,,,,,,,,,,,
,Option,Les Gratinées,Sauce bolognaise,,,1,1,,,,,,,,,,,,,,,,,,,,,,,,,,,,
,Option,Les Gratinées,Burrata,,,5,5,,,,,,,,,,,,,,,,,,,,,,,,,,,,
,Option,Les Gratinées,Poulet,,,2.5,2.5,,,,,,,,,,,,,,,,,,,,,,,,,,,,
,Option,Les Gratinées,Merguez,,,2.5,2.5,,,,,,,,,,,,,,,,,,,,,,,,,,,,
,Option,Les Gratinées,Poissons,,,2.5,2.5,,,,,,,,,,,,,,,,,,,,,,,,,,,,
,Option,Les Gratinées,Gratinée au four,,,2,2,,,,,,,,,,,,,,,,,,,,,,,,,,,,
,Option,Les Gratinées,Ail,,,0.5,0.5,,,,,,,,,,,,,,,,,,,,,,,,,,,,
,Option,Les Gratinées,Basilic,,,0.5,0.5,,,,,,,,,,,,,,,,,,,,,,,,,,,,
,Option,Les Gratinées,Pili-pili,,,0.5,0.5,,,,,,,,,,,,,,,,,,,,,,,,,,,,
,Option,Les Gratinées,Pâtes SANS GLUTEN,,,2,2,,,,,,,,,,,,,,,,,,,,,,,,,,,,
,Option,Les Gratinées,Crème SANS LACTOSE,,,2,2,,,,,,,,,,,,,,,,,,,,,,,,,,,,
,Option,Les Gratinées,Chorizo,,,2,2,,,,,,,,,,,,,,,,,,,,,,,,,,,,
,Option,Les Gratinées,Jambon,,,2,2,,,,,,,,,,,,,,,,,,,,,,,,,,,,
,Option,Les Gratinées,Jambon de parme,,,2,2,,,,,,,,,,,,,,,,,,,,,,,,,,,,
,Option,Les Gratinées,Lardons,,,2,2,,,,,,,,,,,,,,,,,,,,,,,,,,,,
,Option,Les Gratinées,Gorgonzola,,,2,2,,,,,,,,,,,,,,,,,,,,,,,,,,,,
,Option,Les Gratinées,Raclette,,,2,2,,,,,,,,,,,,,,,,,,,,,,,,,,,,
,Option,Les Gratinées,Reblochon,,,2,2,,,,,,,,,,,,,,,,,,,,,,,,,,,,
,Option,Les Gratinées,Fêta,,,2,2,,,,,,,,,,,,,,,,,,,,,,,,,,,,
,Option,Les Gratinées,Légumes,,,1,1,,,,,,,,,,,,,,,,,,,,,,,,,,,,
,Option,Les Gratinées,Huile de truffe,,,2,2,,,,,,,,,,,,,,,,,,,,,,,,,,,,
,ITEM,Les Gratinées,Chicon du Chef,,"crème tomatée, chicons, jambon à l'os, cheddar, estragon",13,13,,,,,,,,,,,,,,,,,,,,,,,,,,,,
,Option-Group,Les Gratinées,Suppléments (facultatif),,,,,,,,,,,,,,,,,,,,,,,,,,,,,,,,
,Option,Les Gratinées,Parmesan petit,,,1,1,,,,,,,,,,,,,,,,,,,,,,,,,,,,
,Option,Les Gratinées,Parmesan grand,,,2,2,,,,,,,,,,,,,,,,,,,,,,,,,,,,
,Option,Les Gratinées,Sauce crème,,,1,1,,,,,,,,,,,,,,,,,,,,,,,,,,,,
,Option,Les Gratinées,Sauce tomate,,,1,1,,,,,,,,,,,,,,,,,,,,,,,,,,,,
,Option,Les Gratinées,Sauce bolognaise,,,1,1,,,,,,,,,,,,,,,,,,,,,,,,,,,,
,Option,Les Gratinées,Burrata,,,5,5,,,,,,,,,,,,,,,,,,,,,,,,,,,,
,Option,Les Gratinées,Poulet,,,2.5,2.5,,,,,,,,,,,,,,,,,,,,,,,,,,,,
,Option,Les Gratinées,Merguez,,,2.5,2.5,,,,,,,,,,,,,,,,,,,,,,,,,,,,
,Option,Les Gratinées,Poissons,,,2.5,2.5,,,,,,,,,,,,,,,,,,,,,,,,,,,,
,Option,Les Gratinées,Gratinée au four,,,2,2,,,,,,,,,,,,,,,,,,,,,,,,,,,,
,Option,Les Gratinées,Ail,,,0.5,0.5,,,,,,,,,,,,,,,,,,,,,,,,,,,,
,Option,Les Gratinées,Basilic,,,0.5,0.5,,,,,,,,,,,,,,,,,,,,,,,,,,,,
,Option,Les Gratinées,Pili-pili,,,0.5,0.5,,,,,,,,,,,,,,,,,,,,,,,,,,,,
,Option,Les Gratinées,Pâtes SANS GLUTEN,,,2,2,,,,,,,,,,,,,,,,,,,,,,,,,,,,
,Option,Les Gratinées,Crème SANS LACTOSE,,,2,2,,,,,,,,,,,,,,,,,,,,,,,,,,,,
,Option,Les Gratinées,Chorizo,,,2,2,,,,,,,,,,,,,,,,,,,,,,,,,,,,
,Option,Les Gratinées,Jambon,,,2,2,,,,,,,,,,,,,,,,,,,,,,,,,,,,
,Option,Les Gratinées,Jambon de parme,,,2,2,,,,,,,,,,,,,,,,,,,,,,,,,,,,
,Option,Les Gratinées,Lardons,,,2,2,,,,,,,,,,,,,,,,,,,,,,,,,,,,
,Option,Les Gratinées,Gorgonzola,,,2,2,,,,,,,,,,,,,,,,,,,,,,,,,,,,
,Option,Les Gratinées,Raclette,,,2,2,,,,,,,,,,,,,,,,,,,,,,,,,,,,
,Option,Les Gratinées,Reblochon,,,2,2,,,,,,,,,,,,,,,,,,,,,,,,,,,,
,Option,Les Gratinées,Fêta,,,2,2,,,,,,,,,,,,,,,,,,,,,,,,,,,,
,Option,Les Gratinées,Légumes,,,1,1,,,,,,,,,,,,,,,,,,,,,,,,,,,,
,Option,Les Gratinées,Huile de truffe,,,2,2,,,,,,,,,,,,,,,,,,,,,,,,,,,,
,ITEM,Les Gratinées,Mont-Blanc,,"crème, jambon, jambon de parme, fromage à raclette, champignons, ail",13,13,,,,,,,,,,,,,,,,,,,,,,,,,,,,
,Option-Group,Les Gratinées,Suppléments (facultatif),,,,,,,,,,,,,,,,,,,,,,,,,,,,,,,,
,Option,Les Gratinées,Parmesan petit,,,1,1,,,,,,,,,,,,,,,,,,,,,,,,,,,,
,Option,Les Gratinées,Parmesan grand,,,2,2,,,,,,,,,,,,,,,,,,,,,,,,,,,,
,Option,Les Gratinées,Sauce crème,,,1,1,,,,,,,,,,,,,,,,,,,,,,,,,,,,
,Option,Les Gratinées,Sauce tomate,,,1,1,,,,,,,,,,,,,,,,,,,,,,,,,,,,
,Option,Les Gratinées,Sauce bolognaise,,,1,1,,,,,,,,,,,,,,,,,,,,,,,,,,,,
,Option,Les Gratinées,Burrata,,,5,5,,,,,,,,,,,,,,,,,,,,,,,,,,,,
,Option,Les Gratinées,Poulet,,,2.5,2.5,,,,,,,,,,,,,,,,,,,,,,,,,,,,
,Option,Les Gratinées,Merguez,,,2.5,2.5,,,,,,,,,,,,,,,,,,,,,,,,,,,,
,Option,Les Gratinées,Poissons,,,2.5,2.5,,,,,,,,,,,,,,,,,,,,,,,,,,,,
,Option,Les Gratinées,Gratinée au four,,,2,2,,,,,,,,,,,,,,,,,,,,,,,,,,,,
,Option,Les Gratinées,Ail,,,0.5,0.5,,,,,,,,,,,,,,,,,,,,,,,,,,,,
,Option,Les Gratinées,Basilic,,,0.5,0.5,,,,,,,,,,,,,,,,,,,,,,,,,,,,
,Option,Les Gratinées,Pili-pili,,,0.5,0.5,,,,,,,,,,,,,,,,,,,,,,,,,,,,
,Option,Les Gratinées,Pâtes SANS GLUTEN,,,2,2,,,,,,,,,,,,,,,,,,,,,,,,,,,,
,Option,Les Gratinées,Crème SANS LACTOSE,,,2,2,,,,,,,,,,,,,,,,,,,,,,,,,,,,
,Option,Les Gratinées,Chorizo,,,2,2,,,,,,,,,,,,,,,,,,,,,,,,,,,,
,Option,Les Gratinées,Jambon,,,2,2,,,,,,,,,,,,,,,,,,,,,,,,,,,,
,Option,Les Gratinées,Jambon de parme,,,2,2,,,,,,,,,,,,,,,,,,,,,,,,,,,,
,Option,Les Gratinées,Lardons,,,2,2,,,,,,,,,,,,,,,,,,,,,,,,,,,,
,Option,Les Gratinées,Gorgonzola,,,2,2,,,,,,,,,,,,,,,,,,,,,,,,,,,,
,Option,Les Gratinées,Raclette,,,2,2,,,,,,,,,,,,,,,,,,,,,,,,,,,,
,Option,Les Gratinées,Reblochon,,,2,2,,,,,,,,,,,,,,,,,,,,,,,,,,,,
,Option,Les Gratinées,Fêta,,,2,2,,,,,,,,,,,,,,,,,,,,,,,,,,,,
,Option,Les Gratinées,Légumes,,,1,1,,,,,,,,,,,,,,,,,,,,,,,,,,,,
,Option,Les Gratinées,Huile de truffe,,,2,2,,,,,,,,,,,,,,,,,,,,,,,,,,,,
,ITEM,Les Gratinées,Tartiflette,,"crème, lardons, reblochon, oignons, basilic, ail",13,13,,,,,,,,,,,,,,,,,,,,,,,,,,,,
,Option-Group,Les Gratinées,Suppléments (facultatif),,,,,,,,,,,,,,,,,,,,,,,,,,,,,,,,
,Option,Les Gratinées,Parmesan petit,,,1,1,,,,,,,,,,,,,,,,,,,,,,,,,,,,
,Option,Les Gratinées,Parmesan grand,,,2,2,,,,,,,,,,,,,,,,,,,,,,,,,,,,
,Option,Les Gratinées,Sauce crème,,,1,1,,,,,,,,,,,,,,,,,,,,,,,,,,,,
,Option,Les Gratinées,Sauce tomate,,,1,1,,,,,,,,,,,,,,,,,,,,,,,,,,,,
,Option,Les Gratinées,Sauce bolognaise,,,1,1,,,,,,,,,,,,,,,,,,,,,,,,,,,,
,Option,Les Gratinées,Burrata,,,5,5,,,,,,,,,,,,,,,,,,,,,,,,,,,,
,Option,Les Gratinées,Poulet,,,2.5,2.5,,,,,,,,,,,,,,,,,,,,,,,,,,,,
,Option,Les Gratinées,Merguez,,,2.5,2.5,,,,,,,,,,,,,,,,,,,,,,,,,,,,
,Option,Les Gratinées,Poissons,,,2.5,2.5,,,,,,,,,,,,,,,,,,,,,,,,,,,,
,Option,Les Gratinées,Gratinée au four,,,2,2,,,,,,,,,,,,,,,,,,,,,,,,,,,,
,Option,Les Gratinées,Ail,,,0.5,0.5,,,,,,,,,,,,,,,,,,,,,,,,,,,,
,Option,Les Gratinées,Basilic,,,0.5,0.5,,,,,,,,,,,,,,,,,,,,,,,,,,,,
,Option,Les Gratinées,Pili-pili,,,0.5,0.5,,,,,,,,,,,,,,,,,,,,,,,,,,,,
,Option,Les Gratinées,Pâtes SANS GLUTEN,,,2,2,,,,,,,,,,,,,,,,,,,,,,,,,,,,
,Option,Les Gratinées,Crème SANS LACTOSE,,,2,2,,,,,,,,,,,,,,,,,,,,,,,,,,,,
,Option,Les Gratinées,Chorizo,,,2,2,,,,,,,,,,,,,,,,,,,,,,,,,,,,
,Option,Les Gratinées,Jambon,,,2,2,,,,,,,,,,,,,,,,,,,,,,,,,,,,
,Option,Les Gratinées,Jambon de parme,,,2,2,,,,,,,,,,,,,,,,,,,,,,,,,,,,
,Option,Les Gratinées,Lardons,,,2,2,,,,,,,,,,,,,,,,,,,,,,,,,,,,
,Option,Les Gratinées,Gorgonzola,,,2,2,,,,,,,,,,,,,,,,,,,,,,,,,,,,
,Option,Les Gratinées,Raclette,,,2,2,,,,,,,,,,,,,,,,,,,,,,,,,,,,
,Option,Les Gratinées,Reblochon,,,2,2,,,,,,,,,,,,,,,,,,,,,,,,,,,,
,Option,Les Gratinées,Fêta,,,2,2,,,,,,,,,,,,,,,,,,,,,,,,,,,,
,Option,Les Gratinées,Légumes,,,1,1,,,,,,,,,,,,,,,,,,,,,,,,,,,,
,Option,Les Gratinées,Huile de truffe,,,2,2,,,,,,,,,,,,,,,,,,,,,,,,,,,,
,ITEM,Le Tour du Monde,Pastaella (pour 2 pers.),,"crème safranée, fruits de mer, calamars, moules, scampis, poulet, chorizo, petits pois, poivrons, basilic, ail",32,32,,,,,,,,,,,,,,,,,,,,,,,,,,,,
,Option-Group,Le Tour du Monde,Suppléments (facultatif),,,,,,,,,,,,,,,,,,,,,,,,,,,,,,,,
,Option,Le Tour du Monde,Parmesan petit,,,1,1,,,,,,,,,,,,,,,,,,,,,,,,,,,,
,Option,Le Tour du Monde,Parmesan grand,,,2,2,,,,,,,,,,,,,,,,,,,,,,,,,,,,
,Option,Le Tour du Monde,Sauce crème,,,1,1,,,,,,,,,,,,,,,,,,,,,,,,,,,,
,Option,Le Tour du Monde,Sauce tomate,,,1,1,,,,,,,,,,,,,,,,,,,,,,,,,,,,
,Option,Le Tour du Monde,Sauce bolognaise,,,1,1,,,,,,,,,,,,,,,,,,,,,,,,,,,,
,Option,Le Tour du Monde,Burrata,,,5,5,,,,,,,,,,,,,,,,,,,,,,,,,,,,
,Option,Le Tour du Monde,Poulet,,,2.5,2.5,,,,,,,,,,,,,,,,,,,,,,,,,,,,
,Option,Le Tour du Monde,Merguez,,,2.5,2.5,,,,,,,,,,,,,,,,,,,,,,,,,,,,
,Option,Le Tour du Monde,Poissons,,,2.5,2.5,,,,,,,,,,,,,,,,,,,,,,,,,,,,
,Option,Le Tour du Monde,Gratinée au four,,,2,2,,,,,,,,,,,,,,,,,,,,,,,,,,,,
,Option,Le Tour du Monde,Ail,,,0.5,0.5,,,,,,,,,,,,,,,,,,,,,,,,,,,,
,Option,Le Tour du Monde,Basilic,,,0.5,0.5,,,,,,,,,,,,,,,,,,,,,,,,,,,,
,Option,Le Tour du Monde,Pili-pili,,,0.5,0.5,,,,,,,,,,,,,,,,,,,,,,,,,,,,
,Option,Le Tour du Monde,Pâtes SANS GLUTEN,,,2,2,,,,,,,,,,,,,,,,,,,,,,,,,,,,
,Option,Le Tour du Monde,Crème SANS LACTOSE,,,2,2,,,,,,,,,,,,,,,,,,,,,,,,,,,,
,Option,Le Tour du Monde,Chorizo,,,2,2,,,,,,,,,,,,,,,,,,,,,,,,,,,,
,Option,Le Tour du Monde,Jambon,,,2,2,,,,,,,,,,,,,,,,,,,,,,,,,,,,
,Option,Le Tour du Monde,Jambon de parme,,,2,2,,,,,,,,,,,,,,,,,,,,,,,,,,,,
,Option,Le Tour du Monde,Lardons,,,2,2,,,,,,,,,,,,,,,,,,,,,,,,,,,,
,Option,Le Tour du Monde,Gorgonzola,,,2,2,,,,,,,,,,,,,,,,,,,,,,,,,,,,
,Option,Le Tour du Monde,Raclette,,,2,2,,,,,,,,,,,,,,,,,,,,,,,,,,,,
,Option,Le Tour du Monde,Reblochon,,,2,2,,,,,,,,,,,,,,,,,,,,,,,,,,,,
,Option,Le Tour du Monde,Fêta,,,2,2,,,,,,,,,,,,,,,,,,,,,,,,,,,,
,Option,Le Tour du Monde,Légumes,,,1,1,,,,,,,,,,,,,,,,,,,,,,,,,,,,
,Option,Le Tour du Monde,Huile de truffe,,,2,2,,,,,,,,,,,,,,,,,,,,,,,,,,,,
,ITEM,Le Tour du Monde,Catalane,,"crème safranée, scampis, chorizo, poivrons, petits pois, basilic, ail",13,13,,,,,,,,,,,,,,,,,,,,,,,,,,,,
,Option-Group,Le Tour du Monde,Suppléments (facultatif),,,,,,,,,,,,,,,,,,,,,,,,,,,,,,,,
,Option,Le Tour du Monde,Parmesan petit,,,1,1,,,,,,,,,,,,,,,,,,,,,,,,,,,,
,Option,Le Tour du Monde,Parmesan grand,,,2,2,,,,,,,,,,,,,,,,,,,,,,,,,,,,
,Option,Le Tour du Monde,Sauce crème,,,1,1,,,,,,,,,,,,,,,,,,,,,,,,,,,,
,Option,Le Tour du Monde,Sauce tomate,,,1,1,,,,,,,,,,,,,,,,,,,,,,,,,,,,
,Option,Le Tour du Monde,Sauce bolognaise,,,1,1,,,,,,,,,,,,,,,,,,,,,,,,,,,,
,Option,Le Tour du Monde,Burrata,,,5,5,,,,,,,,,,,,,,,,,,,,,,,,,,,,
,Option,Le Tour du Monde,Poulet,,,2.5,2.5,,,,,,,,,,,,,,,,,,,,,,,,,,,,
,Option,Le Tour du Monde,Merguez,,,2.5,2.5,,,,,,,,,,,,,,,,,,,,,,,,,,,,
,Option,Le Tour du Monde,Poissons,,,2.5,2.5,,,,,,,,,,,,,,,,,,,,,,,,,,,,
,Option,Le Tour du Monde,Gratinée au four,,,2,2,,,,,,,,,,,,,,,,,,,,,,,,,,,,
,Option,Le Tour du Monde,Ail,,,0.5,0.5,,,,,,,,,,,,,,,,,,,,,,,,,,,,
,Option,Le Tour du Monde,Basilic,,,0.5,0.5,,,,,,,,,,,,,,,,,,,,,,,,,,,,
,Option,Le Tour du Monde,Pili-pili,,,0.5,0.5,,,,,,,,,,,,,,,,,,,,,,,,,,,,
,Option,Le Tour du Monde,Pâtes SANS GLUTEN,,,2,2,,,,,,,,,,,,,,,,,,,,,,,,,,,,
,Option,Le Tour du Monde,Crème SANS LACTOSE,,,2,2,,,,,,,,,,,,,,,,,,,,,,,,,,,,
,Option,Le Tour du Monde,Chorizo,,,2,2,,,,,,,,,,,,,,,,,,,,,,,,,,,,
,Option,Le Tour du Monde,Jambon,,,2,2,,,,,,,,,,,,,,,,,,,,,,,,,,,,
,Option,Le Tour du Monde,Jambon de parme,,,2,2,,,,,,,,,,,,,,,,,,,,,,,,,,,,
,Option,Le Tour du Monde,Lardons,,,2,2,,,,,,,,,,,,,,,,,,,,,,,,,,,,
,Option,Le Tour du Monde,Gorgonzola,,,2,2,,,,,,,,,,,,,,,,,,,,,,,,,,,,
,Option,Le Tour du Monde,Raclette,,,2,2,,,,,,,,,,,,,,,,,,,,,,,,,,,,
,Option,Le Tour du Monde,Reblochon,,,2,2,,,,,,,,,,,,,,,,,,,,,,,,,,,,
,Option,Le Tour du Monde,Fêta,,,2,2,,,,,,,,,,,,,,,,,,,,,,,,,,,,
,Option,Le Tour du Monde,Légumes,,,1,1,,,,,,,,,,,,,,,,,,,,,,,,,,,,
,Option,Le Tour du Monde,Huile de truffe,,,2,2,,,,,,,,,,,,,,,,,,,,,,,,,,,,
,ITEM,Le Tour du Monde,Parisienne,,"crème, champignons, huile de truffe, basilic, ail",11,11,,,,,,,,,,,,,,,,,,,,,,,,,,,,
,Option-Group,Le Tour du Monde,Suppléments (facultatif),,,,,,,,,,,,,,,,,,,,,,,,,,,,,,,,
,Option,Le Tour du Monde,Parmesan petit,,,1,1,,,,,,,,,,,,,,,,,,,,,,,,,,,,
,Option,Le Tour du Monde,Parmesan grand,,,2,2,,,,,,,,,,,,,,,,,,,,,,,,,,,,
,Option,Le Tour du Monde,Sauce crème,,,1,1,,,,,,,,,,,,,,,,,,,,,,,,,,,,
,Option,Le Tour du Monde,Sauce tomate,,,1,1,,,,,,,,,,,,,,,,,,,,,,,,,,,,
,Option,Le Tour du Monde,Sauce bolognaise,,,1,1,,,,,,,,,,,,,,,,,,,,,,,,,,,,
,Option,Le Tour du Monde,Burrata,,,5,5,,,,,,,,,,,,,,,,,,,,,,,,,,,,
,Option,Le Tour du Monde,Poulet,,,2.5,2.5,,,,,,,,,,,,,,,,,,,,,,,,,,,,
,Option,Le Tour du Monde,Merguez,,,2.5,2.5,,,,,,,,,,,,,,,,,,,,,,,,,,,,
,Option,Le Tour du Monde,Poissons,,,2.5,2.5,,,,,,,,,,,,,,,,,,,,,,,,,,,,
,Option,Le Tour du Monde,Gratinée au four,,,2,2,,,,,,,,,,,,,,,,,,,,,,,,,,,,
,Option,Le Tour du Monde,Ail,,,0.5,0.5,,,,,,,,,,,,,,,,,,,,,,,,,,,,
,Option,Le Tour du Monde,Basilic,,,0.5,0.5,,,,,,,,,,,,,,,,,,,,,,,,,,,,
,Option,Le Tour du Monde,Pili-pili,,,0.5,0.5,,,,,,,,,,,,,,,,,,,,,,,,,,,,
,Option,Le Tour du Monde,Pâtes SANS GLUTEN,,,2,2,,,,,,,,,,,,,,,,,,,,,,,,,,,,
,Option,Le Tour du Monde,Crème SANS LACTOSE,,,2,2,,,,,,,,,,,,,,,,,,,,,,,,,,,,
,Option,Le Tour du Monde,Chorizo,,,2,2,,,,,,,,,,,,,,,,,,,,,,,,,,,,
,Option,Le Tour du Monde,Jambon,,,2,2,,,,,,,,,,,,,,,,,,,,,,,,,,,,
,Option,Le Tour du Monde,Jambon de parme,,,2,2,,,,,,,,,,,,,,,,,,,,,,,,,,,,
,Option,Le Tour du Monde,Lardons,,,2,2,,,,,,,,,,,,,,,,,,,,,,,,,,,,
,Option,Le Tour du Monde,Gorgonzola,,,2,2,,,,,,,,,,,,,,,,,,,,,,,,,,,,
,Option,Le Tour du Monde,Raclette,,,2,2,,,,,,,,,,,,,,,,,,,,,,,,,,,,
,Option,Le Tour du Monde,Reblochon,,,2,2,,,,,,,,,,,,,,,,,,,,,,,,,,,,
,Option,Le Tour du Monde,Fêta,,,2,2,,,,,,,,,,,,,,,,,,,,,,,,,,,,
,Option,Le Tour du Monde,Légumes,,,1,1,,,,,,,,,,,,,,,,,,,,,,,,,,,,
,Option,Le Tour du Monde,Huile de truffe,,,2,2,,,,,,,,,,,,,,,,,,,,,,,,,,,,
,ITEM,Le Tour du Monde,Périgord,,"crème tomatée, poulet, champignons, huile de truffe, moutarde, basilic, ail",13,13,,,,,,,,,,,,,,,,,,,,,,,,,,,,
,Option-Group,Le Tour du Monde,Suppléments (facultatif),,,,,,,,,,,,,,,,,,,,,,,,,,,,,,,,
,Option,Le Tour du Monde,Parmesan petit,,,1,1,,,,,,,,,,,,,,,,,,,,,,,,,,,,
,Option,Le Tour du Monde,Parmesan grand,,,2,2,,,,,,,,,,,,,,,,,,,,,,,,,,,,
,Option,Le Tour du Monde,Sauce crème,,,1,1,,,,,,,,,,,,,,,,,,,,,,,,,,,,
,Option,Le Tour du Monde,Sauce tomate,,,1,1,,,,,,,,,,,,,,,,,,,,,,,,,,,,
,Option,Le Tour du Monde,Sauce bolognaise,,,1,1,,,,,,,,,,,,,,,,,,,,,,,,,,,,
,Option,Le Tour du Monde,Burrata,,,5,5,,,,,,,,,,,,,,,,,,,,,,,,,,,,
,Option,Le Tour du Monde,Poulet,,,2.5,2.5,,,,,,,,,,,,,,,,,,,,,,,,,,,,
,Option,Le Tour du Monde,Merguez,,,2.5,2.5,,,,,,,,,,,,,,,,,,,,,,,,,,,,
,Option,Le Tour du Monde,Poissons,,,2.5,2.5,,,,,,,,,,,,,,,,,,,,,,,,,,,,
,Option,Le Tour du Monde,Gratinée au four,,,2,2,,,,,,,,,,,,,,,,,,,,,,,,,,,,
,Option,Le Tour du Monde,Ail,,,0.5,0.5,,,,,,,,,,,,,,,,,,,,,,,,,,,,
,Option,Le Tour du Monde,Basilic,,,0.5,0.5,,,,,,,,,,,,,,,,,,,,,,,,,,,,
,Option,Le Tour du Monde,Pili-pili,,,0.5,0.5,,,,,,,,,,,,,,,,,,,,,,,,,,,,
,Option,Le Tour du Monde,Pâtes SANS GLUTEN,,,2,2,,,,,,,,,,,,,,,,,,,,,,,,,,,,
,Option,Le Tour du Monde,Crème SANS LACTOSE,,,2,2,,,,,,,,,,,,,,,,,,,,,,,,,,,,
,Option,Le Tour du Monde,Chorizo,,,2,2,,,,,,,,,,,,,,,,,,,,,,,,,,,,
,Option,Le Tour du Monde,Jambon,,,2,2,,,,,,,,,,,,,,,,,,,,,,,,,,,,
,Option,Le Tour du Monde,Jambon de parme,,,2,2,,,,,,,,,,,,,,,,,,,,,,,,,,,,
,Option,Le Tour du Monde,Lardons,,,2,2,,,,,,,,,,,,,,,,,,,,,,,,,,,,
,Option,Le Tour du Monde,Gorgonzola,,,2,2,,,,,,,,,,,,,,,,,,,,,,,,,,,,
,Option,Le Tour du Monde,Raclette,,,2,2,,,,,,,,,,,,,,,,,,,,,,,,,,,,
,Option,Le Tour du Monde,Reblochon,,,2,2,,,,,,,,,,,,,,,,,,,,,,,,,,,,
,Option,Le Tour du Monde,Fêta,,,2,2,,,,,,,,,,,,,,,,,,,,,,,,,,,,
,Option,Le Tour du Monde,Légumes,,,1,1,,,,,,,,,,,,,,,,,,,,,,,,,,,,
,Option,Le Tour du Monde,Huile de truffe,,,2,2,,,,,,,,,,,,,,,,,,,,,,,,,,,,
,ITEM,Le Tour du Monde,New-York,,"crème, poulet, lardons, asperges, brocolis",13,13,,,,,,,,,,,,,,,,,,,,,,,,,,,,
,Option-Group,Le Tour du Monde,Suppléments (facultatif),,,,,,,,,,,,,,,,,,,,,,,,,,,,,,,,
,Option,Le Tour du Monde,Parmesan petit,,,1,1,,,,,,,,,,,,,,,,,,,,,,,,,,,,
,Option,Le Tour du Monde,Parmesan grand,,,2,2,,,,,,,,,,,,,,,,,,,,,,,,,,,,
,Option,Le Tour du Monde,Sauce crème,,,1,1,,,,,,,,,,,,,,,,,,,,,,,,,,,,
,Option,Le Tour du Monde,Sauce tomate,,,1,1,,,,,,,,,,,,,,,,,,,,,,,,,,,,
,Option,Le Tour du Monde,Sauce bolognaise,,,1,1,,,,,,,,,,,,,,,,,,,,,,,,,,,,
,Option,Le Tour du Monde,Burrata,,,5,5,,,,,,,,,,,,,,,,,,,,,,,,,,,,
,Option,Le Tour du Monde,Poulet,,,2.5,2.5,,,,,,,,,,,,,,,,,,,,,,,,,,,,
,Option,Le Tour du Monde,Merguez,,,2.5,2.5,,,,,,,,,,,,,,,,,,,,,,,,,,,,
,Option,Le Tour du Monde,Poissons,,,2.5,2.5,,,,,,,,,,,,,,,,,,,,,,,,,,,,
,Option,Le Tour du Monde,Gratinée au four,,,2,2,,,,,,,,,,,,,,,,,,,,,,,,,,,,
,Option,Le Tour du Monde,Ail,,,0.5,0.5,,,,,,,,,,,,,,,,,,,,,,,,,,,,
,Option,Le Tour du Monde,Basilic,,,0.5,0.5,,,,,,,,,,,,,,,,,,,,,,,,,,,,
,Option,Le Tour du Monde,Pili-pili,,,0.5,0.5,,,,,,,,,,,,,,,,,,,,,,,,,,,,
,Option,Le Tour du Monde,Pâtes SANS GLUTEN,,,2,2,,,,,,,,,,,,,,,,,,,,,,,,,,,,
,Option,Le Tour du Monde,Crème SANS LACTOSE,,,2,2,,,,,,,,,,,,,,,,,,,,,,,,,,,,
,Option,Le Tour du Monde,Chorizo,,,2,2,,,,,,,,,,,,,,,,,,,,,,,,,,,,
,Option,Le Tour du Monde,Jambon,,,2,2,,,,,,,,,,,,,,,,,,,,,,,,,,,,
,Option,Le Tour du Monde,Jambon de parme,,,2,2,,,,,,,,,,,,,,,,,,,,,,,,,,,,
,Option,Le Tour du Monde,Lardons,,,2,2,,,,,,,,,,,,,,,,,,,,,,,,,,,,
,Option,Le Tour du Monde,Gorgonzola,,,2,2,,,,,,,,,,,,,,,,,,,,,,,,,,,,
,Option,Le Tour du Monde,Raclette,,,2,2,,,,,,,,,,,,,,,,,,,,,,,,,,,,
,Option,Le Tour du Monde,Reblochon,,,2,2,,,,,,,,,,,,,,,,,,,,,,,,,,,,
,Option,Le Tour du Monde,Fêta,,,2,2,,,,,,,,,,,,,,,,,,,,,,,,,,,,
,Option,Le Tour du Monde,Légumes,,,1,1,,,,,,,,,,,,,,,,,,,,,,,,,,,,
,Option,Le Tour du Monde,Huile de truffe,,,2,2,,,,,,,,,,,,,,,,,,,,,,,,,,,,
,ITEM,Le Tour du Monde,Angolaise,,"bolognaise, crème, poulet, merguez, poivrons, oignons, basilic, ail",13,13,,,,,,,,,,,,,,,,,,,,,,,,,,,,
,Option-Group,Le Tour du Monde,Suppléments (facultatif),,,,,,,,,,,,,,,,,,,,,,,,,,,,,,,,
,Option,Le Tour du Monde,Parmesan petit,,,1,1,,,,,,,,,,,,,,,,,,,,,,,,,,,,
,Option,Le Tour du Monde,Parmesan grand,,,2,2,,,,,,,,,,,,,,,,,,,,,,,,,,,,
,Option,Le Tour du Monde,Sauce crème,,,1,1,,,,,,,,,,,,,,,,,,,,,,,,,,,,
,Option,Le Tour du Monde,Sauce tomate,,,1,1,,,,,,,,,,,,,,,,,,,,,,,,,,,,
,Option,Le Tour du Monde,Sauce bolognaise,,,1,1,,,,,,,,,,,,,,,,,,,,,,,,,,,,
,Option,Le Tour du Monde,Burrata,,,5,5,,,,,,,,,,,,,,,,,,,,,,,,,,,,
,Option,Le Tour du Monde,Poulet,,,2.5,2.5,,,,,,,,,,,,,,,,,,,,,,,,,,,,
,Option,Le Tour du Monde,Merguez,,,2.5,2.5,,,,,,,,,,,,,,,,,,,,,,,,,,,,
,Option,Le Tour du Monde,Poissons,,,2.5,2.5,,,,,,,,,,,,,,,,,,,,,,,,,,,,
,Option,Le Tour du Monde,Gratinée au four,,,2,2,,,,,,,,,,,,,,,,,,,,,,,,,,,,
,Option,Le Tour du Monde,Ail,,,0.5,0.5,,,,,,,,,,,,,,,,,,,,,,,,,,,,
,Option,Le Tour du Monde,Basilic,,,0.5,0.5,,,,,,,,,,,,,,,,,,,,,,,,,,,,
,Option,Le Tour du Monde,Pili-pili,,,0.5,0.5,,,,,,,,,,,,,,,,,,,,,,,,,,,,
,Option,Le Tour du Monde,Pâtes SANS GLUTEN,,,2,2,,,,,,,,,,,,,,,,,,,,,,,,,,,,
,Option,Le Tour du Monde,Crème SANS LACTOSE,,,2,2,,,,,,,,,,,,,,,,,,,,,,,,,,,,
,Option,Le Tour du Monde,Chorizo,,,2,2,,,,,,,,,,,,,,,,,,,,,,,,,,,,
,Option,Le Tour du Monde,Jambon,,,2,2,,,,,,,,,,,,,,,,,,,,,,,,,,,,
,Option,Le Tour du Monde,Jambon de parme,,,2,2,,,,,,,,,,,,,,,,,,,,,,,,,,,,
,Option,Le Tour du Monde,Lardons,,,2,2,,,,,,,,,,,,,,,,,,,,,,,,,,,,
,Option,Le Tour du Monde,Gorgonzola,,,2,2,,,,,,,,,,,,,,,,,,,,,,,,,,,,
,Option,Le Tour du Monde,Raclette,,,2,2,,,,,,,,,,,,,,,,,,,,,,,,,,,,
,Option,Le Tour du Monde,Reblochon,,,2,2,,,,,,,,,,,,,,,,,,,,,,,,,,,,
,Option,Le Tour du Monde,Fêta,,,2,2,,,,,,,,,,,,,,,,,,,,,,,,,,,,
,Option,Le Tour du Monde,Légumes,,,1,1,,,,,,,,,,,,,,,,,,,,,,,,,,,,
,Option,Le Tour du Monde,Huile de truffe,,,2,2,,,,,,,,,,,,,,,,,,,,,,,,,,,,
,ITEM,Le Tour du Monde,Casablanca,,"crème tomatée, merguez, piments, cumin, basilic, ail",12,12,,,,,,,,,,,,,,,,,,,,,,,,,,,,
,Option-Group,Le Tour du Monde,Suppléments (facultatif),,,,,,,,,,,,,,,,,,,,,,,,,,,,,,,,
,Option,Le Tour du Monde,Parmesan petit,,,1,1,,,,,,,,,,,,,,,,,,,,,,,,,,,,
,Option,Le Tour du Monde,Parmesan grand,,,2,2,,,,,,,,,,,,,,,,,,,,,,,,,,,,
,Option,Le Tour du Monde,Sauce crème,,,1,1,,,,,,,,,,,,,,,,,,,,,,,,,,,,
,Option,Le Tour du Monde,Sauce tomate,,,1,1,,,,,,,,,,,,,,,,,,,,,,,,,,,,
,Option,Le Tour du Monde,Sauce bolognaise,,,1,1,,,,,,,,,,,,,,,,,,,,,,,,,,,,
,Option,Le Tour du Monde,Burrata,,,5,5,,,,,,,,,,,,,,,,,,,,,,,,,,,,
,Option,Le Tour du Monde,Poulet,,,2.5,2.5,,,,,,,,,,,,,,,,,,,,,,,,,,,,
,Option,Le Tour du Monde,Merguez,,,2.5,2.5,,,,,,,,,,,,,,,,,,,,,,,,,,,,
,Option,Le Tour du Monde,Poissons,,,2.5,2.5,,,,,,,,,,,,,,,,,,,,,,,,,,,,
,Option,Le Tour du Monde,Gratinée au four,,,2,2,,,,,,,,,,,,,,,,,,,,,,,,,,,,
,Option,Le Tour du Monde,Ail,,,0.5,0.5,,,,,,,,,,,,,,,,,,,,,,,,,,,,
,Option,Le Tour du Monde,Basilic,,,0.5,0.5,,,,,,,,,,,,,,,,,,,,,,,,,,,,
,Option,Le Tour du Monde,Pili-pili,,,0.5,0.5,,,,,,,,,,,,,,,,,,,,,,,,,,,,
,Option,Le Tour du Monde,Pâtes SANS GLUTEN,,,2,2,,,,,,,,,,,,,,,,,,,,,,,,,,,,
,Option,Le Tour du Monde,Crème SANS LACTOSE,,,2,2,,,,,,,,,,,,,,,,,,,,,,,,,,,,
,Option,Le Tour du Monde,Chorizo,,,2,2,,,,,,,,,,,,,,,,,,,,,,,,,,,,
,Option,Le Tour du Monde,Jambon,,,2,2,,,,,,,,,,,,,,,,,,,,,,,,,,,,
,Option,Le Tour du Monde,Jambon de parme,,,2,2,,,,,,,,,,,,,,,,,,,,,,,,,,,,
,Option,Le Tour du Monde,Lardons,,,2,2,,,,,,,,,,,,,,,,,,,,,,,,,,,,
,Option,Le Tour du Monde,Gorgonzola,,,2,2,,,,,,,,,,,,,,,,,,,,,,,,,,,,
,Option,Le Tour du Monde,Raclette,,,2,2,,,,,,,,,,,,,,,,,,,,,,,,,,,,
,Option,Le Tour du Monde,Reblochon,,,2,2,,,,,,,,,,,,,,,,,,,,,,,,,,,,
,Option,Le Tour du Monde,Fêta,,,2,2,,,,,,,,,,,,,,,,,,,,,,,,,,,,
,Option,Le Tour du Monde,Légumes,,,1,1,,,,,,,,,,,,,,,,,,,,,,,,,,,,
,Option,Le Tour du Monde,Huile de truffe,,,2,2,,,,,,,,,,,,,,,,,,,,,,,,,,,,
,ITEM,Le Tour du Monde,Jamaïca,,"crème tomatée, poulet, ananas, curry, basilic",12,12,,,,,,,,,,,,,,,,,,,,,,,,,,,,
,Option-Group,Le Tour du Monde,Suppléments (facultatif),,,,,,,,,,,,,,,,,,,,,,,,,,,,,,,,
,Option,Le Tour du Monde,Parmesan petit,,,1,1,,,,,,,,,,,,,,,,,,,,,,,,,,,,
,Option,Le Tour du Monde,Parmesan grand,,,2,2,,,,,,,,,,,,,,,,,,,,,,,,,,,,
,Option,Le Tour du Monde,Sauce crème,,,1,1,,,,,,,,,,,,,,,,,,,,,,,,,,,,
,Option,Le Tour du Monde,Sauce tomate,,,1,1,,,,,,,,,,,,,,,,,,,,,,,,,,,,
,Option,Le Tour du Monde,Sauce bolognaise,,,1,1,,,,,,,,,,,,,,,,,,,,,,,,,,,,
,Option,Le Tour du Monde,Burrata,,,5,5,,,,,,,,,,,,,,,,,,,,,,,,,,,,
,Option,Le Tour du Monde,Poulet,,,2.5,2.5,,,,,,,,,,,,,,,,,,,,,,,,,,,,
,Option,Le Tour du Monde,Merguez,,,2.5,2.5,,,,,,,,,,,,,,,,,,,,,,,,,,,,
,Option,Le Tour du Monde,Poissons,,,2.5,2.5,,,,,,,,,,,,,,,,,,,,,,,,,,,,
,Option,Le Tour du Monde,Gratinée au four,,,2,2,,,,,,,,,,,,,,,,,,,,,,,,,,,,
,Option,Le Tour du Monde,Ail,,,0.5,0.5,,,,,,,,,,,,,,,,,,,,,,,,,,,,
,Option,Le Tour du Monde,Basilic,,,0.5,0.5,,,,,,,,,,,,,,,,,,,,,,,,,,,,
,Option,Le Tour du Monde,Pili-pili,,,0.5,0.5,,,,,,,,,,,,,,,,,,,,,,,,,,,,
,Option,Le Tour du Monde,Pâtes SANS GLUTEN,,,2,2,,,,,,,,,,,,,,,,,,,,,,,,,,,,
,Option,Le Tour du Monde,Crème SANS LACTOSE,,,2,2,,,,,,,,,,,,,,,,,,,,,,,,,,,,
,Option,Le Tour du Monde,Chorizo,,,2,2,,,,,,,,,,,,,,,,,,,,,,,,,,,,
,Option,Le Tour du Monde,Jambon,,,2,2,,,,,,,,,,,,,,,,,,,,,,,,,,,,
,Option,Le Tour du Monde,Jambon de parme,,,2,2,,,,,,,,,,,,,,,,,,,,,,,,,,,,
,Option,Le Tour du Monde,Lardons,,,2,2,,,,,,,,,,,,,,,,,,,,,,,,,,,,
,Option,Le Tour du Monde,Gorgonzola,,,2,2,,,,,,,,,,,,,,,,,,,,,,,,,,,,
,Option,Le Tour du Monde,Raclette,,,2,2,,,,,,,,,,,,,,,,,,,,,,,,,,,,
,Option,Le Tour du Monde,Reblochon,,,2,2,,,,,,,,,,,,,,,,,,,,,,,,,,,,
,Option,Le Tour du Monde,Fêta,,,2,2,,,,,,,,,,,,,,,,,,,,,,,,,,,,
,Option,Le Tour du Monde,Légumes,,,1,1,,,,,,,,,,,,,,,,,,,,,,,,,,,,
,Option,Le Tour du Monde,Huile de truffe,,,2,2,,,,,,,,,,,,,,,,,,,,,,,,,,,,
,ITEM,Le Tour du Monde,Mexicaine,,"bolognaise, poivrons, maïs, haricots, petits pois, pili-pili, basilic, ail",12,12,,,,,,,,,,,,,,,,,,,,,,,,,,,,
,Option-Group,Le Tour du Monde,Suppléments (facultatif),,,,,,,,,,,,,,,,,,,,,,,,,,,,,,,,
,Option,Le Tour du Monde,Parmesan petit,,,1,1,,,,,,,,,,,,,,,,,,,,,,,,,,,,
,Option,Le Tour du Monde,Parmesan grand,,,2,2,,,,,,,,,,,,,,,,,,,,,,,,,,,,
,Option,Le Tour du Monde,Sauce crème,,,1,1,,,,,,,,,,,,,,,,,,,,,,,,,,,,
,Option,Le Tour du Monde,Sauce tomate,,,1,1,,,,,,,,,,,,,,,,,,,,,,,,,,,,
,Option,Le Tour du Monde,Sauce bolognaise,,,1,1,,,,,,,,,,,,,,,,,,,,,,,,,,,,
,Option,Le Tour du Monde,Burrata,,,5,5,,,,,,,,,,,,,,,,,,,,,,,,,,,,
,Option,Le Tour du Monde,Poulet,,,2.5,2.5,,,,,,,,,,,,,,,,,,,,,,,,,,,,
,Option,Le Tour du Monde,Merguez,,,2.5,2.5,,,,,,,,,,,,,,,,,,,,,,,,,,,,
,Option,Le Tour du Monde,Poissons,,,2.5,2.5,,,,,,,,,,,,,,,,,,,,,,,,,,,,
,Option,Le Tour du Monde,Gratinée au four,,,2,2,,,,,,,,,,,,,,,,,,,,,,,,,,,,
,Option,Le Tour du Monde,Ail,,,0.5,0.5,,,,,,,,,,,,,,,,,,,,,,,,,,,,
,Option,Le Tour du Monde,Basilic,,,0.5,0.5,,,,,,,,,,,,,,,,,,,,,,,,,,,,
,Option,Le Tour du Monde,Pili-pili,,,0.5,0.5,,,,,,,,,,,,,,,,,,,,,,,,,,,,
,Option,Le Tour du Monde,Pâtes SANS GLUTEN,,,2,2,,,,,,,,,,,,,,,,,,,,,,,,,,,,
,Option,Le Tour du Monde,Crème SANS LACTOSE,,,2,2,,,,,,,,,,,,,,,,,,,,,,,,,,,,
,Option,Le Tour du Monde,Chorizo,,,2,2,,,,,,,,,,,,,,,,,,,,,,,,,,,,
,Option,Le Tour du Monde,Jambon,,,2,2,,,,,,,,,,,,,,,,,,,,,,,,,,,,
,Option,Le Tour du Monde,Jambon de parme,,,2,2,,,,,,,,,,,,,,,,,,,,,,,,,,,,
,Option,Le Tour du Monde,Lardons,,,2,2,,,,,,,,,,,,,,,,,,,,,,,,,,,,
,Option,Le Tour du Monde,Gorgonzola,,,2,2,,,,,,,,,,,,,,,,,,,,,,,,,,,,
,Option,Le Tour du Monde,Raclette,,,2,2,,,,,,,,,,,,,,,,,,,,,,,,,,,,
,Option,Le Tour du Monde,Reblochon,,,2,2,,,,,,,,,,,,,,,,,,,,,,,,,,,,
,Option,Le Tour du Monde,Fêta,,,2,2,,,,,,,,,,,,,,,,,,,,,,,,,,,,
,Option,Le Tour du Monde,Légumes,,,1,1,,,,,,,,,,,,,,,,,,,,,,,,,,,,
,Option,Le Tour du Monde,Huile de truffe,,,2,2,,,,,,,,,,,,,,,,,,,,,,,,,,,,
,ITEM,Le Tour du Monde,Ecossaise,,"crème, saumon fumé, brocolis, asperges, basilic, ail",13,13,,,,,,,,,,,,,,,,,,,,,,,,,,,,
,Option-Group,Le Tour du Monde,Suppléments (facultatif),,,,,,,,,,,,,,,,,,,,,,,,,,,,,,,,
,Option,Le Tour du Monde,Parmesan petit,,,1,1,,,,,,,,,,,,,,,,,,,,,,,,,,,,
,Option,Le Tour du Monde,Parmesan grand,,,2,2,,,,,,,,,,,,,,,,,,,,,,,,,,,,
,Option,Le Tour du Monde,Sauce crème,,,1,1,,,,,,,,,,,,,,,,,,,,,,,,,,,,
,Option,Le Tour du Monde,Sauce tomate,,,1,1,,,,,,,,,,,,,,,,,,,,,,,,,,,,
,Option,Le Tour du Monde,Sauce bolognaise,,,1,1,,,,,,,,,,,,,,,,,,,,,,,,,,,,
,Option,Le Tour du Monde,Burrata,,,5,5,,,,,,,,,,,,,,,,,,,,,,,,,,,,
,Option,Le Tour du Monde,Poulet,,,2.5,2.5,,,,,,,,,,,,,,,,,,,,,,,,,,,,
,Option,Le Tour du Monde,Merguez,,,2.5,2.5,,,,,,,,,,,,,,,,,,,,,,,,,,,,
,Option,Le Tour du Monde,Poissons,,,2.5,2.5,,,,,,,,,,,,,,,,,,,,,,,,,,,,
,Option,Le Tour du Monde,Gratinée au four,,,2,2,,,,,,,,,,,,,,,,,,,,,,,,,,,,
,Option,Le Tour du Monde,Ail,,,0.5,0.5,,,,,,,,,,,,,,,,,,,,,,,,,,,,
,Option,Le Tour du Monde,Basilic,,,0.5,0.5,,,,,,,,,,,,,,,,,,,,,,,,,,,,
,Option,Le Tour du Monde,Pili-pili,,,0.5,0.5,,,,,,,,,,,,,,,,,,,,,,,,,,,,
,Option,Le Tour du Monde,Pâtes SANS GLUTEN,,,2,2,,,,,,,,,,,,,,,,,,,,,,,,,,,,
,Option,Le Tour du Monde,Crème SANS LACTOSE,,,2,2,,,,,,,,,,,,,,,,,,,,,,,,,,,,
,Option,Le Tour du Monde,Chorizo,,,2,2,,,,,,,,,,,,,,,,,,,,,,,,,,,,
,Option,Le Tour du Monde,Jambon,,,2,2,,,,,,,,,,,,,,,,,,,,,,,,,,,,
,Option,Le Tour du Monde,Jambon de parme,,,2,2,,,,,,,,,,,,,,,,,,,,,,,,,,,,
,Option,Le Tour du Monde,Lardons,,,2,2,,,,,,,,,,,,,,,,,,,,,,,,,,,,
,Option,Le Tour du Monde,Gorgonzola,,,2,2,,,,,,,,,,,,,,,,,,,,,,,,,,,,
,Option,Le Tour du Monde,Raclette,,,2,2,,,,,,,,,,,,,,,,,,,,,,,,,,,,
,Option,Le Tour du Monde,Reblochon,,,2,2,,,,,,,,,,,,,,,,,,,,,,,,,,,,
,Option,Le Tour du Monde,Fêta,,,2,2,,,,,,,,,,,,,,,,,,,,,,,,,,,,
,Option,Le Tour du Monde,Légumes,,,1,1,,,,,,,,,,,,,,,,,,,,,,,,,,,,
,Option,Le Tour du Monde,Huile de truffe,,,2,2,,,,,,,,,,,,,,,,,,,,,,,,,,,,
,ITEM,Le Tour du Monde,Zorba,,"crème tomatée, poulet, feta, olives, piments, basilic, ail",13,13,,,,,,,,,,,,,,,,,,,,,,,,,,,,
,Option-Group,Le Tour du Monde,Suppléments (facultatif),,,,,,,,,,,,,,,,,,,,,,,,,,,,,,,,
,Option,Le Tour du Monde,Parmesan petit,,,1,1,,,,,,,,,,,,,,,,,,,,,,,,,,,,
,Option,Le Tour du Monde,Parmesan grand,,,2,2,,,,,,,,,,,,,,,,,,,,,,,,,,,,
,Option,Le Tour du Monde,Sauce crème,,,1,1,,,,,,,,,,,,,,,,,,,,,,,,,,,,
,Option,Le Tour du Monde,Sauce tomate,,,1,1,,,,,,,,,,,,,,,,,,,,,,,,,,,,
,Option,Le Tour du Monde,Sauce bolognaise,,,1,1,,,,,,,,,,,,,,,,,,,,,,,,,,,,
,Option,Le Tour du Monde,Burrata,,,5,5,,,,,,,,,,,,,,,,,,,,,,,,,,,,
,Option,Le Tour du Monde,Poulet,,,2.5,2.5,,,,,,,,,,,,,,,,,,,,,,,,,,,,
,Option,Le Tour du Monde,Merguez,,,2.5,2.5,,,,,,,,,,,,,,,,,,,,,,,,,,,,
,Option,Le Tour du Monde,Poissons,,,2.5,2.5,,,,,,,,,,,,,,,,,,,,,,,,,,,,
,Option,Le Tour du Monde,Gratinée au four,,,2,2,,,,,,,,,,,,,,,,,,,,,,,,,,,,
,Option,Le Tour du Monde,Ail,,,0.5,0.5,,,,,,,,,,,,,,,,,,,,,,,,,,,,
,Option,Le Tour du Monde,Basilic,,,0.5,0.5,,,,,,,,,,,,,,,,,,,,,,,,,,,,
,Option,Le Tour du Monde,Pili-pili,,,0.5,0.5,,,,,,,,,,,,,,,,,,,,,,,,,,,,
,Option,Le Tour du Monde,Pâtes SANS GLUTEN,,,2,2,,,,,,,,,,,,,,,,,,,,,,,,,,,,
,Option,Le Tour du Monde,Crème SANS LACTOSE,,,2,2,,,,,,,,,,,,,,,,,,,,,,,,,,,,
,Option,Le Tour du Monde,Chorizo,,,2,2,,,,,,,,,,,,,,,,,,,,,,,,,,,,
,Option,Le Tour du Monde,Jambon,,,2,2,,,,,,,,,,,,,,,,,,,,,,,,,,,,
,Option,Le Tour du Monde,Jambon de parme,,,2,2,,,,,,,,,,,,,,,,,,,,,,,,,,,,
,Option,Le Tour du Monde,Lardons,,,2,2,,,,,,,,,,,,,,,,,,,,,,,,,,,,
,Option,Le Tour du Monde,Gorgonzola,,,2,2,,,,,,,,,,,,,,,,,,,,,,,,,,,,
,Option,Le Tour du Monde,Raclette,,,2,2,,,,,,,,,,,,,,,,,,,,,,,,,,,,
,Option,Le Tour du Monde,Reblochon,,,2,2,,,,,,,,,,,,,,,,,,,,,,,,,,,,
,Option,Le Tour du Monde,Fêta,,,2,2,,,,,,,,,,,,,,,,,,,,,,,,,,,,
,Option,Le Tour du Monde,Légumes,,,1,1,,,,,,,,,,,,,,,,,,,,,,,,,,,,
,Option,Le Tour du Monde,Huile de truffe,,,2,2,,,,,,,,,,,,,,,,,,,,,,,,,,,,
,ITEM,Le Tour du Monde,Tzigane,,"crème, lardons, oeuf battu, poivrons, paprika, persil, ail",12,12,,,,,,,,,,,,,,,,,,,,,,,,,,,,
,Option-Group,Le Tour du Monde,Suppléments (facultatif),,,,,,,,,,,,,,,,,,,,,,,,,,,,,,,,
,Option,Le Tour du Monde,Parmesan petit,,,1,1,,,,,,,,,,,,,,,,,,,,,,,,,,,,
,Option,Le Tour du Monde,Parmesan grand,,,2,2,,,,,,,,,,,,,,,,,,,,,,,,,,,,
,Option,Le Tour du Monde,Sauce crème,,,1,1,,,,,,,,,,,,,,,,,,,,,,,,,,,,
,Option,Le Tour du Monde,Sauce tomate,,,1,1,,,,,,,,,,,,,,,,,,,,,,,,,,,,
,Option,Le Tour du Monde,Sauce bolognaise,,,1,1,,,,,,,,,,,,,,,,,,,,,,,,,,,,
,Option,Le Tour du Monde,Burrata,,,5,5,,,,,,,,,,,,,,,,,,,,,,,,,,,,
,Option,Le Tour du Monde,Poulet,,,2.5,2.5,,,,,,,,,,,,,,,,,,,,,,,,,,,,
,Option,Le Tour du Monde,Merguez,,,2.5,2.5,,,,,,,,,,,,,,,,,,,,,,,,,,,,
,Option,Le Tour du Monde,Poissons,,,2.5,2.5,,,,,,,,,,,,,,,,,,,,,,,,,,,,
,Option,Le Tour du Monde,Gratinée au four,,,2,2,,,,,,,,,,,,,,,,,,,,,,,,,,,,
,Option,Le Tour du Monde,Ail,,,0.5,0.5,,,,,,,,,,,,,,,,,,,,,,,,,,,,
,Option,Le Tour du Monde,Basilic,,,0.5,0.5,,,,,,,,,,,,,,,,,,,,,,,,,,,,
,Option,Le Tour du Monde,Pili-pili,,,0.5,0.5,,,,,,,,,,,,,,,,,,,,,,,,,,,,
,Option,Le Tour du Monde,Pâtes SANS GLUTEN,,,2,2,,,,,,,,,,,,,,,,,,,,,,,,,,,,
,Option,Le Tour du Monde,Crème SANS LACTOSE,,,2,2,,,,,,,,,,,,,,,,,,,,,,,,,,,,
,Option,Le Tour du Monde,Chorizo,,,2,2,,,,,,,,,,,,,,,,,,,,,,,,,,,,
,Option,Le Tour du Monde,Jambon,,,2,2,,,,,,,,,,,,,,,,,,,,,,,,,,,,
,Option,Le Tour du Monde,Jambon de parme,,,2,2,,,,,,,,,,,,,,,,,,,,,,,,,,,,
,Option,Le Tour du Monde,Lardons,,,2,2,,,,,,,,,,,,,,,,,,,,,,,,,,,,
,Option,Le Tour du Monde,Gorgonzola,,,2,2,,,,,,,,,,,,,,,,,,,,,,,,,,,,
,Option,Le Tour du Monde,Raclette,,,2,2,,,,,,,,,,,,,,,,,,,,,,,,,,,,
,Option,Le Tour du Monde,Reblochon,,,2,2,,,,,,,,,,,,,,,,,,,,,,,,,,,,
,Option,Le Tour du Monde,Fêta,,,2,2,,,,,,,,,,,,,,,,,,,,,,,,,,,,
,Option,Le Tour du Monde,Légumes,,,1,1,,,,,,,,,,,,,,,,,,,,,,,,,,,,
,Option,Le Tour du Monde,Huile de truffe,,,2,2,,,,,,,,,,,,,,,,,,,,,,,,,,,,
,ITEM,Le Tour du Monde,Bali,,"crème, poulet, légumes croquants asiatiques, épices asiatiques, basilic, ail",12,12,,,,,,,,,,,,,,,,,,,,,,,,,,,,
,Option-Group,Le Tour du Monde,Suppléments (facultatif),,,,,,,,,,,,,,,,,,,,,,,,,,,,,,,,
,Option,Le Tour du Monde,Parmesan petit,,,1,1,,,,,,,,,,,,,,,,,,,,,,,,,,,,
,Option,Le Tour du Monde,Parmesan grand,,,2,2,,,,,,,,,,,,,,,,,,,,,,,,,,,,
,Option,Le Tour du Monde,Sauce crème,,,1,1,,,,,,,,,,,,,,,,,,,,,,,,,,,,
,Option,Le Tour du Monde,Sauce tomate,,,1,1,,,,,,,,,,,,,,,,,,,,,,,,,,,,
,Option,Le Tour du Monde,Sauce bolognaise,,,1,1,,,,,,,,,,,,,,,,,,,,,,,,,,,,
,Option,Le Tour du Monde,Burrata,,,5,5,,,,,,,,,,,,,,,,,,,,,,,,,,,,
,Option,Le Tour du Monde,Poulet,,,2.5,2.5,,,,,,,,,,,,,,,,,,,,,,,,,,,,
,Option,Le Tour du Monde,Merguez,,,2.5,2.5,,,,,,,,,,,,,,,,,,,,,,,,,,,,
,Option,Le Tour du Monde,Poissons,,,2.5,2.5,,,,,,,,,,,,,,,,,,,,,,,,,,,,
,Option,Le Tour du Monde,Gratinée au four,,,2,2,,,,,,,,,,,,,,,,,,,,,,,,,,,,
,Option,Le Tour du Monde,Ail,,,0.5,0.5,,,,,,,,,,,,,,,,,,,,,,,,,,,,
,Option,Le Tour du Monde,Basilic,,,0.5,0.5,,,,,,,,,,,,,,,,,,,,,,,,,,,,
,Option,Le Tour du Monde,Pili-pili,,,0.5,0.5,,,,,,,,,,,,,,,,,,,,,,,,,,,,
,Option,Le Tour du Monde,Pâtes SANS GLUTEN,,,2,2,,,,,,,,,,,,,,,,,,,,,,,,,,,,
,Option,Le Tour du Monde,Crème SANS LACTOSE,,,2,2,,,,,,,,,,,,,,,,,,,,,,,,,,,,
,Option,Le Tour du Monde,Chorizo,,,2,2,,,,,,,,,,,,,,,,,,,,,,,,,,,,
,Option,Le Tour du Monde,Jambon,,,2,2,,,,,,,,,,,,,,,,,,,,,,,,,,,,
,Option,Le Tour du Monde,Jambon de parme,,,2,2,,,,,,,,,,,,,,,,,,,,,,,,,,,,
,Option,Le Tour du Monde,Lardons,,,2,2,,,,,,,,,,,,,,,,,,,,,,,,,,,,
,Option,Le Tour du Monde,Gorgonzola,,,2,2,,,,,,,,,,,,,,,,,,,,,,,,,,,,
,Option,Le Tour du Monde,Raclette,,,2,2,,,,,,,,,,,,,,,,,,,,,,,,,,,,
,Option,Le Tour du Monde,Reblochon,,,2,2,,,,,,,,,,,,,,,,,,,,,,,,,,,,
,Option,Le Tour du Monde,Fêta,,,2,2,,,,,,,,,,,,,,,,,,,,,,,,,,,,
,Option,Le Tour du Monde,Légumes,,,1,1,,,,,,,,,,,,,,,,,,,,,,,,,,,,
,Option,Le Tour du Monde,Huile de truffe,,,2,2,,,,,,,,,,,,,,,,,,,,,,,,,,,,
,ITEM,Les Spéciales,Burrata,,"crème tomatée, burrata, pesto, basilic, ail",13,13,,,,,,,,,,,,,,,,,,,,,,,,,,,,
,Option-Group,Les Spéciales,Suppléments (facultatif),,,,,,,,,,,,,,,,,,,,,,,,,,,,,,,,
,Option,Les Spéciales,Parmesan petit,,,1,1,,,,,,,,,,,,,,,,,,,,,,,,,,,,
,Option,Les Spéciales,Parmesan grand,,,2,2,,,,,,,,,,,,,,,,,,,,,,,,,,,,
,Option,Les Spéciales,Sauce crème,,,1,1,,,,,,,,,,,,,,,,,,,,,,,,,,,,
,Option,Les Spéciales,Sauce tomate,,,1,1,,,,,,,,,,,,,,,,,,,,,,,,,,,,
,Option,Les Spéciales,Sauce bolognaise,,,1,1,,,,,,,,,,,,,,,,,,,,,,,,,,,,
,Option,Les Spéciales,Burrata,,,5,5,,,,,,,,,,,,,,,,,,,,,,,,,,,,
,Option,Les Spéciales,Poulet,,,2.5,2.5,,,,,,,,,,,,,,,,,,,,,,,,,,,,
,Option,Les Spéciales,Merguez,,,2.5,2.5,,,,,,,,,,,,,,,,,,,,,,,,,,,,
,Option,Les Spéciales,Poissons,,,2.5,2.5,,,,,,,,,,,,,,,,,,,,,,,,,,,,
,Option,Les Spéciales,Gratinée au four,,,2,2,,,,,,,,,,,,,,,,,,,,,,,,,,,,
,Option,Les Spéciales,Ail,,,0.5,0.5,,,,,,,,,,,,,,,,,,,,,,,,,,,,
,Option,Les Spéciales,Basilic,,,0.5,0.5,,,,,,,,,,,,,,,,,,,,,,,,,,,,
,Option,Les Spéciales,Pili-pili,,,0.5,0.5,,,,,,,,,,,,,,,,,,,,,,,,,,,,
,Option,Les Spéciales,Pâtes SANS GLUTEN,,,2,2,,,,,,,,,,,,,,,,,,,,,,,,,,,,
,Option,Les Spéciales,Crème SANS LACTOSE,,,2,2,,,,,,,,,,,,,,,,,,,,,,,,,,,,
,Option,Les Spéciales,Chorizo,,,2,2,,,,,,,,,,,,,,,,,,,,,,,,,,,,
,Option,Les Spéciales,Jambon,,,2,2,,,,,,,,,,,,,,,,,,,,,,,,,,,,
,Option,Les Spéciales,Jambon de parme,,,2,2,,,,,,,,,,,,,,,,,,,,,,,,,,,,
,Option,Les Spéciales,Lardons,,,2,2,,,,,,,,,,,,,,,,,,,,,,,,,,,,
,Option,Les Spéciales,Gorgonzola,,,2,2,,,,,,,,,,,,,,,,,,,,,,,,,,,,
,Option,Les Spéciales,Raclette,,,2,2,,,,,,,,,,,,,,,,,,,,,,,,,,,,
,Option,Les Spéciales,Reblochon,,,2,2,,,,,,,,,,,,,,,,,,,,,,,,,,,,
,Option,Les Spéciales,Fêta,,,2,2,,,,,,,,,,,,,,,,,,,,,,,,,,,,
,Option,Les Spéciales,Légumes,,,1,1,,,,,,,,,,,,,,,,,,,,,,,,,,,,
,Option,Les Spéciales,Huile de truffe,,,2,2,,,,,,,,,,,,,,,,,,,,,,,,,,,,
,ITEM,Les Spéciales,Nachos,,"bolognaise, sauce 3 fromages, poivrons, oignons, piments, basilic, ail",13,13,,,,,,,,,,,,,,,,,,,,,,,,,,,,
,Option-Group,Les Spéciales,Suppléments (facultatif),,,,,,,,,,,,,,,,,,,,,,,,,,,,,,,,
,Option,Les Spéciales,Parmesan petit,,,1,1,,,,,,,,,,,,,,,,,,,,,,,,,,,,
,Option,Les Spéciales,Parmesan grand,,,2,2,,,,,,,,,,,,,,,,,,,,,,,,,,,,
,Option,Les Spéciales,Sauce crème,,,1,1,,,,,,,,,,,,,,,,,,,,,,,,,,,,
,Option,Les Spéciales,Sauce tomate,,,1,1,,,,,,,,,,,,,,,,,,,,,,,,,,,,
,Option,Les Spéciales,Sauce bolognaise,,,1,1,,,,,,,,,,,,,,,,,,,,,,,,,,,,
,Option,Les Spéciales,Burrata,,,5,5,,,,,,,,,,,,,,,,,,,,,,,,,,,,
,Option,Les Spéciales,Poulet,,,2.5,2.5,,,,,,,,,,,,,,,,,,,,,,,,,,,,
,Option,Les Spéciales,Merguez,,,2.5,2.5,,,,,,,,,,,,,,,,,,,,,,,,,,,,
,Option,Les Spéciales,Poissons,,,2.5,2.5,,,,,,,,,,,,,,,,,,,,,,,,,,,,
,Option,Les Spéciales,Gratinée au four,,,2,2,,,,,,,,,,,,,,,,,,,,,,,,,,,,
,Option,Les Spéciales,Ail,,,0.5,0.5,,,,,,,,,,,,,,,,,,,,,,,,,,,,
,Option,Les Spéciales,Basilic,,,0.5,0.5,,,,,,,,,,,,,,,,,,,,,,,,,,,,
,Option,Les Spéciales,Pili-pili,,,0.5,0.5,,,,,,,,,,,,,,,,,,,,,,,,,,,,
,Option,Les Spéciales,Pâtes SANS GLUTEN,,,2,2,,,,,,,,,,,,,,,,,,,,,,,,,,,,
,Option,Les Spéciales,Crème SANS LACTOSE,,,2,2,,,,,,,,,,,,,,,,,,,,,,,,,,,,
,Option,Les Spéciales,Chorizo,,,2,2,,,,,,,,,,,,,,,,,,,,,,,,,,,,
,Option,Les Spéciales,Jambon,,,2,2,,,,,,,,,,,,,,,,,,,,,,,,,,,,
,Option,Les Spéciales,Jambon de parme,,,2,2,,,,,,,,,,,,,,,,,,,,,,,,,,,,
,Option,Les Spéciales,Lardons,,,2,2,,,,,,,,,,,,,,,,,,,,,,,,,,,,
,Option,Les Spéciales,Gorgonzola,,,2,2,,,,,,,,,,,,,,,,,,,,,,,,,,,,
,Option,Les Spéciales,Raclette,,,2,2,,,,,,,,,,,,,,,,,,,,,,,,,,,,
,Option,Les Spéciales,Reblochon,,,2,2,,,,,,,,,,,,,,,,,,,,,,,,,,,,
,Option,Les Spéciales,Fêta,,,2,2,,,,,,,,,,,,,,,,,,,,,,,,,,,,
,Option,Les Spéciales,Légumes,,,1,1,,,,,,,,,,,,,,,,,,,,,,,,,,,,
,Option,Les Spéciales,Huile de truffe,,,2,2,,,,,,,,,,,,,,,,,,,,,,,,,,,,
,ITEM,Les Spéciales,Chicon,,"crème tomatée, poulet, chicons, estragon, parmesan",12,12,,,,,,,,,,,,,,,,,,,,,,,,,,,,
,Option-Group,Les Spéciales,Suppléments (facultatif),,,,,,,,,,,,,,,,,,,,,,,,,,,,,,,,
,Option,Les Spéciales,Parmesan petit,,,1,1,,,,,,,,,,,,,,,,,,,,,,,,,,,,
,Option,Les Spéciales,Parmesan grand,,,2,2,,,,,,,,,,,,,,,,,,,,,,,,,,,,
,Option,Les Spéciales,Sauce crème,,,1,1,,,,,,,,,,,,,,,,,,,,,,,,,,,,
,Option,Les Spéciales,Sauce tomate,,,1,1,,,,,,,,,,,,,,,,,,,,,,,,,,,,
,Option,Les Spéciales,Sauce bolognaise,,,1,1,,,,,,,,,,,,,,,,,,,,,,,,,,,,
,Option,Les Spéciales,Burrata,,,5,5,,,,,,,,,,,,,,,,,,,,,,,,,,,,
,Option,Les Spéciales,Poulet,,,2.5,2.5,,,,,,,,,,,,,,,,,,,,,,,,,,,,
,Option,Les Spéciales,Merguez,,,2.5,2.5,,,,,,,,,,,,,,,,,,,,,,,,,,,,
,Option,Les Spéciales,Poissons,,,2.5,2.5,,,,,,,,,,,,,,,,,,,,,,,,,,,,
,Option,Les Spéciales,Gratinée au four,,,2,2,,,,,,,,,,,,,,,,,,,,,,,,,,,,
,Option,Les Spéciales,Ail,,,0.5,0.5,,,,,,,,,,,,,,,,,,,,,,,,,,,,
,Option,Les Spéciales,Basilic,,,0.5,0.5,,,,,,,,,,,,,,,,,,,,,,,,,,,,
,Option,Les Spéciales,Pili-pili,,,0.5,0.5,,,,,,,,,,,,,,,,,,,,,,,,,,,,
,Option,Les Spéciales,Pâtes SANS GLUTEN,,,2,2,,,,,,,,,,,,,,,,,,,,,,,,,,,,
,Option,Les Spéciales,Crème SANS LACTOSE,,,2,2,,,,,,,,,,,,,,,,,,,,,,,,,,,,
,Option,Les Spéciales,Chorizo,,,2,2,,,,,,,,,,,,,,,,,,,,,,,,,,,,
,Option,Les Spéciales,Jambon,,,2,2,,,,,,,,,,,,,,,,,,,,,,,,,,,,
,Option,Les Spéciales,Jambon de parme,,,2,2,,,,,,,,,,,,,,,,,,,,,,,,,,,,
,Option,Les Spéciales,Lardons,,,2,2,,,,,,,,,,,,,,,,,,,,,,,,,,,,
,Option,Les Spéciales,Gorgonzola,,,2,2,,,,,,,,,,,,,,,,,,,,,,,,,,,,
,Option,Les Spéciales,Raclette,,,2,2,,,,,,,,,,,,,,,,,,,,,,,,,,,,
,Option,Les Spéciales,Reblochon,,,2,2,,,,,,,,,,,,,,,,,,,,,,,,,,,,
,Option,Les Spéciales,Fêta,,,2,2,,,,,,,,,,,,,,,,,,,,,,,,,,,,
,Option,Les Spéciales,Légumes,,,1,1,,,,,,,,,,,,,,,,,,,,,,,,,,,,
,Option,Les Spéciales,Huile de truffe,,,2,2,,,,,,,,,,,,,,,,,,,,,,,,,,,,
,ITEM,Les Spéciales,Jérôme,,"bolognaise, filet de crème, chorizo, merguez, piments, pili-pili, basilic, ail",13,13,,,,,,,,,,,,,,,,,,,,,,,,,,,,
,Option-Group,Les Spéciales,Suppléments (facultatif),,,,,,,,,,,,,,,,,,,,,,,,,,,,,,,,
,Option,Les Spéciales,Parmesan petit,,,1,1,,,,,,,,,,,,,,,,,,,,,,,,,,,,
,Option,Les Spéciales,Parmesan grand,,,2,2,,,,,,,,,,,,,,,,,,,,,,,,,,,,
,Option,Les Spéciales,Sauce crème,,,1,1,,,,,,,,,,,,,,,,,,,,,,,,,,,,
,Option,Les Spéciales,Sauce tomate,,,1,1,,,,,,,,,,,,,,,,,,,,,,,,,,,,
,Option,Les Spéciales,Sauce bolognaise,,,1,1,,,,,,,,,,,,,,,,,,,,,,,,,,,,
,Option,Les Spéciales,Burrata,,,5,5,,,,,,,,,,,,,,,,,,,,,,,,,,,,
,Option,Les Spéciales,Poulet,,,2.5,2.5,,,,,,,,,,,,,,,,,,,,,,,,,,,,
,Option,Les Spéciales,Merguez,,,2.5,2.5,,,,,,,,,,,,,,,,,,,,,,,,,,,,
,Option,Les Spéciales,Poissons,,,2.5,2.5,,,,,,,,,,,,,,,,,,,,,,,,,,,,
,Option,Les Spéciales,Gratinée au four,,,2,2,,,,,,,,,,,,,,,,,,,,,,,,,,,,
,Option,Les Spéciales,Ail,,,0.5,0.5,,,,,,,,,,,,,,,,,,,,,,,,,,,,
,Option,Les Spéciales,Basilic,,,0.5,0.5,,,,,,,,,,,,,,,,,,,,,,,,,,,,
,Option,Les Spéciales,Pili-pili,,,0.5,0.5,,,,,,,,,,,,,,,,,,,,,,,,,,,,
,Option,Les Spéciales,Pâtes SANS GLUTEN,,,2,2,,,,,,,,,,,,,,,,,,,,,,,,,,,,
,Option,Les Spéciales,Crème SANS LACTOSE,,,2,2,,,,,,,,,,,,,,,,,,,,,,,,,,,,
,Option,Les Spéciales,Chorizo,,,2,2,,,,,,,,,,,,,,,,,,,,,,,,,,,,
,Option,Les Spéciales,Jambon,,,2,2,,,,,,,,,,,,,,,,,,,,,,,,,,,,
,Option,Les Spéciales,Jambon de parme,,,2,2,,,,,,,,,,,,,,,,,,,,,,,,,,,,
,Option,Les Spéciales,Lardons,,,2,2,,,,,,,,,,,,,,,,,,,,,,,,,,,,
,Option,Les Spéciales,Gorgonzola,,,2,2,,,,,,,,,,,,,,,,,,,,,,,,,,,,
,Option,Les Spéciales,Raclette,,,2,2,,,,,,,,,,,,,,,,,,,,,,,,,,,,
,Option,Les Spéciales,Reblochon,,,2,2,,,,,,,,,,,,,,,,,,,,,,,,,,,,
,Option,Les Spéciales,Fêta,,,2,2,,,,,,,,,,,,,,,,,,,,,,,,,,,,
,Option,Les Spéciales,Légumes,,,1,1,,,,,,,,,,,,,,,,,,,,,,,,,,,,
,Option,Les Spéciales,Huile de truffe,,,2,2,,,,,,,,,,,,,,,,,,,,,,,,,,,,
,ITEM,Les Spéciales,Catherine,,"bolognaise, crème, jambon à l'os, petits pois, parmesan, basilic, ail",11,11,,,,,,,,,,,,,,,,,,,,,,,,,,,,
,Option-Group,Les Spéciales,Suppléments (facultatif),,,,,,,,,,,,,,,,,,,,,,,,,,,,,,,,
,Option,Les Spéciales,Parmesan petit,,,1,1,,,,,,,,,,,,,,,,,,,,,,,,,,,,
,Option,Les Spéciales,Parmesan grand,,,2,2,,,,,,,,,,,,,,,,,,,,,,,,,,,,
,Option,Les Spéciales,Sauce crème,,,1,1,,,,,,,,,,,,,,,,,,,,,,,,,,,,
,Option,Les Spéciales,Sauce tomate,,,1,1,,,,,,,,,,,,,,,,,,,,,,,,,,,,
,Option,Les Spéciales,Sauce bolognaise,,,1,1,,,,,,,,,,,,,,,,,,,,,,,,,,,,
,Option,Les Spéciales,Burrata,,,5,5,,,,,,,,,,,,,,,,,,,,,,,,,,,,
,Option,Les Spéciales,Poulet,,,2.5,2.5,,,,,,,,,,,,,,,,,,,,,,,,,,,,
,Option,Les Spéciales,Merguez,,,2.5,2.5,,,,,,,,,,,,,,,,,,,,,,,,,,,,
,Option,Les Spéciales,Poissons,,,2.5,2.5,,,,,,,,,,,,,,,,,,,,,,,,,,,,
,Option,Les Spéciales,Gratinée au four,,,2,2,,,,,,,,,,,,,,,,,,,,,,,,,,,,
,Option,Les Spéciales,Ail,,,0.5,0.5,,,,,,,,,,,,,,,,,,,,,,,,,,,,
,Option,Les Spéciales,Basilic,,,0.5,0.5,,,,,,,,,,,,,,,,,,,,,,,,,,,,
,Option,Les Spéciales,Pili-pili,,,0.5,0.5,,,,,,,,,,,,,,,,,,,,,,,,,,,,
,Option,Les Spéciales,Pâtes SANS GLUTEN,,,2,2,,,,,,,,,,,,,,,,,,,,,,,,,,,,
,Option,Les Spéciales,Crème SANS LACTOSE,,,2,2,,,,,,,,,,,,,,,,,,,,,,,,,,,,
,Option,Les Spéciales,Chorizo,,,2,2,,,,,,,,,,,,,,,,,,,,,,,,,,,,
,Option,Les Spéciales,Jambon,,,2,2,,,,,,,,,,,,,,,,,,,,,,,,,,,,
,Option,Les Spéciales,Jambon de parme,,,2,2,,,,,,,,,,,,,,,,,,,,,,,,,,,,
,Option,Les Spéciales,Lardons,,,2,2,,,,,,,,,,,,,,,,,,,,,,,,,,,,
,Option,Les Spéciales,Gorgonzola,,,2,2,,,,,,,,,,,,,,,,,,,,,,,,,,,,
,Option,Les Spéciales,Raclette,,,2,2,,,,,,,,,,,,,,,,,,,,,,,,,,,,
,Option,Les Spéciales,Reblochon,,,2,2,,,,,,,,,,,,,,,,,,,,,,,,,,,,
,Option,Les Spéciales,Fêta,,,2,2,,,,,,,,,,,,,,,,,,,,,,,,,,,,
,Option,Les Spéciales,Légumes,,,1,1,,,,,,,,,,,,,,,,,,,,,,,,,,,,
,Option,Les Spéciales,Huile de truffe,,,2,2,,,,,,,,,,,,,,,,,,,,,,,,,,,,
,ITEM,Les Spéciales,Boscaïola,,"tomate, jambon à l'os, champignons, olives noires, basilic, ail",11,11,,,,,,,,,,,,,,,,,,,,,,,,,,,,
,Option-Group,Les Spéciales,Suppléments (facultatif),,,,,,,,,,,,,,,,,,,,,,,,,,,,,,,,
,Option,Les Spéciales,Parmesan petit,,,1,1,,,,,,,,,,,,,,,,,,,,,,,,,,,,
,Option,Les Spéciales,Parmesan grand,,,2,2,,,,,,,,,,,,,,,,,,,,,,,,,,,,
,Option,Les Spéciales,Sauce crème,,,1,1,,,,,,,,,,,,,,,,,,,,,,,,,,,,
,Option,Les Spéciales,Sauce tomate,,,1,1,,,,,,,,,,,,,,,,,,,,,,,,,,,,
,Option,Les Spéciales,Sauce bolognaise,,,1,1,,,,,,,,,,,,,,,,,,,,,,,,,,,,
,Option,Les Spéciales,Burrata,,,5,5,,,,,,,,,,,,,,,,,,,,,,,,,,,,
,Option,Les Spéciales,Poulet,,,2.5,2.5,,,,,,,,,,,,,,,,,,,,,,,,,,,,
,Option,Les Spéciales,Merguez,,,2.5,2.5,,,,,,,,,,,,,,,,,,,,,,,,,,,,
,Option,Les Spéciales,Poissons,,,2.5,2.5,,,,,,,,,,,,,,,,,,,,,,,,,,,,
,Option,Les Spéciales,Gratinée au four,,,2,2,,,,,,,,,,,,,,,,,,,,,,,,,,,,
,Option,Les Spéciales,Ail,,,0.5,0.5,,,,,,,,,,,,,,,,,,,,,,,,,,,,
,Option,Les Spéciales,Basilic,,,0.5,0.5,,,,,,,,,,,,,,,,,,,,,,,,,,,,
,Option,Les Spéciales,Pili-pili,,,0.5,0.5,,,,,,,,,,,,,,,,,,,,,,,,,,,,
,Option,Les Spéciales,Pâtes SANS GLUTEN,,,2,2,,,,,,,,,,,,,,,,,,,,,,,,,,,,
,Option,Les Spéciales,Crème SANS LACTOSE,,,2,2,,,,,,,,,,,,,,,,,,,,,,,,,,,,
,Option,Les Spéciales,Chorizo,,,2,2,,,,,,,,,,,,,,,,,,,,,,,,,,,,
,Option,Les Spéciales,Jambon,,,2,2,,,,,,,,,,,,,,,,,,,,,,,,,,,,
,Option,Les Spéciales,Jambon de parme,,,2,2,,,,,,,,,,,,,,,,,,,,,,,,,,,,
,Option,Les Spéciales,Lardons,,,2,2,,,,,,,,,,,,,,,,,,,,,,,,,,,,
,Option,Les Spéciales,Gorgonzola,,,2,2,,,,,,,,,,,,,,,,,,,,,,,,,,,,
,Option,Les Spéciales,Raclette,,,2,2,,,,,,,,,,,,,,,,,,,,,,,,,,,,
,Option,Les Spéciales,Reblochon,,,2,2,,,,,,,,,,,,,,,,,,,,,,,,,,,,
,Option,Les Spéciales,Fêta,,,2,2,,,,,,,,,,,,,,,,,,,,,,,,,,,,
,Option,Les Spéciales,Légumes,,,1,1,,,,,,,,,,,,,,,,,,,,,,,,,,,,
,Option,Les Spéciales,Huile de truffe,,,2,2,,,,,,,,,,,,,,,,,,,,,,,,,,,,
,ITEM,Les Spéciales,Parmigiana,,"tomate, jambon de parme, aubergines, roquette, balsamique, parmesan, basilic, ail",12,12,,,,,,,,,,,,,,,,,,,,,,,,,,,,
,Option-Group,Les Spéciales,Suppléments (facultatif),,,,,,,,,,,,,,,,,,,,,,,,,,,,,,,,
,Option,Les Spéciales,Parmesan petit,,,1,1,,,,,,,,,,,,,,,,,,,,,,,,,,,,
,Option,Les Spéciales,Parmesan grand,,,2,2,,,,,,,,,,,,,,,,,,,,,,,,,,,,
,Option,Les Spéciales,Sauce crème,,,1,1,,,,,,,,,,,,,,,,,,,,,,,,,,,,
,Option,Les Spéciales,Sauce tomate,,,1,1,,,,,,,,,,,,,,,,,,,,,,,,,,,,
,Option,Les Spéciales,Sauce bolognaise,,,1,1,,,,,,,,,,,,,,,,,,,,,,,,,,,,
,Option,Les Spéciales,Burrata,,,5,5,,,,,,,,,,,,,,,,,,,,,,,,,,,,
,Option,Les Spéciales,Poulet,,,2.5,2.5,,,,,,,,,,,,,,,,,,,,,,,,,,,,
,Option,Les Spéciales,Merguez,,,2.5,2.5,,,,,,,,,,,,,,,,,,,,,,,,,,,,
,Option,Les Spéciales,Poissons,,,2.5,2.5,,,,,,,,,,,,,,,,,,,,,,,,,,,,
,Option,Les Spéciales,Gratinée au four,,,2,2,,,,,,,,,,,,,,,,,,,,,,,,,,,,
,Option,Les Spéciales,Ail,,,0.5,0.5,,,,,,,,,,,,,,,,,,,,,,,,,,,,
,Option,Les Spéciales,Basilic,,,0.5,0.5,,,,,,,,,,,,,,,,,,,,,,,,,,,,
,Option,Les Spéciales,Pili-pili,,,0.5,0.5,,,,,,,,,,,,,,,,,,,,,,,,,,,,
,Option,Les Spéciales,Pâtes SANS GLUTEN,,,2,2,,,,,,,,,,,,,,,,,,,,,,,,,,,,
,Option,Les Spéciales,Crème SANS LACTOSE,,,2,2,,,,,,,,,,,,,,,,,,,,,,,,,,,,
,Option,Les Spéciales,Chorizo,,,2,2,,,,,,,,,,,,,,,,,,,,,,,,,,,,
,Option,Les Spéciales,Jambon,,,2,2,,,,,,,,,,,,,,,,,,,,,,,,,,,,
,Option,Les Spéciales,Jambon de parme,,,2,2,,,,,,,,,,,,,,,,,,,,,,,,,,,,
,Option,Les Spéciales,Lardons,,,2,2,,,,,,,,,,,,,,,,,,,,,,,,,,,,
,Option,Les Spéciales,Gorgonzola,,,2,2,,,,,,,,,,,,,,,,,,,,,,,,,,,,
,Option,Les Spéciales,Raclette,,,2,2,,,,,,,,,,,,,,,,,,,,,,,,,,,,
,Option,Les Spéciales,Reblochon,,,2,2,,,,,,,,,,,,,,,,,,,,,,,,,,,,
,Option,Les Spéciales,Fêta,,,2,2,,,,,,,,,,,,,,,,,,,,,,,,,,,,
,Option,Les Spéciales,Légumes,,,1,1,,,,,,,,,,,,,,,,,,,,,,,,,,,,
,Option,Les Spéciales,Huile de truffe,,,2,2,,,,,,,,,,,,,,,,,,,,,,,,,,,,
,ITEM,Les Spéciales,Végé,,"tomate, champignons, brocolis, petits pois, tomates cerises, courgettes, aubergines, ail",12,12,,,,,,,,,,,,,,,,,,,,,,,,,,,,
,Option-Group,Les Spéciales,Suppléments (facultatif),,,,,,,,,,,,,,,,,,,,,,,,,,,,,,,,
,Option,Les Spéciales,Parmesan petit,,,1,1,,,,,,,,,,,,,,,,,,,,,,,,,,,,
,Option,Les Spéciales,Parmesan grand,,,2,2,,,,,,,,,,,,,,,,,,,,,,,,,,,,
,Option,Les Spéciales,Sauce crème,,,1,1,,,,,,,,,,,,,,,,,,,,,,,,,,,,
,Option,Les Spéciales,Sauce tomate,,,1,1,,,,,,,,,,,,,,,,,,,,,,,,,,,,
,Option,Les Spéciales,Sauce bolognaise,,,1,1,,,,,,,,,,,,,,,,,,,,,,,,,,,,
,Option,Les Spéciales,Burrata,,,5,5,,,,,,,,,,,,,,,,,,,,,,,,,,,,
,Option,Les Spéciales,Poulet,,,2.5,2.5,,,,,,,,,,,,,,,,,,,,,,,,,,,,
,Option,Les Spéciales,Merguez,,,2.5,2.5,,,,,,,,,,,,,,,,,,,,,,,,,,,,
,Option,Les Spéciales,Poissons,,,2.5,2.5,,,,,,,,,,,,,,,,,,,,,,,,,,,,
,Option,Les Spéciales,Gratinée au four,,,2,2,,,,,,,,,,,,,,,,,,,,,,,,,,,,
,Option,Les Spéciales,Ail,,,0.5,0.5,,,,,,,,,,,,,,,,,,,,,,,,,,,,
,Option,Les Spéciales,Basilic,,,0.5,0.5,,,,,,,,,,,,,,,,,,,,,,,,,,,,
,Option,Les Spéciales,Pili-pili,,,0.5,0.5,,,,,,,,,,,,,,,,,,,,,,,,,,,,
,Option,Les Spéciales,Pâtes SANS GLUTEN,,,2,2,,,,,,,,,,,,,,,,,,,,,,,,,,,,
,Option,Les Spéciales,Crème SANS LACTOSE,,,2,2,,,,,,,,,,,,,,,,,,,,,,,,,,,,
,Option,Les Spéciales,Chorizo,,,2,2,,,,,,,,,,,,,,,,,,,,,,,,,,,,
,Option,Les Spéciales,Jambon,,,2,2,,,,,,,,,,,,,,,,,,,,,,,,,,,,
,Option,Les Spéciales,Jambon de parme,,,2,2,,,,,,,,,,,,,,,,,,,,,,,,,,,,
,Option,Les Spéciales,Lardons,,,2,2,,,,,,,,,,,,,,,,,,,,,,,,,,,,
,Option,Les Spéciales,Gorgonzola,,,2,2,,,,,,,,,,,,,,,,,,,,,,,,,,,,
,Option,Les Spéciales,Raclette,,,2,2,,,,,,,,,,,,,,,,,,,,,,,,,,,,
,Option,Les Spéciales,Reblochon,,,2,2,,,,,,,,,,,,,,,,,,,,,,,,,,,,
,Option,Les Spéciales,Fêta,,,2,2,,,,,,,,,,,,,,,,,,,,,,,,,,,,
,Option,Les Spéciales,Légumes,,,1,1,,,,,,,,,,,,,,,,,,,,,,,,,,,,
,Option,Les Spéciales,Huile de truffe,,,2,2,,,,,,,,,,,,,,,,,,,,,,,,,,,,
,ITEM,Les Spéciales,Maurane,,"crème tomatée, aubergines, mascarpone, parmesan, basilic, ail",12,12,,,,,,,,,,,,,,,,,,,,,,,,,,,,
,Option-Group,Les Spéciales,Suppléments (facultatif),,,,,,,,,,,,,,,,,,,,,,,,,,,,,,,,
,Option,Les Spéciales,Parmesan petit,,,1,1,,,,,,,,,,,,,,,,,,,,,,,,,,,,
,Option,Les Spéciales,Parmesan grand,,,2,2,,,,,,,,,,,,,,,,,,,,,,,,,,,,
,Option,Les Spéciales,Sauce crème,,,1,1,,,,,,,,,,,,,,,,,,,,,,,,,,,,
,Option,Les Spéciales,Sauce tomate,,,1,1,,,,,,,,,,,,,,,,,,,,,,,,,,,,
,Option,Les Spéciales,Sauce bolognaise,,,1,1,,,,,,,,,,,,,,,,,,,,,,,,,,,,
,Option,Les Spéciales,Burrata,,,5,5,,,,,,,,,,,,,,,,,,,,,,,,,,,,
,Option,Les Spéciales,Poulet,,,2.5,2.5,,,,,,,,,,,,,,,,,,,,,,,,,,,,
,Option,Les Spéciales,Merguez,,,2.5,2.5,,,,,,,,,,,,,,,,,,,,,,,,,,,,
,Option,Les Spéciales,Poissons,,,2.5,2.5,,,,,,,,,,,,,,,,,,,,,,,,,,,,
,Option,Les Spéciales,Gratinée au four,,,2,2,,,,,,,,,,,,,,,,,,,,,,,,,,,,
,Option,Les Spéciales,Ail,,,0.5,0.5,,,,,,,,,,,,,,,,,,,,,,,,,,,,
,Option,Les Spéciales,Basilic,,,0.5,0.5,,,,,,,,,,,,,,,,,,,,,,,,,,,,
,Option,Les Spéciales,Pili-pili,,,0.5,0.5,,,,,,,,,,,,,,,,,,,,,,,,,,,,
,Option,Les Spéciales,Pâtes SANS GLUTEN,,,2,2,,,,,,,,,,,,,,,,,,,,,,,,,,,,
,Option,Les Spéciales,Crème SANS LACTOSE,,,2,2,,,,,,,,,,,,,,,,,,,,,,,,,,,,
,Option,Les Spéciales,Chorizo,,,2,2,,,,,,,,,,,,,,,,,,,,,,,,,,,,
,Option,Les Spéciales,Jambon,,,2,2,,,,,,,,,,,,,,,,,,,,,,,,,,,,
,Option,Les Spéciales,Jambon de parme,,,2,2,,,,,,,,,,,,,,,,,,,,,,,,,,,,
,Option,Les Spéciales,Lardons,,,2,2,,,,,,,,,,,,,,,,,,,,,,,,,,,,
,Option,Les Spéciales,Gorgonzola,,,2,2,,,,,,,,,,,,,,,,,,,,,,,,,,,,
,Option,Les Spéciales,Raclette,,,2,2,,,,,,,,,,,,,,,,,,,,,,,,,,,,
,Option,Les Spéciales,Reblochon,,,2,2,,,,,,,,,,,,,,,,,,,,,,,,,,,,
,Option,Les Spéciales,Fêta,,,2,2,,,,,,,,,,,,,,,,,,,,,,,,,,,,
,Option,Les Spéciales,Légumes,,,1,1,,,,,,,,,,,,,,,,,,,,,,,,,,,,
,Option,Les Spéciales,Huile de truffe,,,2,2,,,,,,,,,,,,,,,,,,,,,,,,,,,,
,ITEM,Les Spéciales,Brocolis,,"crème, jambon à l'os, brocolis, mozzarella, persil",10,10,,,,,,,,,,,,,,,,,,,,,,,,,,,,
,Option-Group,Les Spéciales,Suppléments (facultatif),,,,,,,,,,,,,,,,,,,,,,,,,,,,,,,,
,Option,Les Spéciales,Parmesan petit,,,1,1,,,,,,,,,,,,,,,,,,,,,,,,,,,,
,Option,Les Spéciales,Parmesan grand,,,2,2,,,,,,,,,,,,,,,,,,,,,,,,,,,,
,Option,Les Spéciales,Sauce crème,,,1,1,,,,,,,,,,,,,,,,,,,,,,,,,,,,
,Option,Les Spéciales,Sauce tomate,,,1,1,,,,,,,,,,,,,,,,,,,,,,,,,,,,
,Option,Les Spéciales,Sauce bolognaise,,,1,1,,,,,,,,,,,,,,,,,,,,,,,,,,,,
,Option,Les Spéciales,Burrata,,,5,5,,,,,,,,,,,,,,,,,,,,,,,,,,,,
,Option,Les Spéciales,Poulet,,,2.5,2.5,,,,,,,,,,,,,,,,,,,,,,,,,,,,
,Option,Les Spéciales,Merguez,,,2.5,2.5,,,,,,,,,,,,,,,,,,,,,,,,,,,,
,Option,Les Spéciales,Poissons,,,2.5,2.5,,,,,,,,,,,,,,,,,,,,,,,,,,,,
,Option,Les Spéciales,Gratinée au four,,,2,2,,,,,,,,,,,,,,,,,,,,,,,,,,,,
,Option,Les Spéciales,Ail,,,0.5,0.5,,,,,,,,,,,,,,,,,,,,,,,,,,,,
,Option,Les Spéciales,Basilic,,,0.5,0.5,,,,,,,,,,,,,,,,,,,,,,,,,,,,
,Option,Les Spéciales,Pili-pili,,,0.5,0.5,,,,,,,,,,,,,,,,,,,,,,,,,,,,
,Option,Les Spéciales,Pâtes SANS GLUTEN,,,2,2,,,,,,,,,,,,,,,,,,,,,,,,,,,,
,Option,Les Spéciales,Crème SANS LACTOSE,,,2,2,,,,,,,,,,,,,,,,,,,,,,,,,,,,
,Option,Les Spéciales,Chorizo,,,2,2,,,,,,,,,,,,,,,,,,,,,,,,,,,,
,Option,Les Spéciales,Jambon,,,2,2,,,,,,,,,,,,,,,,,,,,,,,,,,,,
,Option,Les Spéciales,Jambon de parme,,,2,2,,,,,,,,,,,,,,,,,,,,,,,,,,,,
,Option,Les Spéciales,Lardons,,,2,2,,,,,,,,,,,,,,,,,,,,,,,,,,,,
,Option,Les Spéciales,Gorgonzola,,,2,2,,,,,,,,,,,,,,,,,,,,,,,,,,,,
,Option,Les Spéciales,Raclette,,,2,2,,,,,,,,,,,,,,,,,,,,,,,,,,,,
,Option,Les Spéciales,Reblochon,,,2,2,,,,,,,,,,,,,,,,,,,,,,,,,,,,
,Option,Les Spéciales,Fêta,,,2,2,,,,,,,,,,,,,,,,,,,,,,,,,,,,
,Option,Les Spéciales,Légumes,,,1,1,,,,,,,,,,,,,,,,,,,,,,,,,,,,
,Option,Les Spéciales,Huile de truffe,,,2,2,,,,,,,,,,,,,,,,,,,,,,,,,,,,
,ITEM,Les Spéciales,Kristina,,"crème, mascarpone, gorgonzola, jambon de parme, courgettes, basilic, ail",13,13,,,,,,,,,,,,,,,,,,,,,,,,,,,,
,Option-Group,Les Spéciales,Suppléments (facultatif),,,,,,,,,,,,,,,,,,,,,,,,,,,,,,,,
,Option,Les Spéciales,Parmesan petit,,,1,1,,,,,,,,,,,,,,,,,,,,,,,,,,,,
,Option,Les Spéciales,Parmesan grand,,,2,2,,,,,,,,,,,,,,,,,,,,,,,,,,,,
,Option,Les Spéciales,Sauce crème,,,1,1,,,,,,,,,,,,,,,,,,,,,,,,,,,,
,Option,Les Spéciales,Sauce tomate,,,1,1,,,,,,,,,,,,,,,,,,,,,,,,,,,,
,Option,Les Spéciales,Sauce bolognaise,,,1,1,,,,,,,,,,,,,,,,,,,,,,,,,,,,
,Option,Les Spéciales,Burrata,,,5,5,,,,,,,,,,,,,,,,,,,,,,,,,,,,
,Option,Les Spéciales,Poulet,,,2.5,2.5,,,,,,,,,,,,,,,,,,,,,,,,,,,,
,Option,Les Spéciales,Merguez,,,2.5,2.5,,,,,,,,,,,,,,,,,,,,,,,,,,,,
,Option,Les Spéciales,Poissons,,,2.5,2.5,,,,,,,,,,,,,,,,,,,,,,,,,,,,
,Option,Les Spéciales,Gratinée au four,,,2,2,,,,,,,,,,,,,,,,,,,,,,,,,,,,
,Option,Les Spéciales,Ail,,,0.5,0.5,,,,,,,,,,,,,,,,,,,,,,,,,,,,
,Option,Les Spéciales,Basilic,,,0.5,0.5,,,,,,,,,,,,,,,,,,,,,,,,,,,,
,Option,Les Spéciales,Pili-pili,,,0.5,0.5,,,,,,,,,,,,,,,,,,,,,,,,,,,,
,Option,Les Spéciales,Pâtes SANS GLUTEN,,,2,2,,,,,,,,,,,,,,,,,,,,,,,,,,,,
,Option,Les Spéciales,Crème SANS LACTOSE,,,2,2,,,,,,,,,,,,,,,,,,,,,,,,,,,,
,Option,Les Spéciales,Chorizo,,,2,2,,,,,,,,,,,,,,,,,,,,,,,,,,,,
,Option,Les Spéciales,Jambon,,,2,2,,,,,,,,,,,,,,,,,,,,,,,,,,,,
,Option,Les Spéciales,Jambon de parme,,,2,2,,,,,,,,,,,,,,,,,,,,,,,,,,,,
,Option,Les Spéciales,Lardons,,,2,2,,,,,,,,,,,,,,,,,,,,,,,,,,,,
,Option,Les Spéciales,Gorgonzola,,,2,2,,,,,,,,,,,,,,,,,,,,,,,,,,,,
,Option,Les Spéciales,Raclette,,,2,2,,,,,,,,,,,,,,,,,,,,,,,,,,,,
,Option,Les Spéciales,Reblochon,,,2,2,,,,,,,,,,,,,,,,,,,,,,,,,,,,
,Option,Les Spéciales,Fêta,,,2,2,,,,,,,,,,,,,,,,,,,,,,,,,,,,
,Option,Les Spéciales,Légumes,,,1,1,,,,,,,,,,,,,,,,,,,,,,,,,,,,
,Option,Les Spéciales,Huile de truffe,,,2,2,,,,,,,,,,,,,,,,,,,,,,,,,,,,
,ITEM,Les Spéciales,Basse-cour,,"crème, gorgonzola, poulet, poireaux, basilic",13,13,,,,,,,,,,,,,,,,,,,,,,,,,,,,
,Option-Group,Les Spéciales,Suppléments (facultatif),,,,,,,,,,,,,,,,,,,,,,,,,,,,,,,,
,Option,Les Spéciales,Parmesan petit,,,1,1,,,,,,,,,,,,,,,,,,,,,,,,,,,,
,Option,Les Spéciales,Parmesan grand,,,2,2,,,,,,,,,,,,,,,,,,,,,,,,,,,,
,Option,Les Spéciales,Sauce crème,,,1,1,,,,,,,,,,,,,,,,,,,,,,,,,,,,
,Option,Les Spéciales,Sauce tomate,,,1,1,,,,,,,,,,,,,,,,,,,,,,,,,,,,
,Option,Les Spéciales,Sauce bolognaise,,,1,1,,,,,,,,,,,,,,,,,,,,,,,,,,,,
,Option,Les Spéciales,Burrata,,,5,5,,,,,,,,,,,,,,,,,,,,,,,,,,,,
,Option,Les Spéciales,Poulet,,,2.5,2.5,,,,,,,,,,,,,,,,,,,,,,,,,,,,
,Option,Les Spéciales,Merguez,,,2.5,2.5,,,,,,,,,,,,,,,,,,,,,,,,,,,,
,Option,Les Spéciales,Poissons,,,2.5,2.5,,,,,,,,,,,,,,,,,,,,,,,,,,,,
,Option,Les Spéciales,Gratinée au four,,,2,2,,,,,,,,,,,,,,,,,,,,,,,,,,,,
,Option,Les Spéciales,Ail,,,0.5,0.5,,,,,,,,,,,,,,,,,,,,,,,,,,,,
,Option,Les Spéciales,Basilic,,,0.5,0.5,,,,,,,,,,,,,,,,,,,,,,,,,,,,
,Option,Les Spéciales,Pili-pili,,,0.5,0.5,,,,,,,,,,,,,,,,,,,,,,,,,,,,
,Option,Les Spéciales,Pâtes SANS GLUTEN,,,2,2,,,,,,,,,,,,,,,,,,,,,,,,,,,,
,Option,Les Spéciales,Crème SANS LACTOSE,,,2,2,,,,,,,,,,,,,,,,,,,,,,,,,,,,
,Option,Les Spéciales,Chorizo,,,2,2,,,,,,,,,,,,,,,,,,,,,,,,,,,,
,Option,Les Spéciales,Jambon,,,2,2,,,,,,,,,,,,,,,,,,,,,,,,,,,,
,Option,Les Spéciales,Jambon de parme,,,2,2,,,,,,,,,,,,,,,,,,,,,,,,,,,,
,Option,Les Spéciales,Lardons,,,2,2,,,,,,,,,,,,,,,,,,,,,,,,,,,,
,Option,Les Spéciales,Gorgonzola,,,2,2,,,,,,,,,,,,,,,,,,,,,,,,,,,,
,Option,Les Spéciales,Raclette,,,2,2,,,,,,,,,,,,,,,,,,,,,,,,,,,,
,Option,Les Spéciales,Reblochon,,,2,2,,,,,,,,,,,,,,,,,,,,,,,,,,,,
,Option,Les Spéciales,Fêta,,,2,2,,,,,,,,,,,,,,,,,,,,,,,,,,,,
,Option,Les Spéciales,Légumes,,,1,1,,,,,,,,,,,,,,,,,,,,,,,,,,,,
,Option,Les Spéciales,Huile de truffe,,,2,2,,,,,,,,,,,,,,,,,,,,,,,,,,,,
,ITEM,Les Spéciales,Pesto,,"crème, roquette, pesto, basilic, ail",10,10,,,,,,,,,,,,,,,,,,,,,,,,,,,,
,Option-Group,Les Spéciales,Suppléments (facultatif),,,,,,,,,,,,,,,,,,,,,,,,,,,,,,,,
,Option,Les Spéciales,Parmesan petit,,,1,1,,,,,,,,,,,,,,,,,,,,,,,,,,,,
,Option,Les Spéciales,Parmesan grand,,,2,2,,,,,,,,,,,,,,,,,,,,,,,,,,,,
,Option,Les Spéciales,Sauce crème,,,1,1,,,,,,,,,,,,,,,,,,,,,,,,,,,,
,Option,Les Spéciales,Sauce tomate,,,1,1,,,,,,,,,,,,,,,,,,,,,,,,,,,,
,Option,Les Spéciales,Sauce bolognaise,,,1,1,,,,,,,,,,,,,,,,,,,,,,,,,,,,
,Option,Les Spéciales,Burrata,,,5,5,,,,,,,,,,,,,,,,,,,,,,,,,,,,
,Option,Les Spéciales,Poulet,,,2.5,2.5,,,,,,,,,,,,,,,,,,,,,,,,,,,,
,Option,Les Spéciales,Merguez,,,2.5,2.5,,,,,,,,,,,,,,,,,,,,,,,,,,,,
,Option,Les Spéciales,Poissons,,,2.5,2.5,,,,,,,,,,,,,,,,,,,,,,,,,,,,
,Option,Les Spéciales,Gratinée au four,,,2,2,,,,,,,,,,,,,,,,,,,,,,,,,,,,
,Option,Les Spéciales,Ail,,,0.5,0.5,,,,,,,,,,,,,,,,,,,,,,,,,,,,
,Option,Les Spéciales,Basilic,,,0.5,0.5,,,,,,,,,,,,,,,,,,,,,,,,,,,,
,Option,Les Spéciales,Pili-pili,,,0.5,0.5,,,,,,,,,,,,,,,,,,,,,,,,,,,,
,Option,Les Spéciales,Pâtes SANS GLUTEN,,,2,2,,,,,,,,,,,,,,,,,,,,,,,,,,,,
,Option,Les Spéciales,Crème SANS LACTOSE,,,2,2,,,,,,,,,,,,,,,,,,,,,,,,,,,,
,Option,Les Spéciales,Chorizo,,,2,2,,,,,,,,,,,,,,,,,,,,,,,,,,,,
,Option,Les Spéciales,Jambon,,,2,2,,,,,,,,,,,,,,,,,,,,,,,,,,,,
,Option,Les Spéciales,Jambon de parme,,,2,2,,,,,,,,,,,,,,,,,,,,,,,,,,,,
,Option,Les Spéciales,Lardons,,,2,2,,,,,,,,,,,,,,,,,,,,,,,,,,,,
,Option,Les Spéciales,Gorgonzola,,,2,2,,,,,,,,,,,,,,,,,,,,,,,,,,,,
,Option,Les Spéciales,Raclette,,,2,2,,,,,,,,,,,,,,,,,,,,,,,,,,,,
,Option,Les Spéciales,Reblochon,,,2,2,,,,,,,,,,,,,,,,,,,,,,,,,,,,
,Option,Les Spéciales,Fêta,,,2,2,,,,,,,,,,,,,,,,,,,,,,,,,,,,
,Option,Les Spéciales,Légumes,,,1,1,,,,,,,,,,,,,,,,,,,,,,,,,,,,
,Option,Les Spéciales,Huile de truffe,,,2,2,,,,,,,,,,,,,,,,,,,,,,,,,,,,
,ITEM,Les Spéciales,Boris,,"crème, lardons, oeuf battu, chicons, estragon, roquette, parmesan, persil",12,12,,,,,,,,,,,,,,,,,,,,,,,,,,,,
,Option-Group,Les Spéciales,Suppléments (facultatif),,,,,,,,,,,,,,,,,,,,,,,,,,,,,,,,
,Option,Les Spéciales,Parmesan petit,,,1,1,,,,,,,,,,,,,,,,,,,,,,,,,,,,
,Option,Les Spéciales,Parmesan grand,,,2,2,,,,,,,,,,,,,,,,,,,,,,,,,,,,
,Option,Les Spéciales,Sauce crème,,,1,1,,,,,,,,,,,,,,,,,,,,,,,,,,,,
,Option,Les Spéciales,Sauce tomate,,,1,1,,,,,,,,,,,,,,,,,,,,,,,,,,,,
,Option,Les Spéciales,Sauce bolognaise,,,1,1,,,,,,,,,,,,,,,,,,,,,,,,,,,,
,Option,Les Spéciales,Burrata,,,5,5,,,,,,,,,,,,,,,,,,,,,,,,,,,,
,Option,Les Spéciales,Poulet,,,2.5,2.5,,,,,,,,,,,,,,,,,,,,,,,,,,,,
,Option,Les Spéciales,Merguez,,,2.5,2.5,,,,,,,,,,,,,,,,,,,,,,,,,,,,
,Option,Les Spéciales,Poissons,,,2.5,2.5,,,,,,,,,,,,,,,,,,,,,,,,,,,,
,Option,Les Spéciales,Gratinée au four,,,2,2,,,,,,,,,,,,,,,,,,,,,,,,,,,,
,Option,Les Spéciales,Ail,,,0.5,0.5,,,,,,,,,,,,,,,,,,,,,,,,,,,,
,Option,Les Spéciales,Basilic,,,0.5,0.5,,,,,,,,,,,,,,,,,,,,,,,,,,,,
,Option,Les Spéciales,Pili-pili,,,0.5,0.5,,,,,,,,,,,,,,,,,,,,,,,,,,,,
,Option,Les Spéciales,Pâtes SANS GLUTEN,,,2,2,,,,,,,,,,,,,,,,,,,,,,,,,,,,
,Option,Les Spéciales,Crème SANS LACTOSE,,,2,2,,,,,,,,,,,,,,,,,,,,,,,,,,,,
,Option,Les Spéciales,Chorizo,,,2,2,,,,,,,,,,,,,,,,,,,,,,,,,,,,
,Option,Les Spéciales,Jambon,,,2,2,,,,,,,,,,,,,,,,,,,,,,,,,,,,
,Option,Les Spéciales,Jambon de parme,,,2,2,,,,,,,,,,,,,,,,,,,,,,,,,,,,
,Option,Les Spéciales,Lardons,,,2,2,,,,,,,,,,,,,,,,,,,,,,,,,,,,
,Option,Les Spéciales,Gorgonzola,,,2,2,,,,,,,,,,,,,,,,,,,,,,,,,,,,
,Option,Les Spéciales,Raclette,,,2,2,,,,,,,,,,,,,,,,,,,,,,,,,,,,
,Option,Les Spéciales,Reblochon,,,2,2,,,,,,,,,,,,,,,,,,,,,,,,,,,,
,Option,Les Spéciales,Fêta,,,2,2,,,,,,,,,,,,,,,,,,,,,,,,,,,,
,Option,Les Spéciales,Légumes,,,1,1,,,,,,,,,,,,,,,,,,,,,,,,,,,,
,Option,Les Spéciales,Huile de truffe,,,2,2,,,,,,,,,,,,,,,,,,,,,,,,,,,,
,ITEM,Les Spéciales,Luxure,,"crème, foie gras d'oie, jambon de parme, champignons, huile de truffe, basilic, ail",13,13,,,,,,,,,,,,,,,,,,,,,,,,,,,,
,Option-Group,Les Spéciales,Suppléments (facultatif),,,,,,,,,,,,,,,,,,,,,,,,,,,,,,,,
,Option,Les Spéciales,Parmesan petit,,,1,1,,,,,,,,,,,,,,,,,,,,,,,,,,,,
,Option,Les Spéciales,Parmesan grand,,,2,2,,,,,,,,,,,,,,,,,,,,,,,,,,,,
,Option,Les Spéciales,Sauce crème,,,1,1,,,,,,,,,,,,,,,,,,,,,,,,,,,,
,Option,Les Spéciales,Sauce tomate,,,1,1,,,,,,,,,,,,,,,,,,,,,,,,,,,,
,Option,Les Spéciales,Sauce bolognaise,,,1,1,,,,,,,,,,,,,,,,,,,,,,,,,,,,
,Option,Les Spéciales,Burrata,,,5,5,,,,,,,,,,,,,,,,,,,,,,,,,,,,
,Option,Les Spéciales,Poulet,,,2.5,2.5,,,,,,,,,,,,,,,,,,,,,,,,,,,,
,Option,Les Spéciales,Merguez,,,2.5,2.5,,,,,,,,,,,,,,,,,,,,,,,,,,,,
,Option,Les Spéciales,Poissons,,,2.5,2.5,,,,,,,,,,,,,,,,,,,,,,,,,,,,
,Option,Les Spéciales,Gratinée au four,,,2,2,,,,,,,,,,,,,,,,,,,,,,,,,,,,
,Option,Les Spéciales,Ail,,,0.5,0.5,,,,,,,,,,,,,,,,,,,,,,,,,,,,
,Option,Les Spéciales,Basilic,,,0.5,0.5,,,,,,,,,,,,,,,,,,,,,,,,,,,,
,Option,Les Spéciales,Pili-pili,,,0.5,0.5,,,,,,,,,,,,,,,,,,,,,,,,,,,,
,Option,Les Spéciales,Pâtes SANS GLUTEN,,,2,2,,,,,,,,,,,,,,,,,,,,,,,,,,,,
,Option,Les Spéciales,Crème SANS LACTOSE,,,2,2,,,,,,,,,,,,,,,,,,,,,,,,,,,,
,Option,Les Spéciales,Chorizo,,,2,2,,,,,,,,,,,,,,,,,,,,,,,,,,,,
,Option,Les Spéciales,Jambon,,,2,2,,,,,,,,,,,,,,,,,,,,,,,,,,,,
,Option,Les Spéciales,Jambon de parme,,,2,2,,,,,,,,,,,,,,,,,,,,,,,,,,,,
,Option,Les Spéciales,Lardons,,,2,2,,,,,,,,,,,,,,,,,,,,,,,,,,,,
,Option,Les Spéciales,Gorgonzola,,,2,2,,,,,,,,,,,,,,,,,,,,,,,,,,,,
,Option,Les Spéciales,Raclette,,,2,2,,,,,,,,,,,,,,,,,,,,,,,,,,,,
,Option,Les Spéciales,Reblochon,,,2,2,,,,,,,,,,,,,,,,,,,,,,,,,,,,
,Option,Les Spéciales,Fêta,,,2,2,,,,,,,,,,,,,,,,,,,,,,,,,,,,
,Option,Les Spéciales,Légumes,,,1,1,,,,,,,,,,,,,,,,,,,,,,,,,,,,
,Option,Les Spéciales,Huile de truffe,,,2,2,,,,,,,,,,,,,,,,,,,,,,,,,,,,
,ITEM,Les Spéciales,Maya,,"crème, poulet, miel, raisins secs, moutarde, cannelle, basilic",12,12,,,,,,,,,,,,,,,,,,,,,,,,,,,,
,Option-Group,Les Spéciales,Suppléments (facultatif),,,,,,,,,,,,,,,,,,,,,,,,,,,,,,,,
,Option,Les Spéciales,Parmesan petit,,,1,1,,,,,,,,,,,,,,,,,,,,,,,,,,,,
,Option,Les Spéciales,Parmesan grand,,,2,2,,,,,,,,,,,,,,,,,,,,,,,,,,,,
,Option,Les Spéciales,Sauce crème,,,1,1,,,,,,,,,,,,,,,,,,,,,,,,,,,,
,Option,Les Spéciales,Sauce tomate,,,1,1,,,,,,,,,,,,,,,,,,,,,,,,,,,,
,Option,Les Spéciales,Sauce bolognaise,,,1,1,,,,,,,,,,,,,,,,,,,,,,,,,,,,
,Option,Les Spéciales,Burrata,,,5,5,,,,,,,,,,,,,,,,,,,,,,,,,,,,
,Option,Les Spéciales,Poulet,,,2.5,2.5,,,,,,,,,,,,,,,,,,,,,,,,,,,,
,Option,Les Spéciales,Merguez,,,2.5,2.5,,,,,,,,,,,,,,,,,,,,,,,,,,,,
,Option,Les Spéciales,Poissons,,,2.5,2.5,,,,,,,,,,,,,,,,,,,,,,,,,,,,
,Option,Les Spéciales,Gratinée au four,,,2,2,,,,,,,,,,,,,,,,,,,,,,,,,,,,
,Option,Les Spéciales,Ail,,,0.5,0.5,,,,,,,,,,,,,,,,,,,,,,,,,,,,
,Option,Les Spéciales,Basilic,,,0.5,0.5,,,,,,,,,,,,,,,,,,,,,,,,,,,,
,Option,Les Spéciales,Pili-pili,,,0.5,0.5,,,,,,,,,,,,,,,,,,,,,,,,,,,,
,Option,Les Spéciales,Pâtes SANS GLUTEN,,,2,2,,,,,,,,,,,,,,,,,,,,,,,,,,,,
,Option,Les Spéciales,Crème SANS LACTOSE,,,2,2,,,,,,,,,,,,,,,,,,,,,,,,,,,,
,Option,Les Spéciales,Chorizo,,,2,2,,,,,,,,,,,,,,,,,,,,,,,,,,,,
,Option,Les Spéciales,Jambon,,,2,2,,,,,,,,,,,,,,,,,,,,,,,,,,,,
,Option,Les Spéciales,Jambon de parme,,,2,2,,,,,,,,,,,,,,,,,,,,,,,,,,,,
,Option,Les Spéciales,Lardons,,,2,2,,,,,,,,,,,,,,,,,,,,,,,,,,,,
,Option,Les Spéciales,Gorgonzola,,,2,2,,,,,,,,,,,,,,,,,,,,,,,,,,,,
,Option,Les Spéciales,Raclette,,,2,2,,,,,,,,,,,,,,,,,,,,,,,,,,,,
,Option,Les Spéciales,Reblochon,,,2,2,,,,,,,,,,,,,,,,,,,,,,,,,,,,
,Option,Les Spéciales,Fêta,,,2,2,,,,,,,,,,,,,,,,,,,,,,,,,,,,
,Option,Les Spéciales,Légumes,,,1,1,,,,,,,,,,,,,,,,,,,,,,,,,,,,
,Option,Les Spéciales,Huile de truffe,,,2,2,,,,,,,,,,,,,,,,,,,,,,,,,,,,
,ITEM,Les Spéciales,Laura,,"huile d'olive, jambon de parme, tomates cerises, roquette, pesto, basilic, ail",12,12,,,,,,,,,,,,,,,,,,,,,,,,,,,,
,Option-Group,Les Spéciales,Suppléments (facultatif),,,,,,,,,,,,,,,,,,,,,,,,,,,,,,,,
,Option,Les Spéciales,Parmesan petit,,,1,1,,,,,,,,,,,,,,,,,,,,,,,,,,,,
,Option,Les Spéciales,Parmesan grand,,,2,2,,,,,,,,,,,,,,,,,,,,,,,,,,,,
,Option,Les Spéciales,Sauce crème,,,1,1,,,,,,,,,,,,,,,,,,,,,,,,,,,,
,Option,Les Spéciales,Sauce tomate,,,1,1,,,,,,,,,,,,,,,,,,,,,,,,,,,,
,Option,Les Spéciales,Sauce bolognaise,,,1,1,,,,,,,,,,,,,,,,,,,,,,,,,,,,
,Option,Les Spéciales,Burrata,,,5,5,,,,,,,,,,,,,,,,,,,,,,,,,,,,
,Option,Les Spéciales,Poulet,,,2.5,2.5,,,,,,,,,,,,,,,,,,,,,,,,,,,,
,Option,Les Spéciales,Merguez,,,2.5,2.5,,,,,,,,,,,,,,,,,,,,,,,,,,,,
,Option,Les Spéciales,Poissons,,,2.5,2.5,,,,,,,,,,,,,,,,,,,,,,,,,,,,
,Option,Les Spéciales,Gratinée au four,,,2,2,,,,,,,,,,,,,,,,,,,,,,,,,,,,
,Option,Les Spéciales,Ail,,,0.5,0.5,,,,,,,,,,,,,,,,,,,,,,,,,,,,
,Option,Les Spéciales,Basilic,,,0.5,0.5,,,,,,,,,,,,,,,,,,,,,,,,,,,,
,Option,Les Spéciales,Pili-pili,,,0.5,0.5,,,,,,,,,,,,,,,,,,,,,,,,,,,,
,Option,Les Spéciales,Pâtes SANS GLUTEN,,,2,2,,,,,,,,,,,,,,,,,,,,,,,,,,,,
,Option,Les Spéciales,Crème SANS LACTOSE,,,2,2,,,,,,,,,,,,,,,,,,,,,,,,,,,,
,Option,Les Spéciales,Chorizo,,,2,2,,,,,,,,,,,,,,,,,,,,,,,,,,,,
,Option,Les Spéciales,Jambon,,,2,2,,,,,,,,,,,,,,,,,,,,,,,,,,,,
,Option,Les Spéciales,Jambon de parme,,,2,2,,,,,,,,,,,,,,,,,,,,,,,,,,,,
,Option,Les Spéciales,Lardons,,,2,2,,,,,,,,,,,,,,,,,,,,,,,,,,,,
,Option,Les Spéciales,Gorgonzola,,,2,2,,,,,,,,,,,,,,,,,,,,,,,,,,,,
,Option,Les Spéciales,Raclette,,,2,2,,,,,,,,,,,,,,,,,,,,,,,,,,,,
,Option,Les Spéciales,Reblochon,,,2,2,,,,,,,,,,,,,,,,,,,,,,,,,,,,
,Option,Les Spéciales,Fêta,,,2,2,,,,,,,,,,,,,,,,,,,,,,,,,,,,
,Option,Les Spéciales,Légumes,,,1,1,,,,,,,,,,,,,,,,,,,,,,,,,,,,
,Option,Les Spéciales,Huile de truffe,,,2,2,,,,,,,,,,,,,,,,,,,,,,,,,,,,
,ITEM,Les Spéciales,Poulet pesto,,"huile d'olive, poulet, aubergines, poivrons, olives noires, pesto, basilic, ail",13,13,,,,,,,,,,,,,,,,,,,,,,,,,,,,
,Option-Group,Les Spéciales,Suppléments (facultatif),,,,,,,,,,,,,,,,,,,,,,,,,,,,,,,,
,Option,Les Spéciales,Parmesan petit,,,1,1,,,,,,,,,,,,,,,,,,,,,,,,,,,,
,Option,Les Spéciales,Parmesan grand,,,2,2,,,,,,,,,,,,,,,,,,,,,,,,,,,,
,Option,Les Spéciales,Sauce crème,,,1,1,,,,,,,,,,,,,,,,,,,,,,,,,,,,
,Option,Les Spéciales,Sauce tomate,,,1,1,,,,,,,,,,,,,,,,,,,,,,,,,,,,
,Option,Les Spéciales,Sauce bolognaise,,,1,1,,,,,,,,,,,,,,,,,,,,,,,,,,,,
,Option,Les Spéciales,Burrata,,,5,5,,,,,,,,,,,,,,,,,,,,,,,,,,,,
,Option,Les Spéciales,Poulet,,,2.5,2.5,,,,,,,,,,,,,,,,,,,,,,,,,,,,
,Option,Les Spéciales,Merguez,,,2.5,2.5,,,,,,,,,,,,,,,,,,,,,,,,,,,,
,Option,Les Spéciales,Poissons,,,2.5,2.5,,,,,,,,,,,,,,,,,,,,,,,,,,,,
,Option,Les Spéciales,Gratinée au four,,,2,2,,,,,,,,,,,,,,,,,,,,,,,,,,,,
,Option,Les Spéciales,Ail,,,0.5,0.5,,,,,,,,,,,,,,,,,,,,,,,,,,,,
,Option,Les Spéciales,Basilic,,,0.5,0.5,,,,,,,,,,,,,,,,,,,,,,,,,,,,
,Option,Les Spéciales,Pili-pili,,,0.5,0.5,,,,,,,,,,,,,,,,,,,,,,,,,,,,
,Option,Les Spéciales,Pâtes SANS GLUTEN,,,2,2,,,,,,,,,,,,,,,,,,,,,,,,,,,,
,Option,Les Spéciales,Crème SANS LACTOSE,,,2,2,,,,,,,,,,,,,,,,,,,,,,,,,,,,
,Option,Les Spéciales,Chorizo,,,2,2,,,,,,,,,,,,,,,,,,,,,,,,,,,,
,Option,Les Spéciales,Jambon,,,2,2,,,,,,,,,,,,,,,,,,,,,,,,,,,,
,Option,Les Spéciales,Jambon de parme,,,2,2,,,,,,,,,,,,,,,,,,,,,,,,,,,,
,Option,Les Spéciales,Lardons,,,2,2,,,,,,,,,,,,,,,,,,,,,,,,,,,,
,Option,Les Spéciales,Gorgonzola,,,2,2,,,,,,,,,,,,,,,,,,,,,,,,,,,,
,Option,Les Spéciales,Raclette,,,2,2,,,,,,,,,,,,,,,,,,,,,,,,,,,,
,Option,Les Spéciales,Reblochon,,,2,2,,,,,,,,,,,,,,,,,,,,,,,,,,,,
,Option,Les Spéciales,Fêta,,,2,2,,,,,,,,,,,,,,,,,,,,,,,,,,,,
,Option,Les Spéciales,Légumes,,,1,1,,,,,,,,,,,,,,,,,,,,,,,,,,,,
,Option,Les Spéciales,Huile de truffe,,,2,2,,,,,,,,,,,,,,,,,,,,,,,,,,,,
,ITEM,Les Spéciales,Lorenzo,,"huile, lardons, petits pois, câpres, olives, tomates cerises, courgettes, aubergines, champignons, parmesan, basilic, ail",12,12,,,,,,,,,,,,,,,,,,,,,,,,,,,,
,Option-Group,Les Spéciales,Suppléments (facultatif),,,,,,,,,,,,,,,,,,,,,,,,,,,,,,,,
,Option,Les Spéciales,Parmesan petit,,,1,1,,,,,,,,,,,,,,,,,,,,,,,,,,,,
,Option,Les Spéciales,Parmesan grand,,,2,2,,,,,,,,,,,,,,,,,,,,,,,,,,,,
,Option,Les Spéciales,Sauce crème,,,1,1,,,,,,,,,,,,,,,,,,,,,,,,,,,,
,Option,Les Spéciales,Sauce tomate,,,1,1,,,,,,,,,,,,,,,,,,,,,,,,,,,,
,Option,Les Spéciales,Sauce bolognaise,,,1,1,,,,,,,,,,,,,,,,,,,,,,,,,,,,
,Option,Les Spéciales,Burrata,,,5,5,,,,,,,,,,,,,,,,,,,,,,,,,,,,
,Option,Les Spéciales,Poulet,,,2.5,2.5,,,,,,,,,,,,,,,,,,,,,,,,,,,,
,Option,Les Spéciales,Merguez,,,2.5,2.5,,,,,,,,,,,,,,,,,,,,,,,,,,,,
,Option,Les Spéciales,Poissons,,,2.5,2.5,,,,,,,,,,,,,,,,,,,,,,,,,,,,
,Option,Les Spéciales,Gratinée au four,,,2,2,,,,,,,,,,,,,,,,,,,,,,,,,,,,
,Option,Les Spéciales,Ail,,,0.5,0.5,,,,,,,,,,,,,,,,,,,,,,,,,,,,
,Option,Les Spéciales,Basilic,,,0.5,0.5,,,,,,,,,,,,,,,,,,,,,,,,,,,,
,Option,Les Spéciales,Pili-pili,,,0.5,0.5,,,,,,,,,,,,,,,,,,,,,,,,,,,,
,Option,Les Spéciales,Pâtes SANS GLUTEN,,,2,2,,,,,,,,,,,,,,,,,,,,,,,,,,,,
,Option,Les Spéciales,Crème SANS LACTOSE,,,2,2,,,,,,,,,,,,,,,,,,,,,,,,,,,,
,Option,Les Spéciales,Chorizo,,,2,2,,,,,,,,,,,,,,,,,,,,,,,,,,,,
,Option,Les Spéciales,Jambon,,,2,2,,,,,,,,,,,,,,,,,,,,,,,,,,,,
,Option,Les Spéciales,Jambon de parme,,,2,2,,,,,,,,,,,,,,,,,,,,,,,,,,,,
,Option,Les Spéciales,Lardons,,,2,2,,,,,,,,,,,,,,,,,,,,,,,,,,,,
,Option,Les Spéciales,Gorgonzola,,,2,2,,,,,,,,,,,,,,,,,,,,,,,,,,,,
,Option,Les Spéciales,Raclette,,,2,2,,,,,,,,,,,,,,,,,,,,,,,,,,,,
,Option,Les Spéciales,Reblochon,,,2,2,,,,,,,,,,,,,,,,,,,,,,,,,,,,
,Option,Les Spéciales,Fêta,,,2,2,,,,,,,,,,,,,,,,,,,,,,,,,,,,
,Option,Les Spéciales,Légumes,,,1,1,,,,,,,,,,,,,,,,,,,,,,,,,,,,
,Option,Les Spéciales,Huile de truffe,,,2,2,,,,,,,,,,,,,,,,,,,,,,,,,,,,
,ITEM,Les Marin,Scampis,,"crème tomatée, scampis, basilic, ail",12,12,,,,,,,,,,,,,,,,,,,,,,,,,,,,
,Option-Group,Les Marin,Suppléments (facultatif),,,,,,,,,,,,,,,,,,,,,,,,,,,,,,,,
,Option,Les Marin,Parmesan petit,,,1,1,,,,,,,,,,,,,,,,,,,,,,,,,,,,
,Option,Les Marin,Parmesan grand,,,2,2,,,,,,,,,,,,,,,,,,,,,,,,,,,,
,Option,Les Marin,Sauce crème,,,1,1,,,,,,,,,,,,,,,,,,,,,,,,,,,,
,Option,Les Marin,Sauce tomate,,,1,1,,,,,,,,,,,,,,,,,,,,,,,,,,,,
,Option,Les Marin,Sauce bolognaise,,,1,1,,,,,,,,,,,,,,,,,,,,,,,,,,,,
,Option,Les Marin,Burrata,,,5,5,,,,,,,,,,,,,,,,,,,,,,,,,,,,
,Option,Les Marin,Poulet,,,2.5,2.5,,,,,,,,,,,,,,,,,,,,,,,,,,,,
,Option,Les Marin,Merguez,,,2.5,2.5,,,,,,,,,,,,,,,,,,,,,,,,,,,,
,Option,Les Marin,Poissons,,,2.5,2.5,,,,,,,,,,,,,,,,,,,,,,,,,,,,
,Option,Les Marin,Gratinée au four,,,2,2,,,,,,,,,,,,,,,,,,,,,,,,,,,,
,Option,Les Marin,Ail,,,0.5,0.5,,,,,,,,,,,,,,,,,,,,,,,,,,,,
,Option,Les Marin,Basilic,,,0.5,0.5,,,,,,,,,,,,,,,,,,,,,,,,,,,,
,Option,Les Marin,Pili-pili,,,0.5,0.5,,,,,,,,,,,,,,,,,,,,,,,,,,,,
,Option,Les Marin,Pâtes SANS GLUTEN,,,2,2,,,,,,,,,,,,,,,,,,,,,,,,,,,,
,Option,Les Marin,Crème SANS LACTOSE,,,2,2,,,,,,,,,,,,,,,,,,,,,,,,,,,,
,Option,Les Marin,Chorizo,,,2,2,,,,,,,,,,,,,,,,,,,,,,,,,,,,
,Option,Les Marin,Jambon,,,2,2,,,,,,,,,,,,,,,,,,,,,,,,,,,,
,Option,Les Marin,Jambon de parme,,,2,2,,,,,,,,,,,,,,,,,,,,,,,,,,,,
,Option,Les Marin,Lardons,,,2,2,,,,,,,,,,,,,,,,,,,,,,,,,,,,
,Option,Les Marin,Gorgonzola,,,2,2,,,,,,,,,,,,,,,,,,,,,,,,,,,,
,Option,Les Marin,Raclette,,,2,2,,,,,,,,,,,,,,,,,,,,,,,,,,,,
,Option,Les Marin,Reblochon,,,2,2,,,,,,,,,,,,,,,,,,,,,,,,,,,,
,Option,Les Marin,Fêta,,,2,2,,,,,,,,,,,,,,,,,,,,,,,,,,,,
,Option,Les Marin,Légumes,,,1,1,,,,,,,,,,,,,,,,,,,,,,,,,,,,
,Option,Les Marin,Huile de truffe,,,2,2,,,,,,,,,,,,,,,,,,,,,,,,,,,,
,ITEM,Les Marin,Scampis Thaï,,"crème, scampis, épices asiatiques, pili-pili, curry, basilic, ail",12,12,,,,,,,,,,,,,,,,,,,,,,,,,,,,
,Option-Group,Les Marin,Suppléments (facultatif),,,,,,,,,,,,,,,,,,,,,,,,,,,,,,,,
,Option,Les Marin,Parmesan petit,,,1,1,,,,,,,,,,,,,,,,,,,,,,,,,,,,
,Option,Les Marin,Parmesan grand,,,2,2,,,,,,,,,,,,,,,,,,,,,,,,,,,,
,Option,Les Marin,Sauce crème,,,1,1,,,,,,,,,,,,,,,,,,,,,,,,,,,,
,Option,Les Marin,Sauce tomate,,,1,1,,,,,,,,,,,,,,,,,,,,,,,,,,,,
,Option,Les Marin,Sauce bolognaise,,,1,1,,,,,,,,,,,,,,,,,,,,,,,,,,,,
,Option,Les Marin,Burrata,,,5,5,,,,,,,,,,,,,,,,,,,,,,,,,,,,
,Option,Les Marin,Poulet,,,2.5,2.5,,,,,,,,,,,,,,,,,,,,,,,,,,,,
,Option,Les Marin,Merguez,,,2.5,2.5,,,,,,,,,,,,,,,,,,,,,,,,,,,,
,Option,Les Marin,Poissons,,,2.5,2.5,,,,,,,,,,,,,,,,,,,,,,,,,,,,
,Option,Les Marin,Gratinée au four,,,2,2,,,,,,,,,,,,,,,,,,,,,,,,,,,,
,Option,Les Marin,Ail,,,0.5,0.5,,,,,,,,,,,,,,,,,,,,,,,,,,,,
,Option,Les Marin,Basilic,,,0.5,0.5,,,,,,,,,,,,,,,,,,,,,,,,,,,,
,Option,Les Marin,Pili-pili,,,0.5,0.5,,,,,,,,,,,,,,,,,,,,,,,,,,,,
,Option,Les Marin,Pâtes SANS GLUTEN,,,2,2,,,,,,,,,,,,,,,,,,,,,,,,,,,,
,Option,Les Marin,Crème SANS LACTOSE,,,2,2,,,,,,,,,,,,,,,,,,,,,,,,,,,,
,Option,Les Marin,Chorizo,,,2,2,,,,,,,,,,,,,,,,,,,,,,,,,,,,
,Option,Les Marin,Jambon,,,2,2,,,,,,,,,,,,,,,,,,,,,,,,,,,,
,Option,Les Marin,Jambon de parme,,,2,2,,,,,,,,,,,,,,,,,,,,,,,,,,,,
,Option,Les Marin,Lardons,,,2,2,,,,,,,,,,,,,,,,,,,,,,,,,,,,
,Option,Les Marin,Gorgonzola,,,2,2,,,,,,,,,,,,,,,,,,,,,,,,,,,,
,Option,Les Marin,Raclette,,,2,2,,,,,,,,,,,,,,,,,,,,,,,,,,,,
,Option,Les Marin,Reblochon,,,2,2,,,,,,,,,,,,,,,,,,,,,,,,,,,,
,Option,Les Marin,Fêta,,,2,2,,,,,,,,,,,,,,,,,,,,,,,,,,,,
,Option,Les Marin,Légumes,,,1,1,,,,,,,,,,,,,,,,,,,,,,,,,,,,
,Option,Les Marin,Huile de truffe,,,2,2,,,,,,,,,,,,,,,,,,,,,,,,,,,,
,ITEM,Les Marin,Scampis du Chef,,"crème tomatée, scampis, courgettes, pesto, basilic, ail",13,13,,,,,,,,,,,,,,,,,,,,,,,,,,,,
,Option-Group,Les Marin,Suppléments (facultatif),,,,,,,,,,,,,,,,,,,,,,,,,,,,,,,,
,Option,Les Marin,Parmesan petit,,,1,1,,,,,,,,,,,,,,,,,,,,,,,,,,,,
,Option,Les Marin,Parmesan grand,,,2,2,,,,,,,,,,,,,,,,,,,,,,,,,,,,
,Option,Les Marin,Sauce crème,,,1,1,,,,,,,,,,,,,,,,,,,,,,,,,,,,
,Option,Les Marin,Sauce tomate,,,1,1,,,,,,,,,,,,,,,,,,,,,,,,,,,,
,Option,Les Marin,Sauce bolognaise,,,1,1,,,,,,,,,,,,,,,,,,,,,,,,,,,,
,Option,Les Marin,Burrata,,,5,5,,,,,,,,,,,,,,,,,,,,,,,,,,,,
,Option,Les Marin,Poulet,,,2.5,2.5,,,,,,,,,,,,,,,,,,,,,,,,,,,,
,Option,Les Marin,Merguez,,,2.5,2.5,,,,,,,,,,,,,,,,,,,,,,,,,,,,
,Option,Les Marin,Poissons,,,2.5,2.5,,,,,,,,,,,,,,,,,,,,,,,,,,,,
,Option,Les Marin,Gratinée au four,,,2,2,,,,,,,,,,,,,,,,,,,,,,,,,,,,
,Option,Les Marin,Ail,,,0.5,0.5,,,,,,,,,,,,,,,,,,,,,,,,,,,,
,Option,Les Marin,Basilic,,,0.5,0.5,,,,,,,,,,,,,,,,,,,,,,,,,,,,
,Option,Les Marin,Pili-pili,,,0.5,0.5,,,,,,,,,,,,,,,,,,,,,,,,,,,,
,Option,Les Marin,Pâtes SANS GLUTEN,,,2,2,,,,,,,,,,,,,,,,,,,,,,,,,,,,
,Option,Les Marin,Crème SANS LACTOSE,,,2,2,,,,,,,,,,,,,,,,,,,,,,,,,,,,
,Option,Les Marin,Chorizo,,,2,2,,,,,,,,,,,,,,,,,,,,,,,,,,,,
,Option,Les Marin,Jambon,,,2,2,,,,,,,,,,,,,,,,,,,,,,,,,,,,
,Option,Les Marin,Jambon de parme,,,2,2,,,,,,,,,,,,,,,,,,,,,,,,,,,,
,Option,Les Marin,Lardons,,,2,2,,,,,,,,,,,,,,,,,,,,,,,,,,,,
,Option,Les Marin,Gorgonzola,,,2,2,,,,,,,,,,,,,,,,,,,,,,,,,,,,
,Option,Les Marin,Raclette,,,2,2,,,,,,,,,,,,,,,,,,,,,,,,,,,,
,Option,Les Marin,Reblochon,,,2,2,,,,,,,,,,,,,,,,,,,,,,,,,,,,
,Option,Les Marin,Fêta,,,2,2,,,,,,,,,,,,,,,,,,,,,,,,,,,,
,Option,Les Marin,Légumes,,,1,1,,,,,,,,,,,,,,,,,,,,,,,,,,,,
,Option,Les Marin,Huile de truffe,,,2,2,,,,,,,,,,,,,,,,,,,,,,,,,,,,
,ITEM,Les Marin,Tartufo,,"crème, scampis, champignons, huile de truffe, basilic, ail",13,13,,,,,,,,,,,,,,,,,,,,,,,,,,,,
,Option-Group,Les Marin,Suppléments (facultatif),,,,,,,,,,,,,,,,,,,,,,,,,,,,,,,,
,Option,Les Marin,Parmesan petit,,,1,1,,,,,,,,,,,,,,,,,,,,,,,,,,,,
,Option,Les Marin,Parmesan grand,,,2,2,,,,,,,,,,,,,,,,,,,,,,,,,,,,
,Option,Les Marin,Sauce crème,,,1,1,,,,,,,,,,,,,,,,,,,,,,,,,,,,
,Option,Les Marin,Sauce tomate,,,1,1,,,,,,,,,,,,,,,,,,,,,,,,,,,,
,Option,Les Marin,Sauce bolognaise,,,1,1,,,,,,,,,,,,,,,,,,,,,,,,,,,,
,Option,Les Marin,Burrata,,,5,5,,,,,,,,,,,,,,,,,,,,,,,,,,,,
,Option,Les Marin,Poulet,,,2.5,2.5,,,,,,,,,,,,,,,,,,,,,,,,,,,,
,Option,Les Marin,Merguez,,,2.5,2.5,,,,,,,,,,,,,,,,,,,,,,,,,,,,
,Option,Les Marin,Poissons,,,2.5,2.5,,,,,,,,,,,,,,,,,,,,,,,,,,,,
,Option,Les Marin,Gratinée au four,,,2,2,,,,,,,,,,,,,,,,,,,,,,,,,,,,
,Option,Les Marin,Ail,,,0.5,0.5,,,,,,,,,,,,,,,,,,,,,,,,,,,,
,Option,Les Marin,Basilic,,,0.5,0.5,,,,,,,,,,,,,,,,,,,,,,,,,,,,
,Option,Les Marin,Pili-pili,,,0.5,0.5,,,,,,,,,,,,,,,,,,,,,,,,,,,,
,Option,Les Marin,Pâtes SANS GLUTEN,,,2,2,,,,,,,,,,,,,,,,,,,,,,,,,,,,
,Option,Les Marin,Crème SANS LACTOSE,,,2,2,,,,,,,,,,,,,,,,,,,,,,,,,,,,
,Option,Les Marin,Chorizo,,,2,2,,,,,,,,,,,,,,,,,,,,,,,,,,,,
,Option,Les Marin,Jambon,,,2,2,,,,,,,,,,,,,,,,,,,,,,,,,,,,
,Option,Les Marin,Jambon de parme,,,2,2,,,,,,,,,,,,,,,,,,,,,,,,,,,,
,Option,Les Marin,Lardons,,,2,2,,,,,,,,,,,,,,,,,,,,,,,,,,,,
,Option,Les Marin,Gorgonzola,,,2,2,,,,,,,,,,,,,,,,,,,,,,,,,,,,
,Option,Les Marin,Raclette,,,2,2,,,,,,,,,,,,,,,,,,,,,,,,,,,,
,Option,Les Marin,Reblochon,,,2,2,,,,,,,,,,,,,,,,,,,,,,,,,,,,
,Option,Les Marin,Fêta,,,2,2,,,,,,,,,,,,,,,,,,,,,,,,,,,,
,Option,Les Marin,Légumes,,,1,1,,,,,,,,,,,,,,,,,,,,,,,,,,,,
,Option,Les Marin,Huile de truffe,,,2,2,,,,,,,,,,,,,,,,,,,,,,,,,,,,
,ITEM,Les Marin,Saumon,,"crème tomatée, saumon fumé, tomates cerises, oignons, basilic, ail",13,13,,,,,,,,,,,,,,,,,,,,,,,,,,,,
,Option-Group,Les Marin,Suppléments (facultatif),,,,,,,,,,,,,,,,,,,,,,,,,,,,,,,,
,Option,Les Marin,Parmesan petit,,,1,1,,,,,,,,,,,,,,,,,,,,,,,,,,,,
,Option,Les Marin,Parmesan grand,,,2,2,,,,,,,,,,,,,,,,,,,,,,,,,,,,
,Option,Les Marin,Sauce crème,,,1,1,,,,,,,,,,,,,,,,,,,,,,,,,,,,
,Option,Les Marin,Sauce tomate,,,1,1,,,,,,,,,,,,,,,,,,,,,,,,,,,,
,Option,Les Marin,Sauce bolognaise,,,1,1,,,,,,,,,,,,,,,,,,,,,,,,,,,,
,Option,Les Marin,Burrata,,,5,5,,,,,,,,,,,,,,,,,,,,,,,,,,,,
,Option,Les Marin,Poulet,,,2.5,2.5,,,,,,,,,,,,,,,,,,,,,,,,,,,,
,Option,Les Marin,Merguez,,,2.5,2.5,,,,,,,,,,,,,,,,,,,,,,,,,,,,
,Option,Les Marin,Poissons,,,2.5,2.5,,,,,,,,,,,,,,,,,,,,,,,,,,,,
,Option,Les Marin,Gratinée au four,,,2,2,,,,,,,,,,,,,,,,,,,,,,,,,,,,
,Option,Les Marin,Ail,,,0.5,0.5,,,,,,,,,,,,,,,,,,,,,,,,,,,,
,Option,Les Marin,Basilic,,,0.5,0.5,,,,,,,,,,,,,,,,,,,,,,,,,,,,
,Option,Les Marin,Pili-pili,,,0.5,0.5,,,,,,,,,,,,,,,,,,,,,,,,,,,,
,Option,Les Marin,Pâtes SANS GLUTEN,,,2,2,,,,,,,,,,,,,,,,,,,,,,,,,,,,
,Option,Les Marin,Crème SANS LACTOSE,,,2,2,,,,,,,,,,,,,,,,,,,,,,,,,,,,
,Option,Les Marin,Chorizo,,,2,2,,,,,,,,,,,,,,,,,,,,,,,,,,,,
,Option,Les Marin,Jambon,,,2,2,,,,,,,,,,,,,,,,,,,,,,,,,,,,
,Option,Les Marin,Jambon de parme,,,2,2,,,,,,,,,,,,,,,,,,,,,,,,,,,,
,Option,Les Marin,Lardons,,,2,2,,,,,,,,,,,,,,,,,,,,,,,,,,,,
,Option,Les Marin,Gorgonzola,,,2,2,,,,,,,,,,,,,,,,,,,,,,,,,,,,
,Option,Les Marin,Raclette,,,2,2,,,,,,,,,,,,,,,,,,,,,,,,,,,,
,Option,Les Marin,Reblochon,,,2,2,,,,,,,,,,,,,,,,,,,,,,,,,,,,
,Option,Les Marin,Fêta,,,2,2,,,,,,,,,,,,,,,,,,,,,,,,,,,,
,Option,Les Marin,Légumes,,,1,1,,,,,,,,,,,,,,,,,,,,,,,,,,,,
,Option,Les Marin,Huile de truffe,,,2,2,,,,,,,,,,,,,,,,,,,,,,,,,,,,
,ITEM,Les Marin,Calamars,,"crème tomatée, calamars, tomates cerises, piments, oignons, basilic, ail",13,13,,,,,,,,,,,,,,,,,,,,,,,,,,,,
,Option-Group,Les Marin,Suppléments (facultatif),,,,,,,,,,,,,,,,,,,,,,,,,,,,,,,,
,Option,Les Marin,Parmesan petit,,,1,1,,,,,,,,,,,,,,,,,,,,,,,,,,,,
,Option,Les Marin,Parmesan grand,,,2,2,,,,,,,,,,,,,,,,,,,,,,,,,,,,
,Option,Les Marin,Sauce crème,,,1,1,,,,,,,,,,,,,,,,,,,,,,,,,,,,
,Option,Les Marin,Sauce tomate,,,1,1,,,,,,,,,,,,,,,,,,,,,,,,,,,,
,Option,Les Marin,Sauce bolognaise,,,1,1,,,,,,,,,,,,,,,,,,,,,,,,,,,,
,Option,Les Marin,Burrata,,,5,5,,,,,,,,,,,,,,,,,,,,,,,,,,,,
,Option,Les Marin,Poulet,,,2.5,2.5,,,,,,,,,,,,,,,,,,,,,,,,,,,,
,Option,Les Marin,Merguez,,,2.5,2.5,,,,,,,,,,,,,,,,,,,,,,,,,,,,
,Option,Les Marin,Poissons,,,2.5,2.5,,,,,,,,,,,,,,,,,,,,,,,,,,,,
,Option,Les Marin,Gratinée au four,,,2,2,,,,,,,,,,,,,,,,,,,,,,,,,,,,
,Option,Les Marin,Ail,,,0.5,0.5,,,,,,,,,,,,,,,,,,,,,,,,,,,,
,Option,Les Marin,Basilic,,,0.5,0.5,,,,,,,,,,,,,,,,,,,,,,,,,,,,
,Option,Les Marin,Pili-pili,,,0.5,0.5,,,,,,,,,,,,,,,,,,,,,,,,,,,,
,Option,Les Marin,Pâtes SANS GLUTEN,,,2,2,,,,,,,,,,,,,,,,,,,,,,,,,,,,
,Option,Les Marin,Crème SANS LACTOSE,,,2,2,,,,,,,,,,,,,,,,,,,,,,,,,,,,
,Option,Les Marin,Chorizo,,,2,2,,,,,,,,,,,,,,,,,,,,,,,,,,,,
,Option,Les Marin,Jambon,,,2,2,,,,,,,,,,,,,,,,,,,,,,,,,,,,
,Option,Les Marin,Jambon de parme,,,2,2,,,,,,,,,,,,,,,,,,,,,,,,,,,,
,Option,Les Marin,Lardons,,,2,2,,,,,,,,,,,,,,,,,,,,,,,,,,,,
,Option,Les Marin,Gorgonzola,,,2,2,,,,,,,,,,,,,,,,,,,,,,,,,,,,
,Option,Les Marin,Raclette,,,2,2,,,,,,,,,,,,,,,,,,,,,,,,,,,,
,Option,Les Marin,Reblochon,,,2,2,,,,,,,,,,,,,,,,,,,,,,,,,,,,
,Option,Les Marin,Fêta,,,2,2,,,,,,,,,,,,,,,,,,,,,,,,,,,,
,Option,Les Marin,Légumes,,,1,1,,,,,,,,,,,,,,,,,,,,,,,,,,,,
,Option,Les Marin,Huile de truffe,,,2,2,,,,,,,,,,,,,,,,,,,,,,,,,,,,
,ITEM,Les Marin,Fruits de mer,,"crème tomatée, fruits de mer, tomates cerises, piments, oignons, basilic, ail",13,13,,,,,,,,,,,,,,,,,,,,,,,,,,,,
,Option-Group,Les Marin,Suppléments (facultatif),,,,,,,,,,,,,,,,,,,,,,,,,,,,,,,,
,Option,Les Marin,Parmesan petit,,,1,1,,,,,,,,,,,,,,,,,,,,,,,,,,,,
,Option,Les Marin,Parmesan grand,,,2,2,,,,,,,,,,,,,,,,,,,,,,,,,,,,
,Option,Les Marin,Sauce crème,,,1,1,,,,,,,,,,,,,,,,,,,,,,,,,,,,
,Option,Les Marin,Sauce tomate,,,1,1,,,,,,,,,,,,,,,,,,,,,,,,,,,,
,Option,Les Marin,Sauce bolognaise,,,1,1,,,,,,,,,,,,,,,,,,,,,,,,,,,,
,Option,Les Marin,Burrata,,,5,5,,,,,,,,,,,,,,,,,,,,,,,,,,,,
,Option,Les Marin,Poulet,,,2.5,2.5,,,,,,,,,,,,,,,,,,,,,,,,,,,,
,Option,Les Marin,Merguez,,,2.5,2.5,,,,,,,,,,,,,,,,,,,,,,,,,,,,
,Option,Les Marin,Poissons,,,2.5,2.5,,,,,,,,,,,,,,,,,,,,,,,,,,,,
,Option,Les Marin,Gratinée au four,,,2,2,,,,,,,,,,,,,,,,,,,,,,,,,,,,
,Option,Les Marin,Ail,,,0.5,0.5,,,,,,,,,,,,,,,,,,,,,,,,,,,,
,Option,Les Marin,Basilic,,,0.5,0.5,,,,,,,,,,,,,,,,,,,,,,,,,,,,
,Option,Les Marin,Pili-pili,,,0.5,0.5,,,,,,,,,,,,,,,,,,,,,,,,,,,,
,Option,Les Marin,Pâtes SANS GLUTEN,,,2,2,,,,,,,,,,,,,,,,,,,,,,,,,,,,
,Option,Les Marin,Crème SANS LACTOSE,,,2,2,,,,,,,,,,,,,,,,,,,,,,,,,,,,
,Option,Les Marin,Chorizo,,,2,2,,,,,,,,,,,,,,,,,,,,,,,,,,,,
,Option,Les Marin,Jambon,,,2,2,,,,,,,,,,,,,,,,,,,,,,,,,,,,
,Option,Les Marin,Jambon de parme,,,2,2,,,,,,,,,,,,,,,,,,,,,,,,,,,,
,Option,Les Marin,Lardons,,,2,2,,,,,,,,,,,,,,,,,,,,,,,,,,,,
,Option,Les Marin,Gorgonzola,,,2,2,,,,,,,,,,,,,,,,,,,,,,,,,,,,
,Option,Les Marin,Raclette,,,2,2,,,,,,,,,,,,,,,,,,,,,,,,,,,,
,Option,Les Marin,Reblochon,,,2,2,,,,,,,,,,,,,,,,,,,,,,,,,,,,
,Option,Les Marin,Fêta,,,2,2,,,,,,,,,,,,,,,,,,,,,,,,,,,,
,Option,Les Marin,Légumes,,,1,1,,,,,,,,,,,,,,,,,,,,,,,,,,,,
,Option,Les Marin,Huile de truffe,,,2,2,,,,,,,,,,,,,,,,,,,,,,,,,,,,
,ITEM,Les Marin,Vongoles,,"huile d'olive, vongoles, tomates cerises, oignons, basilic, ail",13,13,,,,,,,,,,,,,,,,,,,,,,,,,,,,
,Option-Group,Les Marin,Suppléments (facultatif),,,,,,,,,,,,,,,,,,,,,,,,,,,,,,,,
,Option,Les Marin,Parmesan petit,,,1,1,,,,,,,,,,,,,,,,,,,,,,,,,,,,
,Option,Les Marin,Parmesan grand,,,2,2,,,,,,,,,,,,,,,,,,,,,,,,,,,,
,Option,Les Marin,Sauce crème,,,1,1,,,,,,,,,,,,,,,,,,,,,,,,,,,,
,Option,Les Marin,Sauce tomate,,,1,1,,,,,,,,,,,,,,,,,,,,,,,,,,,,
,Option,Les Marin,Sauce bolognaise,,,1,1,,,,,,,,,,,,,,,,,,,,,,,,,,,,
,Option,Les Marin,Burrata,,,5,5,,,,,,,,,,,,,,,,,,,,,,,,,,,,
,Option,Les Marin,Poulet,,,2.5,2.5,,,,,,,,,,,,,,,,,,,,,,,,,,,,
,Option,Les Marin,Merguez,,,2.5,2.5,,,,,,,,,,,,,,,,,,,,,,,,,,,,
,Option,Les Marin,Poissons,,,2.5,2.5,,,,,,,,,,,,,,,,,,,,,,,,,,,,
,Option,Les Marin,Gratinée au four,,,2,2,,,,,,,,,,,,,,,,,,,,,,,,,,,,
,Option,Les Marin,Ail,,,0.5,0.5,,,,,,,,,,,,,,,,,,,,,,,,,,,,
,Option,Les Marin,Basilic,,,0.5,0.5,,,,,,,,,,,,,,,,,,,,,,,,,,,,
,Option,Les Marin,Pili-pili,,,0.5,0.5,,,,,,,,,,,,,,,,,,,,,,,,,,,,
,Option,Les Marin,Pâtes SANS GLUTEN,,,2,2,,,,,,,,,,,,,,,,,,,,,,,,,,,,
,Option,Les Marin,Crème SANS LACTOSE,,,2,2,,,,,,,,,,,,,,,,,,,,,,,,,,,,
,Option,Les Marin,Chorizo,,,2,2,,,,,,,,,,,,,,,,,,,,,,,,,,,,
,Option,Les Marin,Jambon,,,2,2,,,,,,,,,,,,,,,,,,,,,,,,,,,,
,Option,Les Marin,Jambon de parme,,,2,2,,,,,,,,,,,,,,,,,,,,,,,,,,,,
,Option,Les Marin,Lardons,,,2,2,,,,,,,,,,,,,,,,,,,,,,,,,,,,
,Option,Les Marin,Gorgonzola,,,2,2,,,,,,,,,,,,,,,,,,,,,,,,,,,,
,Option,Les Marin,Raclette,,,2,2,,,,,,,,,,,,,,,,,,,,,,,,,,,,
,Option,Les Marin,Reblochon,,,2,2,,,,,,,,,,,,,,,,,,,,,,,,,,,,
,Option,Les Marin,Fêta,,,2,2,,,,,,,,,,,,,,,,,,,,,,,,,,,,
,Option,Les Marin,Légumes,,,1,1,,,,,,,,,,,,,,,,,,,,,,,,,,,,
,Option,Les Marin,Huile de truffe,,,2,2,,,,,,,,,,,,,,,,,,,,,,,,,,,,
,ITEM,Les Marin,Abuelita,,"huile d'olive, vongoles, calamars, scampis, tomates cerises, oignons, basilic, ail",13,13,,,,,,,,,,,,,,,,,,,,,,,,,,,,
,Option-Group,Les Marin,Suppléments (facultatif),,,,,,,,,,,,,,,,,,,,,,,,,,,,,,,,
,Option,Les Marin,Parmesan petit,,,1,1,,,,,,,,,,,,,,,,,,,,,,,,,,,,
,Option,Les Marin,Parmesan grand,,,2,2,,,,,,,,,,,,,,,,,,,,,,,,,,,,
,Option,Les Marin,Sauce crème,,,1,1,,,,,,,,,,,,,,,,,,,,,,,,,,,,
,Option,Les Marin,Sauce tomate,,,1,1,,,,,,,,,,,,,,,,,,,,,,,,,,,,
,Option,Les Marin,Sauce bolognaise,,,1,1,,,,,,,,,,,,,,,,,,,,,,,,,,,,
,Option,Les Marin,Burrata,,,5,5,,,,,,,,,,,,,,,,,,,,,,,,,,,,
,Option,Les Marin,Poulet,,,2.5,2.5,,,,,,,,,,,,,,,,,,,,,,,,,,,,
,Option,Les Marin,Merguez,,,2.5,2.5,,,,,,,,,,,,,,,,,,,,,,,,,,,,
,Option,Les Marin,Poissons,,,2.5,2.5,,,,,,,,,,,,,,,,,,,,,,,,,,,,
,Option,Les Marin,Gratinée au four,,,2,2,,,,,,,,,,,,,,,,,,,,,,,,,,,,
,Option,Les Marin,Ail,,,0.5,0.5,,,,,,,,,,,,,,,,,,,,,,,,,,,,
,Option,Les Marin,Basilic,,,0.5,0.5,,,,,,,,,,,,,,,,,,,,,,,,,,,,
,Option,Les Marin,Pili-pili,,,0.5,0.5,,,,,,,,,,,,,,,,,,,,,,,,,,,,
,Option,Les Marin,Pâtes SANS GLUTEN,,,2,2,,,,,,,,,,,,,,,,,,,,,,,,,,,,
,Option,Les Marin,Crème SANS LACTOSE,,,2,2,,,,,,,,,,,,,,,,,,,,,,,,,,,,
,Option,Les Marin,Chorizo,,,2,2,,,,,,,,,,,,,,,,,,,,,,,,,,,,
,Option,Les Marin,Jambon,,,2,2,,,,,,,,,,,,,,,,,,,,,,,,,,,,
,Option,Les Marin,Jambon de parme,,,2,2,,,,,,,,,,,,,,,,,,,,,,,,,,,,
,Option,Les Marin,Lardons,,,2,2,,,,,,,,,,,,,,,,,,,,,,,,,,,,
,Option,Les Marin,Gorgonzola,,,2,2,,,,,,,,,,,,,,,,,,,,,,,,,,,,
,Option,Les Marin,Raclette,,,2,2,,,,,,,,,,,,,,,,,,,,,,,,,,,,
,Option,Les Marin,Reblochon,,,2,2,,,,,,,,,,,,,,,,,,,,,,,,,,,,
,Option,Les Marin,Fêta,,,2,2,,,,,,,,,,,,,,,,,,,,,,,,,,,,
,Option,Les Marin,Légumes,,,1,1,,,,,,,,,,,,,,,,,,,,,,,,,,,,
,Option,Les Marin,Huile de truffe,,,2,2,,,,,,,,,,,,,,,,,,,,,,,,,,,,
