"Category Name","Category ID","Category Description","Tax Category","Available Regular","Available PickUp","Category TimeConstraint ID","Open Until Close","Mon","Tue","Wed","Thu","Fri","Sat","Sun","Start (24hr)","End (24hr)","Sub-Category Name","Subcategory ID","Sub-Category Description","Tax Category","Available Regular","Available PickUp","Sub-Category TimeConstraint ID","Open Until Close","Mon","Tue","Wed","Thu","Fri","Sat","Sun","Start (24hr)","End (24hr)","Item Name","Item ID","Item Description","Regular Price (00.00)","PickUp Price (00.00)","Tax Category","SKU","Energy Content","Servings","GTIN/UPC","Size Description","Deposit","Cup Fee","ABV %","Package Quantity","Image URL","Small ImageUrl","Medium ImageUrl","Large ImageUrl","Item TimeConstraint ID","Open Until Close","Mon","Tue","Wed","Thu","Fri","Sat","Sun","Start (24hr)","End (24hr)","OptionGroup Name","OptionGroup ID","Minimum","Maximum Total","Maximum Each","Option Name","Option ID","Regular Price (00.00)","PickUp Price (00.00)","Tax Category","SKU","Energy Content","Servings","Topping Value","Deposit","Package Quantity","GTIN/UPC"
"Sushi Box","76903243-d6b8-4da0-baf7-7b8c1245dde7","","NO_TAX","TRUE","TRUE","","FALSE","FALSE","FALSE","FALSE","FALSE","FALSE","FALSE","FALSE","0:00","0:00","","","","","","","","","","","","","","","","","","Sushi Box Amateur Mix","c71197f9-d70c-402d-a038-e6689154b3f3","3 Maki Salmon Roll, 6 Maki Cheese Avocat, 3 Spring Saumon Avocat, 3 California Saumon Avocat","$16.90","$16.90","REGULAR","","","","","","$0.00","$0.00","","","","","","","","FALSE","FALSE","FALSE","FALSE","FALSE","FALSE","FALSE","FALSE","0:00","0:00","Choix accompagnements","a07dbcb9-dd43-4160-86c7-8e5e55422a30","1","1","1","Pas d'accompagnement","0b75c8c1-2eb5-4206-b726-cf0e4da3206b","$0.00","$0.00","REGULAR","4941","","","1","$0.00","",""
"Sushi Box","76903243-d6b8-4da0-baf7-7b8c1245dde7","","NO_TAX","TRUE","TRUE","","FALSE","FALSE","FALSE","FALSE","FALSE","FALSE","FALSE","FALSE","0:00","0:00","","","","","","","","","","","","","","","","","","Sushi Box Amateur Mix","c71197f9-d70c-402d-a038-e6689154b3f3","3 Maki Salmon Roll, 6 Maki Cheese Avocat, 3 Spring Saumon Avocat, 3 California Saumon Avocat","$16.90","$16.90","REGULAR","","","","","","$0.00","$0.00","","","","","","","","FALSE","FALSE","FALSE","FALSE","FALSE","FALSE","FALSE","FALSE","0:00","0:00","Choix accompagnements","a07dbcb9-dd43-4160-86c7-8e5e55422a30","1","1","1","Edamame & Salade de Chou","1131cdb0-c366-480b-82ba-f8e47cba7e36","$0.00","$0.00","REGULAR","4940","","","1","$0.00","",""
"Sushi Box","76903243-d6b8-4da0-baf7-7b8c1245dde7","","NO_TAX","TRUE","TRUE","","FALSE","FALSE","FALSE","FALSE","FALSE","FALSE","FALSE","FALSE","0:00","0:00","","","","","","","","","","","","","","","","","","Sushi Box Amateur Mix","c71197f9-d70c-402d-a038-e6689154b3f3","3 Maki Salmon Roll, 6 Maki Cheese Avocat, 3 Spring Saumon Avocat, 3 California Saumon Avocat","$16.90","$16.90","REGULAR","","","","","","$0.00","$0.00","","","","","","","","FALSE","FALSE","FALSE","FALSE","FALSE","FALSE","FALSE","FALSE","0:00","0:00","Choix extra gratuit","9e7e41e9-71e0-49f6-808d-0c1cb9a11d02","1","1","1","Gingembre offert","52f60b58-5c80-49ae-bd3b-7962650c635a","$0.00","$0.00","REGULAR","2859","","","1","$0.00","",""
"Sushi Box","76903243-d6b8-4da0-baf7-7b8c1245dde7","","NO_TAX","TRUE","TRUE","","FALSE","FALSE","FALSE","FALSE","FALSE","FALSE","FALSE","FALSE","0:00","0:00","","","","","","","","","","","","","","","","","","Sushi Box Amateur Mix","c71197f9-d70c-402d-a038-e6689154b3f3","3 Maki Salmon Roll, 6 Maki Cheese Avocat, 3 Spring Saumon Avocat, 3 California Saumon Avocat","$16.90","$16.90","REGULAR","","","","","","$0.00","$0.00","","","","","","","","FALSE","FALSE","FALSE","FALSE","FALSE","FALSE","FALSE","FALSE","0:00","0:00","Choix extra gratuit","9e7e41e9-71e0-49f6-808d-0c1cb9a11d02","1","1","1","Sauce soja sucrée offerte","eece6c02-d2bc-4253-ac6c-a11e532685fe","$0.00","$0.00","REGULAR","2861","","","1","$0.00","",""
"Sushi Box","76903243-d6b8-4da0-baf7-7b8c1245dde7","","NO_TAX","TRUE","TRUE","","FALSE","FALSE","FALSE","FALSE","FALSE","FALSE","FALSE","FALSE","0:00","0:00","","","","","","","","","","","","","","","","","","Sushi Box Amateur Mix","c71197f9-d70c-402d-a038-e6689154b3f3","3 Maki Salmon Roll, 6 Maki Cheese Avocat, 3 Spring Saumon Avocat, 3 California Saumon Avocat","$16.90","$16.90","REGULAR","","","","","","$0.00","$0.00","","","","","","","","FALSE","FALSE","FALSE","FALSE","FALSE","FALSE","FALSE","FALSE","0:00","0:00","Choix extra gratuit","9e7e41e9-71e0-49f6-808d-0c1cb9a11d02","1","1","1","Sauce soja salée offerte","6215a65f-f5e5-4645-bc60-2718a13ac174","$0.00","$0.00","REGULAR","2863","","","1","$0.00","",""
"Sushi Box","76903243-d6b8-4da0-baf7-7b8c1245dde7","","NO_TAX","TRUE","TRUE","","FALSE","FALSE","FALSE","FALSE","FALSE","FALSE","FALSE","FALSE","0:00","0:00","","","","","","","","","","","","","","","","","","Sushi Box Amateur Mix","c71197f9-d70c-402d-a038-e6689154b3f3","3 Maki Salmon Roll, 6 Maki Cheese Avocat, 3 Spring Saumon Avocat, 3 California Saumon Avocat","$16.90","$16.90","REGULAR","","","","","","$0.00","$0.00","","","","","","","","FALSE","FALSE","FALSE","FALSE","FALSE","FALSE","FALSE","FALSE","0:00","0:00","Choix extra gratuit","9e7e41e9-71e0-49f6-808d-0c1cb9a11d02","1","1","1","Wasabi offert","be632115-db93-412a-935b-520e275fabbb","$0.00","$0.00","REGULAR","2865","","","1","$0.00","",""
"Sushi Box","76903243-d6b8-4da0-baf7-7b8c1245dde7","","NO_TAX","TRUE","TRUE","","FALSE","FALSE","FALSE","FALSE","FALSE","FALSE","FALSE","FALSE","0:00","0:00","","","","","","","","","","","","","","","","","","Sushi Box Amateur Mix","c71197f9-d70c-402d-a038-e6689154b3f3","3 Maki Salmon Roll, 6 Maki Cheese Avocat, 3 Spring Saumon Avocat, 3 California Saumon Avocat","$16.90","$16.90","REGULAR","","","","","","$0.00","$0.00","","","","","","","","FALSE","FALSE","FALSE","FALSE","FALSE","FALSE","FALSE","FALSE","0:00","0:00","Choix supplément","9a7778d7-2521-451e-ad6a-c3c48f097859","","5","1","Gingembre (1 sachet)","96e9234e-88ba-4f28-a346-96be6a288aba","$0.50","$0.50","REGULAR","1424","","","1","$0.00","",""
"Sushi Box","76903243-d6b8-4da0-baf7-7b8c1245dde7","","NO_TAX","TRUE","TRUE","","FALSE","FALSE","FALSE","FALSE","FALSE","FALSE","FALSE","FALSE","0:00","0:00","","","","","","","","","","","","","","","","","","Sushi Box Amateur Mix","c71197f9-d70c-402d-a038-e6689154b3f3","3 Maki Salmon Roll, 6 Maki Cheese Avocat, 3 Spring Saumon Avocat, 3 California Saumon Avocat","$16.90","$16.90","REGULAR","","","","","","$0.00","$0.00","","","","","","","","FALSE","FALSE","FALSE","FALSE","FALSE","FALSE","FALSE","FALSE","0:00","0:00","Choix supplément","9a7778d7-2521-451e-ad6a-c3c48f097859","","5","1","Sauce soja salée","cb1bfb7e-94e6-4a20-86e9-6d2d53556725","$0.50","$0.50","REGULAR","1422","","","1","$0.00","",""
"Sushi Box","76903243-d6b8-4da0-baf7-7b8c1245dde7","","NO_TAX","TRUE","TRUE","","FALSE","FALSE","FALSE","FALSE","FALSE","FALSE","FALSE","FALSE","0:00","0:00","","","","","","","","","","","","","","","","","","Sushi Box Amateur Mix","c71197f9-d70c-402d-a038-e6689154b3f3","3 Maki Salmon Roll, 6 Maki Cheese Avocat, 3 Spring Saumon Avocat, 3 California Saumon Avocat","$16.90","$16.90","REGULAR","","","","","","$0.00","$0.00","","","","","","","","FALSE","FALSE","FALSE","FALSE","FALSE","FALSE","FALSE","FALSE","0:00","0:00","Choix supplément","9a7778d7-2521-451e-ad6a-c3c48f097859","","5","1","Sauce soja sucrée","6ce86702-9e72-4296-81d5-8fee1d83ba0a","$0.50","$0.50","REGULAR","1421","","","1","$0.00","",""
"Sushi Box","76903243-d6b8-4da0-baf7-7b8c1245dde7","","NO_TAX","TRUE","TRUE","","FALSE","FALSE","FALSE","FALSE","FALSE","FALSE","FALSE","FALSE","0:00","0:00","","","","","","","","","","","","","","","","","","Sushi Box Amateur Mix","c71197f9-d70c-402d-a038-e6689154b3f3","3 Maki Salmon Roll, 6 Maki Cheese Avocat, 3 Spring Saumon Avocat, 3 California Saumon Avocat","$16.90","$16.90","REGULAR","","","","","","$0.00","$0.00","","","","","","","","FALSE","FALSE","FALSE","FALSE","FALSE","FALSE","FALSE","FALSE","0:00","0:00","Choix supplément","9a7778d7-2521-451e-ad6a-c3c48f097859","","5","1","Wasabi (1 sachet)","18c64759-cd24-466e-9ea4-171cce3709de","$0.50","$0.50","REGULAR","1423","","","1","$0.00","",""
"Sushi Box","76903243-d6b8-4da0-baf7-7b8c1245dde7","","NO_TAX","TRUE","TRUE","","FALSE","FALSE","FALSE","FALSE","FALSE","FALSE","FALSE","FALSE","0:00","0:00","","","","","","","","","","","","","","","","","","Sushi Box Amateur Mix","c71197f9-d70c-402d-a038-e6689154b3f3","3 Maki Salmon Roll, 6 Maki Cheese Avocat, 3 Spring Saumon Avocat, 3 California Saumon Avocat","$16.90","$16.90","REGULAR","","","","","","$0.00","$0.00","","","","","","","","FALSE","FALSE","FALSE","FALSE","FALSE","FALSE","FALSE","FALSE","0:00","0:00","Choix supplément","9a7778d7-2521-451e-ad6a-c3c48f097859","","5","1","Crispy Onions","d9984e3f-905a-4b54-99d5-2da6aa7e2520","$0.50","$0.50","REGULAR","4865","","","1","$0.00","",""
"Sushi Box","76903243-d6b8-4da0-baf7-7b8c1245dde7","","NO_TAX","TRUE","TRUE","","FALSE","FALSE","FALSE","FALSE","FALSE","FALSE","FALSE","FALSE","0:00","0:00","","","","","","","","","","","","","","","","","","Sushi Box Amateur Mix","c71197f9-d70c-402d-a038-e6689154b3f3","3 Maki Salmon Roll, 6 Maki Cheese Avocat, 3 Spring Saumon Avocat, 3 California Saumon Avocat","$16.90","$16.90","REGULAR","","","","","","$0.00","$0.00","","","","","","","","FALSE","FALSE","FALSE","FALSE","FALSE","FALSE","FALSE","FALSE","0:00","0:00","Voulez-vous des baguettes ?","c425f756-6bd4-494a-803d-465af470b827","1","1","1","Baguettes en bois réutilisables","096650fc-2564-474a-ad5a-d3102ab24726","$0.90","$0.90","REGULAR","4125","","","1","$0.00","",""
"Sushi Box","76903243-d6b8-4da0-baf7-7b8c1245dde7","","NO_TAX","TRUE","TRUE","","FALSE","FALSE","FALSE","FALSE","FALSE","FALSE","FALSE","FALSE","0:00","0:00","","","","","","","","","","","","","","","","","","Sushi Box Amateur Mix","c71197f9-d70c-402d-a038-e6689154b3f3","3 Maki Salmon Roll, 6 Maki Cheese Avocat, 3 Spring Saumon Avocat, 3 California Saumon Avocat","$16.90","$16.90","REGULAR","","","","","","$0.00","$0.00","","","","","","","","FALSE","FALSE","FALSE","FALSE","FALSE","FALSE","FALSE","FALSE","0:00","0:00","Voulez-vous des baguettes ?","c425f756-6bd4-494a-803d-465af470b827","1","1","1","Baguettes à usage unique","f57f6d9d-e543-411d-87f3-a19267306766","$0.00","$0.00","REGULAR","1420","","","1","$0.00","",""
"Sushi Box","76903243-d6b8-4da0-baf7-7b8c1245dde7","","NO_TAX","TRUE","TRUE","","FALSE","FALSE","FALSE","FALSE","FALSE","FALSE","FALSE","FALSE","0:00","0:00","","","","","","","","","","","","","","","","","","Sushi Box Amateur Mix","c71197f9-d70c-402d-a038-e6689154b3f3","3 Maki Salmon Roll, 6 Maki Cheese Avocat, 3 Spring Saumon Avocat, 3 California Saumon Avocat","$16.90","$16.90","REGULAR","","","","","","$0.00","$0.00","","","","","","","","FALSE","FALSE","FALSE","FALSE","FALSE","FALSE","FALSE","FALSE","0:00","0:00","Voulez-vous des baguettes ?","c425f756-6bd4-494a-803d-465af470b827","1","1","1","Pas de baguettes","8bbdb93c-c9e9-4881-9a84-4500a6997cc7","$0.00","$0.00","REGULAR","3817","","","1","$0.00","",""
"Sushi Box","76903243-d6b8-4da0-baf7-7b8c1245dde7","","NO_TAX","TRUE","TRUE","","FALSE","FALSE","FALSE","FALSE","FALSE","FALSE","FALSE","FALSE","0:00","0:00","","","","","","","","","","","","","","","","","","Box Adrien Cachot","1cf55df5-6a40-4e7b-8011-414be56986f1","2 Sushi Crevette Koshou, 2 Kuro Edamame Tulip, 6 Maki Maguro Cacahuète Wasabi, 6 California Saba Moutarde, 3 California Kimchicken, 3 Spring Crevette Nanban","$35.00","$35.00","REGULAR","","","","","","$0.00","$0.00","","","","","","","","FALSE","FALSE","FALSE","FALSE","FALSE","FALSE","FALSE","FALSE","0:00","0:00","Choix extra gratuit","ad35185f-6a5a-46f9-b917-deb9ebb53b0c","1","1","1","Gingembre offert","52f60b58-5c80-49ae-bd3b-7962650c635a","$0.00","$0.00","REGULAR","2859","","","1","$0.00","",""
"Sushi Box","76903243-d6b8-4da0-baf7-7b8c1245dde7","","NO_TAX","TRUE","TRUE","","FALSE","FALSE","FALSE","FALSE","FALSE","FALSE","FALSE","FALSE","0:00","0:00","","","","","","","","","","","","","","","","","","Box Adrien Cachot","1cf55df5-6a40-4e7b-8011-414be56986f1","2 Sushi Crevette Koshou, 2 Kuro Edamame Tulip, 6 Maki Maguro Cacahuète Wasabi, 6 California Saba Moutarde, 3 California Kimchicken, 3 Spring Crevette Nanban","$35.00","$35.00","REGULAR","","","","","","$0.00","$0.00","","","","","","","","FALSE","FALSE","FALSE","FALSE","FALSE","FALSE","FALSE","FALSE","0:00","0:00","Choix extra gratuit","ad35185f-6a5a-46f9-b917-deb9ebb53b0c","1","1","1","Sauce soja sucrée offerte","d950fbea-26c8-4526-89a8-33d49502e5a2","$0.00","$0.00","REGULAR","2861","","","1","$0.00","",""
"Sushi Box","76903243-d6b8-4da0-baf7-7b8c1245dde7","","NO_TAX","TRUE","TRUE","","FALSE","FALSE","FALSE","FALSE","FALSE","FALSE","FALSE","FALSE","0:00","0:00","","","","","","","","","","","","","","","","","","Box Adrien Cachot","1cf55df5-6a40-4e7b-8011-414be56986f1","2 Sushi Crevette Koshou, 2 Kuro Edamame Tulip, 6 Maki Maguro Cacahuète Wasabi, 6 California Saba Moutarde, 3 California Kimchicken, 3 Spring Crevette Nanban","$35.00","$35.00","REGULAR","","","","","","$0.00","$0.00","","","","","","","","FALSE","FALSE","FALSE","FALSE","FALSE","FALSE","FALSE","FALSE","0:00","0:00","Choix extra gratuit","ad35185f-6a5a-46f9-b917-deb9ebb53b0c","1","1","1","Sauce soja salée offerte","e01b4dce-acd1-4d62-93f9-b3add731c499","$0.00","$0.00","REGULAR","2863","","","1","$0.00","",""
"Sushi Box","76903243-d6b8-4da0-baf7-7b8c1245dde7","","NO_TAX","TRUE","TRUE","","FALSE","FALSE","FALSE","FALSE","FALSE","FALSE","FALSE","FALSE","0:00","0:00","","","","","","","","","","","","","","","","","","Box Adrien Cachot","1cf55df5-6a40-4e7b-8011-414be56986f1","2 Sushi Crevette Koshou, 2 Kuro Edamame Tulip, 6 Maki Maguro Cacahuète Wasabi, 6 California Saba Moutarde, 3 California Kimchicken, 3 Spring Crevette Nanban","$35.00","$35.00","REGULAR","","","","","","$0.00","$0.00","","","","","","","","FALSE","FALSE","FALSE","FALSE","FALSE","FALSE","FALSE","FALSE","0:00","0:00","Choix extra gratuit","ad35185f-6a5a-46f9-b917-deb9ebb53b0c","1","1","1","Wasabi offert","38714afe-10b1-4f50-b0f8-c99526e1c4bd","$0.00","$0.00","REGULAR","2865","","","1","$0.00","",""
"Sushi Box","76903243-d6b8-4da0-baf7-7b8c1245dde7","","NO_TAX","TRUE","TRUE","","FALSE","FALSE","FALSE","FALSE","FALSE","FALSE","FALSE","FALSE","0:00","0:00","","","","","","","","","","","","","","","","","","Box Adrien Cachot","1cf55df5-6a40-4e7b-8011-414be56986f1","2 Sushi Crevette Koshou, 2 Kuro Edamame Tulip, 6 Maki Maguro Cacahuète Wasabi, 6 California Saba Moutarde, 3 California Kimchicken, 3 Spring Crevette Nanban","$35.00","$35.00","REGULAR","","","","","","$0.00","$0.00","","","","","","","","FALSE","FALSE","FALSE","FALSE","FALSE","FALSE","FALSE","FALSE","0:00","0:00","Choix supplément","7f789429-d872-4ca8-a77e-d0e40b6e1371","","5","1","Gingembre (1 sachet)","96e9234e-88ba-4f28-a346-96be6a288aba","$0.50","$0.50","REGULAR","1424","","","1","$0.00","",""
"Sushi Box","76903243-d6b8-4da0-baf7-7b8c1245dde7","","NO_TAX","TRUE","TRUE","","FALSE","FALSE","FALSE","FALSE","FALSE","FALSE","FALSE","FALSE","0:00","0:00","","","","","","","","","","","","","","","","","","Box Adrien Cachot","1cf55df5-6a40-4e7b-8011-414be56986f1","2 Sushi Crevette Koshou, 2 Kuro Edamame Tulip, 6 Maki Maguro Cacahuète Wasabi, 6 California Saba Moutarde, 3 California Kimchicken, 3 Spring Crevette Nanban","$35.00","$35.00","REGULAR","","","","","","$0.00","$0.00","","","","","","","","FALSE","FALSE","FALSE","FALSE","FALSE","FALSE","FALSE","FALSE","0:00","0:00","Choix supplément","7f789429-d872-4ca8-a77e-d0e40b6e1371","","5","1","Sauce soja salée","c68ef7a3-9fbf-4f63-b180-0248e1c0ac1b","$0.50","$0.50","REGULAR","1422","","","1","$0.00","",""
"Sushi Box","76903243-d6b8-4da0-baf7-7b8c1245dde7","","NO_TAX","TRUE","TRUE","","FALSE","FALSE","FALSE","FALSE","FALSE","FALSE","FALSE","FALSE","0:00","0:00","","","","","","","","","","","","","","","","","","Box Adrien Cachot","1cf55df5-6a40-4e7b-8011-414be56986f1","2 Sushi Crevette Koshou, 2 Kuro Edamame Tulip, 6 Maki Maguro Cacahuète Wasabi, 6 California Saba Moutarde, 3 California Kimchicken, 3 Spring Crevette Nanban","$35.00","$35.00","REGULAR","","","","","","$0.00","$0.00","","","","","","","","FALSE","FALSE","FALSE","FALSE","FALSE","FALSE","FALSE","FALSE","0:00","0:00","Choix supplément","7f789429-d872-4ca8-a77e-d0e40b6e1371","","5","1","Sauce soja sucrée","47218c35-6842-42cf-855b-406464109415","$0.50","$0.50","REGULAR","1421","","","1","$0.00","",""
"Sushi Box","76903243-d6b8-4da0-baf7-7b8c1245dde7","","NO_TAX","TRUE","TRUE","","FALSE","FALSE","FALSE","FALSE","FALSE","FALSE","FALSE","FALSE","0:00","0:00","","","","","","","","","","","","","","","","","","Box Adrien Cachot","1cf55df5-6a40-4e7b-8011-414be56986f1","2 Sushi Crevette Koshou, 2 Kuro Edamame Tulip, 6 Maki Maguro Cacahuète Wasabi, 6 California Saba Moutarde, 3 California Kimchicken, 3 Spring Crevette Nanban","$35.00","$35.00","REGULAR","","","","","","$0.00","$0.00","","","","","","","","FALSE","FALSE","FALSE","FALSE","FALSE","FALSE","FALSE","FALSE","0:00","0:00","Choix supplément","7f789429-d872-4ca8-a77e-d0e40b6e1371","","5","1","Wasabi (1 sachet)","368fb453-f032-42b3-8d82-5a581710ecdd","$0.50","$0.50","REGULAR","1423","","","1","$0.00","",""
"Sushi Box","76903243-d6b8-4da0-baf7-7b8c1245dde7","","NO_TAX","TRUE","TRUE","","FALSE","FALSE","FALSE","FALSE","FALSE","FALSE","FALSE","FALSE","0:00","0:00","","","","","","","","","","","","","","","","","","Box Adrien Cachot","1cf55df5-6a40-4e7b-8011-414be56986f1","2 Sushi Crevette Koshou, 2 Kuro Edamame Tulip, 6 Maki Maguro Cacahuète Wasabi, 6 California Saba Moutarde, 3 California Kimchicken, 3 Spring Crevette Nanban","$35.00","$35.00","REGULAR","","","","","","$0.00","$0.00","","","","","","","","FALSE","FALSE","FALSE","FALSE","FALSE","FALSE","FALSE","FALSE","0:00","0:00","Choix supplément","7f789429-d872-4ca8-a77e-d0e40b6e1371","","5","1","Crispy Onions","b008189c-9a0a-45b8-8350-ebe005842a38","$0.50","$0.50","REGULAR","4865","","","1","$0.00","",""
"Sushi Box","76903243-d6b8-4da0-baf7-7b8c1245dde7","","NO_TAX","TRUE","TRUE","","FALSE","FALSE","FALSE","FALSE","FALSE","FALSE","FALSE","FALSE","0:00","0:00","","","","","","","","","","","","","","","","","","Box Adrien Cachot","1cf55df5-6a40-4e7b-8011-414be56986f1","2 Sushi Crevette Koshou, 2 Kuro Edamame Tulip, 6 Maki Maguro Cacahuète Wasabi, 6 California Saba Moutarde, 3 California Kimchicken, 3 Spring Crevette Nanban","$35.00","$35.00","REGULAR","","","","","","$0.00","$0.00","","","","","","","","FALSE","FALSE","FALSE","FALSE","FALSE","FALSE","FALSE","FALSE","0:00","0:00","Voulez-vous des baguettes ?","342ac944-bc80-49ae-91c8-6661809a1a1f","1","1","1","Baguettes en bois réutilisables","06c66594-0ce9-401e-beed-f84cdd5a6dcc","$0.90","$0.90","REGULAR","4125","","","1","$0.00","",""
"Sushi Box","76903243-d6b8-4da0-baf7-7b8c1245dde7","","NO_TAX","TRUE","TRUE","","FALSE","FALSE","FALSE","FALSE","FALSE","FALSE","FALSE","FALSE","0:00","0:00","","","","","","","","","","","","","","","","","","Box Adrien Cachot","1cf55df5-6a40-4e7b-8011-414be56986f1","2 Sushi Crevette Koshou, 2 Kuro Edamame Tulip, 6 Maki Maguro Cacahuète Wasabi, 6 California Saba Moutarde, 3 California Kimchicken, 3 Spring Crevette Nanban","$35.00","$35.00","REGULAR","","","","","","$0.00","$0.00","","","","","","","","FALSE","FALSE","FALSE","FALSE","FALSE","FALSE","FALSE","FALSE","0:00","0:00","Voulez-vous des baguettes ?","342ac944-bc80-49ae-91c8-6661809a1a1f","1","1","1","Baguettes à usage unique","52fc96f5-fa66-49f1-81ea-a4d85a83632e","$0.00","$0.00","REGULAR","1420","","","1","$0.00","",""
"Sushi Box","76903243-d6b8-4da0-baf7-7b8c1245dde7","","NO_TAX","TRUE","TRUE","","FALSE","FALSE","FALSE","FALSE","FALSE","FALSE","FALSE","FALSE","0:00","0:00","","","","","","","","","","","","","","","","","","Box Adrien Cachot","1cf55df5-6a40-4e7b-8011-414be56986f1","2 Sushi Crevette Koshou, 2 Kuro Edamame Tulip, 6 Maki Maguro Cacahuète Wasabi, 6 California Saba Moutarde, 3 California Kimchicken, 3 Spring Crevette Nanban","$35.00","$35.00","REGULAR","","","","","","$0.00","$0.00","","","","","","","","FALSE","FALSE","FALSE","FALSE","FALSE","FALSE","FALSE","FALSE","0:00","0:00","Voulez-vous des baguettes ?","342ac944-bc80-49ae-91c8-6661809a1a1f","1","1","1","Pas de baguettes","31ffe0a9-a87e-4e94-a193-332e78ddce53","$0.00","$0.00","REGULAR","3817","","","1","$0.00","",""
"Sushi Box","76903243-d6b8-4da0-baf7-7b8c1245dde7","","NO_TAX","TRUE","TRUE","","FALSE","FALSE","FALSE","FALSE","FALSE","FALSE","FALSE","FALSE","0:00","0:00","","","","","","","","","","","","","","","","","","Sushi Box du Moment","853b384e-5ab1-47dd-b278-1ea586769063","2 Sushi Saumon, 3 Maki Cheese Avocat, 6 California Saumon Crispy Onion, 3 California Chicken Curry, 3 Spring Crevette Tempura","$19.90","$19.90","REGULAR","","","","","","$0.00","$0.00","","","","","","","","FALSE","FALSE","FALSE","FALSE","FALSE","FALSE","FALSE","FALSE","0:00","0:00","Choix accompagnements","a07dbcb9-dd43-4160-86c7-8e5e55422a30","1","1","1","Pas d'accompagnement","0b75c8c1-2eb5-4206-b726-cf0e4da3206b","$0.00","$0.00","REGULAR","4941","","","1","$0.00","",""
"Sushi Box","76903243-d6b8-4da0-baf7-7b8c1245dde7","","NO_TAX","TRUE","TRUE","","FALSE","FALSE","FALSE","FALSE","FALSE","FALSE","FALSE","FALSE","0:00","0:00","","","","","","","","","","","","","","","","","","Sushi Box du Moment","853b384e-5ab1-47dd-b278-1ea586769063","2 Sushi Saumon, 3 Maki Cheese Avocat, 6 California Saumon Crispy Onion, 3 California Chicken Curry, 3 Spring Crevette Tempura","$19.90","$19.90","REGULAR","","","","","","$0.00","$0.00","","","","","","","","FALSE","FALSE","FALSE","FALSE","FALSE","FALSE","FALSE","FALSE","0:00","0:00","Choix accompagnements","a07dbcb9-dd43-4160-86c7-8e5e55422a30","1","1","1","Edamame & Salade de Chou","1131cdb0-c366-480b-82ba-f8e47cba7e36","$0.00","$0.00","REGULAR","4940","","","1","$0.00","",""
"Sushi Box","76903243-d6b8-4da0-baf7-7b8c1245dde7","","NO_TAX","TRUE","TRUE","","FALSE","FALSE","FALSE","FALSE","FALSE","FALSE","FALSE","FALSE","0:00","0:00","","","","","","","","","","","","","","","","","","Sushi Box du Moment","853b384e-5ab1-47dd-b278-1ea586769063","2 Sushi Saumon, 3 Maki Cheese Avocat, 6 California Saumon Crispy Onion, 3 California Chicken Curry, 3 Spring Crevette Tempura","$19.90","$19.90","REGULAR","","","","","","$0.00","$0.00","","","","","","","","FALSE","FALSE","FALSE","FALSE","FALSE","FALSE","FALSE","FALSE","0:00","0:00","Choix extra gratuit","9e7e41e9-71e0-49f6-808d-0c1cb9a11d02","1","1","1","Gingembre offert","52f60b58-5c80-49ae-bd3b-7962650c635a","$0.00","$0.00","REGULAR","2859","","","1","$0.00","",""
"Sushi Box","76903243-d6b8-4da0-baf7-7b8c1245dde7","","NO_TAX","TRUE","TRUE","","FALSE","FALSE","FALSE","FALSE","FALSE","FALSE","FALSE","FALSE","0:00","0:00","","","","","","","","","","","","","","","","","","Sushi Box du Moment","853b384e-5ab1-47dd-b278-1ea586769063","2 Sushi Saumon, 3 Maki Cheese Avocat, 6 California Saumon Crispy Onion, 3 California Chicken Curry, 3 Spring Crevette Tempura","$19.90","$19.90","REGULAR","","","","","","$0.00","$0.00","","","","","","","","FALSE","FALSE","FALSE","FALSE","FALSE","FALSE","FALSE","FALSE","0:00","0:00","Choix extra gratuit","9e7e41e9-71e0-49f6-808d-0c1cb9a11d02","1","1","1","Sauce soja sucrée offerte","eece6c02-d2bc-4253-ac6c-a11e532685fe","$0.00","$0.00","REGULAR","2861","","","1","$0.00","",""
"Sushi Box","76903243-d6b8-4da0-baf7-7b8c1245dde7","","NO_TAX","TRUE","TRUE","","FALSE","FALSE","FALSE","FALSE","FALSE","FALSE","FALSE","FALSE","0:00","0:00","","","","","","","","","","","","","","","","","","Sushi Box du Moment","853b384e-5ab1-47dd-b278-1ea586769063","2 Sushi Saumon, 3 Maki Cheese Avocat, 6 California Saumon Crispy Onion, 3 California Chicken Curry, 3 Spring Crevette Tempura","$19.90","$19.90","REGULAR","","","","","","$0.00","$0.00","","","","","","","","FALSE","FALSE","FALSE","FALSE","FALSE","FALSE","FALSE","FALSE","0:00","0:00","Choix extra gratuit","9e7e41e9-71e0-49f6-808d-0c1cb9a11d02","1","1","1","Sauce soja salée offerte","6215a65f-f5e5-4645-bc60-2718a13ac174","$0.00","$0.00","REGULAR","2863","","","1","$0.00","",""
"Sushi Box","76903243-d6b8-4da0-baf7-7b8c1245dde7","","NO_TAX","TRUE","TRUE","","FALSE","FALSE","FALSE","FALSE","FALSE","FALSE","FALSE","FALSE","0:00","0:00","","","","","","","","","","","","","","","","","","Sushi Box du Moment","853b384e-5ab1-47dd-b278-1ea586769063","2 Sushi Saumon, 3 Maki Cheese Avocat, 6 California Saumon Crispy Onion, 3 California Chicken Curry, 3 Spring Crevette Tempura","$19.90","$19.90","REGULAR","","","","","","$0.00","$0.00","","","","","","","","FALSE","FALSE","FALSE","FALSE","FALSE","FALSE","FALSE","FALSE","0:00","0:00","Choix extra gratuit","9e7e41e9-71e0-49f6-808d-0c1cb9a11d02","1","1","1","Wasabi offert","be632115-db93-412a-935b-520e275fabbb","$0.00","$0.00","REGULAR","2865","","","1","$0.00","",""
"Sushi Box","76903243-d6b8-4da0-baf7-7b8c1245dde7","","NO_TAX","TRUE","TRUE","","FALSE","FALSE","FALSE","FALSE","FALSE","FALSE","FALSE","FALSE","0:00","0:00","","","","","","","","","","","","","","","","","","Sushi Box du Moment","853b384e-5ab1-47dd-b278-1ea586769063","2 Sushi Saumon, 3 Maki Cheese Avocat, 6 California Saumon Crispy Onion, 3 California Chicken Curry, 3 Spring Crevette Tempura","$19.90","$19.90","REGULAR","","","","","","$0.00","$0.00","","","","","","","","FALSE","FALSE","FALSE","FALSE","FALSE","FALSE","FALSE","FALSE","0:00","0:00","Choix supplément","9a7778d7-2521-451e-ad6a-c3c48f097859","","5","1","Gingembre (1 sachet)","96e9234e-88ba-4f28-a346-96be6a288aba","$0.50","$0.50","REGULAR","1424","","","1","$0.00","",""
"Sushi Box","76903243-d6b8-4da0-baf7-7b8c1245dde7","","NO_TAX","TRUE","TRUE","","FALSE","FALSE","FALSE","FALSE","FALSE","FALSE","FALSE","FALSE","0:00","0:00","","","","","","","","","","","","","","","","","","Sushi Box du Moment","853b384e-5ab1-47dd-b278-1ea586769063","2 Sushi Saumon, 3 Maki Cheese Avocat, 6 California Saumon Crispy Onion, 3 California Chicken Curry, 3 Spring Crevette Tempura","$19.90","$19.90","REGULAR","","","","","","$0.00","$0.00","","","","","","","","FALSE","FALSE","FALSE","FALSE","FALSE","FALSE","FALSE","FALSE","0:00","0:00","Choix supplément","9a7778d7-2521-451e-ad6a-c3c48f097859","","5","1","Sauce soja salée","cb1bfb7e-94e6-4a20-86e9-6d2d53556725","$0.50","$0.50","REGULAR","1422","","","1","$0.00","",""
"Sushi Box","76903243-d6b8-4da0-baf7-7b8c1245dde7","","NO_TAX","TRUE","TRUE","","FALSE","FALSE","FALSE","FALSE","FALSE","FALSE","FALSE","FALSE","0:00","0:00","","","","","","","","","","","","","","","","","","Sushi Box du Moment","853b384e-5ab1-47dd-b278-1ea586769063","2 Sushi Saumon, 3 Maki Cheese Avocat, 6 California Saumon Crispy Onion, 3 California Chicken Curry, 3 Spring Crevette Tempura","$19.90","$19.90","REGULAR","","","","","","$0.00","$0.00","","","","","","","","FALSE","FALSE","FALSE","FALSE","FALSE","FALSE","FALSE","FALSE","0:00","0:00","Choix supplément","9a7778d7-2521-451e-ad6a-c3c48f097859","","5","1","Sauce soja sucrée","6ce86702-9e72-4296-81d5-8fee1d83ba0a","$0.50","$0.50","REGULAR","1421","","","1","$0.00","",""
"Sushi Box","76903243-d6b8-4da0-baf7-7b8c1245dde7","","NO_TAX","TRUE","TRUE","","FALSE","FALSE","FALSE","FALSE","FALSE","FALSE","FALSE","FALSE","0:00","0:00","","","","","","","","","","","","","","","","","","Sushi Box du Moment","853b384e-5ab1-47dd-b278-1ea586769063","2 Sushi Saumon, 3 Maki Cheese Avocat, 6 California Saumon Crispy Onion, 3 California Chicken Curry, 3 Spring Crevette Tempura","$19.90","$19.90","REGULAR","","","","","","$0.00","$0.00","","","","","","","","FALSE","FALSE","FALSE","FALSE","FALSE","FALSE","FALSE","FALSE","0:00","0:00","Choix supplément","9a7778d7-2521-451e-ad6a-c3c48f097859","","5","1","Wasabi (1 sachet)","18c64759-cd24-466e-9ea4-171cce3709de","$0.50","$0.50","REGULAR","1423","","","1","$0.00","",""
"Sushi Box","76903243-d6b8-4da0-baf7-7b8c1245dde7","","NO_TAX","TRUE","TRUE","","FALSE","FALSE","FALSE","FALSE","FALSE","FALSE","FALSE","FALSE","0:00","0:00","","","","","","","","","","","","","","","","","","Sushi Box du Moment","853b384e-5ab1-47dd-b278-1ea586769063","2 Sushi Saumon, 3 Maki Cheese Avocat, 6 California Saumon Crispy Onion, 3 California Chicken Curry, 3 Spring Crevette Tempura","$19.90","$19.90","REGULAR","","","","","","$0.00","$0.00","","","","","","","","FALSE","FALSE","FALSE","FALSE","FALSE","FALSE","FALSE","FALSE","0:00","0:00","Choix supplément","9a7778d7-2521-451e-ad6a-c3c48f097859","","5","1","Crispy Onions","d9984e3f-905a-4b54-99d5-2da6aa7e2520","$0.50","$0.50","REGULAR","4865","","","1","$0.00","",""
"Sushi Box","76903243-d6b8-4da0-baf7-7b8c1245dde7","","NO_TAX","TRUE","TRUE","","FALSE","FALSE","FALSE","FALSE","FALSE","FALSE","FALSE","FALSE","0:00","0:00","","","","","","","","","","","","","","","","","","Sushi Box du Moment","853b384e-5ab1-47dd-b278-1ea586769063","2 Sushi Saumon, 3 Maki Cheese Avocat, 6 California Saumon Crispy Onion, 3 California Chicken Curry, 3 Spring Crevette Tempura","$19.90","$19.90","REGULAR","","","","","","$0.00","$0.00","","","","","","","","FALSE","FALSE","FALSE","FALSE","FALSE","FALSE","FALSE","FALSE","0:00","0:00","Voulez-vous des baguettes ?","c425f756-6bd4-494a-803d-465af470b827","1","1","1","Baguettes en bois réutilisables","096650fc-2564-474a-ad5a-d3102ab24726","$0.90","$0.90","REGULAR","4125","","","1","$0.00","",""
"Sushi Box","76903243-d6b8-4da0-baf7-7b8c1245dde7","","NO_TAX","TRUE","TRUE","","FALSE","FALSE","FALSE","FALSE","FALSE","FALSE","FALSE","FALSE","0:00","0:00","","","","","","","","","","","","","","","","","","Sushi Box du Moment","853b384e-5ab1-47dd-b278-1ea586769063","2 Sushi Saumon, 3 Maki Cheese Avocat, 6 California Saumon Crispy Onion, 3 California Chicken Curry, 3 Spring Crevette Tempura","$19.90","$19.90","REGULAR","","","","","","$0.00","$0.00","","","","","","","","FALSE","FALSE","FALSE","FALSE","FALSE","FALSE","FALSE","FALSE","0:00","0:00","Voulez-vous des baguettes ?","c425f756-6bd4-494a-803d-465af470b827","1","1","1","Baguettes à usage unique","f57f6d9d-e543-411d-87f3-a19267306766","$0.00","$0.00","REGULAR","1420","","","1","$0.00","",""
"Sushi Box","76903243-d6b8-4da0-baf7-7b8c1245dde7","","NO_TAX","TRUE","TRUE","","FALSE","FALSE","FALSE","FALSE","FALSE","FALSE","FALSE","FALSE","0:00","0:00","","","","","","","","","","","","","","","","","","Sushi Box du Moment","853b384e-5ab1-47dd-b278-1ea586769063","2 Sushi Saumon, 3 Maki Cheese Avocat, 6 California Saumon Crispy Onion, 3 California Chicken Curry, 3 Spring Crevette Tempura","$19.90","$19.90","REGULAR","","","","","","$0.00","$0.00","","","","","","","","FALSE","FALSE","FALSE","FALSE","FALSE","FALSE","FALSE","FALSE","0:00","0:00","Voulez-vous des baguettes ?","c425f756-6bd4-494a-803d-465af470b827","1","1","1","Pas de baguettes","8bbdb93c-c9e9-4881-9a84-4500a6997cc7","$0.00","$0.00","REGULAR","3817","","","1","$0.00","",""
"Sushi Box","76903243-d6b8-4da0-baf7-7b8c1245dde7","","NO_TAX","TRUE","TRUE","","FALSE","FALSE","FALSE","FALSE","FALSE","FALSE","FALSE","FALSE","0:00","0:00","","","","","","","","","","","","","","","","","","Box Duo Essentiels","99fdbabb-4f05-4824-bde9-d9ab465452d5","6 California Saumon Avocat, 6 Maki Cheese Avocat","$12.90","$12.90","REGULAR","","","","","","$0.00","$0.00","","","","","","","","FALSE","FALSE","FALSE","FALSE","FALSE","FALSE","FALSE","FALSE","0:00","0:00","Choix extra gratuit","ad35185f-6a5a-46f9-b917-deb9ebb53b0c","1","1","1","Gingembre offert","52f60b58-5c80-49ae-bd3b-7962650c635a","$0.00","$0.00","REGULAR","2859","","","1","$0.00","",""
"Sushi Box","76903243-d6b8-4da0-baf7-7b8c1245dde7","","NO_TAX","TRUE","TRUE","","FALSE","FALSE","FALSE","FALSE","FALSE","FALSE","FALSE","FALSE","0:00","0:00","","","","","","","","","","","","","","","","","","Box Duo Essentiels","99fdbabb-4f05-4824-bde9-d9ab465452d5","6 California Saumon Avocat, 6 Maki Cheese Avocat","$12.90","$12.90","REGULAR","","","","","","$0.00","$0.00","","","","","","","","FALSE","FALSE","FALSE","FALSE","FALSE","FALSE","FALSE","FALSE","0:00","0:00","Choix extra gratuit","ad35185f-6a5a-46f9-b917-deb9ebb53b0c","1","1","1","Sauce soja sucrée offerte","d950fbea-26c8-4526-89a8-33d49502e5a2","$0.00","$0.00","REGULAR","2861","","","1","$0.00","",""
"Sushi Box","76903243-d6b8-4da0-baf7-7b8c1245dde7","","NO_TAX","TRUE","TRUE","","FALSE","FALSE","FALSE","FALSE","FALSE","FALSE","FALSE","FALSE","0:00","0:00","","","","","","","","","","","","","","","","","","Box Duo Essentiels","99fdbabb-4f05-4824-bde9-d9ab465452d5","6 California Saumon Avocat, 6 Maki Cheese Avocat","$12.90","$12.90","REGULAR","","","","","","$0.00","$0.00","","","","","","","","FALSE","FALSE","FALSE","FALSE","FALSE","FALSE","FALSE","FALSE","0:00","0:00","Choix extra gratuit","ad35185f-6a5a-46f9-b917-deb9ebb53b0c","1","1","1","Sauce soja salée offerte","e01b4dce-acd1-4d62-93f9-b3add731c499","$0.00","$0.00","REGULAR","2863","","","1","$0.00","",""
"Sushi Box","76903243-d6b8-4da0-baf7-7b8c1245dde7","","NO_TAX","TRUE","TRUE","","FALSE","FALSE","FALSE","FALSE","FALSE","FALSE","FALSE","FALSE","0:00","0:00","","","","","","","","","","","","","","","","","","Box Duo Essentiels","99fdbabb-4f05-4824-bde9-d9ab465452d5","6 California Saumon Avocat, 6 Maki Cheese Avocat","$12.90","$12.90","REGULAR","","","","","","$0.00","$0.00","","","","","","","","FALSE","FALSE","FALSE","FALSE","FALSE","FALSE","FALSE","FALSE","0:00","0:00","Choix extra gratuit","ad35185f-6a5a-46f9-b917-deb9ebb53b0c","1","1","1","Wasabi offert","38714afe-10b1-4f50-b0f8-c99526e1c4bd","$0.00","$0.00","REGULAR","2865","","","1","$0.00","",""
"Sushi Box","76903243-d6b8-4da0-baf7-7b8c1245dde7","","NO_TAX","TRUE","TRUE","","FALSE","FALSE","FALSE","FALSE","FALSE","FALSE","FALSE","FALSE","0:00","0:00","","","","","","","","","","","","","","","","","","Box Duo Essentiels","99fdbabb-4f05-4824-bde9-d9ab465452d5","6 California Saumon Avocat, 6 Maki Cheese Avocat","$12.90","$12.90","REGULAR","","","","","","$0.00","$0.00","","","","","","","","FALSE","FALSE","FALSE","FALSE","FALSE","FALSE","FALSE","FALSE","0:00","0:00","Choix supplément","7f789429-d872-4ca8-a77e-d0e40b6e1371","","5","1","Gingembre (1 sachet)","96e9234e-88ba-4f28-a346-96be6a288aba","$0.50","$0.50","REGULAR","1424","","","1","$0.00","",""
"Sushi Box","76903243-d6b8-4da0-baf7-7b8c1245dde7","","NO_TAX","TRUE","TRUE","","FALSE","FALSE","FALSE","FALSE","FALSE","FALSE","FALSE","FALSE","0:00","0:00","","","","","","","","","","","","","","","","","","Box Duo Essentiels","99fdbabb-4f05-4824-bde9-d9ab465452d5","6 California Saumon Avocat, 6 Maki Cheese Avocat","$12.90","$12.90","REGULAR","","","","","","$0.00","$0.00","","","","","","","","FALSE","FALSE","FALSE","FALSE","FALSE","FALSE","FALSE","FALSE","0:00","0:00","Choix supplément","7f789429-d872-4ca8-a77e-d0e40b6e1371","","5","1","Sauce soja salée","c68ef7a3-9fbf-4f63-b180-0248e1c0ac1b","$0.50","$0.50","REGULAR","1422","","","1","$0.00","",""
"Sushi Box","76903243-d6b8-4da0-baf7-7b8c1245dde7","","NO_TAX","TRUE","TRUE","","FALSE","FALSE","FALSE","FALSE","FALSE","FALSE","FALSE","FALSE","0:00","0:00","","","","","","","","","","","","","","","","","","Box Duo Essentiels","99fdbabb-4f05-4824-bde9-d9ab465452d5","6 California Saumon Avocat, 6 Maki Cheese Avocat","$12.90","$12.90","REGULAR","","","","","","$0.00","$0.00","","","","","","","","FALSE","FALSE","FALSE","FALSE","FALSE","FALSE","FALSE","FALSE","0:00","0:00","Choix supplément","7f789429-d872-4ca8-a77e-d0e40b6e1371","","5","1","Sauce soja sucrée","47218c35-6842-42cf-855b-406464109415","$0.50","$0.50","REGULAR","1421","","","1","$0.00","",""
"Sushi Box","76903243-d6b8-4da0-baf7-7b8c1245dde7","","NO_TAX","TRUE","TRUE","","FALSE","FALSE","FALSE","FALSE","FALSE","FALSE","FALSE","FALSE","0:00","0:00","","","","","","","","","","","","","","","","","","Box Duo Essentiels","99fdbabb-4f05-4824-bde9-d9ab465452d5","6 California Saumon Avocat, 6 Maki Cheese Avocat","$12.90","$12.90","REGULAR","","","","","","$0.00","$0.00","","","","","","","","FALSE","FALSE","FALSE","FALSE","FALSE","FALSE","FALSE","FALSE","0:00","0:00","Choix supplément","7f789429-d872-4ca8-a77e-d0e40b6e1371","","5","1","Wasabi (1 sachet)","368fb453-f032-42b3-8d82-5a581710ecdd","$0.50","$0.50","REGULAR","1423","","","1","$0.00","",""
"Sushi Box","76903243-d6b8-4da0-baf7-7b8c1245dde7","","NO_TAX","TRUE","TRUE","","FALSE","FALSE","FALSE","FALSE","FALSE","FALSE","FALSE","FALSE","0:00","0:00","","","","","","","","","","","","","","","","","","Box Duo Essentiels","99fdbabb-4f05-4824-bde9-d9ab465452d5","6 California Saumon Avocat, 6 Maki Cheese Avocat","$12.90","$12.90","REGULAR","","","","","","$0.00","$0.00","","","","","","","","FALSE","FALSE","FALSE","FALSE","FALSE","FALSE","FALSE","FALSE","0:00","0:00","Choix supplément","7f789429-d872-4ca8-a77e-d0e40b6e1371","","5","1","Crispy Onions","b008189c-9a0a-45b8-8350-ebe005842a38","$0.50","$0.50","REGULAR","4865","","","1","$0.00","",""
"Sushi Box","76903243-d6b8-4da0-baf7-7b8c1245dde7","","NO_TAX","TRUE","TRUE","","FALSE","FALSE","FALSE","FALSE","FALSE","FALSE","FALSE","FALSE","0:00","0:00","","","","","","","","","","","","","","","","","","Box Duo Essentiels","99fdbabb-4f05-4824-bde9-d9ab465452d5","6 California Saumon Avocat, 6 Maki Cheese Avocat","$12.90","$12.90","REGULAR","","","","","","$0.00","$0.00","","","","","","","","FALSE","FALSE","FALSE","FALSE","FALSE","FALSE","FALSE","FALSE","0:00","0:00","Voulez-vous des baguettes ?","342ac944-bc80-49ae-91c8-6661809a1a1f","1","1","1","Baguettes en bois réutilisables","06c66594-0ce9-401e-beed-f84cdd5a6dcc","$0.90","$0.90","REGULAR","4125","","","1","$0.00","",""
"Sushi Box","76903243-d6b8-4da0-baf7-7b8c1245dde7","","NO_TAX","TRUE","TRUE","","FALSE","FALSE","FALSE","FALSE","FALSE","FALSE","FALSE","FALSE","0:00","0:00","","","","","","","","","","","","","","","","","","Box Duo Essentiels","99fdbabb-4f05-4824-bde9-d9ab465452d5","6 California Saumon Avocat, 6 Maki Cheese Avocat","$12.90","$12.90","REGULAR","","","","","","$0.00","$0.00","","","","","","","","FALSE","FALSE","FALSE","FALSE","FALSE","FALSE","FALSE","FALSE","0:00","0:00","Voulez-vous des baguettes ?","342ac944-bc80-49ae-91c8-6661809a1a1f","1","1","1","Baguettes à usage unique","52fc96f5-fa66-49f1-81ea-a4d85a83632e","$0.00","$0.00","REGULAR","1420","","","1","$0.00","",""
"Sushi Box","76903243-d6b8-4da0-baf7-7b8c1245dde7","","NO_TAX","TRUE","TRUE","","FALSE","FALSE","FALSE","FALSE","FALSE","FALSE","FALSE","FALSE","0:00","0:00","","","","","","","","","","","","","","","","","","Box Duo Essentiels","99fdbabb-4f05-4824-bde9-d9ab465452d5","6 California Saumon Avocat, 6 Maki Cheese Avocat","$12.90","$12.90","REGULAR","","","","","","$0.00","$0.00","","","","","","","","FALSE","FALSE","FALSE","FALSE","FALSE","FALSE","FALSE","FALSE","0:00","0:00","Voulez-vous des baguettes ?","342ac944-bc80-49ae-91c8-6661809a1a1f","1","1","1","Pas de baguettes","31ffe0a9-a87e-4e94-a193-332e78ddce53","$0.00","$0.00","REGULAR","3817","","","1","$0.00","",""
"Sushi Box","76903243-d6b8-4da0-baf7-7b8c1245dde7","","NO_TAX","TRUE","TRUE","","FALSE","FALSE","FALSE","FALSE","FALSE","FALSE","FALSE","FALSE","0:00","0:00","","","","","","","","","","","","","","","","","","Sushi Box California Dream","02284bdd-7e5c-4deb-9ce4-fb3498a0e5cb","6 California Salmon Aburi, 6 California Chicken Curry, 6 California Thon Cuit Avocat, 6 California Saumon Avocat","$25.90","$25.90","REGULAR","","","","","","$0.00","$0.00","","","","","","","","FALSE","FALSE","FALSE","FALSE","FALSE","FALSE","FALSE","FALSE","0:00","0:00","Choix accompagnements","a07dbcb9-dd43-4160-86c7-8e5e55422a30","1","1","1","Pas d'accompagnement","0b75c8c1-2eb5-4206-b726-cf0e4da3206b","$0.00","$0.00","REGULAR","4941","","","1","$0.00","",""
"Sushi Box","76903243-d6b8-4da0-baf7-7b8c1245dde7","","NO_TAX","TRUE","TRUE","","FALSE","FALSE","FALSE","FALSE","FALSE","FALSE","FALSE","FALSE","0:00","0:00","","","","","","","","","","","","","","","","","","Sushi Box California Dream","02284bdd-7e5c-4deb-9ce4-fb3498a0e5cb","6 California Salmon Aburi, 6 California Chicken Curry, 6 California Thon Cuit Avocat, 6 California Saumon Avocat","$25.90","$25.90","REGULAR","","","","","","$0.00","$0.00","","","","","","","","FALSE","FALSE","FALSE","FALSE","FALSE","FALSE","FALSE","FALSE","0:00","0:00","Choix accompagnements","a07dbcb9-dd43-4160-86c7-8e5e55422a30","1","1","1","Edamame & Salade de Chou","1131cdb0-c366-480b-82ba-f8e47cba7e36","$0.00","$0.00","REGULAR","4940","","","1","$0.00","",""
"Sushi Box","76903243-d6b8-4da0-baf7-7b8c1245dde7","","NO_TAX","TRUE","TRUE","","FALSE","FALSE","FALSE","FALSE","FALSE","FALSE","FALSE","FALSE","0:00","0:00","","","","","","","","","","","","","","","","","","Sushi Box California Dream","02284bdd-7e5c-4deb-9ce4-fb3498a0e5cb","6 California Salmon Aburi, 6 California Chicken Curry, 6 California Thon Cuit Avocat, 6 California Saumon Avocat","$25.90","$25.90","REGULAR","","","","","","$0.00","$0.00","","","","","","","","FALSE","FALSE","FALSE","FALSE","FALSE","FALSE","FALSE","FALSE","0:00","0:00","Choix extra gratuit","9e7e41e9-71e0-49f6-808d-0c1cb9a11d02","1","1","1","Gingembre offert","52f60b58-5c80-49ae-bd3b-7962650c635a","$0.00","$0.00","REGULAR","2859","","","1","$0.00","",""
"Sushi Box","76903243-d6b8-4da0-baf7-7b8c1245dde7","","NO_TAX","TRUE","TRUE","","FALSE","FALSE","FALSE","FALSE","FALSE","FALSE","FALSE","FALSE","0:00","0:00","","","","","","","","","","","","","","","","","","Sushi Box California Dream","02284bdd-7e5c-4deb-9ce4-fb3498a0e5cb","6 California Salmon Aburi, 6 California Chicken Curry, 6 California Thon Cuit Avocat, 6 California Saumon Avocat","$25.90","$25.90","REGULAR","","","","","","$0.00","$0.00","","","","","","","","FALSE","FALSE","FALSE","FALSE","FALSE","FALSE","FALSE","FALSE","0:00","0:00","Choix extra gratuit","9e7e41e9-71e0-49f6-808d-0c1cb9a11d02","1","1","1","Sauce soja sucrée offerte","eece6c02-d2bc-4253-ac6c-a11e532685fe","$0.00","$0.00","REGULAR","2861","","","1","$0.00","",""
"Sushi Box","76903243-d6b8-4da0-baf7-7b8c1245dde7","","NO_TAX","TRUE","TRUE","","FALSE","FALSE","FALSE","FALSE","FALSE","FALSE","FALSE","FALSE","0:00","0:00","","","","","","","","","","","","","","","","","","Sushi Box California Dream","02284bdd-7e5c-4deb-9ce4-fb3498a0e5cb","6 California Salmon Aburi, 6 California Chicken Curry, 6 California Thon Cuit Avocat, 6 California Saumon Avocat","$25.90","$25.90","REGULAR","","","","","","$0.00","$0.00","","","","","","","","FALSE","FALSE","FALSE","FALSE","FALSE","FALSE","FALSE","FALSE","0:00","0:00","Choix extra gratuit","9e7e41e9-71e0-49f6-808d-0c1cb9a11d02","1","1","1","Sauce soja salée offerte","6215a65f-f5e5-4645-bc60-2718a13ac174","$0.00","$0.00","REGULAR","2863","","","1","$0.00","",""
"Sushi Box","76903243-d6b8-4da0-baf7-7b8c1245dde7","","NO_TAX","TRUE","TRUE","","FALSE","FALSE","FALSE","FALSE","FALSE","FALSE","FALSE","FALSE","0:00","0:00","","","","","","","","","","","","","","","","","","Sushi Box California Dream","02284bdd-7e5c-4deb-9ce4-fb3498a0e5cb","6 California Salmon Aburi, 6 California Chicken Curry, 6 California Thon Cuit Avocat, 6 California Saumon Avocat","$25.90","$25.90","REGULAR","","","","","","$0.00","$0.00","","","","","","","","FALSE","FALSE","FALSE","FALSE","FALSE","FALSE","FALSE","FALSE","0:00","0:00","Choix extra gratuit","9e7e41e9-71e0-49f6-808d-0c1cb9a11d02","1","1","1","Wasabi offert","be632115-db93-412a-935b-520e275fabbb","$0.00","$0.00","REGULAR","2865","","","1","$0.00","",""
"Sushi Box","76903243-d6b8-4da0-baf7-7b8c1245dde7","","NO_TAX","TRUE","TRUE","","FALSE","FALSE","FALSE","FALSE","FALSE","FALSE","FALSE","FALSE","0:00","0:00","","","","","","","","","","","","","","","","","","Sushi Box California Dream","02284bdd-7e5c-4deb-9ce4-fb3498a0e5cb","6 California Salmon Aburi, 6 California Chicken Curry, 6 California Thon Cuit Avocat, 6 California Saumon Avocat","$25.90","$25.90","REGULAR","","","","","","$0.00","$0.00","","","","","","","","FALSE","FALSE","FALSE","FALSE","FALSE","FALSE","FALSE","FALSE","0:00","0:00","Choix supplément","9a7778d7-2521-451e-ad6a-c3c48f097859","","5","1","Gingembre (1 sachet)","96e9234e-88ba-4f28-a346-96be6a288aba","$0.50","$0.50","REGULAR","1424","","","1","$0.00","",""
"Sushi Box","76903243-d6b8-4da0-baf7-7b8c1245dde7","","NO_TAX","TRUE","TRUE","","FALSE","FALSE","FALSE","FALSE","FALSE","FALSE","FALSE","FALSE","0:00","0:00","","","","","","","","","","","","","","","","","","Sushi Box California Dream","02284bdd-7e5c-4deb-9ce4-fb3498a0e5cb","6 California Salmon Aburi, 6 California Chicken Curry, 6 California Thon Cuit Avocat, 6 California Saumon Avocat","$25.90","$25.90","REGULAR","","","","","","$0.00","$0.00","","","","","","","","FALSE","FALSE","FALSE","FALSE","FALSE","FALSE","FALSE","FALSE","0:00","0:00","Choix supplément","9a7778d7-2521-451e-ad6a-c3c48f097859","","5","1","Sauce soja salée","cb1bfb7e-94e6-4a20-86e9-6d2d53556725","$0.50","$0.50","REGULAR","1422","","","1","$0.00","",""
"Sushi Box","76903243-d6b8-4da0-baf7-7b8c1245dde7","","NO_TAX","TRUE","TRUE","","FALSE","FALSE","FALSE","FALSE","FALSE","FALSE","FALSE","FALSE","0:00","0:00","","","","","","","","","","","","","","","","","","Sushi Box California Dream","02284bdd-7e5c-4deb-9ce4-fb3498a0e5cb","6 California Salmon Aburi, 6 California Chicken Curry, 6 California Thon Cuit Avocat, 6 California Saumon Avocat","$25.90","$25.90","REGULAR","","","","","","$0.00","$0.00","","","","","","","","FALSE","FALSE","FALSE","FALSE","FALSE","FALSE","FALSE","FALSE","0:00","0:00","Choix supplément","9a7778d7-2521-451e-ad6a-c3c48f097859","","5","1","Sauce soja sucrée","6ce86702-9e72-4296-81d5-8fee1d83ba0a","$0.50","$0.50","REGULAR","1421","","","1","$0.00","",""
"Sushi Box","76903243-d6b8-4da0-baf7-7b8c1245dde7","","NO_TAX","TRUE","TRUE","","FALSE","FALSE","FALSE","FALSE","FALSE","FALSE","FALSE","FALSE","0:00","0:00","","","","","","","","","","","","","","","","","","Sushi Box California Dream","02284bdd-7e5c-4deb-9ce4-fb3498a0e5cb","6 California Salmon Aburi, 6 California Chicken Curry, 6 California Thon Cuit Avocat, 6 California Saumon Avocat","$25.90","$25.90","REGULAR","","","","","","$0.00","$0.00","","","","","","","","FALSE","FALSE","FALSE","FALSE","FALSE","FALSE","FALSE","FALSE","0:00","0:00","Choix supplément","9a7778d7-2521-451e-ad6a-c3c48f097859","","5","1","Wasabi (1 sachet)","18c64759-cd24-466e-9ea4-171cce3709de","$0.50","$0.50","REGULAR","1423","","","1","$0.00","",""
"Sushi Box","76903243-d6b8-4da0-baf7-7b8c1245dde7","","NO_TAX","TRUE","TRUE","","FALSE","FALSE","FALSE","FALSE","FALSE","FALSE","FALSE","FALSE","0:00","0:00","","","","","","","","","","","","","","","","","","Sushi Box California Dream","02284bdd-7e5c-4deb-9ce4-fb3498a0e5cb","6 California Salmon Aburi, 6 California Chicken Curry, 6 California Thon Cuit Avocat, 6 California Saumon Avocat","$25.90","$25.90","REGULAR","","","","","","$0.00","$0.00","","","","","","","","FALSE","FALSE","FALSE","FALSE","FALSE","FALSE","FALSE","FALSE","0:00","0:00","Choix supplément","9a7778d7-2521-451e-ad6a-c3c48f097859","","5","1","Crispy Onions","d9984e3f-905a-4b54-99d5-2da6aa7e2520","$0.50","$0.50","REGULAR","4865","","","1","$0.00","",""
"Sushi Box","76903243-d6b8-4da0-baf7-7b8c1245dde7","","NO_TAX","TRUE","TRUE","","FALSE","FALSE","FALSE","FALSE","FALSE","FALSE","FALSE","FALSE","0:00","0:00","","","","","","","","","","","","","","","","","","Sushi Box California Dream","02284bdd-7e5c-4deb-9ce4-fb3498a0e5cb","6 California Salmon Aburi, 6 California Chicken Curry, 6 California Thon Cuit Avocat, 6 California Saumon Avocat","$25.90","$25.90","REGULAR","","","","","","$0.00","$0.00","","","","","","","","FALSE","FALSE","FALSE","FALSE","FALSE","FALSE","FALSE","FALSE","0:00","0:00","Voulez-vous des baguettes ?","c425f756-6bd4-494a-803d-465af470b827","1","1","1","Baguettes en bois réutilisables","096650fc-2564-474a-ad5a-d3102ab24726","$0.90","$0.90","REGULAR","4125","","","1","$0.00","",""
"Sushi Box","76903243-d6b8-4da0-baf7-7b8c1245dde7","","NO_TAX","TRUE","TRUE","","FALSE","FALSE","FALSE","FALSE","FALSE","FALSE","FALSE","FALSE","0:00","0:00","","","","","","","","","","","","","","","","","","Sushi Box California Dream","02284bdd-7e5c-4deb-9ce4-fb3498a0e5cb","6 California Salmon Aburi, 6 California Chicken Curry, 6 California Thon Cuit Avocat, 6 California Saumon Avocat","$25.90","$25.90","REGULAR","","","","","","$0.00","$0.00","","","","","","","","FALSE","FALSE","FALSE","FALSE","FALSE","FALSE","FALSE","FALSE","0:00","0:00","Voulez-vous des baguettes ?","c425f756-6bd4-494a-803d-465af470b827","1","1","1","Baguettes à usage unique","f57f6d9d-e543-411d-87f3-a19267306766","$0.00","$0.00","REGULAR","1420","","","1","$0.00","",""
"Sushi Box","76903243-d6b8-4da0-baf7-7b8c1245dde7","","NO_TAX","TRUE","TRUE","","FALSE","FALSE","FALSE","FALSE","FALSE","FALSE","FALSE","FALSE","0:00","0:00","","","","","","","","","","","","","","","","","","Sushi Box California Dream","02284bdd-7e5c-4deb-9ce4-fb3498a0e5cb","6 California Salmon Aburi, 6 California Chicken Curry, 6 California Thon Cuit Avocat, 6 California Saumon Avocat","$25.90","$25.90","REGULAR","","","","","","$0.00","$0.00","","","","","","","","FALSE","FALSE","FALSE","FALSE","FALSE","FALSE","FALSE","FALSE","0:00","0:00","Voulez-vous des baguettes ?","c425f756-6bd4-494a-803d-465af470b827","1","1","1","Pas de baguettes","8bbdb93c-c9e9-4881-9a84-4500a6997cc7","$0.00","$0.00","REGULAR","3817","","","1","$0.00","",""
"Sushi Box","76903243-d6b8-4da0-baf7-7b8c1245dde7","","NO_TAX","TRUE","TRUE","","FALSE","FALSE","FALSE","FALSE","FALSE","FALSE","FALSE","FALSE","0:00","0:00","","","","","","","","","","","","","","","","","","Sushi Box Crispy Box","0b89b9e2-99d3-4658-8d3c-9065154c0f0d","6 California Nacho Roll, 6 California Chicken Katsu, 6 California Tropical Mango","$21.90","$21.90","REGULAR","","","","","","$0.00","$0.00","","","","","","","","FALSE","FALSE","FALSE","FALSE","FALSE","FALSE","FALSE","FALSE","0:00","0:00","Choix accompagnements","a07dbcb9-dd43-4160-86c7-8e5e55422a30","1","1","1","Pas d'accompagnement","0b75c8c1-2eb5-4206-b726-cf0e4da3206b","$0.00","$0.00","REGULAR","4941","","","1","$0.00","",""
"Sushi Box","76903243-d6b8-4da0-baf7-7b8c1245dde7","","NO_TAX","TRUE","TRUE","","FALSE","FALSE","FALSE","FALSE","FALSE","FALSE","FALSE","FALSE","0:00","0:00","","","","","","","","","","","","","","","","","","Sushi Box Crispy Box","0b89b9e2-99d3-4658-8d3c-9065154c0f0d","6 California Nacho Roll, 6 California Chicken Katsu, 6 California Tropical Mango","$21.90","$21.90","REGULAR","","","","","","$0.00","$0.00","","","","","","","","FALSE","FALSE","FALSE","FALSE","FALSE","FALSE","FALSE","FALSE","0:00","0:00","Choix accompagnements","a07dbcb9-dd43-4160-86c7-8e5e55422a30","1","1","1","Edamame & Salade de Chou","1131cdb0-c366-480b-82ba-f8e47cba7e36","$0.00","$0.00","REGULAR","4940","","","1","$0.00","",""
"Sushi Box","76903243-d6b8-4da0-baf7-7b8c1245dde7","","NO_TAX","TRUE","TRUE","","FALSE","FALSE","FALSE","FALSE","FALSE","FALSE","FALSE","FALSE","0:00","0:00","","","","","","","","","","","","","","","","","","Sushi Box Crispy Box","0b89b9e2-99d3-4658-8d3c-9065154c0f0d","6 California Nacho Roll, 6 California Chicken Katsu, 6 California Tropical Mango","$21.90","$21.90","REGULAR","","","","","","$0.00","$0.00","","","","","","","","FALSE","FALSE","FALSE","FALSE","FALSE","FALSE","FALSE","FALSE","0:00","0:00","Choix extra gratuit","9e7e41e9-71e0-49f6-808d-0c1cb9a11d02","1","1","1","Gingembre offert","52f60b58-5c80-49ae-bd3b-7962650c635a","$0.00","$0.00","REGULAR","2859","","","1","$0.00","",""
"Sushi Box","76903243-d6b8-4da0-baf7-7b8c1245dde7","","NO_TAX","TRUE","TRUE","","FALSE","FALSE","FALSE","FALSE","FALSE","FALSE","FALSE","FALSE","0:00","0:00","","","","","","","","","","","","","","","","","","Sushi Box Crispy Box","0b89b9e2-99d3-4658-8d3c-9065154c0f0d","6 California Nacho Roll, 6 California Chicken Katsu, 6 California Tropical Mango","$21.90","$21.90","REGULAR","","","","","","$0.00","$0.00","","","","","","","","FALSE","FALSE","FALSE","FALSE","FALSE","FALSE","FALSE","FALSE","0:00","0:00","Choix extra gratuit","9e7e41e9-71e0-49f6-808d-0c1cb9a11d02","1","1","1","Sauce soja sucrée offerte","eece6c02-d2bc-4253-ac6c-a11e532685fe","$0.00","$0.00","REGULAR","2861","","","1","$0.00","",""
"Sushi Box","76903243-d6b8-4da0-baf7-7b8c1245dde7","","NO_TAX","TRUE","TRUE","","FALSE","FALSE","FALSE","FALSE","FALSE","FALSE","FALSE","FALSE","0:00","0:00","","","","","","","","","","","","","","","","","","Sushi Box Crispy Box","0b89b9e2-99d3-4658-8d3c-9065154c0f0d","6 California Nacho Roll, 6 California Chicken Katsu, 6 California Tropical Mango","$21.90","$21.90","REGULAR","","","","","","$0.00","$0.00","","","","","","","","FALSE","FALSE","FALSE","FALSE","FALSE","FALSE","FALSE","FALSE","0:00","0:00","Choix extra gratuit","9e7e41e9-71e0-49f6-808d-0c1cb9a11d02","1","1","1","Sauce soja salée offerte","6215a65f-f5e5-4645-bc60-2718a13ac174","$0.00","$0.00","REGULAR","2863","","","1","$0.00","",""
"Sushi Box","76903243-d6b8-4da0-baf7-7b8c1245dde7","","NO_TAX","TRUE","TRUE","","FALSE","FALSE","FALSE","FALSE","FALSE","FALSE","FALSE","FALSE","0:00","0:00","","","","","","","","","","","","","","","","","","Sushi Box Crispy Box","0b89b9e2-99d3-4658-8d3c-9065154c0f0d","6 California Nacho Roll, 6 California Chicken Katsu, 6 California Tropical Mango","$21.90","$21.90","REGULAR","","","","","","$0.00","$0.00","","","","","","","","FALSE","FALSE","FALSE","FALSE","FALSE","FALSE","FALSE","FALSE","0:00","0:00","Choix extra gratuit","9e7e41e9-71e0-49f6-808d-0c1cb9a11d02","1","1","1","Wasabi offert","be632115-db93-412a-935b-520e275fabbb","$0.00","$0.00","REGULAR","2865","","","1","$0.00","",""
"Sushi Box","76903243-d6b8-4da0-baf7-7b8c1245dde7","","NO_TAX","TRUE","TRUE","","FALSE","FALSE","FALSE","FALSE","FALSE","FALSE","FALSE","FALSE","0:00","0:00","","","","","","","","","","","","","","","","","","Sushi Box Crispy Box","0b89b9e2-99d3-4658-8d3c-9065154c0f0d","6 California Nacho Roll, 6 California Chicken Katsu, 6 California Tropical Mango","$21.90","$21.90","REGULAR","","","","","","$0.00","$0.00","","","","","","","","FALSE","FALSE","FALSE","FALSE","FALSE","FALSE","FALSE","FALSE","0:00","0:00","Choix supplément","9a7778d7-2521-451e-ad6a-c3c48f097859","","5","1","Gingembre (1 sachet)","96e9234e-88ba-4f28-a346-96be6a288aba","$0.50","$0.50","REGULAR","1424","","","1","$0.00","",""
"Sushi Box","76903243-d6b8-4da0-baf7-7b8c1245dde7","","NO_TAX","TRUE","TRUE","","FALSE","FALSE","FALSE","FALSE","FALSE","FALSE","FALSE","FALSE","0:00","0:00","","","","","","","","","","","","","","","","","","Sushi Box Crispy Box","0b89b9e2-99d3-4658-8d3c-9065154c0f0d","6 California Nacho Roll, 6 California Chicken Katsu, 6 California Tropical Mango","$21.90","$21.90","REGULAR","","","","","","$0.00","$0.00","","","","","","","","FALSE","FALSE","FALSE","FALSE","FALSE","FALSE","FALSE","FALSE","0:00","0:00","Choix supplément","9a7778d7-2521-451e-ad6a-c3c48f097859","","5","1","Sauce soja salée","cb1bfb7e-94e6-4a20-86e9-6d2d53556725","$0.50","$0.50","REGULAR","1422","","","1","$0.00","",""
"Sushi Box","76903243-d6b8-4da0-baf7-7b8c1245dde7","","NO_TAX","TRUE","TRUE","","FALSE","FALSE","FALSE","FALSE","FALSE","FALSE","FALSE","FALSE","0:00","0:00","","","","","","","","","","","","","","","","","","Sushi Box Crispy Box","0b89b9e2-99d3-4658-8d3c-9065154c0f0d","6 California Nacho Roll, 6 California Chicken Katsu, 6 California Tropical Mango","$21.90","$21.90","REGULAR","","","","","","$0.00","$0.00","","","","","","","","FALSE","FALSE","FALSE","FALSE","FALSE","FALSE","FALSE","FALSE","0:00","0:00","Choix supplément","9a7778d7-2521-451e-ad6a-c3c48f097859","","5","1","Sauce soja sucrée","6ce86702-9e72-4296-81d5-8fee1d83ba0a","$0.50","$0.50","REGULAR","1421","","","1","$0.00","",""
"Sushi Box","76903243-d6b8-4da0-baf7-7b8c1245dde7","","NO_TAX","TRUE","TRUE","","FALSE","FALSE","FALSE","FALSE","FALSE","FALSE","FALSE","FALSE","0:00","0:00","","","","","","","","","","","","","","","","","","Sushi Box Crispy Box","0b89b9e2-99d3-4658-8d3c-9065154c0f0d","6 California Nacho Roll, 6 California Chicken Katsu, 6 California Tropical Mango","$21.90","$21.90","REGULAR","","","","","","$0.00","$0.00","","","","","","","","FALSE","FALSE","FALSE","FALSE","FALSE","FALSE","FALSE","FALSE","0:00","0:00","Choix supplément","9a7778d7-2521-451e-ad6a-c3c48f097859","","5","1","Wasabi (1 sachet)","18c64759-cd24-466e-9ea4-171cce3709de","$0.50","$0.50","REGULAR","1423","","","1","$0.00","",""
"Sushi Box","76903243-d6b8-4da0-baf7-7b8c1245dde7","","NO_TAX","TRUE","TRUE","","FALSE","FALSE","FALSE","FALSE","FALSE","FALSE","FALSE","FALSE","0:00","0:00","","","","","","","","","","","","","","","","","","Sushi Box Crispy Box","0b89b9e2-99d3-4658-8d3c-9065154c0f0d","6 California Nacho Roll, 6 California Chicken Katsu, 6 California Tropical Mango","$21.90","$21.90","REGULAR","","","","","","$0.00","$0.00","","","","","","","","FALSE","FALSE","FALSE","FALSE","FALSE","FALSE","FALSE","FALSE","0:00","0:00","Choix supplément","9a7778d7-2521-451e-ad6a-c3c48f097859","","5","1","Crispy Onions","d9984e3f-905a-4b54-99d5-2da6aa7e2520","$0.50","$0.50","REGULAR","4865","","","1","$0.00","",""
"Sushi Box","76903243-d6b8-4da0-baf7-7b8c1245dde7","","NO_TAX","TRUE","TRUE","","FALSE","FALSE","FALSE","FALSE","FALSE","FALSE","FALSE","FALSE","0:00","0:00","","","","","","","","","","","","","","","","","","Sushi Box Crispy Box","0b89b9e2-99d3-4658-8d3c-9065154c0f0d","6 California Nacho Roll, 6 California Chicken Katsu, 6 California Tropical Mango","$21.90","$21.90","REGULAR","","","","","","$0.00","$0.00","","","","","","","","FALSE","FALSE","FALSE","FALSE","FALSE","FALSE","FALSE","FALSE","0:00","0:00","Voulez-vous des baguettes ?","c425f756-6bd4-494a-803d-465af470b827","1","1","1","Baguettes en bois réutilisables","096650fc-2564-474a-ad5a-d3102ab24726","$0.90","$0.90","REGULAR","4125","","","1","$0.00","",""
"Sushi Box","76903243-d6b8-4da0-baf7-7b8c1245dde7","","NO_TAX","TRUE","TRUE","","FALSE","FALSE","FALSE","FALSE","FALSE","FALSE","FALSE","FALSE","0:00","0:00","","","","","","","","","","","","","","","","","","Sushi Box Crispy Box","0b89b9e2-99d3-4658-8d3c-9065154c0f0d","6 California Nacho Roll, 6 California Chicken Katsu, 6 California Tropical Mango","$21.90","$21.90","REGULAR","","","","","","$0.00","$0.00","","","","","","","","FALSE","FALSE","FALSE","FALSE","FALSE","FALSE","FALSE","FALSE","0:00","0:00","Voulez-vous des baguettes ?","c425f756-6bd4-494a-803d-465af470b827","1","1","1","Baguettes à usage unique","f57f6d9d-e543-411d-87f3-a19267306766","$0.00","$0.00","REGULAR","1420","","","1","$0.00","",""
"Sushi Box","76903243-d6b8-4da0-baf7-7b8c1245dde7","","NO_TAX","TRUE","TRUE","","FALSE","FALSE","FALSE","FALSE","FALSE","FALSE","FALSE","FALSE","0:00","0:00","","","","","","","","","","","","","","","","","","Sushi Box Crispy Box","0b89b9e2-99d3-4658-8d3c-9065154c0f0d","6 California Nacho Roll, 6 California Chicken Katsu, 6 California Tropical Mango","$21.90","$21.90","REGULAR","","","","","","$0.00","$0.00","","","","","","","","FALSE","FALSE","FALSE","FALSE","FALSE","FALSE","FALSE","FALSE","0:00","0:00","Voulez-vous des baguettes ?","c425f756-6bd4-494a-803d-465af470b827","1","1","1","Pas de baguettes","8bbdb93c-c9e9-4881-9a84-4500a6997cc7","$0.00","$0.00","REGULAR","3817","","","1","$0.00","",""
"Sushi Box","76903243-d6b8-4da0-baf7-7b8c1245dde7","","NO_TAX","TRUE","TRUE","","FALSE","FALSE","FALSE","FALSE","FALSE","FALSE","FALSE","FALSE","0:00","0:00","","","","","","","","","","","","","","","","","","Menu Kids Saumon","3bbc0267-5e43-4567-b3c5-33ff163a2ab1","4 Maki Cheese Avocat, 4 Maki Saumon, 4 Spring Fried Chicken Avocat, 1 Jus Pommes Pressées Andros 25cl, 1 Compote Pomme - Pêche - Fruit du dragon Pom'Potes 90g","$12.90","$12.90","REGULAR","","","","","","$0.00","$0.00","","","","","","","","FALSE","FALSE","FALSE","FALSE","FALSE","FALSE","FALSE","FALSE","0:00","0:00","Choix box","11f68817-9ae4-465c-9d0a-fed007474654","1","1","1","Sushi box kids","7d6c7c76-5f79-402b-9547-10fb42850498","$0.00","$0.00","REGULAR","4912","","","1","$0.00","",""
"Sushi Box","76903243-d6b8-4da0-baf7-7b8c1245dde7","","NO_TAX","TRUE","TRUE","","FALSE","FALSE","FALSE","FALSE","FALSE","FALSE","FALSE","FALSE","0:00","0:00","","","","","","","","","","","","","","","","","","Menu Kids Saumon","3bbc0267-5e43-4567-b3c5-33ff163a2ab1","4 Maki Cheese Avocat, 4 Maki Saumon, 4 Spring Fried Chicken Avocat, 1 Jus Pommes Pressées Andros 25cl, 1 Compote Pomme - Pêche - Fruit du dragon Pom'Potes 90g","$12.90","$12.90","REGULAR","","","","","","$0.00","$0.00","","","","","","","","FALSE","FALSE","FALSE","FALSE","FALSE","FALSE","FALSE","FALSE","0:00","0:00","Choix boisson","cbde352d-c6d3-47ca-8197-c0211f4a6473","1","1","1","Jus de pomme pressé Andros 25cl","e66ed291-8a3f-4179-9e77-ad0986bc2990","$0.00","$0.00","REGULAR","4908","","","1","$0.00","",""
"Sushi Box","76903243-d6b8-4da0-baf7-7b8c1245dde7","","NO_TAX","TRUE","TRUE","","FALSE","FALSE","FALSE","FALSE","FALSE","FALSE","FALSE","FALSE","0:00","0:00","","","","","","","","","","","","","","","","","","Menu Kids Saumon","3bbc0267-5e43-4567-b3c5-33ff163a2ab1","4 Maki Cheese Avocat, 4 Maki Saumon, 4 Spring Fried Chicken Avocat, 1 Jus Pommes Pressées Andros 25cl, 1 Compote Pomme - Pêche - Fruit du dragon Pom'Potes 90g","$12.90","$12.90","REGULAR","","","","","","$0.00","$0.00","","","","","","","","FALSE","FALSE","FALSE","FALSE","FALSE","FALSE","FALSE","FALSE","0:00","0:00","Choix dessert","bb881d06-8d9f-4835-80c8-35f0d4aeeec6","1","1","1","Compote pomme, pêche et fruit du dragon Pom'Potes 90g","af785d6e-bab9-452a-9b24-ed91f69d73b0","$0.00","$0.00","REGULAR","4909","","","1","$0.00","",""
"Sushi Box","76903243-d6b8-4da0-baf7-7b8c1245dde7","","NO_TAX","TRUE","TRUE","","FALSE","FALSE","FALSE","FALSE","FALSE","FALSE","FALSE","FALSE","0:00","0:00","","","","","","","","","","","","","","","","","","Menu Kids Saumon","3bbc0267-5e43-4567-b3c5-33ff163a2ab1","4 Maki Cheese Avocat, 4 Maki Saumon, 4 Spring Fried Chicken Avocat, 1 Jus Pommes Pressées Andros 25cl, 1 Compote Pomme - Pêche - Fruit du dragon Pom'Potes 90g","$12.90","$12.90","REGULAR","","","","","","$0.00","$0.00","","","","","","","","FALSE","FALSE","FALSE","FALSE","FALSE","FALSE","FALSE","FALSE","0:00","0:00","Choix extra gratuit","ad35185f-6a5a-46f9-b917-deb9ebb53b0c","1","1","1","Gingembre offert","52f60b58-5c80-49ae-bd3b-7962650c635a","$0.00","$0.00","REGULAR","2859","","","1","$0.00","",""
"Sushi Box","76903243-d6b8-4da0-baf7-7b8c1245dde7","","NO_TAX","TRUE","TRUE","","FALSE","FALSE","FALSE","FALSE","FALSE","FALSE","FALSE","FALSE","0:00","0:00","","","","","","","","","","","","","","","","","","Menu Kids Saumon","3bbc0267-5e43-4567-b3c5-33ff163a2ab1","4 Maki Cheese Avocat, 4 Maki Saumon, 4 Spring Fried Chicken Avocat, 1 Jus Pommes Pressées Andros 25cl, 1 Compote Pomme - Pêche - Fruit du dragon Pom'Potes 90g","$12.90","$12.90","REGULAR","","","","","","$0.00","$0.00","","","","","","","","FALSE","FALSE","FALSE","FALSE","FALSE","FALSE","FALSE","FALSE","0:00","0:00","Choix extra gratuit","ad35185f-6a5a-46f9-b917-deb9ebb53b0c","1","1","1","Sauce soja sucrée offerte","d950fbea-26c8-4526-89a8-33d49502e5a2","$0.00","$0.00","REGULAR","2861","","","1","$0.00","",""
"Sushi Box","76903243-d6b8-4da0-baf7-7b8c1245dde7","","NO_TAX","TRUE","TRUE","","FALSE","FALSE","FALSE","FALSE","FALSE","FALSE","FALSE","FALSE","0:00","0:00","","","","","","","","","","","","","","","","","","Menu Kids Saumon","3bbc0267-5e43-4567-b3c5-33ff163a2ab1","4 Maki Cheese Avocat, 4 Maki Saumon, 4 Spring Fried Chicken Avocat, 1 Jus Pommes Pressées Andros 25cl, 1 Compote Pomme - Pêche - Fruit du dragon Pom'Potes 90g","$12.90","$12.90","REGULAR","","","","","","$0.00","$0.00","","","","","","","","FALSE","FALSE","FALSE","FALSE","FALSE","FALSE","FALSE","FALSE","0:00","0:00","Choix extra gratuit","ad35185f-6a5a-46f9-b917-deb9ebb53b0c","1","1","1","Sauce soja salée offerte","e01b4dce-acd1-4d62-93f9-b3add731c499","$0.00","$0.00","REGULAR","2863","","","1","$0.00","",""
"Sushi Box","76903243-d6b8-4da0-baf7-7b8c1245dde7","","NO_TAX","TRUE","TRUE","","FALSE","FALSE","FALSE","FALSE","FALSE","FALSE","FALSE","FALSE","0:00","0:00","","","","","","","","","","","","","","","","","","Menu Kids Saumon","3bbc0267-5e43-4567-b3c5-33ff163a2ab1","4 Maki Cheese Avocat, 4 Maki Saumon, 4 Spring Fried Chicken Avocat, 1 Jus Pommes Pressées Andros 25cl, 1 Compote Pomme - Pêche - Fruit du dragon Pom'Potes 90g","$12.90","$12.90","REGULAR","","","","","","$0.00","$0.00","","","","","","","","FALSE","FALSE","FALSE","FALSE","FALSE","FALSE","FALSE","FALSE","0:00","0:00","Choix extra gratuit","ad35185f-6a5a-46f9-b917-deb9ebb53b0c","1","1","1","Wasabi offert","38714afe-10b1-4f50-b0f8-c99526e1c4bd","$0.00","$0.00","REGULAR","2865","","","1","$0.00","",""
"Sushi Box","76903243-d6b8-4da0-baf7-7b8c1245dde7","","NO_TAX","TRUE","TRUE","","FALSE","FALSE","FALSE","FALSE","FALSE","FALSE","FALSE","FALSE","0:00","0:00","","","","","","","","","","","","","","","","","","Menu Kids Saumon","3bbc0267-5e43-4567-b3c5-33ff163a2ab1","4 Maki Cheese Avocat, 4 Maki Saumon, 4 Spring Fried Chicken Avocat, 1 Jus Pommes Pressées Andros 25cl, 1 Compote Pomme - Pêche - Fruit du dragon Pom'Potes 90g","$12.90","$12.90","REGULAR","","","","","","$0.00","$0.00","","","","","","","","FALSE","FALSE","FALSE","FALSE","FALSE","FALSE","FALSE","FALSE","0:00","0:00","Choix supplément","7f789429-d872-4ca8-a77e-d0e40b6e1371","","5","1","Gingembre (1 sachet)","96e9234e-88ba-4f28-a346-96be6a288aba","$0.50","$0.50","REGULAR","1424","","","1","$0.00","",""
"Sushi Box","76903243-d6b8-4da0-baf7-7b8c1245dde7","","NO_TAX","TRUE","TRUE","","FALSE","FALSE","FALSE","FALSE","FALSE","FALSE","FALSE","FALSE","0:00","0:00","","","","","","","","","","","","","","","","","","Menu Kids Saumon","3bbc0267-5e43-4567-b3c5-33ff163a2ab1","4 Maki Cheese Avocat, 4 Maki Saumon, 4 Spring Fried Chicken Avocat, 1 Jus Pommes Pressées Andros 25cl, 1 Compote Pomme - Pêche - Fruit du dragon Pom'Potes 90g","$12.90","$12.90","REGULAR","","","","","","$0.00","$0.00","","","","","","","","FALSE","FALSE","FALSE","FALSE","FALSE","FALSE","FALSE","FALSE","0:00","0:00","Choix supplément","7f789429-d872-4ca8-a77e-d0e40b6e1371","","5","1","Sauce soja salée","c68ef7a3-9fbf-4f63-b180-0248e1c0ac1b","$0.50","$0.50","REGULAR","1422","","","1","$0.00","",""
"Sushi Box","76903243-d6b8-4da0-baf7-7b8c1245dde7","","NO_TAX","TRUE","TRUE","","FALSE","FALSE","FALSE","FALSE","FALSE","FALSE","FALSE","FALSE","0:00","0:00","","","","","","","","","","","","","","","","","","Menu Kids Saumon","3bbc0267-5e43-4567-b3c5-33ff163a2ab1","4 Maki Cheese Avocat, 4 Maki Saumon, 4 Spring Fried Chicken Avocat, 1 Jus Pommes Pressées Andros 25cl, 1 Compote Pomme - Pêche - Fruit du dragon Pom'Potes 90g","$12.90","$12.90","REGULAR","","","","","","$0.00","$0.00","","","","","","","","FALSE","FALSE","FALSE","FALSE","FALSE","FALSE","FALSE","FALSE","0:00","0:00","Choix supplément","7f789429-d872-4ca8-a77e-d0e40b6e1371","","5","1","Sauce soja sucrée","47218c35-6842-42cf-855b-406464109415","$0.50","$0.50","REGULAR","1421","","","1","$0.00","",""
"Sushi Box","76903243-d6b8-4da0-baf7-7b8c1245dde7","","NO_TAX","TRUE","TRUE","","FALSE","FALSE","FALSE","FALSE","FALSE","FALSE","FALSE","FALSE","0:00","0:00","","","","","","","","","","","","","","","","","","Menu Kids Saumon","3bbc0267-5e43-4567-b3c5-33ff163a2ab1","4 Maki Cheese Avocat, 4 Maki Saumon, 4 Spring Fried Chicken Avocat, 1 Jus Pommes Pressées Andros 25cl, 1 Compote Pomme - Pêche - Fruit du dragon Pom'Potes 90g","$12.90","$12.90","REGULAR","","","","","","$0.00","$0.00","","","","","","","","FALSE","FALSE","FALSE","FALSE","FALSE","FALSE","FALSE","FALSE","0:00","0:00","Choix supplément","7f789429-d872-4ca8-a77e-d0e40b6e1371","","5","1","Wasabi (1 sachet)","368fb453-f032-42b3-8d82-5a581710ecdd","$0.50","$0.50","REGULAR","1423","","","1","$0.00","",""
"Sushi Box","76903243-d6b8-4da0-baf7-7b8c1245dde7","","NO_TAX","TRUE","TRUE","","FALSE","FALSE","FALSE","FALSE","FALSE","FALSE","FALSE","FALSE","0:00","0:00","","","","","","","","","","","","","","","","","","Menu Kids Saumon","3bbc0267-5e43-4567-b3c5-33ff163a2ab1","4 Maki Cheese Avocat, 4 Maki Saumon, 4 Spring Fried Chicken Avocat, 1 Jus Pommes Pressées Andros 25cl, 1 Compote Pomme - Pêche - Fruit du dragon Pom'Potes 90g","$12.90","$12.90","REGULAR","","","","","","$0.00","$0.00","","","","","","","","FALSE","FALSE","FALSE","FALSE","FALSE","FALSE","FALSE","FALSE","0:00","0:00","Choix supplément","7f789429-d872-4ca8-a77e-d0e40b6e1371","","5","1","Crispy Onions","b008189c-9a0a-45b8-8350-ebe005842a38","$0.50","$0.50","REGULAR","4865","","","1","$0.00","",""
"Sushi Box","76903243-d6b8-4da0-baf7-7b8c1245dde7","","NO_TAX","TRUE","TRUE","","FALSE","FALSE","FALSE","FALSE","FALSE","FALSE","FALSE","FALSE","0:00","0:00","","","","","","","","","","","","","","","","","","Menu Kids Saumon","3bbc0267-5e43-4567-b3c5-33ff163a2ab1","4 Maki Cheese Avocat, 4 Maki Saumon, 4 Spring Fried Chicken Avocat, 1 Jus Pommes Pressées Andros 25cl, 1 Compote Pomme - Pêche - Fruit du dragon Pom'Potes 90g","$12.90","$12.90","REGULAR","","","","","","$0.00","$0.00","","","","","","","","FALSE","FALSE","FALSE","FALSE","FALSE","FALSE","FALSE","FALSE","0:00","0:00","Voulez-vous des baguettes ?","342ac944-bc80-49ae-91c8-6661809a1a1f","1","1","1","Baguettes en bois réutilisables","06c66594-0ce9-401e-beed-f84cdd5a6dcc","$0.90","$0.90","REGULAR","4125","","","1","$0.00","",""
"Sushi Box","76903243-d6b8-4da0-baf7-7b8c1245dde7","","NO_TAX","TRUE","TRUE","","FALSE","FALSE","FALSE","FALSE","FALSE","FALSE","FALSE","FALSE","0:00","0:00","","","","","","","","","","","","","","","","","","Menu Kids Saumon","3bbc0267-5e43-4567-b3c5-33ff163a2ab1","4 Maki Cheese Avocat, 4 Maki Saumon, 4 Spring Fried Chicken Avocat, 1 Jus Pommes Pressées Andros 25cl, 1 Compote Pomme - Pêche - Fruit du dragon Pom'Potes 90g","$12.90","$12.90","REGULAR","","","","","","$0.00","$0.00","","","","","","","","FALSE","FALSE","FALSE","FALSE","FALSE","FALSE","FALSE","FALSE","0:00","0:00","Voulez-vous des baguettes ?","342ac944-bc80-49ae-91c8-6661809a1a1f","1","1","1","Baguettes à usage unique","52fc96f5-fa66-49f1-81ea-a4d85a83632e","$0.00","$0.00","REGULAR","1420","","","1","$0.00","",""
"Sushi Box","76903243-d6b8-4da0-baf7-7b8c1245dde7","","NO_TAX","TRUE","TRUE","","FALSE","FALSE","FALSE","FALSE","FALSE","FALSE","FALSE","FALSE","0:00","0:00","","","","","","","","","","","","","","","","","","Menu Kids Saumon","3bbc0267-5e43-4567-b3c5-33ff163a2ab1","4 Maki Cheese Avocat, 4 Maki Saumon, 4 Spring Fried Chicken Avocat, 1 Jus Pommes Pressées Andros 25cl, 1 Compote Pomme - Pêche - Fruit du dragon Pom'Potes 90g","$12.90","$12.90","REGULAR","","","","","","$0.00","$0.00","","","","","","","","FALSE","FALSE","FALSE","FALSE","FALSE","FALSE","FALSE","FALSE","0:00","0:00","Voulez-vous des baguettes ?","342ac944-bc80-49ae-91c8-6661809a1a1f","1","1","1","Pas de baguettes","31ffe0a9-a87e-4e94-a193-332e78ddce53","$0.00","$0.00","REGULAR","3817","","","1","$0.00","",""
"Sushi Box","76903243-d6b8-4da0-baf7-7b8c1245dde7","","NO_TAX","TRUE","TRUE","","FALSE","FALSE","FALSE","FALSE","FALSE","FALSE","FALSE","FALSE","0:00","0:00","","","","","","","","","","","","","","","","","","Sushi Box Salmon Classic","030e8913-ae65-4ee3-a710-9cdaaf38dac3","10 Sushi Saumon, Edamame / Salade de chou","$22.90","$22.90","REGULAR","","","","","","$0.00","$0.00","","","","","","","","FALSE","FALSE","FALSE","FALSE","FALSE","FALSE","FALSE","FALSE","0:00","0:00","Choix accompagnements","a07dbcb9-dd43-4160-86c7-8e5e55422a30","1","1","1","Pas d'accompagnement","0b75c8c1-2eb5-4206-b726-cf0e4da3206b","$0.00","$0.00","REGULAR","4941","","","1","$0.00","",""
"Sushi Box","76903243-d6b8-4da0-baf7-7b8c1245dde7","","NO_TAX","TRUE","TRUE","","FALSE","FALSE","FALSE","FALSE","FALSE","FALSE","FALSE","FALSE","0:00","0:00","","","","","","","","","","","","","","","","","","Sushi Box Salmon Classic","030e8913-ae65-4ee3-a710-9cdaaf38dac3","10 Sushi Saumon, Edamame / Salade de chou","$22.90","$22.90","REGULAR","","","","","","$0.00","$0.00","","","","","","","","FALSE","FALSE","FALSE","FALSE","FALSE","FALSE","FALSE","FALSE","0:00","0:00","Choix accompagnements","a07dbcb9-dd43-4160-86c7-8e5e55422a30","1","1","1","Edamame & Salade de Chou","1131cdb0-c366-480b-82ba-f8e47cba7e36","$0.00","$0.00","REGULAR","4940","","","1","$0.00","",""
"Sushi Box","76903243-d6b8-4da0-baf7-7b8c1245dde7","","NO_TAX","TRUE","TRUE","","FALSE","FALSE","FALSE","FALSE","FALSE","FALSE","FALSE","FALSE","0:00","0:00","","","","","","","","","","","","","","","","","","Sushi Box Salmon Classic","030e8913-ae65-4ee3-a710-9cdaaf38dac3","10 Sushi Saumon, Edamame / Salade de chou","$22.90","$22.90","REGULAR","","","","","","$0.00","$0.00","","","","","","","","FALSE","FALSE","FALSE","FALSE","FALSE","FALSE","FALSE","FALSE","0:00","0:00","Choix extra gratuit","9e7e41e9-71e0-49f6-808d-0c1cb9a11d02","1","1","1","Gingembre offert","52f60b58-5c80-49ae-bd3b-7962650c635a","$0.00","$0.00","REGULAR","2859","","","1","$0.00","",""
"Sushi Box","76903243-d6b8-4da0-baf7-7b8c1245dde7","","NO_TAX","TRUE","TRUE","","FALSE","FALSE","FALSE","FALSE","FALSE","FALSE","FALSE","FALSE","0:00","0:00","","","","","","","","","","","","","","","","","","Sushi Box Salmon Classic","030e8913-ae65-4ee3-a710-9cdaaf38dac3","10 Sushi Saumon, Edamame / Salade de chou","$22.90","$22.90","REGULAR","","","","","","$0.00","$0.00","","","","","","","","FALSE","FALSE","FALSE","FALSE","FALSE","FALSE","FALSE","FALSE","0:00","0:00","Choix extra gratuit","9e7e41e9-71e0-49f6-808d-0c1cb9a11d02","1","1","1","Sauce soja sucrée offerte","eece6c02-d2bc-4253-ac6c-a11e532685fe","$0.00","$0.00","REGULAR","2861","","","1","$0.00","",""
"Sushi Box","76903243-d6b8-4da0-baf7-7b8c1245dde7","","NO_TAX","TRUE","TRUE","","FALSE","FALSE","FALSE","FALSE","FALSE","FALSE","FALSE","FALSE","0:00","0:00","","","","","","","","","","","","","","","","","","Sushi Box Salmon Classic","030e8913-ae65-4ee3-a710-9cdaaf38dac3","10 Sushi Saumon, Edamame / Salade de chou","$22.90","$22.90","REGULAR","","","","","","$0.00","$0.00","","","","","","","","FALSE","FALSE","FALSE","FALSE","FALSE","FALSE","FALSE","FALSE","0:00","0:00","Choix extra gratuit","9e7e41e9-71e0-49f6-808d-0c1cb9a11d02","1","1","1","Sauce soja salée offerte","6215a65f-f5e5-4645-bc60-2718a13ac174","$0.00","$0.00","REGULAR","2863","","","1","$0.00","",""
"Sushi Box","76903243-d6b8-4da0-baf7-7b8c1245dde7","","NO_TAX","TRUE","TRUE","","FALSE","FALSE","FALSE","FALSE","FALSE","FALSE","FALSE","FALSE","0:00","0:00","","","","","","","","","","","","","","","","","","Sushi Box Salmon Classic","030e8913-ae65-4ee3-a710-9cdaaf38dac3","10 Sushi Saumon, Edamame / Salade de chou","$22.90","$22.90","REGULAR","","","","","","$0.00","$0.00","","","","","","","","FALSE","FALSE","FALSE","FALSE","FALSE","FALSE","FALSE","FALSE","0:00","0:00","Choix extra gratuit","9e7e41e9-71e0-49f6-808d-0c1cb9a11d02","1","1","1","Wasabi offert","be632115-db93-412a-935b-520e275fabbb","$0.00","$0.00","REGULAR","2865","","","1","$0.00","",""
"Sushi Box","76903243-d6b8-4da0-baf7-7b8c1245dde7","","NO_TAX","TRUE","TRUE","","FALSE","FALSE","FALSE","FALSE","FALSE","FALSE","FALSE","FALSE","0:00","0:00","","","","","","","","","","","","","","","","","","Sushi Box Salmon Classic","030e8913-ae65-4ee3-a710-9cdaaf38dac3","10 Sushi Saumon, Edamame / Salade de chou","$22.90","$22.90","REGULAR","","","","","","$0.00","$0.00","","","","","","","","FALSE","FALSE","FALSE","FALSE","FALSE","FALSE","FALSE","FALSE","0:00","0:00","Choix supplément","9a7778d7-2521-451e-ad6a-c3c48f097859","","5","1","Gingembre (1 sachet)","96e9234e-88ba-4f28-a346-96be6a288aba","$0.50","$0.50","REGULAR","1424","","","1","$0.00","",""
"Sushi Box","76903243-d6b8-4da0-baf7-7b8c1245dde7","","NO_TAX","TRUE","TRUE","","FALSE","FALSE","FALSE","FALSE","FALSE","FALSE","FALSE","FALSE","0:00","0:00","","","","","","","","","","","","","","","","","","Sushi Box Salmon Classic","030e8913-ae65-4ee3-a710-9cdaaf38dac3","10 Sushi Saumon, Edamame / Salade de chou","$22.90","$22.90","REGULAR","","","","","","$0.00","$0.00","","","","","","","","FALSE","FALSE","FALSE","FALSE","FALSE","FALSE","FALSE","FALSE","0:00","0:00","Choix supplément","9a7778d7-2521-451e-ad6a-c3c48f097859","","5","1","Sauce soja salée","cb1bfb7e-94e6-4a20-86e9-6d2d53556725","$0.50","$0.50","REGULAR","1422","","","1","$0.00","",""
"Sushi Box","76903243-d6b8-4da0-baf7-7b8c1245dde7","","NO_TAX","TRUE","TRUE","","FALSE","FALSE","FALSE","FALSE","FALSE","FALSE","FALSE","FALSE","0:00","0:00","","","","","","","","","","","","","","","","","","Sushi Box Salmon Classic","030e8913-ae65-4ee3-a710-9cdaaf38dac3","10 Sushi Saumon, Edamame / Salade de chou","$22.90","$22.90","REGULAR","","","","","","$0.00","$0.00","","","","","","","","FALSE","FALSE","FALSE","FALSE","FALSE","FALSE","FALSE","FALSE","0:00","0:00","Choix supplément","9a7778d7-2521-451e-ad6a-c3c48f097859","","5","1","Sauce soja sucrée","6ce86702-9e72-4296-81d5-8fee1d83ba0a","$0.50","$0.50","REGULAR","1421","","","1","$0.00","",""
"Sushi Box","76903243-d6b8-4da0-baf7-7b8c1245dde7","","NO_TAX","TRUE","TRUE","","FALSE","FALSE","FALSE","FALSE","FALSE","FALSE","FALSE","FALSE","0:00","0:00","","","","","","","","","","","","","","","","","","Sushi Box Salmon Classic","030e8913-ae65-4ee3-a710-9cdaaf38dac3","10 Sushi Saumon, Edamame / Salade de chou","$22.90","$22.90","REGULAR","","","","","","$0.00","$0.00","","","","","","","","FALSE","FALSE","FALSE","FALSE","FALSE","FALSE","FALSE","FALSE","0:00","0:00","Choix supplément","9a7778d7-2521-451e-ad6a-c3c48f097859","","5","1","Wasabi (1 sachet)","18c64759-cd24-466e-9ea4-171cce3709de","$0.50","$0.50","REGULAR","1423","","","1","$0.00","",""
"Sushi Box","76903243-d6b8-4da0-baf7-7b8c1245dde7","","NO_TAX","TRUE","TRUE","","FALSE","FALSE","FALSE","FALSE","FALSE","FALSE","FALSE","FALSE","0:00","0:00","","","","","","","","","","","","","","","","","","Sushi Box Salmon Classic","030e8913-ae65-4ee3-a710-9cdaaf38dac3","10 Sushi Saumon, Edamame / Salade de chou","$22.90","$22.90","REGULAR","","","","","","$0.00","$0.00","","","","","","","","FALSE","FALSE","FALSE","FALSE","FALSE","FALSE","FALSE","FALSE","0:00","0:00","Choix supplément","9a7778d7-2521-451e-ad6a-c3c48f097859","","5","1","Crispy Onions","d9984e3f-905a-4b54-99d5-2da6aa7e2520","$0.50","$0.50","REGULAR","4865","","","1","$0.00","",""
"Sushi Box","76903243-d6b8-4da0-baf7-7b8c1245dde7","","NO_TAX","TRUE","TRUE","","FALSE","FALSE","FALSE","FALSE","FALSE","FALSE","FALSE","FALSE","0:00","0:00","","","","","","","","","","","","","","","","","","Sushi Box Salmon Classic","030e8913-ae65-4ee3-a710-9cdaaf38dac3","10 Sushi Saumon, Edamame / Salade de chou","$22.90","$22.90","REGULAR","","","","","","$0.00","$0.00","","","","","","","","FALSE","FALSE","FALSE","FALSE","FALSE","FALSE","FALSE","FALSE","0:00","0:00","Voulez-vous des baguettes ?","c425f756-6bd4-494a-803d-465af470b827","1","1","1","Baguettes en bois réutilisables","096650fc-2564-474a-ad5a-d3102ab24726","$0.90","$0.90","REGULAR","4125","","","1","$0.00","",""
"Sushi Box","76903243-d6b8-4da0-baf7-7b8c1245dde7","","NO_TAX","TRUE","TRUE","","FALSE","FALSE","FALSE","FALSE","FALSE","FALSE","FALSE","FALSE","0:00","0:00","","","","","","","","","","","","","","","","","","Sushi Box Salmon Classic","030e8913-ae65-4ee3-a710-9cdaaf38dac3","10 Sushi Saumon, Edamame / Salade de chou","$22.90","$22.90","REGULAR","","","","","","$0.00","$0.00","","","","","","","","FALSE","FALSE","FALSE","FALSE","FALSE","FALSE","FALSE","FALSE","0:00","0:00","Voulez-vous des baguettes ?","c425f756-6bd4-494a-803d-465af470b827","1","1","1","Baguettes à usage unique","f57f6d9d-e543-411d-87f3-a19267306766","$0.00","$0.00","REGULAR","1420","","","1","$0.00","",""
"Sushi Box","76903243-d6b8-4da0-baf7-7b8c1245dde7","","NO_TAX","TRUE","TRUE","","FALSE","FALSE","FALSE","FALSE","FALSE","FALSE","FALSE","FALSE","0:00","0:00","","","","","","","","","","","","","","","","","","Sushi Box Salmon Classic","030e8913-ae65-4ee3-a710-9cdaaf38dac3","10 Sushi Saumon, Edamame / Salade de chou","$22.90","$22.90","REGULAR","","","","","","$0.00","$0.00","","","","","","","","FALSE","FALSE","FALSE","FALSE","FALSE","FALSE","FALSE","FALSE","0:00","0:00","Voulez-vous des baguettes ?","c425f756-6bd4-494a-803d-465af470b827","1","1","1","Pas de baguettes","8bbdb93c-c9e9-4881-9a84-4500a6997cc7","$0.00","$0.00","REGULAR","3817","","","1","$0.00","",""
"Sushi Box","76903243-d6b8-4da0-baf7-7b8c1245dde7","","NO_TAX","TRUE","TRUE","","FALSE","FALSE","FALSE","FALSE","FALSE","FALSE","FALSE","FALSE","0:00","0:00","","","","","","","","","","","","","","","","","","Sushi Box Salmon Lovers","c8a42e48-00c7-4067-a1b7-e26825a01a30","6 Sushi Saumon, 6 Spring Saumon Avocat, 6 California Saumon Avocat","$21.90","$21.90","REGULAR","","","","","","$0.00","$0.00","","","","","","","","FALSE","FALSE","FALSE","FALSE","FALSE","FALSE","FALSE","FALSE","0:00","0:00","Choix accompagnements","a07dbcb9-dd43-4160-86c7-8e5e55422a30","1","1","1","Pas d'accompagnement","0b75c8c1-2eb5-4206-b726-cf0e4da3206b","$0.00","$0.00","REGULAR","4941","","","1","$0.00","",""
"Sushi Box","76903243-d6b8-4da0-baf7-7b8c1245dde7","","NO_TAX","TRUE","TRUE","","FALSE","FALSE","FALSE","FALSE","FALSE","FALSE","FALSE","FALSE","0:00","0:00","","","","","","","","","","","","","","","","","","Sushi Box Salmon Lovers","c8a42e48-00c7-4067-a1b7-e26825a01a30","6 Sushi Saumon, 6 Spring Saumon Avocat, 6 California Saumon Avocat","$21.90","$21.90","REGULAR","","","","","","$0.00","$0.00","","","","","","","","FALSE","FALSE","FALSE","FALSE","FALSE","FALSE","FALSE","FALSE","0:00","0:00","Choix accompagnements","a07dbcb9-dd43-4160-86c7-8e5e55422a30","1","1","1","Edamame & Salade de Chou","1131cdb0-c366-480b-82ba-f8e47cba7e36","$0.00","$0.00","REGULAR","4940","","","1","$0.00","",""
"Sushi Box","76903243-d6b8-4da0-baf7-7b8c1245dde7","","NO_TAX","TRUE","TRUE","","FALSE","FALSE","FALSE","FALSE","FALSE","FALSE","FALSE","FALSE","0:00","0:00","","","","","","","","","","","","","","","","","","Sushi Box Salmon Lovers","c8a42e48-00c7-4067-a1b7-e26825a01a30","6 Sushi Saumon, 6 Spring Saumon Avocat, 6 California Saumon Avocat","$21.90","$21.90","REGULAR","","","","","","$0.00","$0.00","","","","","","","","FALSE","FALSE","FALSE","FALSE","FALSE","FALSE","FALSE","FALSE","0:00","0:00","Choix extra gratuit","9e7e41e9-71e0-49f6-808d-0c1cb9a11d02","1","1","1","Gingembre offert","52f60b58-5c80-49ae-bd3b-7962650c635a","$0.00","$0.00","REGULAR","2859","","","1","$0.00","",""
"Sushi Box","76903243-d6b8-4da0-baf7-7b8c1245dde7","","NO_TAX","TRUE","TRUE","","FALSE","FALSE","FALSE","FALSE","FALSE","FALSE","FALSE","FALSE","0:00","0:00","","","","","","","","","","","","","","","","","","Sushi Box Salmon Lovers","c8a42e48-00c7-4067-a1b7-e26825a01a30","6 Sushi Saumon, 6 Spring Saumon Avocat, 6 California Saumon Avocat","$21.90","$21.90","REGULAR","","","","","","$0.00","$0.00","","","","","","","","FALSE","FALSE","FALSE","FALSE","FALSE","FALSE","FALSE","FALSE","0:00","0:00","Choix extra gratuit","9e7e41e9-71e0-49f6-808d-0c1cb9a11d02","1","1","1","Sauce soja sucrée offerte","eece6c02-d2bc-4253-ac6c-a11e532685fe","$0.00","$0.00","REGULAR","2861","","","1","$0.00","",""
"Sushi Box","76903243-d6b8-4da0-baf7-7b8c1245dde7","","NO_TAX","TRUE","TRUE","","FALSE","FALSE","FALSE","FALSE","FALSE","FALSE","FALSE","FALSE","0:00","0:00","","","","","","","","","","","","","","","","","","Sushi Box Salmon Lovers","c8a42e48-00c7-4067-a1b7-e26825a01a30","6 Sushi Saumon, 6 Spring Saumon Avocat, 6 California Saumon Avocat","$21.90","$21.90","REGULAR","","","","","","$0.00","$0.00","","","","","","","","FALSE","FALSE","FALSE","FALSE","FALSE","FALSE","FALSE","FALSE","0:00","0:00","Choix extra gratuit","9e7e41e9-71e0-49f6-808d-0c1cb9a11d02","1","1","1","Sauce soja salée offerte","6215a65f-f5e5-4645-bc60-2718a13ac174","$0.00","$0.00","REGULAR","2863","","","1","$0.00","",""
"Sushi Box","76903243-d6b8-4da0-baf7-7b8c1245dde7","","NO_TAX","TRUE","TRUE","","FALSE","FALSE","FALSE","FALSE","FALSE","FALSE","FALSE","FALSE","0:00","0:00","","","","","","","","","","","","","","","","","","Sushi Box Salmon Lovers","c8a42e48-00c7-4067-a1b7-e26825a01a30","6 Sushi Saumon, 6 Spring Saumon Avocat, 6 California Saumon Avocat","$21.90","$21.90","REGULAR","","","","","","$0.00","$0.00","","","","","","","","FALSE","FALSE","FALSE","FALSE","FALSE","FALSE","FALSE","FALSE","0:00","0:00","Choix extra gratuit","9e7e41e9-71e0-49f6-808d-0c1cb9a11d02","1","1","1","Wasabi offert","be632115-db93-412a-935b-520e275fabbb","$0.00","$0.00","REGULAR","2865","","","1","$0.00","",""
"Sushi Box","76903243-d6b8-4da0-baf7-7b8c1245dde7","","NO_TAX","TRUE","TRUE","","FALSE","FALSE","FALSE","FALSE","FALSE","FALSE","FALSE","FALSE","0:00","0:00","","","","","","","","","","","","","","","","","","Sushi Box Salmon Lovers","c8a42e48-00c7-4067-a1b7-e26825a01a30","6 Sushi Saumon, 6 Spring Saumon Avocat, 6 California Saumon Avocat","$21.90","$21.90","REGULAR","","","","","","$0.00","$0.00","","","","","","","","FALSE","FALSE","FALSE","FALSE","FALSE","FALSE","FALSE","FALSE","0:00","0:00","Choix supplément","9a7778d7-2521-451e-ad6a-c3c48f097859","","5","1","Gingembre (1 sachet)","96e9234e-88ba-4f28-a346-96be6a288aba","$0.50","$0.50","REGULAR","1424","","","1","$0.00","",""
"Sushi Box","76903243-d6b8-4da0-baf7-7b8c1245dde7","","NO_TAX","TRUE","TRUE","","FALSE","FALSE","FALSE","FALSE","FALSE","FALSE","FALSE","FALSE","0:00","0:00","","","","","","","","","","","","","","","","","","Sushi Box Salmon Lovers","c8a42e48-00c7-4067-a1b7-e26825a01a30","6 Sushi Saumon, 6 Spring Saumon Avocat, 6 California Saumon Avocat","$21.90","$21.90","REGULAR","","","","","","$0.00","$0.00","","","","","","","","FALSE","FALSE","FALSE","FALSE","FALSE","FALSE","FALSE","FALSE","0:00","0:00","Choix supplément","9a7778d7-2521-451e-ad6a-c3c48f097859","","5","1","Sauce soja salée","cb1bfb7e-94e6-4a20-86e9-6d2d53556725","$0.50","$0.50","REGULAR","1422","","","1","$0.00","",""
"Sushi Box","76903243-d6b8-4da0-baf7-7b8c1245dde7","","NO_TAX","TRUE","TRUE","","FALSE","FALSE","FALSE","FALSE","FALSE","FALSE","FALSE","FALSE","0:00","0:00","","","","","","","","","","","","","","","","","","Sushi Box Salmon Lovers","c8a42e48-00c7-4067-a1b7-e26825a01a30","6 Sushi Saumon, 6 Spring Saumon Avocat, 6 California Saumon Avocat","$21.90","$21.90","REGULAR","","","","","","$0.00","$0.00","","","","","","","","FALSE","FALSE","FALSE","FALSE","FALSE","FALSE","FALSE","FALSE","0:00","0:00","Choix supplément","9a7778d7-2521-451e-ad6a-c3c48f097859","","5","1","Sauce soja sucrée","6ce86702-9e72-4296-81d5-8fee1d83ba0a","$0.50","$0.50","REGULAR","1421","","","1","$0.00","",""
"Sushi Box","76903243-d6b8-4da0-baf7-7b8c1245dde7","","NO_TAX","TRUE","TRUE","","FALSE","FALSE","FALSE","FALSE","FALSE","FALSE","FALSE","FALSE","0:00","0:00","","","","","","","","","","","","","","","","","","Sushi Box Salmon Lovers","c8a42e48-00c7-4067-a1b7-e26825a01a30","6 Sushi Saumon, 6 Spring Saumon Avocat, 6 California Saumon Avocat","$21.90","$21.90","REGULAR","","","","","","$0.00","$0.00","","","","","","","","FALSE","FALSE","FALSE","FALSE","FALSE","FALSE","FALSE","FALSE","0:00","0:00","Choix supplément","9a7778d7-2521-451e-ad6a-c3c48f097859","","5","1","Wasabi (1 sachet)","18c64759-cd24-466e-9ea4-171cce3709de","$0.50","$0.50","REGULAR","1423","","","1","$0.00","",""
"Sushi Box","76903243-d6b8-4da0-baf7-7b8c1245dde7","","NO_TAX","TRUE","TRUE","","FALSE","FALSE","FALSE","FALSE","FALSE","FALSE","FALSE","FALSE","0:00","0:00","","","","","","","","","","","","","","","","","","Sushi Box Salmon Lovers","c8a42e48-00c7-4067-a1b7-e26825a01a30","6 Sushi Saumon, 6 Spring Saumon Avocat, 6 California Saumon Avocat","$21.90","$21.90","REGULAR","","","","","","$0.00","$0.00","","","","","","","","FALSE","FALSE","FALSE","FALSE","FALSE","FALSE","FALSE","FALSE","0:00","0:00","Choix supplément","9a7778d7-2521-451e-ad6a-c3c48f097859","","5","1","Crispy Onions","d9984e3f-905a-4b54-99d5-2da6aa7e2520","$0.50","$0.50","REGULAR","4865","","","1","$0.00","",""
"Sushi Box","76903243-d6b8-4da0-baf7-7b8c1245dde7","","NO_TAX","TRUE","TRUE","","FALSE","FALSE","FALSE","FALSE","FALSE","FALSE","FALSE","FALSE","0:00","0:00","","","","","","","","","","","","","","","","","","Sushi Box Salmon Lovers","c8a42e48-00c7-4067-a1b7-e26825a01a30","6 Sushi Saumon, 6 Spring Saumon Avocat, 6 California Saumon Avocat","$21.90","$21.90","REGULAR","","","","","","$0.00","$0.00","","","","","","","","FALSE","FALSE","FALSE","FALSE","FALSE","FALSE","FALSE","FALSE","0:00","0:00","Voulez-vous des baguettes ?","c425f756-6bd4-494a-803d-465af470b827","1","1","1","Baguettes en bois réutilisables","096650fc-2564-474a-ad5a-d3102ab24726","$0.90","$0.90","REGULAR","4125","","","1","$0.00","",""
"Sushi Box","76903243-d6b8-4da0-baf7-7b8c1245dde7","","NO_TAX","TRUE","TRUE","","FALSE","FALSE","FALSE","FALSE","FALSE","FALSE","FALSE","FALSE","0:00","0:00","","","","","","","","","","","","","","","","","","Sushi Box Salmon Lovers","c8a42e48-00c7-4067-a1b7-e26825a01a30","6 Sushi Saumon, 6 Spring Saumon Avocat, 6 California Saumon Avocat","$21.90","$21.90","REGULAR","","","","","","$0.00","$0.00","","","","","","","","FALSE","FALSE","FALSE","FALSE","FALSE","FALSE","FALSE","FALSE","0:00","0:00","Voulez-vous des baguettes ?","c425f756-6bd4-494a-803d-465af470b827","1","1","1","Baguettes à usage unique","f57f6d9d-e543-411d-87f3-a19267306766","$0.00","$0.00","REGULAR","1420","","","1","$0.00","",""
"Sushi Box","76903243-d6b8-4da0-baf7-7b8c1245dde7","","NO_TAX","TRUE","TRUE","","FALSE","FALSE","FALSE","FALSE","FALSE","FALSE","FALSE","FALSE","0:00","0:00","","","","","","","","","","","","","","","","","","Sushi Box Salmon Lovers","c8a42e48-00c7-4067-a1b7-e26825a01a30","6 Sushi Saumon, 6 Spring Saumon Avocat, 6 California Saumon Avocat","$21.90","$21.90","REGULAR","","","","","","$0.00","$0.00","","","","","","","","FALSE","FALSE","FALSE","FALSE","FALSE","FALSE","FALSE","FALSE","0:00","0:00","Voulez-vous des baguettes ?","c425f756-6bd4-494a-803d-465af470b827","1","1","1","Pas de baguettes","8bbdb93c-c9e9-4881-9a84-4500a6997cc7","$0.00","$0.00","REGULAR","3817","","","1","$0.00","",""
"Sushi Box","76903243-d6b8-4da0-baf7-7b8c1245dde7","","NO_TAX","TRUE","TRUE","","FALSE","FALSE","FALSE","FALSE","FALSE","FALSE","FALSE","FALSE","0:00","0:00","","","","","","","","","","","","","","","","","","Sushi Box Salmon Original","542341af-05ae-429a-b703-6850964011c8","5 Sushi Saumon, 6 California Saumon Avocat","$16.90","$16.90","REGULAR","","","","","","$0.00","$0.00","","","","","","","","FALSE","FALSE","FALSE","FALSE","FALSE","FALSE","FALSE","FALSE","0:00","0:00","Choix accompagnements","a07dbcb9-dd43-4160-86c7-8e5e55422a30","1","1","1","Pas d'accompagnement","0b75c8c1-2eb5-4206-b726-cf0e4da3206b","$0.00","$0.00","REGULAR","4941","","","1","$0.00","",""
"Sushi Box","76903243-d6b8-4da0-baf7-7b8c1245dde7","","NO_TAX","TRUE","TRUE","","FALSE","FALSE","FALSE","FALSE","FALSE","FALSE","FALSE","FALSE","0:00","0:00","","","","","","","","","","","","","","","","","","Sushi Box Salmon Original","542341af-05ae-429a-b703-6850964011c8","5 Sushi Saumon, 6 California Saumon Avocat","$16.90","$16.90","REGULAR","","","","","","$0.00","$0.00","","","","","","","","FALSE","FALSE","FALSE","FALSE","FALSE","FALSE","FALSE","FALSE","0:00","0:00","Choix accompagnements","a07dbcb9-dd43-4160-86c7-8e5e55422a30","1","1","1","Edamame & Salade de Chou","1131cdb0-c366-480b-82ba-f8e47cba7e36","$0.00","$0.00","REGULAR","4940","","","1","$0.00","",""
"Sushi Box","76903243-d6b8-4da0-baf7-7b8c1245dde7","","NO_TAX","TRUE","TRUE","","FALSE","FALSE","FALSE","FALSE","FALSE","FALSE","FALSE","FALSE","0:00","0:00","","","","","","","","","","","","","","","","","","Sushi Box Salmon Original","542341af-05ae-429a-b703-6850964011c8","5 Sushi Saumon, 6 California Saumon Avocat","$16.90","$16.90","REGULAR","","","","","","$0.00","$0.00","","","","","","","","FALSE","FALSE","FALSE","FALSE","FALSE","FALSE","FALSE","FALSE","0:00","0:00","Choix extra gratuit","9e7e41e9-71e0-49f6-808d-0c1cb9a11d02","1","1","1","Gingembre offert","52f60b58-5c80-49ae-bd3b-7962650c635a","$0.00","$0.00","REGULAR","2859","","","1","$0.00","",""
"Sushi Box","76903243-d6b8-4da0-baf7-7b8c1245dde7","","NO_TAX","TRUE","TRUE","","FALSE","FALSE","FALSE","FALSE","FALSE","FALSE","FALSE","FALSE","0:00","0:00","","","","","","","","","","","","","","","","","","Sushi Box Salmon Original","542341af-05ae-429a-b703-6850964011c8","5 Sushi Saumon, 6 California Saumon Avocat","$16.90","$16.90","REGULAR","","","","","","$0.00","$0.00","","","","","","","","FALSE","FALSE","FALSE","FALSE","FALSE","FALSE","FALSE","FALSE","0:00","0:00","Choix extra gratuit","9e7e41e9-71e0-49f6-808d-0c1cb9a11d02","1","1","1","Sauce soja sucrée offerte","eece6c02-d2bc-4253-ac6c-a11e532685fe","$0.00","$0.00","REGULAR","2861","","","1","$0.00","",""
"Sushi Box","76903243-d6b8-4da0-baf7-7b8c1245dde7","","NO_TAX","TRUE","TRUE","","FALSE","FALSE","FALSE","FALSE","FALSE","FALSE","FALSE","FALSE","0:00","0:00","","","","","","","","","","","","","","","","","","Sushi Box Salmon Original","542341af-05ae-429a-b703-6850964011c8","5 Sushi Saumon, 6 California Saumon Avocat","$16.90","$16.90","REGULAR","","","","","","$0.00","$0.00","","","","","","","","FALSE","FALSE","FALSE","FALSE","FALSE","FALSE","FALSE","FALSE","0:00","0:00","Choix extra gratuit","9e7e41e9-71e0-49f6-808d-0c1cb9a11d02","1","1","1","Sauce soja salée offerte","6215a65f-f5e5-4645-bc60-2718a13ac174","$0.00","$0.00","REGULAR","2863","","","1","$0.00","",""
"Sushi Box","76903243-d6b8-4da0-baf7-7b8c1245dde7","","NO_TAX","TRUE","TRUE","","FALSE","FALSE","FALSE","FALSE","FALSE","FALSE","FALSE","FALSE","0:00","0:00","","","","","","","","","","","","","","","","","","Sushi Box Salmon Original","542341af-05ae-429a-b703-6850964011c8","5 Sushi Saumon, 6 California Saumon Avocat","$16.90","$16.90","REGULAR","","","","","","$0.00","$0.00","","","","","","","","FALSE","FALSE","FALSE","FALSE","FALSE","FALSE","FALSE","FALSE","0:00","0:00","Choix extra gratuit","9e7e41e9-71e0-49f6-808d-0c1cb9a11d02","1","1","1","Wasabi offert","be632115-db93-412a-935b-520e275fabbb","$0.00","$0.00","REGULAR","2865","","","1","$0.00","",""
"Sushi Box","76903243-d6b8-4da0-baf7-7b8c1245dde7","","NO_TAX","TRUE","TRUE","","FALSE","FALSE","FALSE","FALSE","FALSE","FALSE","FALSE","FALSE","0:00","0:00","","","","","","","","","","","","","","","","","","Sushi Box Salmon Original","542341af-05ae-429a-b703-6850964011c8","5 Sushi Saumon, 6 California Saumon Avocat","$16.90","$16.90","REGULAR","","","","","","$0.00","$0.00","","","","","","","","FALSE","FALSE","FALSE","FALSE","FALSE","FALSE","FALSE","FALSE","0:00","0:00","Choix supplément","9a7778d7-2521-451e-ad6a-c3c48f097859","","5","1","Gingembre (1 sachet)","96e9234e-88ba-4f28-a346-96be6a288aba","$0.50","$0.50","REGULAR","1424","","","1","$0.00","",""
"Sushi Box","76903243-d6b8-4da0-baf7-7b8c1245dde7","","NO_TAX","TRUE","TRUE","","FALSE","FALSE","FALSE","FALSE","FALSE","FALSE","FALSE","FALSE","0:00","0:00","","","","","","","","","","","","","","","","","","Sushi Box Salmon Original","542341af-05ae-429a-b703-6850964011c8","5 Sushi Saumon, 6 California Saumon Avocat","$16.90","$16.90","REGULAR","","","","","","$0.00","$0.00","","","","","","","","FALSE","FALSE","FALSE","FALSE","FALSE","FALSE","FALSE","FALSE","0:00","0:00","Choix supplément","9a7778d7-2521-451e-ad6a-c3c48f097859","","5","1","Sauce soja salée","cb1bfb7e-94e6-4a20-86e9-6d2d53556725","$0.50","$0.50","REGULAR","1422","","","1","$0.00","",""
"Sushi Box","76903243-d6b8-4da0-baf7-7b8c1245dde7","","NO_TAX","TRUE","TRUE","","FALSE","FALSE","FALSE","FALSE","FALSE","FALSE","FALSE","FALSE","0:00","0:00","","","","","","","","","","","","","","","","","","Sushi Box Salmon Original","542341af-05ae-429a-b703-6850964011c8","5 Sushi Saumon, 6 California Saumon Avocat","$16.90","$16.90","REGULAR","","","","","","$0.00","$0.00","","","","","","","","FALSE","FALSE","FALSE","FALSE","FALSE","FALSE","FALSE","FALSE","0:00","0:00","Choix supplément","9a7778d7-2521-451e-ad6a-c3c48f097859","","5","1","Sauce soja sucrée","6ce86702-9e72-4296-81d5-8fee1d83ba0a","$0.50","$0.50","REGULAR","1421","","","1","$0.00","",""
"Sushi Box","76903243-d6b8-4da0-baf7-7b8c1245dde7","","NO_TAX","TRUE","TRUE","","FALSE","FALSE","FALSE","FALSE","FALSE","FALSE","FALSE","FALSE","0:00","0:00","","","","","","","","","","","","","","","","","","Sushi Box Salmon Original","542341af-05ae-429a-b703-6850964011c8","5 Sushi Saumon, 6 California Saumon Avocat","$16.90","$16.90","REGULAR","","","","","","$0.00","$0.00","","","","","","","","FALSE","FALSE","FALSE","FALSE","FALSE","FALSE","FALSE","FALSE","0:00","0:00","Choix supplément","9a7778d7-2521-451e-ad6a-c3c48f097859","","5","1","Wasabi (1 sachet)","18c64759-cd24-466e-9ea4-171cce3709de","$0.50","$0.50","REGULAR","1423","","","1","$0.00","",""
"Sushi Box","76903243-d6b8-4da0-baf7-7b8c1245dde7","","NO_TAX","TRUE","TRUE","","FALSE","FALSE","FALSE","FALSE","FALSE","FALSE","FALSE","FALSE","0:00","0:00","","","","","","","","","","","","","","","","","","Sushi Box Salmon Original","542341af-05ae-429a-b703-6850964011c8","5 Sushi Saumon, 6 California Saumon Avocat","$16.90","$16.90","REGULAR","","","","","","$0.00","$0.00","","","","","","","","FALSE","FALSE","FALSE","FALSE","FALSE","FALSE","FALSE","FALSE","0:00","0:00","Choix supplément","9a7778d7-2521-451e-ad6a-c3c48f097859","","5","1","Crispy Onions","d9984e3f-905a-4b54-99d5-2da6aa7e2520","$0.50","$0.50","REGULAR","4865","","","1","$0.00","",""
"Sushi Box","76903243-d6b8-4da0-baf7-7b8c1245dde7","","NO_TAX","TRUE","TRUE","","FALSE","FALSE","FALSE","FALSE","FALSE","FALSE","FALSE","FALSE","0:00","0:00","","","","","","","","","","","","","","","","","","Sushi Box Salmon Original","542341af-05ae-429a-b703-6850964011c8","5 Sushi Saumon, 6 California Saumon Avocat","$16.90","$16.90","REGULAR","","","","","","$0.00","$0.00","","","","","","","","FALSE","FALSE","FALSE","FALSE","FALSE","FALSE","FALSE","FALSE","0:00","0:00","Voulez-vous des baguettes ?","c425f756-6bd4-494a-803d-465af470b827","1","1","1","Baguettes en bois réutilisables","096650fc-2564-474a-ad5a-d3102ab24726","$0.90","$0.90","REGULAR","4125","","","1","$0.00","",""
"Sushi Box","76903243-d6b8-4da0-baf7-7b8c1245dde7","","NO_TAX","TRUE","TRUE","","FALSE","FALSE","FALSE","FALSE","FALSE","FALSE","FALSE","FALSE","0:00","0:00","","","","","","","","","","","","","","","","","","Sushi Box Salmon Original","542341af-05ae-429a-b703-6850964011c8","5 Sushi Saumon, 6 California Saumon Avocat","$16.90","$16.90","REGULAR","","","","","","$0.00","$0.00","","","","","","","","FALSE","FALSE","FALSE","FALSE","FALSE","FALSE","FALSE","FALSE","0:00","0:00","Voulez-vous des baguettes ?","c425f756-6bd4-494a-803d-465af470b827","1","1","1","Baguettes à usage unique","f57f6d9d-e543-411d-87f3-a19267306766","$0.00","$0.00","REGULAR","1420","","","1","$0.00","",""
"Sushi Box","76903243-d6b8-4da0-baf7-7b8c1245dde7","","NO_TAX","TRUE","TRUE","","FALSE","FALSE","FALSE","FALSE","FALSE","FALSE","FALSE","FALSE","0:00","0:00","","","","","","","","","","","","","","","","","","Sushi Box Salmon Original","542341af-05ae-429a-b703-6850964011c8","5 Sushi Saumon, 6 California Saumon Avocat","$16.90","$16.90","REGULAR","","","","","","$0.00","$0.00","","","","","","","","FALSE","FALSE","FALSE","FALSE","FALSE","FALSE","FALSE","FALSE","0:00","0:00","Voulez-vous des baguettes ?","c425f756-6bd4-494a-803d-465af470b827","1","1","1","Pas de baguettes","8bbdb93c-c9e9-4881-9a84-4500a6997cc7","$0.00","$0.00","REGULAR","3817","","","1","$0.00","",""
"Sushi Box","76903243-d6b8-4da0-baf7-7b8c1245dde7","","NO_TAX","TRUE","TRUE","","FALSE","FALSE","FALSE","FALSE","FALSE","FALSE","FALSE","FALSE","0:00","0:00","","","","","","","","","","","","","","","","","","Sushi Box Sunrise","0e97e226-4806-490b-bcba-4ae267db9e63","6 California Thon Cuit Avocat, 6 Maki Salmon Roll, 6 California Saumon Avocat","$21.90","$21.90","REGULAR","","","","","","$0.00","$0.00","","","","","","","","FALSE","FALSE","FALSE","FALSE","FALSE","FALSE","FALSE","FALSE","0:00","0:00","Choix accompagnements","a07dbcb9-dd43-4160-86c7-8e5e55422a30","1","1","1","Pas d'accompagnement","0b75c8c1-2eb5-4206-b726-cf0e4da3206b","$0.00","$0.00","REGULAR","4941","","","1","$0.00","",""
"Sushi Box","76903243-d6b8-4da0-baf7-7b8c1245dde7","","NO_TAX","TRUE","TRUE","","FALSE","FALSE","FALSE","FALSE","FALSE","FALSE","FALSE","FALSE","0:00","0:00","","","","","","","","","","","","","","","","","","Sushi Box Sunrise","0e97e226-4806-490b-bcba-4ae267db9e63","6 California Thon Cuit Avocat, 6 Maki Salmon Roll, 6 California Saumon Avocat","$21.90","$21.90","REGULAR","","","","","","$0.00","$0.00","","","","","","","","FALSE","FALSE","FALSE","FALSE","FALSE","FALSE","FALSE","FALSE","0:00","0:00","Choix accompagnements","a07dbcb9-dd43-4160-86c7-8e5e55422a30","1","1","1","Edamame & Salade de Chou","1131cdb0-c366-480b-82ba-f8e47cba7e36","$0.00","$0.00","REGULAR","4940","","","1","$0.00","",""
"Sushi Box","76903243-d6b8-4da0-baf7-7b8c1245dde7","","NO_TAX","TRUE","TRUE","","FALSE","FALSE","FALSE","FALSE","FALSE","FALSE","FALSE","FALSE","0:00","0:00","","","","","","","","","","","","","","","","","","Sushi Box Sunrise","0e97e226-4806-490b-bcba-4ae267db9e63","6 California Thon Cuit Avocat, 6 Maki Salmon Roll, 6 California Saumon Avocat","$21.90","$21.90","REGULAR","","","","","","$0.00","$0.00","","","","","","","","FALSE","FALSE","FALSE","FALSE","FALSE","FALSE","FALSE","FALSE","0:00","0:00","Choix extra gratuit","9e7e41e9-71e0-49f6-808d-0c1cb9a11d02","1","1","1","Gingembre offert","52f60b58-5c80-49ae-bd3b-7962650c635a","$0.00","$0.00","REGULAR","2859","","","1","$0.00","",""
"Sushi Box","76903243-d6b8-4da0-baf7-7b8c1245dde7","","NO_TAX","TRUE","TRUE","","FALSE","FALSE","FALSE","FALSE","FALSE","FALSE","FALSE","FALSE","0:00","0:00","","","","","","","","","","","","","","","","","","Sushi Box Sunrise","0e97e226-4806-490b-bcba-4ae267db9e63","6 California Thon Cuit Avocat, 6 Maki Salmon Roll, 6 California Saumon Avocat","$21.90","$21.90","REGULAR","","","","","","$0.00","$0.00","","","","","","","","FALSE","FALSE","FALSE","FALSE","FALSE","FALSE","FALSE","FALSE","0:00","0:00","Choix extra gratuit","9e7e41e9-71e0-49f6-808d-0c1cb9a11d02","1","1","1","Sauce soja sucrée offerte","eece6c02-d2bc-4253-ac6c-a11e532685fe","$0.00","$0.00","REGULAR","2861","","","1","$0.00","",""
"Sushi Box","76903243-d6b8-4da0-baf7-7b8c1245dde7","","NO_TAX","TRUE","TRUE","","FALSE","FALSE","FALSE","FALSE","FALSE","FALSE","FALSE","FALSE","0:00","0:00","","","","","","","","","","","","","","","","","","Sushi Box Sunrise","0e97e226-4806-490b-bcba-4ae267db9e63","6 California Thon Cuit Avocat, 6 Maki Salmon Roll, 6 California Saumon Avocat","$21.90","$21.90","REGULAR","","","","","","$0.00","$0.00","","","","","","","","FALSE","FALSE","FALSE","FALSE","FALSE","FALSE","FALSE","FALSE","0:00","0:00","Choix extra gratuit","9e7e41e9-71e0-49f6-808d-0c1cb9a11d02","1","1","1","Sauce soja salée offerte","6215a65f-f5e5-4645-bc60-2718a13ac174","$0.00","$0.00","REGULAR","2863","","","1","$0.00","",""
"Sushi Box","76903243-d6b8-4da0-baf7-7b8c1245dde7","","NO_TAX","TRUE","TRUE","","FALSE","FALSE","FALSE","FALSE","FALSE","FALSE","FALSE","FALSE","0:00","0:00","","","","","","","","","","","","","","","","","","Sushi Box Sunrise","0e97e226-4806-490b-bcba-4ae267db9e63","6 California Thon Cuit Avocat, 6 Maki Salmon Roll, 6 California Saumon Avocat","$21.90","$21.90","REGULAR","","","","","","$0.00","$0.00","","","","","","","","FALSE","FALSE","FALSE","FALSE","FALSE","FALSE","FALSE","FALSE","0:00","0:00","Choix extra gratuit","9e7e41e9-71e0-49f6-808d-0c1cb9a11d02","1","1","1","Wasabi offert","be632115-db93-412a-935b-520e275fabbb","$0.00","$0.00","REGULAR","2865","","","1","$0.00","",""
"Sushi Box","76903243-d6b8-4da0-baf7-7b8c1245dde7","","NO_TAX","TRUE","TRUE","","FALSE","FALSE","FALSE","FALSE","FALSE","FALSE","FALSE","FALSE","0:00","0:00","","","","","","","","","","","","","","","","","","Sushi Box Sunrise","0e97e226-4806-490b-bcba-4ae267db9e63","6 California Thon Cuit Avocat, 6 Maki Salmon Roll, 6 California Saumon Avocat","$21.90","$21.90","REGULAR","","","","","","$0.00","$0.00","","","","","","","","FALSE","FALSE","FALSE","FALSE","FALSE","FALSE","FALSE","FALSE","0:00","0:00","Choix supplément","9a7778d7-2521-451e-ad6a-c3c48f097859","","5","1","Gingembre (1 sachet)","96e9234e-88ba-4f28-a346-96be6a288aba","$0.50","$0.50","REGULAR","1424","","","1","$0.00","",""
"Sushi Box","76903243-d6b8-4da0-baf7-7b8c1245dde7","","NO_TAX","TRUE","TRUE","","FALSE","FALSE","FALSE","FALSE","FALSE","FALSE","FALSE","FALSE","0:00","0:00","","","","","","","","","","","","","","","","","","Sushi Box Sunrise","0e97e226-4806-490b-bcba-4ae267db9e63","6 California Thon Cuit Avocat, 6 Maki Salmon Roll, 6 California Saumon Avocat","$21.90","$21.90","REGULAR","","","","","","$0.00","$0.00","","","","","","","","FALSE","FALSE","FALSE","FALSE","FALSE","FALSE","FALSE","FALSE","0:00","0:00","Choix supplément","9a7778d7-2521-451e-ad6a-c3c48f097859","","5","1","Sauce soja salée","cb1bfb7e-94e6-4a20-86e9-6d2d53556725","$0.50","$0.50","REGULAR","1422","","","1","$0.00","",""
"Sushi Box","76903243-d6b8-4da0-baf7-7b8c1245dde7","","NO_TAX","TRUE","TRUE","","FALSE","FALSE","FALSE","FALSE","FALSE","FALSE","FALSE","FALSE","0:00","0:00","","","","","","","","","","","","","","","","","","Sushi Box Sunrise","0e97e226-4806-490b-bcba-4ae267db9e63","6 California Thon Cuit Avocat, 6 Maki Salmon Roll, 6 California Saumon Avocat","$21.90","$21.90","REGULAR","","","","","","$0.00","$0.00","","","","","","","","FALSE","FALSE","FALSE","FALSE","FALSE","FALSE","FALSE","FALSE","0:00","0:00","Choix supplément","9a7778d7-2521-451e-ad6a-c3c48f097859","","5","1","Sauce soja sucrée","6ce86702-9e72-4296-81d5-8fee1d83ba0a","$0.50","$0.50","REGULAR","1421","","","1","$0.00","",""
"Sushi Box","76903243-d6b8-4da0-baf7-7b8c1245dde7","","NO_TAX","TRUE","TRUE","","FALSE","FALSE","FALSE","FALSE","FALSE","FALSE","FALSE","FALSE","0:00","0:00","","","","","","","","","","","","","","","","","","Sushi Box Sunrise","0e97e226-4806-490b-bcba-4ae267db9e63","6 California Thon Cuit Avocat, 6 Maki Salmon Roll, 6 California Saumon Avocat","$21.90","$21.90","REGULAR","","","","","","$0.00","$0.00","","","","","","","","FALSE","FALSE","FALSE","FALSE","FALSE","FALSE","FALSE","FALSE","0:00","0:00","Choix supplément","9a7778d7-2521-451e-ad6a-c3c48f097859","","5","1","Wasabi (1 sachet)","18c64759-cd24-466e-9ea4-171cce3709de","$0.50","$0.50","REGULAR","1423","","","1","$0.00","",""
"Sushi Box","76903243-d6b8-4da0-baf7-7b8c1245dde7","","NO_TAX","TRUE","TRUE","","FALSE","FALSE","FALSE","FALSE","FALSE","FALSE","FALSE","FALSE","0:00","0:00","","","","","","","","","","","","","","","","","","Sushi Box Sunrise","0e97e226-4806-490b-bcba-4ae267db9e63","6 California Thon Cuit Avocat, 6 Maki Salmon Roll, 6 California Saumon Avocat","$21.90","$21.90","REGULAR","","","","","","$0.00","$0.00","","","","","","","","FALSE","FALSE","FALSE","FALSE","FALSE","FALSE","FALSE","FALSE","0:00","0:00","Choix supplément","9a7778d7-2521-451e-ad6a-c3c48f097859","","5","1","Crispy Onions","d9984e3f-905a-4b54-99d5-2da6aa7e2520","$0.50","$0.50","REGULAR","4865","","","1","$0.00","",""
"Sushi Box","76903243-d6b8-4da0-baf7-7b8c1245dde7","","NO_TAX","TRUE","TRUE","","FALSE","FALSE","FALSE","FALSE","FALSE","FALSE","FALSE","FALSE","0:00","0:00","","","","","","","","","","","","","","","","","","Sushi Box Sunrise","0e97e226-4806-490b-bcba-4ae267db9e63","6 California Thon Cuit Avocat, 6 Maki Salmon Roll, 6 California Saumon Avocat","$21.90","$21.90","REGULAR","","","","","","$0.00","$0.00","","","","","","","","FALSE","FALSE","FALSE","FALSE","FALSE","FALSE","FALSE","FALSE","0:00","0:00","Voulez-vous des baguettes ?","c425f756-6bd4-494a-803d-465af470b827","1","1","1","Baguettes en bois réutilisables","096650fc-2564-474a-ad5a-d3102ab24726","$0.90","$0.90","REGULAR","4125","","","1","$0.00","",""
"Sushi Box","76903243-d6b8-4da0-baf7-7b8c1245dde7","","NO_TAX","TRUE","TRUE","","FALSE","FALSE","FALSE","FALSE","FALSE","FALSE","FALSE","FALSE","0:00","0:00","","","","","","","","","","","","","","","","","","Sushi Box Sunrise","0e97e226-4806-490b-bcba-4ae267db9e63","6 California Thon Cuit Avocat, 6 Maki Salmon Roll, 6 California Saumon Avocat","$21.90","$21.90","REGULAR","","","","","","$0.00","$0.00","","","","","","","","FALSE","FALSE","FALSE","FALSE","FALSE","FALSE","FALSE","FALSE","0:00","0:00","Voulez-vous des baguettes ?","c425f756-6bd4-494a-803d-465af470b827","1","1","1","Baguettes à usage unique","f57f6d9d-e543-411d-87f3-a19267306766","$0.00","$0.00","REGULAR","1420","","","1","$0.00","",""
"Sushi Box","76903243-d6b8-4da0-baf7-7b8c1245dde7","","NO_TAX","TRUE","TRUE","","FALSE","FALSE","FALSE","FALSE","FALSE","FALSE","FALSE","FALSE","0:00","0:00","","","","","","","","","","","","","","","","","","Sushi Box Sunrise","0e97e226-4806-490b-bcba-4ae267db9e63","6 California Thon Cuit Avocat, 6 Maki Salmon Roll, 6 California Saumon Avocat","$21.90","$21.90","REGULAR","","","","","","$0.00","$0.00","","","","","","","","FALSE","FALSE","FALSE","FALSE","FALSE","FALSE","FALSE","FALSE","0:00","0:00","Voulez-vous des baguettes ?","c425f756-6bd4-494a-803d-465af470b827","1","1","1","Pas de baguettes","8bbdb93c-c9e9-4881-9a84-4500a6997cc7","$0.00","$0.00","REGULAR","3817","","","1","$0.00","",""
"Sushi Box","76903243-d6b8-4da0-baf7-7b8c1245dde7","","NO_TAX","TRUE","TRUE","","FALSE","FALSE","FALSE","FALSE","FALSE","FALSE","FALSE","FALSE","0:00","0:00","","","","","","","","","","","","","","","","","","Sushi Box Super Salmon","8592b62d-136e-4fc2-92df-fca2801989bd","6 Maki Saumon, 6 Maki Salmon Roll, 6 Spring Saumon Avocat, 6 California Saumon Avocat","$25.90","$25.90","REGULAR","","","","","","$0.00","$0.00","","","","","","","","FALSE","FALSE","FALSE","FALSE","FALSE","FALSE","FALSE","FALSE","0:00","0:00","Choix accompagnements","a07dbcb9-dd43-4160-86c7-8e5e55422a30","1","1","1","Pas d'accompagnement","0b75c8c1-2eb5-4206-b726-cf0e4da3206b","$0.00","$0.00","REGULAR","4941","","","1","$0.00","",""
"Sushi Box","76903243-d6b8-4da0-baf7-7b8c1245dde7","","NO_TAX","TRUE","TRUE","","FALSE","FALSE","FALSE","FALSE","FALSE","FALSE","FALSE","FALSE","0:00","0:00","","","","","","","","","","","","","","","","","","Sushi Box Super Salmon","8592b62d-136e-4fc2-92df-fca2801989bd","6 Maki Saumon, 6 Maki Salmon Roll, 6 Spring Saumon Avocat, 6 California Saumon Avocat","$25.90","$25.90","REGULAR","","","","","","$0.00","$0.00","","","","","","","","FALSE","FALSE","FALSE","FALSE","FALSE","FALSE","FALSE","FALSE","0:00","0:00","Choix accompagnements","a07dbcb9-dd43-4160-86c7-8e5e55422a30","1","1","1","Edamame & Salade de Chou","1131cdb0-c366-480b-82ba-f8e47cba7e36","$0.00","$0.00","REGULAR","4940","","","1","$0.00","",""
"Sushi Box","76903243-d6b8-4da0-baf7-7b8c1245dde7","","NO_TAX","TRUE","TRUE","","FALSE","FALSE","FALSE","FALSE","FALSE","FALSE","FALSE","FALSE","0:00","0:00","","","","","","","","","","","","","","","","","","Sushi Box Super Salmon","8592b62d-136e-4fc2-92df-fca2801989bd","6 Maki Saumon, 6 Maki Salmon Roll, 6 Spring Saumon Avocat, 6 California Saumon Avocat","$25.90","$25.90","REGULAR","","","","","","$0.00","$0.00","","","","","","","","FALSE","FALSE","FALSE","FALSE","FALSE","FALSE","FALSE","FALSE","0:00","0:00","Choix extra gratuit","9e7e41e9-71e0-49f6-808d-0c1cb9a11d02","1","1","1","Gingembre offert","52f60b58-5c80-49ae-bd3b-7962650c635a","$0.00","$0.00","REGULAR","2859","","","1","$0.00","",""
"Sushi Box","76903243-d6b8-4da0-baf7-7b8c1245dde7","","NO_TAX","TRUE","TRUE","","FALSE","FALSE","FALSE","FALSE","FALSE","FALSE","FALSE","FALSE","0:00","0:00","","","","","","","","","","","","","","","","","","Sushi Box Super Salmon","8592b62d-136e-4fc2-92df-fca2801989bd","6 Maki Saumon, 6 Maki Salmon Roll, 6 Spring Saumon Avocat, 6 California Saumon Avocat","$25.90","$25.90","REGULAR","","","","","","$0.00","$0.00","","","","","","","","FALSE","FALSE","FALSE","FALSE","FALSE","FALSE","FALSE","FALSE","0:00","0:00","Choix extra gratuit","9e7e41e9-71e0-49f6-808d-0c1cb9a11d02","1","1","1","Sauce soja sucrée offerte","eece6c02-d2bc-4253-ac6c-a11e532685fe","$0.00","$0.00","REGULAR","2861","","","1","$0.00","",""
"Sushi Box","76903243-d6b8-4da0-baf7-7b8c1245dde7","","NO_TAX","TRUE","TRUE","","FALSE","FALSE","FALSE","FALSE","FALSE","FALSE","FALSE","FALSE","0:00","0:00","","","","","","","","","","","","","","","","","","Sushi Box Super Salmon","8592b62d-136e-4fc2-92df-fca2801989bd","6 Maki Saumon, 6 Maki Salmon Roll, 6 Spring Saumon Avocat, 6 California Saumon Avocat","$25.90","$25.90","REGULAR","","","","","","$0.00","$0.00","","","","","","","","FALSE","FALSE","FALSE","FALSE","FALSE","FALSE","FALSE","FALSE","0:00","0:00","Choix extra gratuit","9e7e41e9-71e0-49f6-808d-0c1cb9a11d02","1","1","1","Sauce soja salée offerte","6215a65f-f5e5-4645-bc60-2718a13ac174","$0.00","$0.00","REGULAR","2863","","","1","$0.00","",""
"Sushi Box","76903243-d6b8-4da0-baf7-7b8c1245dde7","","NO_TAX","TRUE","TRUE","","FALSE","FALSE","FALSE","FALSE","FALSE","FALSE","FALSE","FALSE","0:00","0:00","","","","","","","","","","","","","","","","","","Sushi Box Super Salmon","8592b62d-136e-4fc2-92df-fca2801989bd","6 Maki Saumon, 6 Maki Salmon Roll, 6 Spring Saumon Avocat, 6 California Saumon Avocat","$25.90","$25.90","REGULAR","","","","","","$0.00","$0.00","","","","","","","","FALSE","FALSE","FALSE","FALSE","FALSE","FALSE","FALSE","FALSE","0:00","0:00","Choix extra gratuit","9e7e41e9-71e0-49f6-808d-0c1cb9a11d02","1","1","1","Wasabi offert","be632115-db93-412a-935b-520e275fabbb","$0.00","$0.00","REGULAR","2865","","","1","$0.00","",""
"Sushi Box","76903243-d6b8-4da0-baf7-7b8c1245dde7","","NO_TAX","TRUE","TRUE","","FALSE","FALSE","FALSE","FALSE","FALSE","FALSE","FALSE","FALSE","0:00","0:00","","","","","","","","","","","","","","","","","","Sushi Box Super Salmon","8592b62d-136e-4fc2-92df-fca2801989bd","6 Maki Saumon, 6 Maki Salmon Roll, 6 Spring Saumon Avocat, 6 California Saumon Avocat","$25.90","$25.90","REGULAR","","","","","","$0.00","$0.00","","","","","","","","FALSE","FALSE","FALSE","FALSE","FALSE","FALSE","FALSE","FALSE","0:00","0:00","Choix supplément","9a7778d7-2521-451e-ad6a-c3c48f097859","","5","1","Gingembre (1 sachet)","96e9234e-88ba-4f28-a346-96be6a288aba","$0.50","$0.50","REGULAR","1424","","","1","$0.00","",""
"Sushi Box","76903243-d6b8-4da0-baf7-7b8c1245dde7","","NO_TAX","TRUE","TRUE","","FALSE","FALSE","FALSE","FALSE","FALSE","FALSE","FALSE","FALSE","0:00","0:00","","","","","","","","","","","","","","","","","","Sushi Box Super Salmon","8592b62d-136e-4fc2-92df-fca2801989bd","6 Maki Saumon, 6 Maki Salmon Roll, 6 Spring Saumon Avocat, 6 California Saumon Avocat","$25.90","$25.90","REGULAR","","","","","","$0.00","$0.00","","","","","","","","FALSE","FALSE","FALSE","FALSE","FALSE","FALSE","FALSE","FALSE","0:00","0:00","Choix supplément","9a7778d7-2521-451e-ad6a-c3c48f097859","","5","1","Sauce soja salée","cb1bfb7e-94e6-4a20-86e9-6d2d53556725","$0.50","$0.50","REGULAR","1422","","","1","$0.00","",""
"Sushi Box","76903243-d6b8-4da0-baf7-7b8c1245dde7","","NO_TAX","TRUE","TRUE","","FALSE","FALSE","FALSE","FALSE","FALSE","FALSE","FALSE","FALSE","0:00","0:00","","","","","","","","","","","","","","","","","","Sushi Box Super Salmon","8592b62d-136e-4fc2-92df-fca2801989bd","6 Maki Saumon, 6 Maki Salmon Roll, 6 Spring Saumon Avocat, 6 California Saumon Avocat","$25.90","$25.90","REGULAR","","","","","","$0.00","$0.00","","","","","","","","FALSE","FALSE","FALSE","FALSE","FALSE","FALSE","FALSE","FALSE","0:00","0:00","Choix supplément","9a7778d7-2521-451e-ad6a-c3c48f097859","","5","1","Sauce soja sucrée","6ce86702-9e72-4296-81d5-8fee1d83ba0a","$0.50","$0.50","REGULAR","1421","","","1","$0.00","",""
"Sushi Box","76903243-d6b8-4da0-baf7-7b8c1245dde7","","NO_TAX","TRUE","TRUE","","FALSE","FALSE","FALSE","FALSE","FALSE","FALSE","FALSE","FALSE","0:00","0:00","","","","","","","","","","","","","","","","","","Sushi Box Super Salmon","8592b62d-136e-4fc2-92df-fca2801989bd","6 Maki Saumon, 6 Maki Salmon Roll, 6 Spring Saumon Avocat, 6 California Saumon Avocat","$25.90","$25.90","REGULAR","","","","","","$0.00","$0.00","","","","","","","","FALSE","FALSE","FALSE","FALSE","FALSE","FALSE","FALSE","FALSE","0:00","0:00","Choix supplément","9a7778d7-2521-451e-ad6a-c3c48f097859","","5","1","Wasabi (1 sachet)","18c64759-cd24-466e-9ea4-171cce3709de","$0.50","$0.50","REGULAR","1423","","","1","$0.00","",""
"Sushi Box","76903243-d6b8-4da0-baf7-7b8c1245dde7","","NO_TAX","TRUE","TRUE","","FALSE","FALSE","FALSE","FALSE","FALSE","FALSE","FALSE","FALSE","0:00","0:00","","","","","","","","","","","","","","","","","","Sushi Box Super Salmon","8592b62d-136e-4fc2-92df-fca2801989bd","6 Maki Saumon, 6 Maki Salmon Roll, 6 Spring Saumon Avocat, 6 California Saumon Avocat","$25.90","$25.90","REGULAR","","","","","","$0.00","$0.00","","","","","","","","FALSE","FALSE","FALSE","FALSE","FALSE","FALSE","FALSE","FALSE","0:00","0:00","Choix supplément","9a7778d7-2521-451e-ad6a-c3c48f097859","","5","1","Crispy Onions","d9984e3f-905a-4b54-99d5-2da6aa7e2520","$0.50","$0.50","REGULAR","4865","","","1","$0.00","",""
"Sushi Box","76903243-d6b8-4da0-baf7-7b8c1245dde7","","NO_TAX","TRUE","TRUE","","FALSE","FALSE","FALSE","FALSE","FALSE","FALSE","FALSE","FALSE","0:00","0:00","","","","","","","","","","","","","","","","","","Sushi Box Super Salmon","8592b62d-136e-4fc2-92df-fca2801989bd","6 Maki Saumon, 6 Maki Salmon Roll, 6 Spring Saumon Avocat, 6 California Saumon Avocat","$25.90","$25.90","REGULAR","","","","","","$0.00","$0.00","","","","","","","","FALSE","FALSE","FALSE","FALSE","FALSE","FALSE","FALSE","FALSE","0:00","0:00","Voulez-vous des baguettes ?","c425f756-6bd4-494a-803d-465af470b827","1","1","1","Baguettes en bois réutilisables","096650fc-2564-474a-ad5a-d3102ab24726","$0.90","$0.90","REGULAR","4125","","","1","$0.00","",""
"Sushi Box","76903243-d6b8-4da0-baf7-7b8c1245dde7","","NO_TAX","TRUE","TRUE","","FALSE","FALSE","FALSE","FALSE","FALSE","FALSE","FALSE","FALSE","0:00","0:00","","","","","","","","","","","","","","","","","","Sushi Box Super Salmon","8592b62d-136e-4fc2-92df-fca2801989bd","6 Maki Saumon, 6 Maki Salmon Roll, 6 Spring Saumon Avocat, 6 California Saumon Avocat","$25.90","$25.90","REGULAR","","","","","","$0.00","$0.00","","","","","","","","FALSE","FALSE","FALSE","FALSE","FALSE","FALSE","FALSE","FALSE","0:00","0:00","Voulez-vous des baguettes ?","c425f756-6bd4-494a-803d-465af470b827","1","1","1","Baguettes à usage unique","f57f6d9d-e543-411d-87f3-a19267306766","$0.00","$0.00","REGULAR","1420","","","1","$0.00","",""
"Sushi Box","76903243-d6b8-4da0-baf7-7b8c1245dde7","","NO_TAX","TRUE","TRUE","","FALSE","FALSE","FALSE","FALSE","FALSE","FALSE","FALSE","FALSE","0:00","0:00","","","","","","","","","","","","","","","","","","Sushi Box Super Salmon","8592b62d-136e-4fc2-92df-fca2801989bd","6 Maki Saumon, 6 Maki Salmon Roll, 6 Spring Saumon Avocat, 6 California Saumon Avocat","$25.90","$25.90","REGULAR","","","","","","$0.00","$0.00","","","","","","","","FALSE","FALSE","FALSE","FALSE","FALSE","FALSE","FALSE","FALSE","0:00","0:00","Voulez-vous des baguettes ?","c425f756-6bd4-494a-803d-465af470b827","1","1","1","Pas de baguettes","8bbdb93c-c9e9-4881-9a84-4500a6997cc7","$0.00","$0.00","REGULAR","3817","","","1","$0.00","",""
"Sushi Box","76903243-d6b8-4da0-baf7-7b8c1245dde7","","NO_TAX","TRUE","TRUE","","FALSE","FALSE","FALSE","FALSE","FALSE","FALSE","FALSE","FALSE","0:00","0:00","","","","","","","","","","","","","","","","","","Sushi Box Tasty Box","25264893-7be1-46aa-a79e-8660a1347cb7","6 Spring Saumon Avocat, 6 California Salmon Aburi Roll, 6 California Chicken Katsu, Edamame / Salade de chou","$22.90","$22.90","REGULAR","","","","","","$0.00","$0.00","","","","","","","","FALSE","FALSE","FALSE","FALSE","FALSE","FALSE","FALSE","FALSE","0:00","0:00","Choix accompagnements","a07dbcb9-dd43-4160-86c7-8e5e55422a30","1","1","1","Pas d'accompagnement","0b75c8c1-2eb5-4206-b726-cf0e4da3206b","$0.00","$0.00","REGULAR","4941","","","1","$0.00","",""
"Sushi Box","76903243-d6b8-4da0-baf7-7b8c1245dde7","","NO_TAX","TRUE","TRUE","","FALSE","FALSE","FALSE","FALSE","FALSE","FALSE","FALSE","FALSE","0:00","0:00","","","","","","","","","","","","","","","","","","Sushi Box Tasty Box","25264893-7be1-46aa-a79e-8660a1347cb7","6 Spring Saumon Avocat, 6 California Salmon Aburi Roll, 6 California Chicken Katsu, Edamame / Salade de chou","$22.90","$22.90","REGULAR","","","","","","$0.00","$0.00","","","","","","","","FALSE","FALSE","FALSE","FALSE","FALSE","FALSE","FALSE","FALSE","0:00","0:00","Choix accompagnements","a07dbcb9-dd43-4160-86c7-8e5e55422a30","1","1","1","Edamame & Salade de Chou","1131cdb0-c366-480b-82ba-f8e47cba7e36","$0.00","$0.00","REGULAR","4940","","","1","$0.00","",""
"Sushi Box","76903243-d6b8-4da0-baf7-7b8c1245dde7","","NO_TAX","TRUE","TRUE","","FALSE","FALSE","FALSE","FALSE","FALSE","FALSE","FALSE","FALSE","0:00","0:00","","","","","","","","","","","","","","","","","","Sushi Box Tasty Box","25264893-7be1-46aa-a79e-8660a1347cb7","6 Spring Saumon Avocat, 6 California Salmon Aburi Roll, 6 California Chicken Katsu, Edamame / Salade de chou","$22.90","$22.90","REGULAR","","","","","","$0.00","$0.00","","","","","","","","FALSE","FALSE","FALSE","FALSE","FALSE","FALSE","FALSE","FALSE","0:00","0:00","Choix extra gratuit","9e7e41e9-71e0-49f6-808d-0c1cb9a11d02","1","1","1","Gingembre offert","52f60b58-5c80-49ae-bd3b-7962650c635a","$0.00","$0.00","REGULAR","2859","","","1","$0.00","",""
"Sushi Box","76903243-d6b8-4da0-baf7-7b8c1245dde7","","NO_TAX","TRUE","TRUE","","FALSE","FALSE","FALSE","FALSE","FALSE","FALSE","FALSE","FALSE","0:00","0:00","","","","","","","","","","","","","","","","","","Sushi Box Tasty Box","25264893-7be1-46aa-a79e-8660a1347cb7","6 Spring Saumon Avocat, 6 California Salmon Aburi Roll, 6 California Chicken Katsu, Edamame / Salade de chou","$22.90","$22.90","REGULAR","","","","","","$0.00","$0.00","","","","","","","","FALSE","FALSE","FALSE","FALSE","FALSE","FALSE","FALSE","FALSE","0:00","0:00","Choix extra gratuit","9e7e41e9-71e0-49f6-808d-0c1cb9a11d02","1","1","1","Sauce soja sucrée offerte","eece6c02-d2bc-4253-ac6c-a11e532685fe","$0.00","$0.00","REGULAR","2861","","","1","$0.00","",""
"Sushi Box","76903243-d6b8-4da0-baf7-7b8c1245dde7","","NO_TAX","TRUE","TRUE","","FALSE","FALSE","FALSE","FALSE","FALSE","FALSE","FALSE","FALSE","0:00","0:00","","","","","","","","","","","","","","","","","","Sushi Box Tasty Box","25264893-7be1-46aa-a79e-8660a1347cb7","6 Spring Saumon Avocat, 6 California Salmon Aburi Roll, 6 California Chicken Katsu, Edamame / Salade de chou","$22.90","$22.90","REGULAR","","","","","","$0.00","$0.00","","","","","","","","FALSE","FALSE","FALSE","FALSE","FALSE","FALSE","FALSE","FALSE","0:00","0:00","Choix extra gratuit","9e7e41e9-71e0-49f6-808d-0c1cb9a11d02","1","1","1","Sauce soja salée offerte","6215a65f-f5e5-4645-bc60-2718a13ac174","$0.00","$0.00","REGULAR","2863","","","1","$0.00","",""
"Sushi Box","76903243-d6b8-4da0-baf7-7b8c1245dde7","","NO_TAX","TRUE","TRUE","","FALSE","FALSE","FALSE","FALSE","FALSE","FALSE","FALSE","FALSE","0:00","0:00","","","","","","","","","","","","","","","","","","Sushi Box Tasty Box","25264893-7be1-46aa-a79e-8660a1347cb7","6 Spring Saumon Avocat, 6 California Salmon Aburi Roll, 6 California Chicken Katsu, Edamame / Salade de chou","$22.90","$22.90","REGULAR","","","","","","$0.00","$0.00","","","","","","","","FALSE","FALSE","FALSE","FALSE","FALSE","FALSE","FALSE","FALSE","0:00","0:00","Choix extra gratuit","9e7e41e9-71e0-49f6-808d-0c1cb9a11d02","1","1","1","Wasabi offert","be632115-db93-412a-935b-520e275fabbb","$0.00","$0.00","REGULAR","2865","","","1","$0.00","",""
"Sushi Box","76903243-d6b8-4da0-baf7-7b8c1245dde7","","NO_TAX","TRUE","TRUE","","FALSE","FALSE","FALSE","FALSE","FALSE","FALSE","FALSE","FALSE","0:00","0:00","","","","","","","","","","","","","","","","","","Sushi Box Tasty Box","25264893-7be1-46aa-a79e-8660a1347cb7","6 Spring Saumon Avocat, 6 California Salmon Aburi Roll, 6 California Chicken Katsu, Edamame / Salade de chou","$22.90","$22.90","REGULAR","","","","","","$0.00","$0.00","","","","","","","","FALSE","FALSE","FALSE","FALSE","FALSE","FALSE","FALSE","FALSE","0:00","0:00","Choix supplément","9a7778d7-2521-451e-ad6a-c3c48f097859","","5","1","Gingembre (1 sachet)","96e9234e-88ba-4f28-a346-96be6a288aba","$0.50","$0.50","REGULAR","1424","","","1","$0.00","",""
"Sushi Box","76903243-d6b8-4da0-baf7-7b8c1245dde7","","NO_TAX","TRUE","TRUE","","FALSE","FALSE","FALSE","FALSE","FALSE","FALSE","FALSE","FALSE","0:00","0:00","","","","","","","","","","","","","","","","","","Sushi Box Tasty Box","25264893-7be1-46aa-a79e-8660a1347cb7","6 Spring Saumon Avocat, 6 California Salmon Aburi Roll, 6 California Chicken Katsu, Edamame / Salade de chou","$22.90","$22.90","REGULAR","","","","","","$0.00","$0.00","","","","","","","","FALSE","FALSE","FALSE","FALSE","FALSE","FALSE","FALSE","FALSE","0:00","0:00","Choix supplément","9a7778d7-2521-451e-ad6a-c3c48f097859","","5","1","Sauce soja salée","cb1bfb7e-94e6-4a20-86e9-6d2d53556725","$0.50","$0.50","REGULAR","1422","","","1","$0.00","",""
"Sushi Box","76903243-d6b8-4da0-baf7-7b8c1245dde7","","NO_TAX","TRUE","TRUE","","FALSE","FALSE","FALSE","FALSE","FALSE","FALSE","FALSE","FALSE","0:00","0:00","","","","","","","","","","","","","","","","","","Sushi Box Tasty Box","25264893-7be1-46aa-a79e-8660a1347cb7","6 Spring Saumon Avocat, 6 California Salmon Aburi Roll, 6 California Chicken Katsu, Edamame / Salade de chou","$22.90","$22.90","REGULAR","","","","","","$0.00","$0.00","","","","","","","","FALSE","FALSE","FALSE","FALSE","FALSE","FALSE","FALSE","FALSE","0:00","0:00","Choix supplément","9a7778d7-2521-451e-ad6a-c3c48f097859","","5","1","Sauce soja sucrée","6ce86702-9e72-4296-81d5-8fee1d83ba0a","$0.50","$0.50","REGULAR","1421","","","1","$0.00","",""
"Sushi Box","76903243-d6b8-4da0-baf7-7b8c1245dde7","","NO_TAX","TRUE","TRUE","","FALSE","FALSE","FALSE","FALSE","FALSE","FALSE","FALSE","FALSE","0:00","0:00","","","","","","","","","","","","","","","","","","Sushi Box Tasty Box","25264893-7be1-46aa-a79e-8660a1347cb7","6 Spring Saumon Avocat, 6 California Salmon Aburi Roll, 6 California Chicken Katsu, Edamame / Salade de chou","$22.90","$22.90","REGULAR","","","","","","$0.00","$0.00","","","","","","","","FALSE","FALSE","FALSE","FALSE","FALSE","FALSE","FALSE","FALSE","0:00","0:00","Choix supplément","9a7778d7-2521-451e-ad6a-c3c48f097859","","5","1","Wasabi (1 sachet)","18c64759-cd24-466e-9ea4-171cce3709de","$0.50","$0.50","REGULAR","1423","","","1","$0.00","",""
"Sushi Box","76903243-d6b8-4da0-baf7-7b8c1245dde7","","NO_TAX","TRUE","TRUE","","FALSE","FALSE","FALSE","FALSE","FALSE","FALSE","FALSE","FALSE","0:00","0:00","","","","","","","","","","","","","","","","","","Sushi Box Tasty Box","25264893-7be1-46aa-a79e-8660a1347cb7","6 Spring Saumon Avocat, 6 California Salmon Aburi Roll, 6 California Chicken Katsu, Edamame / Salade de chou","$22.90","$22.90","REGULAR","","","","","","$0.00","$0.00","","","","","","","","FALSE","FALSE","FALSE","FALSE","FALSE","FALSE","FALSE","FALSE","0:00","0:00","Choix supplément","9a7778d7-2521-451e-ad6a-c3c48f097859","","5","1","Crispy Onions","d9984e3f-905a-4b54-99d5-2da6aa7e2520","$0.50","$0.50","REGULAR","4865","","","1","$0.00","",""
"Sushi Box","76903243-d6b8-4da0-baf7-7b8c1245dde7","","NO_TAX","TRUE","TRUE","","FALSE","FALSE","FALSE","FALSE","FALSE","FALSE","FALSE","FALSE","0:00","0:00","","","","","","","","","","","","","","","","","","Sushi Box Tasty Box","25264893-7be1-46aa-a79e-8660a1347cb7","6 Spring Saumon Avocat, 6 California Salmon Aburi Roll, 6 California Chicken Katsu, Edamame / Salade de chou","$22.90","$22.90","REGULAR","","","","","","$0.00","$0.00","","","","","","","","FALSE","FALSE","FALSE","FALSE","FALSE","FALSE","FALSE","FALSE","0:00","0:00","Voulez-vous des baguettes ?","c425f756-6bd4-494a-803d-465af470b827","1","1","1","Baguettes en bois réutilisables","096650fc-2564-474a-ad5a-d3102ab24726","$0.90","$0.90","REGULAR","4125","","","1","$0.00","",""
"Sushi Box","76903243-d6b8-4da0-baf7-7b8c1245dde7","","NO_TAX","TRUE","TRUE","","FALSE","FALSE","FALSE","FALSE","FALSE","FALSE","FALSE","FALSE","0:00","0:00","","","","","","","","","","","","","","","","","","Sushi Box Tasty Box","25264893-7be1-46aa-a79e-8660a1347cb7","6 Spring Saumon Avocat, 6 California Salmon Aburi Roll, 6 California Chicken Katsu, Edamame / Salade de chou","$22.90","$22.90","REGULAR","","","","","","$0.00","$0.00","","","","","","","","FALSE","FALSE","FALSE","FALSE","FALSE","FALSE","FALSE","FALSE","0:00","0:00","Voulez-vous des baguettes ?","c425f756-6bd4-494a-803d-465af470b827","1","1","1","Baguettes à usage unique","f57f6d9d-e543-411d-87f3-a19267306766","$0.00","$0.00","REGULAR","1420","","","1","$0.00","",""
"Sushi Box","76903243-d6b8-4da0-baf7-7b8c1245dde7","","NO_TAX","TRUE","TRUE","","FALSE","FALSE","FALSE","FALSE","FALSE","FALSE","FALSE","FALSE","0:00","0:00","","","","","","","","","","","","","","","","","","Sushi Box Tasty Box","25264893-7be1-46aa-a79e-8660a1347cb7","6 Spring Saumon Avocat, 6 California Salmon Aburi Roll, 6 California Chicken Katsu, Edamame / Salade de chou","$22.90","$22.90","REGULAR","","","","","","$0.00","$0.00","","","","","","","","FALSE","FALSE","FALSE","FALSE","FALSE","FALSE","FALSE","FALSE","0:00","0:00","Voulez-vous des baguettes ?","c425f756-6bd4-494a-803d-465af470b827","1","1","1","Pas de baguettes","8bbdb93c-c9e9-4881-9a84-4500a6997cc7","$0.00","$0.00","REGULAR","3817","","","1","$0.00","",""
"Sushi Box","76903243-d6b8-4da0-baf7-7b8c1245dde7","","NO_TAX","TRUE","TRUE","","FALSE","FALSE","FALSE","FALSE","FALSE","FALSE","FALSE","FALSE","0:00","0:00","","","","","","","","","","","","","","","","","","Sushi Box Veggie","af0a9f7d-96b1-43d3-9f48-1896d2060ef4","6 Maki Cheese Avocat, 6 California Veggie, 6 Spring Cheese Concombre","$15.90","$15.90","REGULAR","","","","","","$0.00","$0.00","","","","","","","","FALSE","FALSE","FALSE","FALSE","FALSE","FALSE","FALSE","FALSE","0:00","0:00","Choix accompagnements","a07dbcb9-dd43-4160-86c7-8e5e55422a30","1","1","1","Pas d'accompagnement","0b75c8c1-2eb5-4206-b726-cf0e4da3206b","$0.00","$0.00","REGULAR","4941","","","1","$0.00","",""
"Sushi Box","76903243-d6b8-4da0-baf7-7b8c1245dde7","","NO_TAX","TRUE","TRUE","","FALSE","FALSE","FALSE","FALSE","FALSE","FALSE","FALSE","FALSE","0:00","0:00","","","","","","","","","","","","","","","","","","Sushi Box Veggie","af0a9f7d-96b1-43d3-9f48-1896d2060ef4","6 Maki Cheese Avocat, 6 California Veggie, 6 Spring Cheese Concombre","$15.90","$15.90","REGULAR","","","","","","$0.00","$0.00","","","","","","","","FALSE","FALSE","FALSE","FALSE","FALSE","FALSE","FALSE","FALSE","0:00","0:00","Choix accompagnements","a07dbcb9-dd43-4160-86c7-8e5e55422a30","1","1","1","Edamame & Salade de Chou","1131cdb0-c366-480b-82ba-f8e47cba7e36","$0.00","$0.00","REGULAR","4940","","","1","$0.00","",""
"Sushi Box","76903243-d6b8-4da0-baf7-7b8c1245dde7","","NO_TAX","TRUE","TRUE","","FALSE","FALSE","FALSE","FALSE","FALSE","FALSE","FALSE","FALSE","0:00","0:00","","","","","","","","","","","","","","","","","","Sushi Box Veggie","af0a9f7d-96b1-43d3-9f48-1896d2060ef4","6 Maki Cheese Avocat, 6 California Veggie, 6 Spring Cheese Concombre","$15.90","$15.90","REGULAR","","","","","","$0.00","$0.00","","","","","","","","FALSE","FALSE","FALSE","FALSE","FALSE","FALSE","FALSE","FALSE","0:00","0:00","Choix extra gratuit","9e7e41e9-71e0-49f6-808d-0c1cb9a11d02","1","1","1","Gingembre offert","52f60b58-5c80-49ae-bd3b-7962650c635a","$0.00","$0.00","REGULAR","2859","","","1","$0.00","",""
"Sushi Box","76903243-d6b8-4da0-baf7-7b8c1245dde7","","NO_TAX","TRUE","TRUE","","FALSE","FALSE","FALSE","FALSE","FALSE","FALSE","FALSE","FALSE","0:00","0:00","","","","","","","","","","","","","","","","","","Sushi Box Veggie","af0a9f7d-96b1-43d3-9f48-1896d2060ef4","6 Maki Cheese Avocat, 6 California Veggie, 6 Spring Cheese Concombre","$15.90","$15.90","REGULAR","","","","","","$0.00","$0.00","","","","","","","","FALSE","FALSE","FALSE","FALSE","FALSE","FALSE","FALSE","FALSE","0:00","0:00","Choix extra gratuit","9e7e41e9-71e0-49f6-808d-0c1cb9a11d02","1","1","1","Sauce soja sucrée offerte","eece6c02-d2bc-4253-ac6c-a11e532685fe","$0.00","$0.00","REGULAR","2861","","","1","$0.00","",""
"Sushi Box","76903243-d6b8-4da0-baf7-7b8c1245dde7","","NO_TAX","TRUE","TRUE","","FALSE","FALSE","FALSE","FALSE","FALSE","FALSE","FALSE","FALSE","0:00","0:00","","","","","","","","","","","","","","","","","","Sushi Box Veggie","af0a9f7d-96b1-43d3-9f48-1896d2060ef4","6 Maki Cheese Avocat, 6 California Veggie, 6 Spring Cheese Concombre","$15.90","$15.90","REGULAR","","","","","","$0.00","$0.00","","","","","","","","FALSE","FALSE","FALSE","FALSE","FALSE","FALSE","FALSE","FALSE","0:00","0:00","Choix extra gratuit","9e7e41e9-71e0-49f6-808d-0c1cb9a11d02","1","1","1","Sauce soja salée offerte","6215a65f-f5e5-4645-bc60-2718a13ac174","$0.00","$0.00","REGULAR","2863","","","1","$0.00","",""
"Sushi Box","76903243-d6b8-4da0-baf7-7b8c1245dde7","","NO_TAX","TRUE","TRUE","","FALSE","FALSE","FALSE","FALSE","FALSE","FALSE","FALSE","FALSE","0:00","0:00","","","","","","","","","","","","","","","","","","Sushi Box Veggie","af0a9f7d-96b1-43d3-9f48-1896d2060ef4","6 Maki Cheese Avocat, 6 California Veggie, 6 Spring Cheese Concombre","$15.90","$15.90","REGULAR","","","","","","$0.00","$0.00","","","","","","","","FALSE","FALSE","FALSE","FALSE","FALSE","FALSE","FALSE","FALSE","0:00","0:00","Choix extra gratuit","9e7e41e9-71e0-49f6-808d-0c1cb9a11d02","1","1","1","Wasabi offert","be632115-db93-412a-935b-520e275fabbb","$0.00","$0.00","REGULAR","2865","","","1","$0.00","",""
"Sushi Box","76903243-d6b8-4da0-baf7-7b8c1245dde7","","NO_TAX","TRUE","TRUE","","FALSE","FALSE","FALSE","FALSE","FALSE","FALSE","FALSE","FALSE","0:00","0:00","","","","","","","","","","","","","","","","","","Sushi Box Veggie","af0a9f7d-96b1-43d3-9f48-1896d2060ef4","6 Maki Cheese Avocat, 6 California Veggie, 6 Spring Cheese Concombre","$15.90","$15.90","REGULAR","","","","","","$0.00","$0.00","","","","","","","","FALSE","FALSE","FALSE","FALSE","FALSE","FALSE","FALSE","FALSE","0:00","0:00","Choix supplément","9a7778d7-2521-451e-ad6a-c3c48f097859","","5","1","Gingembre (1 sachet)","96e9234e-88ba-4f28-a346-96be6a288aba","$0.50","$0.50","REGULAR","1424","","","1","$0.00","",""
"Sushi Box","76903243-d6b8-4da0-baf7-7b8c1245dde7","","NO_TAX","TRUE","TRUE","","FALSE","FALSE","FALSE","FALSE","FALSE","FALSE","FALSE","FALSE","0:00","0:00","","","","","","","","","","","","","","","","","","Sushi Box Veggie","af0a9f7d-96b1-43d3-9f48-1896d2060ef4","6 Maki Cheese Avocat, 6 California Veggie, 6 Spring Cheese Concombre","$15.90","$15.90","REGULAR","","","","","","$0.00","$0.00","","","","","","","","FALSE","FALSE","FALSE","FALSE","FALSE","FALSE","FALSE","FALSE","0:00","0:00","Choix supplément","9a7778d7-2521-451e-ad6a-c3c48f097859","","5","1","Sauce soja salée","cb1bfb7e-94e6-4a20-86e9-6d2d53556725","$0.50","$0.50","REGULAR","1422","","","1","$0.00","",""
"Sushi Box","76903243-d6b8-4da0-baf7-7b8c1245dde7","","NO_TAX","TRUE","TRUE","","FALSE","FALSE","FALSE","FALSE","FALSE","FALSE","FALSE","FALSE","0:00","0:00","","","","","","","","","","","","","","","","","","Sushi Box Veggie","af0a9f7d-96b1-43d3-9f48-1896d2060ef4","6 Maki Cheese Avocat, 6 California Veggie, 6 Spring Cheese Concombre","$15.90","$15.90","REGULAR","","","","","","$0.00","$0.00","","","","","","","","FALSE","FALSE","FALSE","FALSE","FALSE","FALSE","FALSE","FALSE","0:00","0:00","Choix supplément","9a7778d7-2521-451e-ad6a-c3c48f097859","","5","1","Sauce soja sucrée","6ce86702-9e72-4296-81d5-8fee1d83ba0a","$0.50","$0.50","REGULAR","1421","","","1","$0.00","",""
"Sushi Box","76903243-d6b8-4da0-baf7-7b8c1245dde7","","NO_TAX","TRUE","TRUE","","FALSE","FALSE","FALSE","FALSE","FALSE","FALSE","FALSE","FALSE","0:00","0:00","","","","","","","","","","","","","","","","","","Sushi Box Veggie","af0a9f7d-96b1-43d3-9f48-1896d2060ef4","6 Maki Cheese Avocat, 6 California Veggie, 6 Spring Cheese Concombre","$15.90","$15.90","REGULAR","","","","","","$0.00","$0.00","","","","","","","","FALSE","FALSE","FALSE","FALSE","FALSE","FALSE","FALSE","FALSE","0:00","0:00","Choix supplément","9a7778d7-2521-451e-ad6a-c3c48f097859","","5","1","Wasabi (1 sachet)","18c64759-cd24-466e-9ea4-171cce3709de","$0.50","$0.50","REGULAR","1423","","","1","$0.00","",""
"Sushi Box","76903243-d6b8-4da0-baf7-7b8c1245dde7","","NO_TAX","TRUE","TRUE","","FALSE","FALSE","FALSE","FALSE","FALSE","FALSE","FALSE","FALSE","0:00","0:00","","","","","","","","","","","","","","","","","","Sushi Box Veggie","af0a9f7d-96b1-43d3-9f48-1896d2060ef4","6 Maki Cheese Avocat, 6 California Veggie, 6 Spring Cheese Concombre","$15.90","$15.90","REGULAR","","","","","","$0.00","$0.00","","","","","","","","FALSE","FALSE","FALSE","FALSE","FALSE","FALSE","FALSE","FALSE","0:00","0:00","Choix supplément","9a7778d7-2521-451e-ad6a-c3c48f097859","","5","1","Crispy Onions","d9984e3f-905a-4b54-99d5-2da6aa7e2520","$0.50","$0.50","REGULAR","4865","","","1","$0.00","",""
"Sushi Box","76903243-d6b8-4da0-baf7-7b8c1245dde7","","NO_TAX","TRUE","TRUE","","FALSE","FALSE","FALSE","FALSE","FALSE","FALSE","FALSE","FALSE","0:00","0:00","","","","","","","","","","","","","","","","","","Sushi Box Veggie","af0a9f7d-96b1-43d3-9f48-1896d2060ef4","6 Maki Cheese Avocat, 6 California Veggie, 6 Spring Cheese Concombre","$15.90","$15.90","REGULAR","","","","","","$0.00","$0.00","","","","","","","","FALSE","FALSE","FALSE","FALSE","FALSE","FALSE","FALSE","FALSE","0:00","0:00","Voulez-vous des baguettes ?","c425f756-6bd4-494a-803d-465af470b827","1","1","1","Baguettes en bois réutilisables","096650fc-2564-474a-ad5a-d3102ab24726","$0.90","$0.90","REGULAR","4125","","","1","$0.00","",""
"Sushi Box","76903243-d6b8-4da0-baf7-7b8c1245dde7","","NO_TAX","TRUE","TRUE","","FALSE","FALSE","FALSE","FALSE","FALSE","FALSE","FALSE","FALSE","0:00","0:00","","","","","","","","","","","","","","","","","","Sushi Box Veggie","af0a9f7d-96b1-43d3-9f48-1896d2060ef4","6 Maki Cheese Avocat, 6 California Veggie, 6 Spring Cheese Concombre","$15.90","$15.90","REGULAR","","","","","","$0.00","$0.00","","","","","","","","FALSE","FALSE","FALSE","FALSE","FALSE","FALSE","FALSE","FALSE","0:00","0:00","Voulez-vous des baguettes ?","c425f756-6bd4-494a-803d-465af470b827","1","1","1","Baguettes à usage unique","f57f6d9d-e543-411d-87f3-a19267306766","$0.00","$0.00","REGULAR","1420","","","1","$0.00","",""
"Sushi Box","76903243-d6b8-4da0-baf7-7b8c1245dde7","","NO_TAX","TRUE","TRUE","","FALSE","FALSE","FALSE","FALSE","FALSE","FALSE","FALSE","FALSE","0:00","0:00","","","","","","","","","","","","","","","","","","Sushi Box Veggie","af0a9f7d-96b1-43d3-9f48-1896d2060ef4","6 Maki Cheese Avocat, 6 California Veggie, 6 Spring Cheese Concombre","$15.90","$15.90","REGULAR","","","","","","$0.00","$0.00","","","","","","","","FALSE","FALSE","FALSE","FALSE","FALSE","FALSE","FALSE","FALSE","0:00","0:00","Voulez-vous des baguettes ?","c425f756-6bd4-494a-803d-465af470b827","1","1","1","Pas de baguettes","8bbdb93c-c9e9-4881-9a84-4500a6997cc7","$0.00","$0.00","REGULAR","3817","","","1","$0.00","",""
"Sushi Box","76903243-d6b8-4da0-baf7-7b8c1245dde7","","NO_TAX","TRUE","TRUE","","FALSE","FALSE","FALSE","FALSE","FALSE","FALSE","FALSE","FALSE","0:00","0:00","","","","","","","","","","","","","","","","","","Sushi Box Fresh Mix","0289e3da-4ba7-44ff-8ae1-1e20f8abcca6","2 Sushi Salmon Cheese, 4 Sushi Saumon, 4 Signature Rock n Roll, 6 Maki Salmon Roll, 6 California Saumon Avocat","$29.00","$29.00","REGULAR","","","","","","$0.00","$0.00","","","","","","","","FALSE","FALSE","FALSE","FALSE","FALSE","FALSE","FALSE","FALSE","0:00","0:00","Choix accompagnements","a07dbcb9-dd43-4160-86c7-8e5e55422a30","1","1","1","Pas d'accompagnement","0b75c8c1-2eb5-4206-b726-cf0e4da3206b","$0.00","$0.00","REGULAR","4941","","","1","$0.00","",""
"Sushi Box","76903243-d6b8-4da0-baf7-7b8c1245dde7","","NO_TAX","TRUE","TRUE","","FALSE","FALSE","FALSE","FALSE","FALSE","FALSE","FALSE","FALSE","0:00","0:00","","","","","","","","","","","","","","","","","","Sushi Box Fresh Mix","0289e3da-4ba7-44ff-8ae1-1e20f8abcca6","2 Sushi Salmon Cheese, 4 Sushi Saumon, 4 Signature Rock n Roll, 6 Maki Salmon Roll, 6 California Saumon Avocat","$29.00","$29.00","REGULAR","","","","","","$0.00","$0.00","","","","","","","","FALSE","FALSE","FALSE","FALSE","FALSE","FALSE","FALSE","FALSE","0:00","0:00","Choix accompagnements","a07dbcb9-dd43-4160-86c7-8e5e55422a30","1","1","1","Edamame & Salade de Chou","1131cdb0-c366-480b-82ba-f8e47cba7e36","$0.00","$0.00","REGULAR","4940","","","1","$0.00","",""
"Sushi Box","76903243-d6b8-4da0-baf7-7b8c1245dde7","","NO_TAX","TRUE","TRUE","","FALSE","FALSE","FALSE","FALSE","FALSE","FALSE","FALSE","FALSE","0:00","0:00","","","","","","","","","","","","","","","","","","Sushi Box Fresh Mix","0289e3da-4ba7-44ff-8ae1-1e20f8abcca6","2 Sushi Salmon Cheese, 4 Sushi Saumon, 4 Signature Rock n Roll, 6 Maki Salmon Roll, 6 California Saumon Avocat","$29.00","$29.00","REGULAR","","","","","","$0.00","$0.00","","","","","","","","FALSE","FALSE","FALSE","FALSE","FALSE","FALSE","FALSE","FALSE","0:00","0:00","Choix extra gratuit","9e7e41e9-71e0-49f6-808d-0c1cb9a11d02","1","1","1","Gingembre offert","52f60b58-5c80-49ae-bd3b-7962650c635a","$0.00","$0.00","REGULAR","2859","","","1","$0.00","",""
"Sushi Box","76903243-d6b8-4da0-baf7-7b8c1245dde7","","NO_TAX","TRUE","TRUE","","FALSE","FALSE","FALSE","FALSE","FALSE","FALSE","FALSE","FALSE","0:00","0:00","","","","","","","","","","","","","","","","","","Sushi Box Fresh Mix","0289e3da-4ba7-44ff-8ae1-1e20f8abcca6","2 Sushi Salmon Cheese, 4 Sushi Saumon, 4 Signature Rock n Roll, 6 Maki Salmon Roll, 6 California Saumon Avocat","$29.00","$29.00","REGULAR","","","","","","$0.00","$0.00","","","","","","","","FALSE","FALSE","FALSE","FALSE","FALSE","FALSE","FALSE","FALSE","0:00","0:00","Choix extra gratuit","9e7e41e9-71e0-49f6-808d-0c1cb9a11d02","1","1","1","Sauce soja sucrée offerte","eece6c02-d2bc-4253-ac6c-a11e532685fe","$0.00","$0.00","REGULAR","2861","","","1","$0.00","",""
"Sushi Box","76903243-d6b8-4da0-baf7-7b8c1245dde7","","NO_TAX","TRUE","TRUE","","FALSE","FALSE","FALSE","FALSE","FALSE","FALSE","FALSE","FALSE","0:00","0:00","","","","","","","","","","","","","","","","","","Sushi Box Fresh Mix","0289e3da-4ba7-44ff-8ae1-1e20f8abcca6","2 Sushi Salmon Cheese, 4 Sushi Saumon, 4 Signature Rock n Roll, 6 Maki Salmon Roll, 6 California Saumon Avocat","$29.00","$29.00","REGULAR","","","","","","$0.00","$0.00","","","","","","","","FALSE","FALSE","FALSE","FALSE","FALSE","FALSE","FALSE","FALSE","0:00","0:00","Choix extra gratuit","9e7e41e9-71e0-49f6-808d-0c1cb9a11d02","1","1","1","Sauce soja salée offerte","6215a65f-f5e5-4645-bc60-2718a13ac174","$0.00","$0.00","REGULAR","2863","","","1","$0.00","",""
"Sushi Box","76903243-d6b8-4da0-baf7-7b8c1245dde7","","NO_TAX","TRUE","TRUE","","FALSE","FALSE","FALSE","FALSE","FALSE","FALSE","FALSE","FALSE","0:00","0:00","","","","","","","","","","","","","","","","","","Sushi Box Fresh Mix","0289e3da-4ba7-44ff-8ae1-1e20f8abcca6","2 Sushi Salmon Cheese, 4 Sushi Saumon, 4 Signature Rock n Roll, 6 Maki Salmon Roll, 6 California Saumon Avocat","$29.00","$29.00","REGULAR","","","","","","$0.00","$0.00","","","","","","","","FALSE","FALSE","FALSE","FALSE","FALSE","FALSE","FALSE","FALSE","0:00","0:00","Choix extra gratuit","9e7e41e9-71e0-49f6-808d-0c1cb9a11d02","1","1","1","Wasabi offert","be632115-db93-412a-935b-520e275fabbb","$0.00","$0.00","REGULAR","2865","","","1","$0.00","",""
"Sushi Box","76903243-d6b8-4da0-baf7-7b8c1245dde7","","NO_TAX","TRUE","TRUE","","FALSE","FALSE","FALSE","FALSE","FALSE","FALSE","FALSE","FALSE","0:00","0:00","","","","","","","","","","","","","","","","","","Sushi Box Fresh Mix","0289e3da-4ba7-44ff-8ae1-1e20f8abcca6","2 Sushi Salmon Cheese, 4 Sushi Saumon, 4 Signature Rock n Roll, 6 Maki Salmon Roll, 6 California Saumon Avocat","$29.00","$29.00","REGULAR","","","","","","$0.00","$0.00","","","","","","","","FALSE","FALSE","FALSE","FALSE","FALSE","FALSE","FALSE","FALSE","0:00","0:00","Choix supplément","9a7778d7-2521-451e-ad6a-c3c48f097859","","5","1","Gingembre (1 sachet)","96e9234e-88ba-4f28-a346-96be6a288aba","$0.50","$0.50","REGULAR","1424","","","1","$0.00","",""
"Sushi Box","76903243-d6b8-4da0-baf7-7b8c1245dde7","","NO_TAX","TRUE","TRUE","","FALSE","FALSE","FALSE","FALSE","FALSE","FALSE","FALSE","FALSE","0:00","0:00","","","","","","","","","","","","","","","","","","Sushi Box Fresh Mix","0289e3da-4ba7-44ff-8ae1-1e20f8abcca6","2 Sushi Salmon Cheese, 4 Sushi Saumon, 4 Signature Rock n Roll, 6 Maki Salmon Roll, 6 California Saumon Avocat","$29.00","$29.00","REGULAR","","","","","","$0.00","$0.00","","","","","","","","FALSE","FALSE","FALSE","FALSE","FALSE","FALSE","FALSE","FALSE","0:00","0:00","Choix supplément","9a7778d7-2521-451e-ad6a-c3c48f097859","","5","1","Sauce soja salée","cb1bfb7e-94e6-4a20-86e9-6d2d53556725","$0.50","$0.50","REGULAR","1422","","","1","$0.00","",""
"Sushi Box","76903243-d6b8-4da0-baf7-7b8c1245dde7","","NO_TAX","TRUE","TRUE","","FALSE","FALSE","FALSE","FALSE","FALSE","FALSE","FALSE","FALSE","0:00","0:00","","","","","","","","","","","","","","","","","","Sushi Box Fresh Mix","0289e3da-4ba7-44ff-8ae1-1e20f8abcca6","2 Sushi Salmon Cheese, 4 Sushi Saumon, 4 Signature Rock n Roll, 6 Maki Salmon Roll, 6 California Saumon Avocat","$29.00","$29.00","REGULAR","","","","","","$0.00","$0.00","","","","","","","","FALSE","FALSE","FALSE","FALSE","FALSE","FALSE","FALSE","FALSE","0:00","0:00","Choix supplément","9a7778d7-2521-451e-ad6a-c3c48f097859","","5","1","Sauce soja sucrée","6ce86702-9e72-4296-81d5-8fee1d83ba0a","$0.50","$0.50","REGULAR","1421","","","1","$0.00","",""
"Sushi Box","76903243-d6b8-4da0-baf7-7b8c1245dde7","","NO_TAX","TRUE","TRUE","","FALSE","FALSE","FALSE","FALSE","FALSE","FALSE","FALSE","FALSE","0:00","0:00","","","","","","","","","","","","","","","","","","Sushi Box Fresh Mix","0289e3da-4ba7-44ff-8ae1-1e20f8abcca6","2 Sushi Salmon Cheese, 4 Sushi Saumon, 4 Signature Rock n Roll, 6 Maki Salmon Roll, 6 California Saumon Avocat","$29.00","$29.00","REGULAR","","","","","","$0.00","$0.00","","","","","","","","FALSE","FALSE","FALSE","FALSE","FALSE","FALSE","FALSE","FALSE","0:00","0:00","Choix supplément","9a7778d7-2521-451e-ad6a-c3c48f097859","","5","1","Wasabi (1 sachet)","18c64759-cd24-466e-9ea4-171cce3709de","$0.50","$0.50","REGULAR","1423","","","1","$0.00","",""
"Sushi Box","76903243-d6b8-4da0-baf7-7b8c1245dde7","","NO_TAX","TRUE","TRUE","","FALSE","FALSE","FALSE","FALSE","FALSE","FALSE","FALSE","FALSE","0:00","0:00","","","","","","","","","","","","","","","","","","Sushi Box Fresh Mix","0289e3da-4ba7-44ff-8ae1-1e20f8abcca6","2 Sushi Salmon Cheese, 4 Sushi Saumon, 4 Signature Rock n Roll, 6 Maki Salmon Roll, 6 California Saumon Avocat","$29.00","$29.00","REGULAR","","","","","","$0.00","$0.00","","","","","","","","FALSE","FALSE","FALSE","FALSE","FALSE","FALSE","FALSE","FALSE","0:00","0:00","Choix supplément","9a7778d7-2521-451e-ad6a-c3c48f097859","","5","1","Crispy Onions","d9984e3f-905a-4b54-99d5-2da6aa7e2520","$0.50","$0.50","REGULAR","4865","","","1","$0.00","",""
"Sushi Box","76903243-d6b8-4da0-baf7-7b8c1245dde7","","NO_TAX","TRUE","TRUE","","FALSE","FALSE","FALSE","FALSE","FALSE","FALSE","FALSE","FALSE","0:00","0:00","","","","","","","","","","","","","","","","","","Sushi Box Fresh Mix","0289e3da-4ba7-44ff-8ae1-1e20f8abcca6","2 Sushi Salmon Cheese, 4 Sushi Saumon, 4 Signature Rock n Roll, 6 Maki Salmon Roll, 6 California Saumon Avocat","$29.00","$29.00","REGULAR","","","","","","$0.00","$0.00","","","","","","","","FALSE","FALSE","FALSE","FALSE","FALSE","FALSE","FALSE","FALSE","0:00","0:00","Voulez-vous des baguettes ?","c425f756-6bd4-494a-803d-465af470b827","1","1","1","Baguettes en bois réutilisables","096650fc-2564-474a-ad5a-d3102ab24726","$0.90","$0.90","REGULAR","4125","","","1","$0.00","",""
"Sushi Box","76903243-d6b8-4da0-baf7-7b8c1245dde7","","NO_TAX","TRUE","TRUE","","FALSE","FALSE","FALSE","FALSE","FALSE","FALSE","FALSE","FALSE","0:00","0:00","","","","","","","","","","","","","","","","","","Sushi Box Fresh Mix","0289e3da-4ba7-44ff-8ae1-1e20f8abcca6","2 Sushi Salmon Cheese, 4 Sushi Saumon, 4 Signature Rock n Roll, 6 Maki Salmon Roll, 6 California Saumon Avocat","$29.00","$29.00","REGULAR","","","","","","$0.00","$0.00","","","","","","","","FALSE","FALSE","FALSE","FALSE","FALSE","FALSE","FALSE","FALSE","0:00","0:00","Voulez-vous des baguettes ?","c425f756-6bd4-494a-803d-465af470b827","1","1","1","Baguettes à usage unique","f57f6d9d-e543-411d-87f3-a19267306766","$0.00","$0.00","REGULAR","1420","","","1","$0.00","",""
"Sushi Box","76903243-d6b8-4da0-baf7-7b8c1245dde7","","NO_TAX","TRUE","TRUE","","FALSE","FALSE","FALSE","FALSE","FALSE","FALSE","FALSE","FALSE","0:00","0:00","","","","","","","","","","","","","","","","","","Sushi Box Fresh Mix","0289e3da-4ba7-44ff-8ae1-1e20f8abcca6","2 Sushi Salmon Cheese, 4 Sushi Saumon, 4 Signature Rock n Roll, 6 Maki Salmon Roll, 6 California Saumon Avocat","$29.00","$29.00","REGULAR","","","","","","$0.00","$0.00","","","","","","","","FALSE","FALSE","FALSE","FALSE","FALSE","FALSE","FALSE","FALSE","0:00","0:00","Voulez-vous des baguettes ?","c425f756-6bd4-494a-803d-465af470b827","1","1","1","Pas de baguettes","8bbdb93c-c9e9-4881-9a84-4500a6997cc7","$0.00","$0.00","REGULAR","3817","","","1","$0.00","",""
"Sushi Box","76903243-d6b8-4da0-baf7-7b8c1245dde7","","NO_TAX","TRUE","TRUE","","FALSE","FALSE","FALSE","FALSE","FALSE","FALSE","FALSE","FALSE","0:00","0:00","","","","","","","","","","","","","","","","","","Sushi Box Little Salmon Mix","6bf14402-f580-4567-b255-454c924a1f2e","3 Sushi Saumon, 3 Spring Saumon Avocat, 3 California Saumon Avocat","$12.90","$12.90","REGULAR","","","","","","$0.00","$0.00","","","","","","","","FALSE","FALSE","FALSE","FALSE","FALSE","FALSE","FALSE","FALSE","0:00","0:00","Choix extra gratuit","ad35185f-6a5a-46f9-b917-deb9ebb53b0c","1","1","1","Gingembre offert","52f60b58-5c80-49ae-bd3b-7962650c635a","$0.00","$0.00","REGULAR","2859","","","1","$0.00","",""
"Sushi Box","76903243-d6b8-4da0-baf7-7b8c1245dde7","","NO_TAX","TRUE","TRUE","","FALSE","FALSE","FALSE","FALSE","FALSE","FALSE","FALSE","FALSE","0:00","0:00","","","","","","","","","","","","","","","","","","Sushi Box Little Salmon Mix","6bf14402-f580-4567-b255-454c924a1f2e","3 Sushi Saumon, 3 Spring Saumon Avocat, 3 California Saumon Avocat","$12.90","$12.90","REGULAR","","","","","","$0.00","$0.00","","","","","","","","FALSE","FALSE","FALSE","FALSE","FALSE","FALSE","FALSE","FALSE","0:00","0:00","Choix extra gratuit","ad35185f-6a5a-46f9-b917-deb9ebb53b0c","1","1","1","Sauce soja sucrée offerte","d950fbea-26c8-4526-89a8-33d49502e5a2","$0.00","$0.00","REGULAR","2861","","","1","$0.00","",""
"Sushi Box","76903243-d6b8-4da0-baf7-7b8c1245dde7","","NO_TAX","TRUE","TRUE","","FALSE","FALSE","FALSE","FALSE","FALSE","FALSE","FALSE","FALSE","0:00","0:00","","","","","","","","","","","","","","","","","","Sushi Box Little Salmon Mix","6bf14402-f580-4567-b255-454c924a1f2e","3 Sushi Saumon, 3 Spring Saumon Avocat, 3 California Saumon Avocat","$12.90","$12.90","REGULAR","","","","","","$0.00","$0.00","","","","","","","","FALSE","FALSE","FALSE","FALSE","FALSE","FALSE","FALSE","FALSE","0:00","0:00","Choix extra gratuit","ad35185f-6a5a-46f9-b917-deb9ebb53b0c","1","1","1","Sauce soja salée offerte","e01b4dce-acd1-4d62-93f9-b3add731c499","$0.00","$0.00","REGULAR","2863","","","1","$0.00","",""
"Sushi Box","76903243-d6b8-4da0-baf7-7b8c1245dde7","","NO_TAX","TRUE","TRUE","","FALSE","FALSE","FALSE","FALSE","FALSE","FALSE","FALSE","FALSE","0:00","0:00","","","","","","","","","","","","","","","","","","Sushi Box Little Salmon Mix","6bf14402-f580-4567-b255-454c924a1f2e","3 Sushi Saumon, 3 Spring Saumon Avocat, 3 California Saumon Avocat","$12.90","$12.90","REGULAR","","","","","","$0.00","$0.00","","","","","","","","FALSE","FALSE","FALSE","FALSE","FALSE","FALSE","FALSE","FALSE","0:00","0:00","Choix extra gratuit","ad35185f-6a5a-46f9-b917-deb9ebb53b0c","1","1","1","Wasabi offert","38714afe-10b1-4f50-b0f8-c99526e1c4bd","$0.00","$0.00","REGULAR","2865","","","1","$0.00","",""
"Sushi Box","76903243-d6b8-4da0-baf7-7b8c1245dde7","","NO_TAX","TRUE","TRUE","","FALSE","FALSE","FALSE","FALSE","FALSE","FALSE","FALSE","FALSE","0:00","0:00","","","","","","","","","","","","","","","","","","Sushi Box Little Salmon Mix","6bf14402-f580-4567-b255-454c924a1f2e","3 Sushi Saumon, 3 Spring Saumon Avocat, 3 California Saumon Avocat","$12.90","$12.90","REGULAR","","","","","","$0.00","$0.00","","","","","","","","FALSE","FALSE","FALSE","FALSE","FALSE","FALSE","FALSE","FALSE","0:00","0:00","Choix supplément","7f789429-d872-4ca8-a77e-d0e40b6e1371","","5","1","Gingembre (1 sachet)","96e9234e-88ba-4f28-a346-96be6a288aba","$0.50","$0.50","REGULAR","1424","","","1","$0.00","",""
"Sushi Box","76903243-d6b8-4da0-baf7-7b8c1245dde7","","NO_TAX","TRUE","TRUE","","FALSE","FALSE","FALSE","FALSE","FALSE","FALSE","FALSE","FALSE","0:00","0:00","","","","","","","","","","","","","","","","","","Sushi Box Little Salmon Mix","6bf14402-f580-4567-b255-454c924a1f2e","3 Sushi Saumon, 3 Spring Saumon Avocat, 3 California Saumon Avocat","$12.90","$12.90","REGULAR","","","","","","$0.00","$0.00","","","","","","","","FALSE","FALSE","FALSE","FALSE","FALSE","FALSE","FALSE","FALSE","0:00","0:00","Choix supplément","7f789429-d872-4ca8-a77e-d0e40b6e1371","","5","1","Sauce soja salée","c68ef7a3-9fbf-4f63-b180-0248e1c0ac1b","$0.50","$0.50","REGULAR","1422","","","1","$0.00","",""
"Sushi Box","76903243-d6b8-4da0-baf7-7b8c1245dde7","","NO_TAX","TRUE","TRUE","","FALSE","FALSE","FALSE","FALSE","FALSE","FALSE","FALSE","FALSE","0:00","0:00","","","","","","","","","","","","","","","","","","Sushi Box Little Salmon Mix","6bf14402-f580-4567-b255-454c924a1f2e","3 Sushi Saumon, 3 Spring Saumon Avocat, 3 California Saumon Avocat","$12.90","$12.90","REGULAR","","","","","","$0.00","$0.00","","","","","","","","FALSE","FALSE","FALSE","FALSE","FALSE","FALSE","FALSE","FALSE","0:00","0:00","Choix supplément","7f789429-d872-4ca8-a77e-d0e40b6e1371","","5","1","Sauce soja sucrée","47218c35-6842-42cf-855b-406464109415","$0.50","$0.50","REGULAR","1421","","","1","$0.00","",""
"Sushi Box","76903243-d6b8-4da0-baf7-7b8c1245dde7","","NO_TAX","TRUE","TRUE","","FALSE","FALSE","FALSE","FALSE","FALSE","FALSE","FALSE","FALSE","0:00","0:00","","","","","","","","","","","","","","","","","","Sushi Box Little Salmon Mix","6bf14402-f580-4567-b255-454c924a1f2e","3 Sushi Saumon, 3 Spring Saumon Avocat, 3 California Saumon Avocat","$12.90","$12.90","REGULAR","","","","","","$0.00","$0.00","","","","","","","","FALSE","FALSE","FALSE","FALSE","FALSE","FALSE","FALSE","FALSE","0:00","0:00","Choix supplément","7f789429-d872-4ca8-a77e-d0e40b6e1371","","5","1","Wasabi (1 sachet)","368fb453-f032-42b3-8d82-5a581710ecdd","$0.50","$0.50","REGULAR","1423","","","1","$0.00","",""
"Sushi Box","76903243-d6b8-4da0-baf7-7b8c1245dde7","","NO_TAX","TRUE","TRUE","","FALSE","FALSE","FALSE","FALSE","FALSE","FALSE","FALSE","FALSE","0:00","0:00","","","","","","","","","","","","","","","","","","Sushi Box Little Salmon Mix","6bf14402-f580-4567-b255-454c924a1f2e","3 Sushi Saumon, 3 Spring Saumon Avocat, 3 California Saumon Avocat","$12.90","$12.90","REGULAR","","","","","","$0.00","$0.00","","","","","","","","FALSE","FALSE","FALSE","FALSE","FALSE","FALSE","FALSE","FALSE","0:00","0:00","Choix supplément","7f789429-d872-4ca8-a77e-d0e40b6e1371","","5","1","Crispy Onions","b008189c-9a0a-45b8-8350-ebe005842a38","$0.50","$0.50","REGULAR","4865","","","1","$0.00","",""
"Sushi Box","76903243-d6b8-4da0-baf7-7b8c1245dde7","","NO_TAX","TRUE","TRUE","","FALSE","FALSE","FALSE","FALSE","FALSE","FALSE","FALSE","FALSE","0:00","0:00","","","","","","","","","","","","","","","","","","Sushi Box Little Salmon Mix","6bf14402-f580-4567-b255-454c924a1f2e","3 Sushi Saumon, 3 Spring Saumon Avocat, 3 California Saumon Avocat","$12.90","$12.90","REGULAR","","","","","","$0.00","$0.00","","","","","","","","FALSE","FALSE","FALSE","FALSE","FALSE","FALSE","FALSE","FALSE","0:00","0:00","Voulez-vous des baguettes ?","342ac944-bc80-49ae-91c8-6661809a1a1f","1","1","1","Baguettes en bois réutilisables","06c66594-0ce9-401e-beed-f84cdd5a6dcc","$0.90","$0.90","REGULAR","4125","","","1","$0.00","",""
"Sushi Box","76903243-d6b8-4da0-baf7-7b8c1245dde7","","NO_TAX","TRUE","TRUE","","FALSE","FALSE","FALSE","FALSE","FALSE","FALSE","FALSE","FALSE","0:00","0:00","","","","","","","","","","","","","","","","","","Sushi Box Little Salmon Mix","6bf14402-f580-4567-b255-454c924a1f2e","3 Sushi Saumon, 3 Spring Saumon Avocat, 3 California Saumon Avocat","$12.90","$12.90","REGULAR","","","","","","$0.00","$0.00","","","","","","","","FALSE","FALSE","FALSE","FALSE","FALSE","FALSE","FALSE","FALSE","0:00","0:00","Voulez-vous des baguettes ?","342ac944-bc80-49ae-91c8-6661809a1a1f","1","1","1","Baguettes à usage unique","52fc96f5-fa66-49f1-81ea-a4d85a83632e","$0.00","$0.00","REGULAR","1420","","","1","$0.00","",""
"Sushi Box","76903243-d6b8-4da0-baf7-7b8c1245dde7","","NO_TAX","TRUE","TRUE","","FALSE","FALSE","FALSE","FALSE","FALSE","FALSE","FALSE","FALSE","0:00","0:00","","","","","","","","","","","","","","","","","","Sushi Box Little Salmon Mix","6bf14402-f580-4567-b255-454c924a1f2e","3 Sushi Saumon, 3 Spring Saumon Avocat, 3 California Saumon Avocat","$12.90","$12.90","REGULAR","","","","","","$0.00","$0.00","","","","","","","","FALSE","FALSE","FALSE","FALSE","FALSE","FALSE","FALSE","FALSE","0:00","0:00","Voulez-vous des baguettes ?","342ac944-bc80-49ae-91c8-6661809a1a1f","1","1","1","Pas de baguettes","31ffe0a9-a87e-4e94-a193-332e78ddce53","$0.00","$0.00","REGULAR","3817","","","1","$0.00","",""
"Box à Partager","036b3231-a1f7-40eb-8993-6dab3067204b","","NO_TAX","TRUE","TRUE","","FALSE","FALSE","FALSE","FALSE","FALSE","FALSE","FALSE","FALSE","0:00","0:00","","","","","","","","","","","","","","","","","","Box for Two, 42PCS","aeb97eb6-ad7f-4e92-91df-69cad2d4cf58","2 Sushi Saumon, 2 Sushi Saumon Teriyaki, 2 Sushi Thon, 6 Maki Cheese Avocat, 6 Maki Salmon Roll, 6 California Saumon Avocat, 6 California Chicken Curry, 6 Spring Saumon Avocat, 6 Spring Thon Cuit Avocat","$55.00","$55.00","REGULAR","","","","","","$0.00","$0.00","","","","","","","","FALSE","FALSE","FALSE","FALSE","FALSE","FALSE","FALSE","FALSE","0:00","0:00","Choix extra gratuit","da79ac1b-345d-44d0-a9f6-ba144ad80e2e","1","1","1","1 paire de baguettes","e9cf7d90-b19f-421f-b1f8-0ba72c66814e","$0.00","$0.00","REGULAR","1420","","","1","$0.00","",""
"Box à Partager","036b3231-a1f7-40eb-8993-6dab3067204b","","NO_TAX","TRUE","TRUE","","FALSE","FALSE","FALSE","FALSE","FALSE","FALSE","FALSE","FALSE","0:00","0:00","","","","","","","","","","","","","","","","","","Box for Two, 42PCS","aeb97eb6-ad7f-4e92-91df-69cad2d4cf58","2 Sushi Saumon, 2 Sushi Saumon Teriyaki, 2 Sushi Thon, 6 Maki Cheese Avocat, 6 Maki Salmon Roll, 6 California Saumon Avocat, 6 California Chicken Curry, 6 Spring Saumon Avocat, 6 Spring Thon Cuit Avocat","$55.00","$55.00","REGULAR","","","","","","$0.00","$0.00","","","","","","","","FALSE","FALSE","FALSE","FALSE","FALSE","FALSE","FALSE","FALSE","0:00","0:00","Choix extra gratuit","da79ac1b-345d-44d0-a9f6-ba144ad80e2e","1","1","1","Pas de baguettes","8bbdb93c-c9e9-4881-9a84-4500a6997cc7","$0.00","$0.00","REGULAR","3817","","","1","$0.00","",""
"Box à Partager","036b3231-a1f7-40eb-8993-6dab3067204b","","NO_TAX","TRUE","TRUE","","FALSE","FALSE","FALSE","FALSE","FALSE","FALSE","FALSE","FALSE","0:00","0:00","","","","","","","","","","","","","","","","","","Box for Two, 42PCS","aeb97eb6-ad7f-4e92-91df-69cad2d4cf58","2 Sushi Saumon, 2 Sushi Saumon Teriyaki, 2 Sushi Thon, 6 Maki Cheese Avocat, 6 Maki Salmon Roll, 6 California Saumon Avocat, 6 California Chicken Curry, 6 Spring Saumon Avocat, 6 Spring Thon Cuit Avocat","$55.00","$55.00","REGULAR","","","","","","$0.00","$0.00","","","","","","","","FALSE","FALSE","FALSE","FALSE","FALSE","FALSE","FALSE","FALSE","0:00","0:00","Choix extra gratuit","da79ac1b-345d-44d0-a9f6-ba144ad80e2e","1","1","1","Gingembre offert","52f60b58-5c80-49ae-bd3b-7962650c635a","$0.00","$0.00","REGULAR","2859","","","1","$0.00","",""
"Box à Partager","036b3231-a1f7-40eb-8993-6dab3067204b","","NO_TAX","TRUE","TRUE","","FALSE","FALSE","FALSE","FALSE","FALSE","FALSE","FALSE","FALSE","0:00","0:00","","","","","","","","","","","","","","","","","","Box for Two, 42PCS","aeb97eb6-ad7f-4e92-91df-69cad2d4cf58","2 Sushi Saumon, 2 Sushi Saumon Teriyaki, 2 Sushi Thon, 6 Maki Cheese Avocat, 6 Maki Salmon Roll, 6 California Saumon Avocat, 6 California Chicken Curry, 6 Spring Saumon Avocat, 6 Spring Thon Cuit Avocat","$55.00","$55.00","REGULAR","","","","","","$0.00","$0.00","","","","","","","","FALSE","FALSE","FALSE","FALSE","FALSE","FALSE","FALSE","FALSE","0:00","0:00","Choix extra gratuit","da79ac1b-345d-44d0-a9f6-ba144ad80e2e","1","1","1","Sauce soja sucrée offerte","eece6c02-d2bc-4253-ac6c-a11e532685fe","$0.00","$0.00","REGULAR","2861","","","1","$0.00","",""
"Box à Partager","036b3231-a1f7-40eb-8993-6dab3067204b","","NO_TAX","TRUE","TRUE","","FALSE","FALSE","FALSE","FALSE","FALSE","FALSE","FALSE","FALSE","0:00","0:00","","","","","","","","","","","","","","","","","","Box for Two, 42PCS","aeb97eb6-ad7f-4e92-91df-69cad2d4cf58","2 Sushi Saumon, 2 Sushi Saumon Teriyaki, 2 Sushi Thon, 6 Maki Cheese Avocat, 6 Maki Salmon Roll, 6 California Saumon Avocat, 6 California Chicken Curry, 6 Spring Saumon Avocat, 6 Spring Thon Cuit Avocat","$55.00","$55.00","REGULAR","","","","","","$0.00","$0.00","","","","","","","","FALSE","FALSE","FALSE","FALSE","FALSE","FALSE","FALSE","FALSE","0:00","0:00","Choix extra gratuit","da79ac1b-345d-44d0-a9f6-ba144ad80e2e","1","1","1","Sauce soja salée offerte","6215a65f-f5e5-4645-bc60-2718a13ac174","$0.00","$0.00","REGULAR","2863","","","1","$0.00","",""
"Box à Partager","036b3231-a1f7-40eb-8993-6dab3067204b","","NO_TAX","TRUE","TRUE","","FALSE","FALSE","FALSE","FALSE","FALSE","FALSE","FALSE","FALSE","0:00","0:00","","","","","","","","","","","","","","","","","","Box for Two, 42PCS","aeb97eb6-ad7f-4e92-91df-69cad2d4cf58","2 Sushi Saumon, 2 Sushi Saumon Teriyaki, 2 Sushi Thon, 6 Maki Cheese Avocat, 6 Maki Salmon Roll, 6 California Saumon Avocat, 6 California Chicken Curry, 6 Spring Saumon Avocat, 6 Spring Thon Cuit Avocat","$55.00","$55.00","REGULAR","","","","","","$0.00","$0.00","","","","","","","","FALSE","FALSE","FALSE","FALSE","FALSE","FALSE","FALSE","FALSE","0:00","0:00","Choix extra gratuit","da79ac1b-345d-44d0-a9f6-ba144ad80e2e","1","1","1","Wasabi offert","be632115-db93-412a-935b-520e275fabbb","$0.00","$0.00","REGULAR","2865","","","1","$0.00","",""
"Box à Partager","036b3231-a1f7-40eb-8993-6dab3067204b","","NO_TAX","TRUE","TRUE","","FALSE","FALSE","FALSE","FALSE","FALSE","FALSE","FALSE","FALSE","0:00","0:00","","","","","","","","","","","","","","","","","","Box for Two, 42PCS","aeb97eb6-ad7f-4e92-91df-69cad2d4cf58","2 Sushi Saumon, 2 Sushi Saumon Teriyaki, 2 Sushi Thon, 6 Maki Cheese Avocat, 6 Maki Salmon Roll, 6 California Saumon Avocat, 6 California Chicken Curry, 6 Spring Saumon Avocat, 6 Spring Thon Cuit Avocat","$55.00","$55.00","REGULAR","","","","","","$0.00","$0.00","","","","","","","","FALSE","FALSE","FALSE","FALSE","FALSE","FALSE","FALSE","FALSE","0:00","0:00","Choix supplément","9a7778d7-2521-451e-ad6a-c3c48f097859","","5","1","Gingembre (1 sachet)","96e9234e-88ba-4f28-a346-96be6a288aba","$0.50","$0.50","REGULAR","1424","","","1","$0.00","",""
"Box à Partager","036b3231-a1f7-40eb-8993-6dab3067204b","","NO_TAX","TRUE","TRUE","","FALSE","FALSE","FALSE","FALSE","FALSE","FALSE","FALSE","FALSE","0:00","0:00","","","","","","","","","","","","","","","","","","Box for Two, 42PCS","aeb97eb6-ad7f-4e92-91df-69cad2d4cf58","2 Sushi Saumon, 2 Sushi Saumon Teriyaki, 2 Sushi Thon, 6 Maki Cheese Avocat, 6 Maki Salmon Roll, 6 California Saumon Avocat, 6 California Chicken Curry, 6 Spring Saumon Avocat, 6 Spring Thon Cuit Avocat","$55.00","$55.00","REGULAR","","","","","","$0.00","$0.00","","","","","","","","FALSE","FALSE","FALSE","FALSE","FALSE","FALSE","FALSE","FALSE","0:00","0:00","Choix supplément","9a7778d7-2521-451e-ad6a-c3c48f097859","","5","1","Sauce soja salée","cb1bfb7e-94e6-4a20-86e9-6d2d53556725","$0.50","$0.50","REGULAR","1422","","","1","$0.00","",""
"Box à Partager","036b3231-a1f7-40eb-8993-6dab3067204b","","NO_TAX","TRUE","TRUE","","FALSE","FALSE","FALSE","FALSE","FALSE","FALSE","FALSE","FALSE","0:00","0:00","","","","","","","","","","","","","","","","","","Box for Two, 42PCS","aeb97eb6-ad7f-4e92-91df-69cad2d4cf58","2 Sushi Saumon, 2 Sushi Saumon Teriyaki, 2 Sushi Thon, 6 Maki Cheese Avocat, 6 Maki Salmon Roll, 6 California Saumon Avocat, 6 California Chicken Curry, 6 Spring Saumon Avocat, 6 Spring Thon Cuit Avocat","$55.00","$55.00","REGULAR","","","","","","$0.00","$0.00","","","","","","","","FALSE","FALSE","FALSE","FALSE","FALSE","FALSE","FALSE","FALSE","0:00","0:00","Choix supplément","9a7778d7-2521-451e-ad6a-c3c48f097859","","5","1","Sauce soja sucrée","6ce86702-9e72-4296-81d5-8fee1d83ba0a","$0.50","$0.50","REGULAR","1421","","","1","$0.00","",""
"Box à Partager","036b3231-a1f7-40eb-8993-6dab3067204b","","NO_TAX","TRUE","TRUE","","FALSE","FALSE","FALSE","FALSE","FALSE","FALSE","FALSE","FALSE","0:00","0:00","","","","","","","","","","","","","","","","","","Box for Two, 42PCS","aeb97eb6-ad7f-4e92-91df-69cad2d4cf58","2 Sushi Saumon, 2 Sushi Saumon Teriyaki, 2 Sushi Thon, 6 Maki Cheese Avocat, 6 Maki Salmon Roll, 6 California Saumon Avocat, 6 California Chicken Curry, 6 Spring Saumon Avocat, 6 Spring Thon Cuit Avocat","$55.00","$55.00","REGULAR","","","","","","$0.00","$0.00","","","","","","","","FALSE","FALSE","FALSE","FALSE","FALSE","FALSE","FALSE","FALSE","0:00","0:00","Choix supplément","9a7778d7-2521-451e-ad6a-c3c48f097859","","5","1","Wasabi (1 sachet)","18c64759-cd24-466e-9ea4-171cce3709de","$0.50","$0.50","REGULAR","1423","","","1","$0.00","",""
"Box à Partager","036b3231-a1f7-40eb-8993-6dab3067204b","","NO_TAX","TRUE","TRUE","","FALSE","FALSE","FALSE","FALSE","FALSE","FALSE","FALSE","FALSE","0:00","0:00","","","","","","","","","","","","","","","","","","Box for Two, 42PCS","aeb97eb6-ad7f-4e92-91df-69cad2d4cf58","2 Sushi Saumon, 2 Sushi Saumon Teriyaki, 2 Sushi Thon, 6 Maki Cheese Avocat, 6 Maki Salmon Roll, 6 California Saumon Avocat, 6 California Chicken Curry, 6 Spring Saumon Avocat, 6 Spring Thon Cuit Avocat","$55.00","$55.00","REGULAR","","","","","","$0.00","$0.00","","","","","","","","FALSE","FALSE","FALSE","FALSE","FALSE","FALSE","FALSE","FALSE","0:00","0:00","Choix supplément","9a7778d7-2521-451e-ad6a-c3c48f097859","","5","1","Crispy Onions","d9984e3f-905a-4b54-99d5-2da6aa7e2520","$0.50","$0.50","REGULAR","4865","","","1","$0.00","",""
"Handrolls","44549be2-e5ff-4fde-ba5c-fa6552aafa62","","NO_TAX","TRUE","TRUE","","FALSE","FALSE","FALSE","FALSE","FALSE","FALSE","FALSE","FALSE","0:00","0:00","","","","","","","","","","","","","","","","","","Handroll Fried Chicken","9422ce1a-ae32-4ef0-936b-6928dc3815b3","Poulet pané, carotte, mayonnaise japonaise, sauce tonkatsu, ciboulette","$9.00","$9.00","REGULAR","","","","","","$0.00","$0.00","","","","","","","","FALSE","FALSE","FALSE","FALSE","FALSE","FALSE","FALSE","FALSE","0:00","0:00","Choix sauce","0f34cdb7-bd3f-4689-9d93-6f2be2929d36","","2","1","Sauce sucrée","2be5f1fc-2d88-47f5-b870-84d5b117c9a2","$0.00","$0.00","REGULAR","2861","","","1","$0.00","",""
"Handrolls","44549be2-e5ff-4fde-ba5c-fa6552aafa62","","NO_TAX","TRUE","TRUE","","FALSE","FALSE","FALSE","FALSE","FALSE","FALSE","FALSE","FALSE","0:00","0:00","","","","","","","","","","","","","","","","","","Handroll Fried Chicken","9422ce1a-ae32-4ef0-936b-6928dc3815b3","Poulet pané, carotte, mayonnaise japonaise, sauce tonkatsu, ciboulette","$9.00","$9.00","REGULAR","","","","","","$0.00","$0.00","","","","","","","","FALSE","FALSE","FALSE","FALSE","FALSE","FALSE","FALSE","FALSE","0:00","0:00","Choix sauce","0f34cdb7-bd3f-4689-9d93-6f2be2929d36","","2","1","Sauce salée","a7b35afc-eab2-4fb1-896e-9c8f03b4c922","$0.00","$0.00","REGULAR","2863","","","1","$0.00","",""
"Handrolls","44549be2-e5ff-4fde-ba5c-fa6552aafa62","","NO_TAX","TRUE","TRUE","","FALSE","FALSE","FALSE","FALSE","FALSE","FALSE","FALSE","FALSE","0:00","0:00","","","","","","","","","","","","","","","","","","Handroll Thon Spicy","97ef748a-748d-4363-a202-d34373b329b5","Thon, carotte, mayonnaise épicée, coriandre","$9.00","$9.00","REGULAR","","","","","","$0.00","$0.00","","","","","","","","FALSE","FALSE","FALSE","FALSE","FALSE","FALSE","FALSE","FALSE","0:00","0:00","Choix sauce","0f34cdb7-bd3f-4689-9d93-6f2be2929d36","","2","1","Sauce sucrée","2be5f1fc-2d88-47f5-b870-84d5b117c9a2","$0.00","$0.00","REGULAR","2861","","","1","$0.00","",""
"Handrolls","44549be2-e5ff-4fde-ba5c-fa6552aafa62","","NO_TAX","TRUE","TRUE","","FALSE","FALSE","FALSE","FALSE","FALSE","FALSE","FALSE","FALSE","0:00","0:00","","","","","","","","","","","","","","","","","","Handroll Thon Spicy","97ef748a-748d-4363-a202-d34373b329b5","Thon, carotte, mayonnaise épicée, coriandre","$9.00","$9.00","REGULAR","","","","","","$0.00","$0.00","","","","","","","","FALSE","FALSE","FALSE","FALSE","FALSE","FALSE","FALSE","FALSE","0:00","0:00","Choix sauce","0f34cdb7-bd3f-4689-9d93-6f2be2929d36","","2","1","Sauce salée","a7b35afc-eab2-4fb1-896e-9c8f03b4c922","$0.00","$0.00","REGULAR","2863","","","1","$0.00","",""
"Handrolls","44549be2-e5ff-4fde-ba5c-fa6552aafa62","","NO_TAX","TRUE","TRUE","","FALSE","FALSE","FALSE","FALSE","FALSE","FALSE","FALSE","FALSE","0:00","0:00","","","","","","","","","","","","","","","","","","Handroll Saumon","d72dc4b9-c283-4024-8323-5c3552adcc05","Saumon, cream cheese, avocat, concombre","$9.00","$9.00","REGULAR","","","","","","$0.00","$0.00","","","","","","","","FALSE","FALSE","FALSE","FALSE","FALSE","FALSE","FALSE","FALSE","0:00","0:00","Choix sauce","0f34cdb7-bd3f-4689-9d93-6f2be2929d36","","2","1","Sauce sucrée","2be5f1fc-2d88-47f5-b870-84d5b117c9a2","$0.00","$0.00","REGULAR","2861","","","1","$0.00","",""
"Handrolls","44549be2-e5ff-4fde-ba5c-fa6552aafa62","","NO_TAX","TRUE","TRUE","","FALSE","FALSE","FALSE","FALSE","FALSE","FALSE","FALSE","FALSE","0:00","0:00","","","","","","","","","","","","","","","","","","Handroll Saumon","d72dc4b9-c283-4024-8323-5c3552adcc05","Saumon, cream cheese, avocat, concombre","$9.00","$9.00","REGULAR","","","","","","$0.00","$0.00","","","","","","","","FALSE","FALSE","FALSE","FALSE","FALSE","FALSE","FALSE","FALSE","0:00","0:00","Choix sauce","0f34cdb7-bd3f-4689-9d93-6f2be2929d36","","2","1","Sauce salée","a7b35afc-eab2-4fb1-896e-9c8f03b4c922","$0.00","$0.00","REGULAR","2863","","","1","$0.00","",""
"Handrolls","44549be2-e5ff-4fde-ba5c-fa6552aafa62","","NO_TAX","TRUE","TRUE","","FALSE","FALSE","FALSE","FALSE","FALSE","FALSE","FALSE","FALSE","0:00","0:00","","","","","","","","","","","","","","","","","","Handroll Crunchy Spicy Chicken","f92a7c22-6069-42d7-95cc-c67313cc0c91","Poulet pané, oignons frits, mayonnaise japonaise, kimchi, concombre","$9.00","$9.00","REGULAR","","","","","","$0.00","$0.00","","","","","","","","FALSE","FALSE","FALSE","FALSE","FALSE","FALSE","FALSE","FALSE","0:00","0:00","Choix sauce","0f34cdb7-bd3f-4689-9d93-6f2be2929d36","","2","1","Sauce sucrée","2be5f1fc-2d88-47f5-b870-84d5b117c9a2","$0.00","$0.00","REGULAR","2861","","","1","$0.00","",""
"Handrolls","44549be2-e5ff-4fde-ba5c-fa6552aafa62","","NO_TAX","TRUE","TRUE","","FALSE","FALSE","FALSE","FALSE","FALSE","FALSE","FALSE","FALSE","0:00","0:00","","","","","","","","","","","","","","","","","","Handroll Crunchy Spicy Chicken","f92a7c22-6069-42d7-95cc-c67313cc0c91","Poulet pané, oignons frits, mayonnaise japonaise, kimchi, concombre","$9.00","$9.00","REGULAR","","","","","","$0.00","$0.00","","","","","","","","FALSE","FALSE","FALSE","FALSE","FALSE","FALSE","FALSE","FALSE","0:00","0:00","Choix sauce","0f34cdb7-bd3f-4689-9d93-6f2be2929d36","","2","1","Sauce salée","a7b35afc-eab2-4fb1-896e-9c8f03b4c922","$0.00","$0.00","REGULAR","2863","","","1","$0.00","",""
"Handrolls","44549be2-e5ff-4fde-ba5c-fa6552aafa62","","NO_TAX","TRUE","TRUE","","FALSE","FALSE","FALSE","FALSE","FALSE","FALSE","FALSE","FALSE","0:00","0:00","","","","","","","","","","","","","","","","","","Handroll Crevette Tempura","e670f948-011c-4890-b483-d989a1ff9f3a","Crevette tempura, guacamole, oignon rouge, coriandre","$9.00","$9.00","REGULAR","","","","","","$0.00","$0.00","","","","","","","","FALSE","FALSE","FALSE","FALSE","FALSE","FALSE","FALSE","FALSE","0:00","0:00","Choix sauce","0f34cdb7-bd3f-4689-9d93-6f2be2929d36","","2","1","Sauce sucrée","2be5f1fc-2d88-47f5-b870-84d5b117c9a2","$0.00","$0.00","REGULAR","2861","","","1","$0.00","",""
"Handrolls","44549be2-e5ff-4fde-ba5c-fa6552aafa62","","NO_TAX","TRUE","TRUE","","FALSE","FALSE","FALSE","FALSE","FALSE","FALSE","FALSE","FALSE","0:00","0:00","","","","","","","","","","","","","","","","","","Handroll Crevette Tempura","e670f948-011c-4890-b483-d989a1ff9f3a","Crevette tempura, guacamole, oignon rouge, coriandre","$9.00","$9.00","REGULAR","","","","","","$0.00","$0.00","","","","","","","","FALSE","FALSE","FALSE","FALSE","FALSE","FALSE","FALSE","FALSE","0:00","0:00","Choix sauce","0f34cdb7-bd3f-4689-9d93-6f2be2929d36","","2","1","Sauce salée","a7b35afc-eab2-4fb1-896e-9c8f03b4c922","$0.00","$0.00","REGULAR","2863","","","1","$0.00","",""
"Signature Rolls","3611580b-3332-42f0-a4ff-62d99e68dd5e","","NO_TAX","TRUE","TRUE","","FALSE","FALSE","FALSE","FALSE","FALSE","FALSE","FALSE","FALSE","0:00","0:00","","","","","","","","","","","","","","","","","","Signature Rock n Roll","58b3cf68-70ed-4615-ad7f-e2de5dd51cba","Dessus : saumon snacké à la sauce teriyaki, piment, chips, ciboulette, sésame, A l'intérieur : thon, asperge verte, avocat, Iki Masagi, mayonnaise épicée","$13.50","$13.50","REGULAR","","","","","","$0.00","$0.00","","","","","","","","FALSE","FALSE","FALSE","FALSE","FALSE","FALSE","FALSE","FALSE","0:00","0:00","Choix sauce","0f34cdb7-bd3f-4689-9d93-6f2be2929d36","","2","1","Sauce sucrée","2be5f1fc-2d88-47f5-b870-84d5b117c9a2","$0.00","$0.00","REGULAR","2861","","","1","$0.00","",""
"Signature Rolls","3611580b-3332-42f0-a4ff-62d99e68dd5e","","NO_TAX","TRUE","TRUE","","FALSE","FALSE","FALSE","FALSE","FALSE","FALSE","FALSE","FALSE","0:00","0:00","","","","","","","","","","","","","","","","","","Signature Rock n Roll","58b3cf68-70ed-4615-ad7f-e2de5dd51cba","Dessus : saumon snacké à la sauce teriyaki, piment, chips, ciboulette, sésame, A l'intérieur : thon, asperge verte, avocat, Iki Masagi, mayonnaise épicée","$13.50","$13.50","REGULAR","","","","","","$0.00","$0.00","","","","","","","","FALSE","FALSE","FALSE","FALSE","FALSE","FALSE","FALSE","FALSE","0:00","0:00","Choix sauce","0f34cdb7-bd3f-4689-9d93-6f2be2929d36","","2","1","Sauce salée","a7b35afc-eab2-4fb1-896e-9c8f03b4c922","$0.00","$0.00","REGULAR","2863","","","1","$0.00","",""
"Signature Rolls","3611580b-3332-42f0-a4ff-62d99e68dd5e","","NO_TAX","TRUE","TRUE","","FALSE","FALSE","FALSE","FALSE","FALSE","FALSE","FALSE","FALSE","0:00","0:00","","","","","","","","","","","","","","","","","","Signature Fire Roll","8c82694d-e2fd-4099-81ca-f550748e6363","Dessus : tartare de thon épicé, mayonnaise épicée, ciboulette, sésame, A l'intérieur : crevette tempura, avocat, mayonnaise ponzu","$13.50","$13.50","REGULAR","","","","","","$0.00","$0.00","","","","","","","","FALSE","FALSE","FALSE","FALSE","FALSE","FALSE","FALSE","FALSE","0:00","0:00","Choix sauce","0f34cdb7-bd3f-4689-9d93-6f2be2929d36","","2","1","Sauce sucrée","2be5f1fc-2d88-47f5-b870-84d5b117c9a2","$0.00","$0.00","REGULAR","2861","","","1","$0.00","",""
"Signature Rolls","3611580b-3332-42f0-a4ff-62d99e68dd5e","","NO_TAX","TRUE","TRUE","","FALSE","FALSE","FALSE","FALSE","FALSE","FALSE","FALSE","FALSE","0:00","0:00","","","","","","","","","","","","","","","","","","Signature Fire Roll","8c82694d-e2fd-4099-81ca-f550748e6363","Dessus : tartare de thon épicé, mayonnaise épicée, ciboulette, sésame, A l'intérieur : crevette tempura, avocat, mayonnaise ponzu","$13.50","$13.50","REGULAR","","","","","","$0.00","$0.00","","","","","","","","FALSE","FALSE","FALSE","FALSE","FALSE","FALSE","FALSE","FALSE","0:00","0:00","Choix sauce","0f34cdb7-bd3f-4689-9d93-6f2be2929d36","","2","1","Sauce salée","a7b35afc-eab2-4fb1-896e-9c8f03b4c922","$0.00","$0.00","REGULAR","2863","","","1","$0.00","",""
"Signature Rolls","3611580b-3332-42f0-a4ff-62d99e68dd5e","","NO_TAX","TRUE","TRUE","","FALSE","FALSE","FALSE","FALSE","FALSE","FALSE","FALSE","FALSE","0:00","0:00","","","","","","","","","","","","","","","","","","Sign. Extreme Fire Roll","445aae1a-0baf-4b75-b699-f5561a72395d","Dessus : tartare de thon épicé, mayonnaise épicée, ciboulette, piment tabasco, A l'intérieur : crevette tempura, avocat, mayonnaise ponzu","$13.50","$13.50","REGULAR","","","","","","$0.00","$0.00","","","","","","","","FALSE","FALSE","FALSE","FALSE","FALSE","FALSE","FALSE","FALSE","0:00","0:00","Choix sauce","0f34cdb7-bd3f-4689-9d93-6f2be2929d36","","2","1","Sauce sucrée","2be5f1fc-2d88-47f5-b870-84d5b117c9a2","$0.00","$0.00","REGULAR","2861","","","1","$0.00","",""
"Signature Rolls","3611580b-3332-42f0-a4ff-62d99e68dd5e","","NO_TAX","TRUE","TRUE","","FALSE","FALSE","FALSE","FALSE","FALSE","FALSE","FALSE","FALSE","0:00","0:00","","","","","","","","","","","","","","","","","","Sign. Extreme Fire Roll","445aae1a-0baf-4b75-b699-f5561a72395d","Dessus : tartare de thon épicé, mayonnaise épicée, ciboulette, piment tabasco, A l'intérieur : crevette tempura, avocat, mayonnaise ponzu","$13.50","$13.50","REGULAR","","","","","","$0.00","$0.00","","","","","","","","FALSE","FALSE","FALSE","FALSE","FALSE","FALSE","FALSE","FALSE","0:00","0:00","Choix sauce","0f34cdb7-bd3f-4689-9d93-6f2be2929d36","","2","1","Sauce salée","a7b35afc-eab2-4fb1-896e-9c8f03b4c922","$0.00","$0.00","REGULAR","2863","","","1","$0.00","",""
"Signature Rolls","3611580b-3332-42f0-a4ff-62d99e68dd5e","","NO_TAX","TRUE","TRUE","","FALSE","FALSE","FALSE","FALSE","FALSE","FALSE","FALSE","FALSE","0:00","0:00","","","","","","","","","","","","","","","","","","Signature Nordic Flame Roll","59b35d28-263a-4bba-8422-8981f8b35319","Dessus : saumon snacké, ciboulette, piment vert, 7 épices, sésame noir et blanc, A l'intérieur : saumon, avocat, concombre, aneth, cream cheese","$13.50","$13.50","REGULAR","","","","","","$0.00","$0.00","","","","","","","","FALSE","FALSE","FALSE","FALSE","FALSE","FALSE","FALSE","FALSE","0:00","0:00","Choix sauce","0f34cdb7-bd3f-4689-9d93-6f2be2929d36","","2","1","Sauce sucrée","2be5f1fc-2d88-47f5-b870-84d5b117c9a2","$0.00","$0.00","REGULAR","2861","","","1","$0.00","",""
"Signature Rolls","3611580b-3332-42f0-a4ff-62d99e68dd5e","","NO_TAX","TRUE","TRUE","","FALSE","FALSE","FALSE","FALSE","FALSE","FALSE","FALSE","FALSE","0:00","0:00","","","","","","","","","","","","","","","","","","Signature Nordic Flame Roll","59b35d28-263a-4bba-8422-8981f8b35319","Dessus : saumon snacké, ciboulette, piment vert, 7 épices, sésame noir et blanc, A l'intérieur : saumon, avocat, concombre, aneth, cream cheese","$13.50","$13.50","REGULAR","","","","","","$0.00","$0.00","","","","","","","","FALSE","FALSE","FALSE","FALSE","FALSE","FALSE","FALSE","FALSE","0:00","0:00","Choix sauce","0f34cdb7-bd3f-4689-9d93-6f2be2929d36","","2","1","Sauce salée","a7b35afc-eab2-4fb1-896e-9c8f03b4c922","$0.00","$0.00","REGULAR","2863","","","1","$0.00","",""
"Signature Rolls","3611580b-3332-42f0-a4ff-62d99e68dd5e","","NO_TAX","TRUE","TRUE","","FALSE","FALSE","FALSE","FALSE","FALSE","FALSE","FALSE","FALSE","0:00","0:00","","","","","","","","","","","","","","","","","","Signature Maguro Spicy","9ae4d2c2-cd95-4c3f-85e1-a18c24a491ec","Dessus : thon cru, huile de paprika fumé, piment rouge, mayonnaise épicée, 7 épices, sésame noir et blanc, À l'intérieur : thon cuit, avocat, pickles jalapeño, coriandre","$13.90","$13.90","REGULAR","","","","","","$0.00","$0.00","","","","","","","","FALSE","FALSE","FALSE","FALSE","FALSE","FALSE","FALSE","FALSE","0:00","0:00","Choix sauce","0f34cdb7-bd3f-4689-9d93-6f2be2929d36","","2","1","Sauce sucrée","2be5f1fc-2d88-47f5-b870-84d5b117c9a2","$0.00","$0.00","REGULAR","2861","","","1","$0.00","",""
"Signature Rolls","3611580b-3332-42f0-a4ff-62d99e68dd5e","","NO_TAX","TRUE","TRUE","","FALSE","FALSE","FALSE","FALSE","FALSE","FALSE","FALSE","FALSE","0:00","0:00","","","","","","","","","","","","","","","","","","Signature Maguro Spicy","9ae4d2c2-cd95-4c3f-85e1-a18c24a491ec","Dessus : thon cru, huile de paprika fumé, piment rouge, mayonnaise épicée, 7 épices, sésame noir et blanc, À l'intérieur : thon cuit, avocat, pickles jalapeño, coriandre","$13.90","$13.90","REGULAR","","","","","","$0.00","$0.00","","","","","","","","FALSE","FALSE","FALSE","FALSE","FALSE","FALSE","FALSE","FALSE","0:00","0:00","Choix sauce","0f34cdb7-bd3f-4689-9d93-6f2be2929d36","","2","1","Sauce salée","a7b35afc-eab2-4fb1-896e-9c8f03b4c922","$0.00","$0.00","REGULAR","2863","","","1","$0.00","",""
"Spring Rolls","74c5302e-2e5d-4420-9aac-3bd4fa4d57ec","","NO_TAX","TRUE","TRUE","","FALSE","FALSE","FALSE","FALSE","FALSE","FALSE","FALSE","FALSE","0:00","0:00","","","","","","","","","","","","","","","","","","Spring Concombre Cheese","db3e5a84-eeeb-43fa-85b4-6d7deda14c0b","Concombre, cream cheese, laitue","$7.50","$7.50","REGULAR","","","","","","$0.00","$0.00","","","","","","","","FALSE","FALSE","FALSE","FALSE","FALSE","FALSE","FALSE","FALSE","0:00","0:00","Choix sauce","0f34cdb7-bd3f-4689-9d93-6f2be2929d36","","2","1","Sauce sucrée","2be5f1fc-2d88-47f5-b870-84d5b117c9a2","$0.00","$0.00","REGULAR","2861","","","1","$0.00","",""
"Spring Rolls","74c5302e-2e5d-4420-9aac-3bd4fa4d57ec","","NO_TAX","TRUE","TRUE","","FALSE","FALSE","FALSE","FALSE","FALSE","FALSE","FALSE","FALSE","0:00","0:00","","","","","","","","","","","","","","","","","","Spring Concombre Cheese","db3e5a84-eeeb-43fa-85b4-6d7deda14c0b","Concombre, cream cheese, laitue","$7.50","$7.50","REGULAR","","","","","","$0.00","$0.00","","","","","","","","FALSE","FALSE","FALSE","FALSE","FALSE","FALSE","FALSE","FALSE","0:00","0:00","Choix sauce","0f34cdb7-bd3f-4689-9d93-6f2be2929d36","","2","1","Sauce salée","a7b35afc-eab2-4fb1-896e-9c8f03b4c922","$0.00","$0.00","REGULAR","2863","","","1","$0.00","",""
"Spring Rolls","74c5302e-2e5d-4420-9aac-3bd4fa4d57ec","","NO_TAX","TRUE","TRUE","","FALSE","FALSE","FALSE","FALSE","FALSE","FALSE","FALSE","FALSE","0:00","0:00","","","","","","","","","","","","","","","","","","Spring Saumon Avocat","2c1abd91-c308-4b7a-b8b4-906f72b76d01","Saumon, avocat, menthe, coriandre, laitue","$8.90","$8.90","REGULAR","","","","","","$0.00","$0.00","","","","","","","","FALSE","FALSE","FALSE","FALSE","FALSE","FALSE","FALSE","FALSE","0:00","0:00","Choix sauce","0f34cdb7-bd3f-4689-9d93-6f2be2929d36","","2","1","Sauce sucrée","2be5f1fc-2d88-47f5-b870-84d5b117c9a2","$0.00","$0.00","REGULAR","2861","","","1","$0.00","",""
"Spring Rolls","74c5302e-2e5d-4420-9aac-3bd4fa4d57ec","","NO_TAX","TRUE","TRUE","","FALSE","FALSE","FALSE","FALSE","FALSE","FALSE","FALSE","FALSE","0:00","0:00","","","","","","","","","","","","","","","","","","Spring Saumon Avocat","2c1abd91-c308-4b7a-b8b4-906f72b76d01","Saumon, avocat, menthe, coriandre, laitue","$8.90","$8.90","REGULAR","","","","","","$0.00","$0.00","","","","","","","","FALSE","FALSE","FALSE","FALSE","FALSE","FALSE","FALSE","FALSE","0:00","0:00","Choix sauce","0f34cdb7-bd3f-4689-9d93-6f2be2929d36","","2","1","Sauce salée","a7b35afc-eab2-4fb1-896e-9c8f03b4c922","$0.00","$0.00","REGULAR","2863","","","1","$0.00","",""
"Spring Rolls","74c5302e-2e5d-4420-9aac-3bd4fa4d57ec","","NO_TAX","TRUE","TRUE","","FALSE","FALSE","FALSE","FALSE","FALSE","FALSE","FALSE","FALSE","0:00","0:00","","","","","","","","","","","","","","","","","","Spring Crispy Chicken","33fe0a37-4230-42ce-bde9-5fab583a514a","Poulet pané, avocat, mayonnaise épicée, oignons frits, laitue","$8.90","$8.90","REGULAR","","","","","","$0.00","$0.00","","","","","","","","FALSE","FALSE","FALSE","FALSE","FALSE","FALSE","FALSE","FALSE","0:00","0:00","Choix sauce","0f34cdb7-bd3f-4689-9d93-6f2be2929d36","","2","1","Sauce sucrée","2be5f1fc-2d88-47f5-b870-84d5b117c9a2","$0.00","$0.00","REGULAR","2861","","","1","$0.00","",""
"Spring Rolls","74c5302e-2e5d-4420-9aac-3bd4fa4d57ec","","NO_TAX","TRUE","TRUE","","FALSE","FALSE","FALSE","FALSE","FALSE","FALSE","FALSE","FALSE","0:00","0:00","","","","","","","","","","","","","","","","","","Spring Crispy Chicken","33fe0a37-4230-42ce-bde9-5fab583a514a","Poulet pané, avocat, mayonnaise épicée, oignons frits, laitue","$8.90","$8.90","REGULAR","","","","","","$0.00","$0.00","","","","","","","","FALSE","FALSE","FALSE","FALSE","FALSE","FALSE","FALSE","FALSE","0:00","0:00","Choix sauce","0f34cdb7-bd3f-4689-9d93-6f2be2929d36","","2","1","Sauce salée","a7b35afc-eab2-4fb1-896e-9c8f03b4c922","$0.00","$0.00","REGULAR","2863","","","1","$0.00","",""
"Spring Rolls","74c5302e-2e5d-4420-9aac-3bd4fa4d57ec","","NO_TAX","TRUE","TRUE","","FALSE","FALSE","FALSE","FALSE","FALSE","FALSE","FALSE","FALSE","0:00","0:00","","","","","","","","","","","","","","","","","","Spring Daurade Basilimon","d9e2b263-f90a-40c4-900a-7486546f811f","Daurade, pomme verte, laitue, basilic, mayonnaise citron vert, gel citron, shiso cress vert","$9.50","$9.50","REGULAR","","","","","","$0.00","$0.00","","","","","","","","FALSE","FALSE","FALSE","FALSE","FALSE","FALSE","FALSE","FALSE","0:00","0:00","Choix sauce","0f34cdb7-bd3f-4689-9d93-6f2be2929d36","","2","1","Sauce sucrée","2be5f1fc-2d88-47f5-b870-84d5b117c9a2","$0.00","$0.00","REGULAR","2861","","","1","$0.00","",""
"Spring Rolls","74c5302e-2e5d-4420-9aac-3bd4fa4d57ec","","NO_TAX","TRUE","TRUE","","FALSE","FALSE","FALSE","FALSE","FALSE","FALSE","FALSE","FALSE","0:00","0:00","","","","","","","","","","","","","","","","","","Spring Daurade Basilimon","d9e2b263-f90a-40c4-900a-7486546f811f","Daurade, pomme verte, laitue, basilic, mayonnaise citron vert, gel citron, shiso cress vert","$9.50","$9.50","REGULAR","","","","","","$0.00","$0.00","","","","","","","","FALSE","FALSE","FALSE","FALSE","FALSE","FALSE","FALSE","FALSE","0:00","0:00","Choix sauce","0f34cdb7-bd3f-4689-9d93-6f2be2929d36","","2","1","Sauce salée","a7b35afc-eab2-4fb1-896e-9c8f03b4c922","$0.00","$0.00","REGULAR","2863","","","1","$0.00","",""
"Spring Rolls","74c5302e-2e5d-4420-9aac-3bd4fa4d57ec","","NO_TAX","TRUE","TRUE","","FALSE","FALSE","FALSE","FALSE","FALSE","FALSE","FALSE","FALSE","0:00","0:00","","","","","","","","","","","","","","","","","","Spring Tataki Saumon","0f8f0b50-01f0-461a-ad13-9811f37798c0","Saumon mariné et snacké, laitue, ciboulette thaï, mayonnaise sésame, coriandre, sésame, sauce soja","$9.90","$9.90","REGULAR","","","","","","$0.00","$0.00","","","","","","","","FALSE","FALSE","FALSE","FALSE","FALSE","FALSE","FALSE","FALSE","0:00","0:00","Choix sauce","0f34cdb7-bd3f-4689-9d93-6f2be2929d36","","2","1","Sauce sucrée","2be5f1fc-2d88-47f5-b870-84d5b117c9a2","$0.00","$0.00","REGULAR","2861","","","1","$0.00","",""
"Spring Rolls","74c5302e-2e5d-4420-9aac-3bd4fa4d57ec","","NO_TAX","TRUE","TRUE","","FALSE","FALSE","FALSE","FALSE","FALSE","FALSE","FALSE","FALSE","0:00","0:00","","","","","","","","","","","","","","","","","","Spring Tataki Saumon","0f8f0b50-01f0-461a-ad13-9811f37798c0","Saumon mariné et snacké, laitue, ciboulette thaï, mayonnaise sésame, coriandre, sésame, sauce soja","$9.90","$9.90","REGULAR","","","","","","$0.00","$0.00","","","","","","","","FALSE","FALSE","FALSE","FALSE","FALSE","FALSE","FALSE","FALSE","0:00","0:00","Choix sauce","0f34cdb7-bd3f-4689-9d93-6f2be2929d36","","2","1","Sauce salée","a7b35afc-eab2-4fb1-896e-9c8f03b4c922","$0.00","$0.00","REGULAR","2863","","","1","$0.00","",""
"Spring Rolls","74c5302e-2e5d-4420-9aac-3bd4fa4d57ec","","NO_TAX","TRUE","TRUE","","FALSE","FALSE","FALSE","FALSE","FALSE","FALSE","FALSE","FALSE","0:00","0:00","","","","","","","","","","","","","","","","","","Spring Tataki Thon","3814b83e-dab4-4555-b939-b52ab46b5274","Thon mariné et snacké, mayonnaise sésame, cacahuète, laitue, ciboulette thaï, coriandre","$9.90","$9.90","REGULAR","","","","","","$0.00","$0.00","","","","","","","","FALSE","FALSE","FALSE","FALSE","FALSE","FALSE","FALSE","FALSE","0:00","0:00","Choix sauce","0f34cdb7-bd3f-4689-9d93-6f2be2929d36","","2","1","Sauce sucrée","2be5f1fc-2d88-47f5-b870-84d5b117c9a2","$0.00","$0.00","REGULAR","2861","","","1","$0.00","",""
"Spring Rolls","74c5302e-2e5d-4420-9aac-3bd4fa4d57ec","","NO_TAX","TRUE","TRUE","","FALSE","FALSE","FALSE","FALSE","FALSE","FALSE","FALSE","FALSE","0:00","0:00","","","","","","","","","","","","","","","","","","Spring Tataki Thon","3814b83e-dab4-4555-b939-b52ab46b5274","Thon mariné et snacké, mayonnaise sésame, cacahuète, laitue, ciboulette thaï, coriandre","$9.90","$9.90","REGULAR","","","","","","$0.00","$0.00","","","","","","","","FALSE","FALSE","FALSE","FALSE","FALSE","FALSE","FALSE","FALSE","0:00","0:00","Choix sauce","0f34cdb7-bd3f-4689-9d93-6f2be2929d36","","2","1","Sauce salée","a7b35afc-eab2-4fb1-896e-9c8f03b4c922","$0.00","$0.00","REGULAR","2863","","","1","$0.00","",""
"Spring Rolls","74c5302e-2e5d-4420-9aac-3bd4fa4d57ec","","NO_TAX","TRUE","TRUE","","FALSE","FALSE","FALSE","FALSE","FALSE","FALSE","FALSE","FALSE","0:00","0:00","","","","","","","","","","","","","","","","","","Spring Crevette Guacamole","897a643c-5c8b-45dd-9a9c-4415f96bd7ae","Crevette, laitue, guacamole, coriandre, oignon rouge","$9.90","$9.90","REGULAR","","","","","","$0.00","$0.00","","","","","","","","FALSE","FALSE","FALSE","FALSE","FALSE","FALSE","FALSE","FALSE","0:00","0:00","Choix sauce","0f34cdb7-bd3f-4689-9d93-6f2be2929d36","","2","1","Sauce sucrée","2be5f1fc-2d88-47f5-b870-84d5b117c9a2","$0.00","$0.00","REGULAR","2861","","","1","$0.00","",""
"Spring Rolls","74c5302e-2e5d-4420-9aac-3bd4fa4d57ec","","NO_TAX","TRUE","TRUE","","FALSE","FALSE","FALSE","FALSE","FALSE","FALSE","FALSE","FALSE","0:00","0:00","","","","","","","","","","","","","","","","","","Spring Crevette Guacamole","897a643c-5c8b-45dd-9a9c-4415f96bd7ae","Crevette, laitue, guacamole, coriandre, oignon rouge","$9.90","$9.90","REGULAR","","","","","","$0.00","$0.00","","","","","","","","FALSE","FALSE","FALSE","FALSE","FALSE","FALSE","FALSE","FALSE","0:00","0:00","Choix sauce","0f34cdb7-bd3f-4689-9d93-6f2be2929d36","","2","1","Sauce salée","a7b35afc-eab2-4fb1-896e-9c8f03b4c922","$0.00","$0.00","REGULAR","2863","","","1","$0.00","",""
"Spring Rolls","74c5302e-2e5d-4420-9aac-3bd4fa4d57ec","","NO_TAX","TRUE","TRUE","","FALSE","FALSE","FALSE","FALSE","FALSE","FALSE","FALSE","FALSE","0:00","0:00","","","","","","","","","","","","","","","","","","Spring Crevette Nanban","4e6040c0-2ead-4106-828b-b64d1b9c246d","Crevette tempura, laitue, concombre, sauce tartare, riz brun torréfié soufflé","$9.50","$9.50","REGULAR","","","","","","$0.00","$0.00","","","","","","","","FALSE","FALSE","FALSE","FALSE","FALSE","FALSE","FALSE","FALSE","0:00","0:00","Choix sauce","0f34cdb7-bd3f-4689-9d93-6f2be2929d36","","2","1","Sauce sucrée","2be5f1fc-2d88-47f5-b870-84d5b117c9a2","$0.00","$0.00","REGULAR","2861","","","1","$0.00","",""
"Spring Rolls","74c5302e-2e5d-4420-9aac-3bd4fa4d57ec","","NO_TAX","TRUE","TRUE","","FALSE","FALSE","FALSE","FALSE","FALSE","FALSE","FALSE","FALSE","0:00","0:00","","","","","","","","","","","","","","","","","","Spring Crevette Nanban","4e6040c0-2ead-4106-828b-b64d1b9c246d","Crevette tempura, laitue, concombre, sauce tartare, riz brun torréfié soufflé","$9.50","$9.50","REGULAR","","","","","","$0.00","$0.00","","","","","","","","FALSE","FALSE","FALSE","FALSE","FALSE","FALSE","FALSE","FALSE","0:00","0:00","Choix sauce","0f34cdb7-bd3f-4689-9d93-6f2be2929d36","","2","1","Sauce salée","a7b35afc-eab2-4fb1-896e-9c8f03b4c922","$0.00","$0.00","REGULAR","2863","","","1","$0.00","",""
"Spring Rolls","74c5302e-2e5d-4420-9aac-3bd4fa4d57ec","","NO_TAX","TRUE","TRUE","","FALSE","FALSE","FALSE","FALSE","FALSE","FALSE","FALSE","FALSE","0:00","0:00","","","","","","","","","","","","","","","","","","Chicken Façon César","e7c840e5-0d4e-4c69-a440-ea8145dd382e","Poulet pané, avocat, parmesan, poivre du Penja IGP, laitue, sauce façon césar (mayonnaise japonaise, citron vert, cornichon, huile de sésame, ciboulette)","$9.50","$9.50","REGULAR","","","","","","$0.00","$0.00","","","","","","","","FALSE","FALSE","FALSE","FALSE","FALSE","FALSE","FALSE","FALSE","0:00","0:00","Choix sauce","0f34cdb7-bd3f-4689-9d93-6f2be2929d36","","2","1","Sauce sucrée","2be5f1fc-2d88-47f5-b870-84d5b117c9a2","$0.00","$0.00","REGULAR","2861","","","1","$0.00","",""
"Spring Rolls","74c5302e-2e5d-4420-9aac-3bd4fa4d57ec","","NO_TAX","TRUE","TRUE","","FALSE","FALSE","FALSE","FALSE","FALSE","FALSE","FALSE","FALSE","0:00","0:00","","","","","","","","","","","","","","","","","","Chicken Façon César","e7c840e5-0d4e-4c69-a440-ea8145dd382e","Poulet pané, avocat, parmesan, poivre du Penja IGP, laitue, sauce façon césar (mayonnaise japonaise, citron vert, cornichon, huile de sésame, ciboulette)","$9.50","$9.50","REGULAR","","","","","","$0.00","$0.00","","","","","","","","FALSE","FALSE","FALSE","FALSE","FALSE","FALSE","FALSE","FALSE","0:00","0:00","Choix sauce","0f34cdb7-bd3f-4689-9d93-6f2be2929d36","","2","1","Sauce salée","a7b35afc-eab2-4fb1-896e-9c8f03b4c922","$0.00","$0.00","REGULAR","2863","","","1","$0.00","",""
"Sushi","d735b3d4-6e50-493a-af13-ef8efc14d568","","NO_TAX","TRUE","TRUE","","FALSE","FALSE","FALSE","FALSE","FALSE","FALSE","FALSE","FALSE","0:00","0:00","","","","","","","","","","","","","","","","","","Tulip Kuro Edamame","ed39c327-99b5-4830-8241-42b306bebab6","Edamame, encre de seiche, pâte de wasabi au yuzu kosho, mayonnaise au citron vert","$6.90","$6.90","REGULAR","","","","","","$0.00","$0.00","","","","","","","","FALSE","FALSE","FALSE","FALSE","FALSE","FALSE","FALSE","FALSE","0:00","0:00","Choix sauce","0f34cdb7-bd3f-4689-9d93-6f2be2929d36","","2","1","Sauce sucrée","2be5f1fc-2d88-47f5-b870-84d5b117c9a2","$0.00","$0.00","REGULAR","2861","","","1","$0.00","",""
"Sushi","d735b3d4-6e50-493a-af13-ef8efc14d568","","NO_TAX","TRUE","TRUE","","FALSE","FALSE","FALSE","FALSE","FALSE","FALSE","FALSE","FALSE","0:00","0:00","","","","","","","","","","","","","","","","","","Tulip Kuro Edamame","ed39c327-99b5-4830-8241-42b306bebab6","Edamame, encre de seiche, pâte de wasabi au yuzu kosho, mayonnaise au citron vert","$6.90","$6.90","REGULAR","","","","","","$0.00","$0.00","","","","","","","","FALSE","FALSE","FALSE","FALSE","FALSE","FALSE","FALSE","FALSE","0:00","0:00","Choix sauce","0f34cdb7-bd3f-4689-9d93-6f2be2929d36","","2","1","Sauce salée","a7b35afc-eab2-4fb1-896e-9c8f03b4c922","$0.00","$0.00","REGULAR","2863","","","1","$0.00","",""
"Sushi","d735b3d4-6e50-493a-af13-ef8efc14d568","","NO_TAX","TRUE","TRUE","","FALSE","FALSE","FALSE","FALSE","FALSE","FALSE","FALSE","FALSE","0:00","0:00","","","","","","","","","","","","","","","","","","Sushi Saumon","120bcec0-087c-4c73-8b8c-70d5254b8620","","$6.00","$6.00","REGULAR","","","","","","$0.00","$0.00","","","","","","","","FALSE","FALSE","FALSE","FALSE","FALSE","FALSE","FALSE","FALSE","0:00","0:00","Choix sauce","0f34cdb7-bd3f-4689-9d93-6f2be2929d36","","2","1","Sauce sucrée","2be5f1fc-2d88-47f5-b870-84d5b117c9a2","$0.00","$0.00","REGULAR","2861","","","1","$0.00","",""
"Sushi","d735b3d4-6e50-493a-af13-ef8efc14d568","","NO_TAX","TRUE","TRUE","","FALSE","FALSE","FALSE","FALSE","FALSE","FALSE","FALSE","FALSE","0:00","0:00","","","","","","","","","","","","","","","","","","Sushi Saumon","120bcec0-087c-4c73-8b8c-70d5254b8620","","$6.00","$6.00","REGULAR","","","","","","$0.00","$0.00","","","","","","","","FALSE","FALSE","FALSE","FALSE","FALSE","FALSE","FALSE","FALSE","0:00","0:00","Choix sauce","0f34cdb7-bd3f-4689-9d93-6f2be2929d36","","2","1","Sauce salée","a7b35afc-eab2-4fb1-896e-9c8f03b4c922","$0.00","$0.00","REGULAR","2863","","","1","$0.00","",""
"Sushi","d735b3d4-6e50-493a-af13-ef8efc14d568","","NO_TAX","TRUE","TRUE","","FALSE","FALSE","FALSE","FALSE","FALSE","FALSE","FALSE","FALSE","0:00","0:00","","","","","","","","","","","","","","","","","","Sushi Salmon Cheese","d2129086-7e59-492a-92d9-feed9807d3ae","Saumon, cream cheese, 7 épices","$6.50","$6.50","REGULAR","","","","","","$0.00","$0.00","","","","","","","","FALSE","FALSE","FALSE","FALSE","FALSE","FALSE","FALSE","FALSE","0:00","0:00","Choix sauce","0f34cdb7-bd3f-4689-9d93-6f2be2929d36","","2","1","Sauce sucrée","2be5f1fc-2d88-47f5-b870-84d5b117c9a2","$0.00","$0.00","REGULAR","2861","","","1","$0.00","",""
"Sushi","d735b3d4-6e50-493a-af13-ef8efc14d568","","NO_TAX","TRUE","TRUE","","FALSE","FALSE","FALSE","FALSE","FALSE","FALSE","FALSE","FALSE","0:00","0:00","","","","","","","","","","","","","","","","","","Sushi Salmon Cheese","d2129086-7e59-492a-92d9-feed9807d3ae","Saumon, cream cheese, 7 épices","$6.50","$6.50","REGULAR","","","","","","$0.00","$0.00","","","","","","","","FALSE","FALSE","FALSE","FALSE","FALSE","FALSE","FALSE","FALSE","0:00","0:00","Choix sauce","0f34cdb7-bd3f-4689-9d93-6f2be2929d36","","2","1","Sauce salée","a7b35afc-eab2-4fb1-896e-9c8f03b4c922","$0.00","$0.00","REGULAR","2863","","","1","$0.00","",""
"Sushi","d735b3d4-6e50-493a-af13-ef8efc14d568","","NO_TAX","TRUE","TRUE","","FALSE","FALSE","FALSE","FALSE","FALSE","FALSE","FALSE","FALSE","0:00","0:00","","","","","","","","","","","","","","","","","","Sushi Thon","9e325f39-4a1e-43f9-8f60-17ab77e5a64d","","$6.50","$6.50","REGULAR","","","","","","$0.00","$0.00","","","","","","","","FALSE","FALSE","FALSE","FALSE","FALSE","FALSE","FALSE","FALSE","0:00","0:00","Choix sauce","0f34cdb7-bd3f-4689-9d93-6f2be2929d36","","2","1","Sauce sucrée","2be5f1fc-2d88-47f5-b870-84d5b117c9a2","$0.00","$0.00","REGULAR","2861","","","1","$0.00","",""
"Sushi","d735b3d4-6e50-493a-af13-ef8efc14d568","","NO_TAX","TRUE","TRUE","","FALSE","FALSE","FALSE","FALSE","FALSE","FALSE","FALSE","FALSE","0:00","0:00","","","","","","","","","","","","","","","","","","Sushi Thon","9e325f39-4a1e-43f9-8f60-17ab77e5a64d","","$6.50","$6.50","REGULAR","","","","","","$0.00","$0.00","","","","","","","","FALSE","FALSE","FALSE","FALSE","FALSE","FALSE","FALSE","FALSE","0:00","0:00","Choix sauce","0f34cdb7-bd3f-4689-9d93-6f2be2929d36","","2","1","Sauce salée","a7b35afc-eab2-4fb1-896e-9c8f03b4c922","$0.00","$0.00","REGULAR","2863","","","1","$0.00","",""
"Sushi","d735b3d4-6e50-493a-af13-ef8efc14d568","","NO_TAX","TRUE","TRUE","","FALSE","FALSE","FALSE","FALSE","FALSE","FALSE","FALSE","FALSE","0:00","0:00","","","","","","","","","","","","","","","","","","Sushi Thon Teriyaki","9364229b-23a4-405f-94f0-21c988fc4efa","Thon snacké, sauce teriyaki, sésame","$6.50","$6.50","REGULAR","","","","","","$0.00","$0.00","","","","","","","","FALSE","FALSE","FALSE","FALSE","FALSE","FALSE","FALSE","FALSE","0:00","0:00","Choix sauce","0f34cdb7-bd3f-4689-9d93-6f2be2929d36","","2","1","Sauce sucrée","2be5f1fc-2d88-47f5-b870-84d5b117c9a2","$0.00","$0.00","REGULAR","2861","","","1","$0.00","",""
"Sushi","d735b3d4-6e50-493a-af13-ef8efc14d568","","NO_TAX","TRUE","TRUE","","FALSE","FALSE","FALSE","FALSE","FALSE","FALSE","FALSE","FALSE","0:00","0:00","","","","","","","","","","","","","","","","","","Sushi Thon Teriyaki","9364229b-23a4-405f-94f0-21c988fc4efa","Thon snacké, sauce teriyaki, sésame","$6.50","$6.50","REGULAR","","","","","","$0.00","$0.00","","","","","","","","FALSE","FALSE","FALSE","FALSE","FALSE","FALSE","FALSE","FALSE","0:00","0:00","Choix sauce","0f34cdb7-bd3f-4689-9d93-6f2be2929d36","","2","1","Sauce salée","a7b35afc-eab2-4fb1-896e-9c8f03b4c922","$0.00","$0.00","REGULAR","2863","","","1","$0.00","",""
"Sushi","d735b3d4-6e50-493a-af13-ef8efc14d568","","NO_TAX","TRUE","TRUE","","FALSE","FALSE","FALSE","FALSE","FALSE","FALSE","FALSE","FALSE","0:00","0:00","","","","","","","","","","","","","","","","","","Sushi Saumon Teriyaki","478e0b10-e353-4ae0-af75-aec678a70cdb","Saumon snacké, sauce teriyaki, sésame","$6.50","$6.50","REGULAR","","","","","","$0.00","$0.00","","","","","","","","FALSE","FALSE","FALSE","FALSE","FALSE","FALSE","FALSE","FALSE","0:00","0:00","Choix sauce","0f34cdb7-bd3f-4689-9d93-6f2be2929d36","","2","1","Sauce sucrée","2be5f1fc-2d88-47f5-b870-84d5b117c9a2","$0.00","$0.00","REGULAR","2861","","","1","$0.00","",""
"Sushi","d735b3d4-6e50-493a-af13-ef8efc14d568","","NO_TAX","TRUE","TRUE","","FALSE","FALSE","FALSE","FALSE","FALSE","FALSE","FALSE","FALSE","0:00","0:00","","","","","","","","","","","","","","","","","","Sushi Saumon Teriyaki","478e0b10-e353-4ae0-af75-aec678a70cdb","Saumon snacké, sauce teriyaki, sésame","$6.50","$6.50","REGULAR","","","","","","$0.00","$0.00","","","","","","","","FALSE","FALSE","FALSE","FALSE","FALSE","FALSE","FALSE","FALSE","0:00","0:00","Choix sauce","0f34cdb7-bd3f-4689-9d93-6f2be2929d36","","2","1","Sauce salée","a7b35afc-eab2-4fb1-896e-9c8f03b4c922","$0.00","$0.00","REGULAR","2863","","","1","$0.00","",""
"Sushi","d735b3d4-6e50-493a-af13-ef8efc14d568","","NO_TAX","TRUE","TRUE","","FALSE","FALSE","FALSE","FALSE","FALSE","FALSE","FALSE","FALSE","0:00","0:00","","","","","","","","","","","","","","","","","","Sushi Crevette Koshou","82394caf-0124-42f4-b83e-41d36674172c","Crevette, mayonnaise japonaise, sauce teriyaki, poivre blanc du Penja IGP","$7.90","$7.90","REGULAR","","","","","","$0.00","$0.00","","","","","","","","FALSE","FALSE","FALSE","FALSE","FALSE","FALSE","FALSE","FALSE","0:00","0:00","Choix sauce","0f34cdb7-bd3f-4689-9d93-6f2be2929d36","","2","1","Sauce sucrée","2be5f1fc-2d88-47f5-b870-84d5b117c9a2","$0.00","$0.00","REGULAR","2861","","","1","$0.00","",""
"Sushi","d735b3d4-6e50-493a-af13-ef8efc14d568","","NO_TAX","TRUE","TRUE","","FALSE","FALSE","FALSE","FALSE","FALSE","FALSE","FALSE","FALSE","0:00","0:00","","","","","","","","","","","","","","","","","","Sushi Crevette Koshou","82394caf-0124-42f4-b83e-41d36674172c","Crevette, mayonnaise japonaise, sauce teriyaki, poivre blanc du Penja IGP","$7.90","$7.90","REGULAR","","","","","","$0.00","$0.00","","","","","","","","FALSE","FALSE","FALSE","FALSE","FALSE","FALSE","FALSE","FALSE","0:00","0:00","Choix sauce","0f34cdb7-bd3f-4689-9d93-6f2be2929d36","","2","1","Sauce salée","a7b35afc-eab2-4fb1-896e-9c8f03b4c922","$0.00","$0.00","REGULAR","2863","","","1","$0.00","",""
"California Rolls","5861ab2f-6e74-485b-a5e6-4d8ccb862a0b","","NO_TAX","TRUE","TRUE","","FALSE","FALSE","FALSE","FALSE","FALSE","FALSE","FALSE","FALSE","0:00","0:00","","","","","","","","","","","","","","","","","","Cali Chicken Curry","4666678a-9436-47ba-b028-e8d030a6d730","Poulet pané, oignon rouge, mayonnaise au curry, oignon frit","$7.90","$7.90","REGULAR","","","","","","$0.00","$0.00","","","","","","","","FALSE","FALSE","FALSE","FALSE","FALSE","FALSE","FALSE","FALSE","0:00","0:00","Choix sauce","0f34cdb7-bd3f-4689-9d93-6f2be2929d36","","2","1","Sauce sucrée","2be5f1fc-2d88-47f5-b870-84d5b117c9a2","$0.00","$0.00","REGULAR","2861","","","1","$0.00","",""
"California Rolls","5861ab2f-6e74-485b-a5e6-4d8ccb862a0b","","NO_TAX","TRUE","TRUE","","FALSE","FALSE","FALSE","FALSE","FALSE","FALSE","FALSE","FALSE","0:00","0:00","","","","","","","","","","","","","","","","","","Cali Chicken Curry","4666678a-9436-47ba-b028-e8d030a6d730","Poulet pané, oignon rouge, mayonnaise au curry, oignon frit","$7.90","$7.90","REGULAR","","","","","","$0.00","$0.00","","","","","","","","FALSE","FALSE","FALSE","FALSE","FALSE","FALSE","FALSE","FALSE","0:00","0:00","Choix sauce","0f34cdb7-bd3f-4689-9d93-6f2be2929d36","","2","1","Sauce salée","a7b35afc-eab2-4fb1-896e-9c8f03b4c922","$0.00","$0.00","REGULAR","2863","","","1","$0.00","",""
"California Rolls","5861ab2f-6e74-485b-a5e6-4d8ccb862a0b","","NO_TAX","TRUE","TRUE","","FALSE","FALSE","FALSE","FALSE","FALSE","FALSE","FALSE","FALSE","0:00","0:00","","","","","","","","","","","","","","","","","","California Veggie","cf1e7302-cbb1-4fc2-9e14-37abd0c7d816","Avocat, concombre, carotte, betterave Chioggia, oignon rouge, roquette, coriandre, sauce sweet chili, mayonnaise japonaise, sésame","$7.90","$7.90","REGULAR","","","","","","$0.00","$0.00","","","","","","","","FALSE","FALSE","FALSE","FALSE","FALSE","FALSE","FALSE","FALSE","0:00","0:00","Choix sauce","0f34cdb7-bd3f-4689-9d93-6f2be2929d36","","2","1","Sauce sucrée","2be5f1fc-2d88-47f5-b870-84d5b117c9a2","$0.00","$0.00","REGULAR","2861","","","1","$0.00","",""
"California Rolls","5861ab2f-6e74-485b-a5e6-4d8ccb862a0b","","NO_TAX","TRUE","TRUE","","FALSE","FALSE","FALSE","FALSE","FALSE","FALSE","FALSE","FALSE","0:00","0:00","","","","","","","","","","","","","","","","","","California Veggie","cf1e7302-cbb1-4fc2-9e14-37abd0c7d816","Avocat, concombre, carotte, betterave Chioggia, oignon rouge, roquette, coriandre, sauce sweet chili, mayonnaise japonaise, sésame","$7.90","$7.90","REGULAR","","","","","","$0.00","$0.00","","","","","","","","FALSE","FALSE","FALSE","FALSE","FALSE","FALSE","FALSE","FALSE","0:00","0:00","Choix sauce","0f34cdb7-bd3f-4689-9d93-6f2be2929d36","","2","1","Sauce salée","a7b35afc-eab2-4fb1-896e-9c8f03b4c922","$0.00","$0.00","REGULAR","2863","","","1","$0.00","",""
"California Rolls","5861ab2f-6e74-485b-a5e6-4d8ccb862a0b","","NO_TAX","TRUE","TRUE","","FALSE","FALSE","FALSE","FALSE","FALSE","FALSE","FALSE","FALSE","0:00","0:00","","","","","","","","","","","","","","","","","","California Saumon Avocat","7f4a4a5e-bbf1-44c9-87aa-df74c083a0f5","Saumon, avocat, sésame","$8.50","$8.50","REGULAR","","","","","","$0.00","$0.00","","","","","","","","FALSE","FALSE","FALSE","FALSE","FALSE","FALSE","FALSE","FALSE","0:00","0:00","Choix sauce","0f34cdb7-bd3f-4689-9d93-6f2be2929d36","","2","1","Sauce sucrée","2be5f1fc-2d88-47f5-b870-84d5b117c9a2","$0.00","$0.00","REGULAR","2861","","","1","$0.00","",""
"California Rolls","5861ab2f-6e74-485b-a5e6-4d8ccb862a0b","","NO_TAX","TRUE","TRUE","","FALSE","FALSE","FALSE","FALSE","FALSE","FALSE","FALSE","FALSE","0:00","0:00","","","","","","","","","","","","","","","","","","California Saumon Avocat","7f4a4a5e-bbf1-44c9-87aa-df74c083a0f5","Saumon, avocat, sésame","$8.50","$8.50","REGULAR","","","","","","$0.00","$0.00","","","","","","","","FALSE","FALSE","FALSE","FALSE","FALSE","FALSE","FALSE","FALSE","0:00","0:00","Choix sauce","0f34cdb7-bd3f-4689-9d93-6f2be2929d36","","2","1","Sauce salée","a7b35afc-eab2-4fb1-896e-9c8f03b4c922","$0.00","$0.00","REGULAR","2863","","","1","$0.00","",""
"California Rolls","5861ab2f-6e74-485b-a5e6-4d8ccb862a0b","","NO_TAX","TRUE","TRUE","","FALSE","FALSE","FALSE","FALSE","FALSE","FALSE","FALSE","FALSE","0:00","0:00","","","","","","","","","","","","","","","","","","California Kimchicken","fc71d4e0-a042-4d07-8b7b-399f277dff0e","Poulet pané, copeaux de parmesan, kimchi, pickles de carotte, mayonnaise épicée, sésame","$8.90","$8.90","REGULAR","","","","","","$0.00","$0.00","","","","","","","","FALSE","FALSE","FALSE","FALSE","FALSE","FALSE","FALSE","FALSE","0:00","0:00","Choix sauce","0f34cdb7-bd3f-4689-9d93-6f2be2929d36","","2","1","Sauce sucrée","2be5f1fc-2d88-47f5-b870-84d5b117c9a2","$0.00","$0.00","REGULAR","2861","","","1","$0.00","",""
"California Rolls","5861ab2f-6e74-485b-a5e6-4d8ccb862a0b","","NO_TAX","TRUE","TRUE","","FALSE","FALSE","FALSE","FALSE","FALSE","FALSE","FALSE","FALSE","0:00","0:00","","","","","","","","","","","","","","","","","","California Kimchicken","fc71d4e0-a042-4d07-8b7b-399f277dff0e","Poulet pané, copeaux de parmesan, kimchi, pickles de carotte, mayonnaise épicée, sésame","$8.90","$8.90","REGULAR","","","","","","$0.00","$0.00","","","","","","","","FALSE","FALSE","FALSE","FALSE","FALSE","FALSE","FALSE","FALSE","0:00","0:00","Choix sauce","0f34cdb7-bd3f-4689-9d93-6f2be2929d36","","2","1","Sauce salée","a7b35afc-eab2-4fb1-896e-9c8f03b4c922","$0.00","$0.00","REGULAR","2863","","","1","$0.00","",""
"California Rolls","5861ab2f-6e74-485b-a5e6-4d8ccb862a0b","","NO_TAX","TRUE","TRUE","","FALSE","FALSE","FALSE","FALSE","FALSE","FALSE","FALSE","FALSE","0:00","0:00","","","","","","","","","","","","","","","","","","California Tropical Mango","eea5b176-b815-4678-8308-d88876b89fe6","Poulet pané, concombre, mangue, mayonnaise épicée, sésame","$8.70","$8.70","REGULAR","","","","","","$0.00","$0.00","","","","","","","","FALSE","FALSE","FALSE","FALSE","FALSE","FALSE","FALSE","FALSE","0:00","0:00","Choix sauce","0f34cdb7-bd3f-4689-9d93-6f2be2929d36","","2","1","Sauce sucrée","2be5f1fc-2d88-47f5-b870-84d5b117c9a2","$0.00","$0.00","REGULAR","2861","","","1","$0.00","",""
"California Rolls","5861ab2f-6e74-485b-a5e6-4d8ccb862a0b","","NO_TAX","TRUE","TRUE","","FALSE","FALSE","FALSE","FALSE","FALSE","FALSE","FALSE","FALSE","0:00","0:00","","","","","","","","","","","","","","","","","","California Tropical Mango","eea5b176-b815-4678-8308-d88876b89fe6","Poulet pané, concombre, mangue, mayonnaise épicée, sésame","$8.70","$8.70","REGULAR","","","","","","$0.00","$0.00","","","","","","","","FALSE","FALSE","FALSE","FALSE","FALSE","FALSE","FALSE","FALSE","0:00","0:00","Choix sauce","0f34cdb7-bd3f-4689-9d93-6f2be2929d36","","2","1","Sauce salée","a7b35afc-eab2-4fb1-896e-9c8f03b4c922","$0.00","$0.00","REGULAR","2863","","","1","$0.00","",""
"California Rolls","5861ab2f-6e74-485b-a5e6-4d8ccb862a0b","","NO_TAX","TRUE","TRUE","","FALSE","FALSE","FALSE","FALSE","FALSE","FALSE","FALSE","FALSE","0:00","0:00","","","","","","","","","","","","","","","","","","California Nacho Roll","f667e9b2-5adc-488e-95fb-2ade7d6b00c7","Crevette tempura, guacamole (avocat, huile d'olive, citron vert, 7 épices), concombre, chips de maïs, coriandre","$8.70","$8.70","REGULAR","","","","","","$0.00","$0.00","","","","","","","","FALSE","FALSE","FALSE","FALSE","FALSE","FALSE","FALSE","FALSE","0:00","0:00","Choix sauce","0f34cdb7-bd3f-4689-9d93-6f2be2929d36","","2","1","Sauce sucrée","2be5f1fc-2d88-47f5-b870-84d5b117c9a2","$0.00","$0.00","REGULAR","2861","","","1","$0.00","",""
"California Rolls","5861ab2f-6e74-485b-a5e6-4d8ccb862a0b","","NO_TAX","TRUE","TRUE","","FALSE","FALSE","FALSE","FALSE","FALSE","FALSE","FALSE","FALSE","0:00","0:00","","","","","","","","","","","","","","","","","","California Nacho Roll","f667e9b2-5adc-488e-95fb-2ade7d6b00c7","Crevette tempura, guacamole (avocat, huile d'olive, citron vert, 7 épices), concombre, chips de maïs, coriandre","$8.70","$8.70","REGULAR","","","","","","$0.00","$0.00","","","","","","","","FALSE","FALSE","FALSE","FALSE","FALSE","FALSE","FALSE","FALSE","0:00","0:00","Choix sauce","0f34cdb7-bd3f-4689-9d93-6f2be2929d36","","2","1","Sauce salée","a7b35afc-eab2-4fb1-896e-9c8f03b4c922","$0.00","$0.00","REGULAR","2863","","","1","$0.00","",""
"California Rolls","5861ab2f-6e74-485b-a5e6-4d8ccb862a0b","","NO_TAX","TRUE","TRUE","","FALSE","FALSE","FALSE","FALSE","FALSE","FALSE","FALSE","FALSE","0:00","0:00","","","","","","","","","","","","","","","","","","Cali. Saumon Crispy Onion","12da61dc-30c3-45ab-aa89-b4723424ed25","Saumon snacké, cream cheese, concombre, aneth, sésame, oignon frit","$8.90","$8.90","REGULAR","","","","","","$0.00","$0.00","","","","","","","","FALSE","FALSE","FALSE","FALSE","FALSE","FALSE","FALSE","FALSE","0:00","0:00","Choix sauce","0f34cdb7-bd3f-4689-9d93-6f2be2929d36","","2","1","Sauce sucrée","2be5f1fc-2d88-47f5-b870-84d5b117c9a2","$0.00","$0.00","REGULAR","2861","","","1","$0.00","",""
"California Rolls","5861ab2f-6e74-485b-a5e6-4d8ccb862a0b","","NO_TAX","TRUE","TRUE","","FALSE","FALSE","FALSE","FALSE","FALSE","FALSE","FALSE","FALSE","0:00","0:00","","","","","","","","","","","","","","","","","","Cali. Saumon Crispy Onion","12da61dc-30c3-45ab-aa89-b4723424ed25","Saumon snacké, cream cheese, concombre, aneth, sésame, oignon frit","$8.90","$8.90","REGULAR","","","","","","$0.00","$0.00","","","","","","","","FALSE","FALSE","FALSE","FALSE","FALSE","FALSE","FALSE","FALSE","0:00","0:00","Choix sauce","0f34cdb7-bd3f-4689-9d93-6f2be2929d36","","2","1","Sauce salée","a7b35afc-eab2-4fb1-896e-9c8f03b4c922","$0.00","$0.00","REGULAR","2863","","","1","$0.00","",""
"California Rolls","5861ab2f-6e74-485b-a5e6-4d8ccb862a0b","","NO_TAX","TRUE","TRUE","","FALSE","FALSE","FALSE","FALSE","FALSE","FALSE","FALSE","FALSE","0:00","0:00","","","","","","","","","","","","","","","","","","Cali. Crevette Tempura","c1dbac4e-0c20-4ea7-9d82-35fed84a3a1d","Crevette tempura, avocat, mayonnaise épicée, sésame.","$8.90","$8.90","REGULAR","","","","","","$0.00","$0.00","","","","","","","","FALSE","FALSE","FALSE","FALSE","FALSE","FALSE","FALSE","FALSE","0:00","0:00","Choix sauce","0f34cdb7-bd3f-4689-9d93-6f2be2929d36","","2","1","Sauce sucrée","2be5f1fc-2d88-47f5-b870-84d5b117c9a2","$0.00","$0.00","REGULAR","2861","","","1","$0.00","",""
"California Rolls","5861ab2f-6e74-485b-a5e6-4d8ccb862a0b","","NO_TAX","TRUE","TRUE","","FALSE","FALSE","FALSE","FALSE","FALSE","FALSE","FALSE","FALSE","0:00","0:00","","","","","","","","","","","","","","","","","","Cali. Crevette Tempura","c1dbac4e-0c20-4ea7-9d82-35fed84a3a1d","Crevette tempura, avocat, mayonnaise épicée, sésame.","$8.90","$8.90","REGULAR","","","","","","$0.00","$0.00","","","","","","","","FALSE","FALSE","FALSE","FALSE","FALSE","FALSE","FALSE","FALSE","0:00","0:00","Choix sauce","0f34cdb7-bd3f-4689-9d93-6f2be2929d36","","2","1","Sauce salée","a7b35afc-eab2-4fb1-896e-9c8f03b4c922","$0.00","$0.00","REGULAR","2863","","","1","$0.00","",""
"California Rolls","5861ab2f-6e74-485b-a5e6-4d8ccb862a0b","","NO_TAX","TRUE","TRUE","","FALSE","FALSE","FALSE","FALSE","FALSE","FALSE","FALSE","FALSE","0:00","0:00","","","","","","","","","","","","","","","","","","Cali. Salmon Aburi Roll","5428a305-d54d-4451-a043-116a80e25ab4","Saumon snacké aux 7 épices, saumon, cream cheese, ciboulette, sésame","$9.90","$9.90","REGULAR","","","","","","$0.00","$0.00","","","","","","","","FALSE","FALSE","FALSE","FALSE","FALSE","FALSE","FALSE","FALSE","0:00","0:00","Choix sauce","0f34cdb7-bd3f-4689-9d93-6f2be2929d36","","2","1","Sauce sucrée","2be5f1fc-2d88-47f5-b870-84d5b117c9a2","$0.00","$0.00","REGULAR","2861","","","1","$0.00","",""
"California Rolls","5861ab2f-6e74-485b-a5e6-4d8ccb862a0b","","NO_TAX","TRUE","TRUE","","FALSE","FALSE","FALSE","FALSE","FALSE","FALSE","FALSE","FALSE","0:00","0:00","","","","","","","","","","","","","","","","","","Cali. Salmon Aburi Roll","5428a305-d54d-4451-a043-116a80e25ab4","Saumon snacké aux 7 épices, saumon, cream cheese, ciboulette, sésame","$9.90","$9.90","REGULAR","","","","","","$0.00","$0.00","","","","","","","","FALSE","FALSE","FALSE","FALSE","FALSE","FALSE","FALSE","FALSE","0:00","0:00","Choix sauce","0f34cdb7-bd3f-4689-9d93-6f2be2929d36","","2","1","Sauce salée","a7b35afc-eab2-4fb1-896e-9c8f03b4c922","$0.00","$0.00","REGULAR","2863","","","1","$0.00","",""
"California Rolls","5861ab2f-6e74-485b-a5e6-4d8ccb862a0b","","NO_TAX","TRUE","TRUE","","FALSE","FALSE","FALSE","FALSE","FALSE","FALSE","FALSE","FALSE","0:00","0:00","","","","","","","","","","","","","","","","","","California French Touch","2ee17cda-86ce-430b-91de-28e1ee943592","Bloc de foie gras de canard, confiture de figues, pralin","$9.90","$9.90","REGULAR","","","","","","$0.00","$0.00","","","","","","","","FALSE","FALSE","FALSE","FALSE","FALSE","FALSE","FALSE","FALSE","0:00","0:00","Choix sauce","0f34cdb7-bd3f-4689-9d93-6f2be2929d36","","2","1","Sauce sucrée","2be5f1fc-2d88-47f5-b870-84d5b117c9a2","$0.00","$0.00","REGULAR","2861","","","1","$0.00","",""
"California Rolls","5861ab2f-6e74-485b-a5e6-4d8ccb862a0b","","NO_TAX","TRUE","TRUE","","FALSE","FALSE","FALSE","FALSE","FALSE","FALSE","FALSE","FALSE","0:00","0:00","","","","","","","","","","","","","","","","","","California French Touch","2ee17cda-86ce-430b-91de-28e1ee943592","Bloc de foie gras de canard, confiture de figues, pralin","$9.90","$9.90","REGULAR","","","","","","$0.00","$0.00","","","","","","","","FALSE","FALSE","FALSE","FALSE","FALSE","FALSE","FALSE","FALSE","0:00","0:00","Choix sauce","0f34cdb7-bd3f-4689-9d93-6f2be2929d36","","2","1","Sauce salée","a7b35afc-eab2-4fb1-896e-9c8f03b4c922","$0.00","$0.00","REGULAR","2863","","","1","$0.00","",""
"California Rolls","5861ab2f-6e74-485b-a5e6-4d8ccb862a0b","","NO_TAX","TRUE","TRUE","","FALSE","FALSE","FALSE","FALSE","FALSE","FALSE","FALSE","FALSE","0:00","0:00","","","","","","","","","","","","","","","","","","California Saba Moutarde","784e603a-8c98-4a50-a002-1630b7692e6b","Maquereau fumé au poivre, cream cheese, moutarde, concombre, pickles de graines de moutarde, aneth","$8.90","$8.90","REGULAR","","","","","","$0.00","$0.00","","","","","","","","FALSE","FALSE","FALSE","FALSE","FALSE","FALSE","FALSE","FALSE","0:00","0:00","Choix sauce","0f34cdb7-bd3f-4689-9d93-6f2be2929d36","","2","1","Sauce sucrée","2be5f1fc-2d88-47f5-b870-84d5b117c9a2","$0.00","$0.00","REGULAR","2861","","","1","$0.00","",""
"California Rolls","5861ab2f-6e74-485b-a5e6-4d8ccb862a0b","","NO_TAX","TRUE","TRUE","","FALSE","FALSE","FALSE","FALSE","FALSE","FALSE","FALSE","FALSE","0:00","0:00","","","","","","","","","","","","","","","","","","California Saba Moutarde","784e603a-8c98-4a50-a002-1630b7692e6b","Maquereau fumé au poivre, cream cheese, moutarde, concombre, pickles de graines de moutarde, aneth","$8.90","$8.90","REGULAR","","","","","","$0.00","$0.00","","","","","","","","FALSE","FALSE","FALSE","FALSE","FALSE","FALSE","FALSE","FALSE","0:00","0:00","Choix sauce","0f34cdb7-bd3f-4689-9d93-6f2be2929d36","","2","1","Sauce salée","a7b35afc-eab2-4fb1-896e-9c8f03b4c922","$0.00","$0.00","REGULAR","2863","","","1","$0.00","",""
"Maki","796a5f05-f1c3-4619-bf32-e1b5d0e0ffc6","","NO_TAX","TRUE","TRUE","","FALSE","FALSE","FALSE","FALSE","FALSE","FALSE","FALSE","FALSE","0:00","0:00","","","","","","","","","","","","","","","","","","Maki Concombre","50b36038-e3d3-4c27-9271-cf31ea405820","Concombre, sésame","$5.50","$5.50","REGULAR","","","","","","$0.00","$0.00","","","","","","","","FALSE","FALSE","FALSE","FALSE","FALSE","FALSE","FALSE","FALSE","0:00","0:00","Choix sauce","0f34cdb7-bd3f-4689-9d93-6f2be2929d36","","2","1","Sauce sucrée","2be5f1fc-2d88-47f5-b870-84d5b117c9a2","$0.00","$0.00","REGULAR","2861","","","1","$0.00","",""
"Maki","796a5f05-f1c3-4619-bf32-e1b5d0e0ffc6","","NO_TAX","TRUE","TRUE","","FALSE","FALSE","FALSE","FALSE","FALSE","FALSE","FALSE","FALSE","0:00","0:00","","","","","","","","","","","","","","","","","","Maki Concombre","50b36038-e3d3-4c27-9271-cf31ea405820","Concombre, sésame","$5.50","$5.50","REGULAR","","","","","","$0.00","$0.00","","","","","","","","FALSE","FALSE","FALSE","FALSE","FALSE","FALSE","FALSE","FALSE","0:00","0:00","Choix sauce","0f34cdb7-bd3f-4689-9d93-6f2be2929d36","","2","1","Sauce salée","a7b35afc-eab2-4fb1-896e-9c8f03b4c922","$0.00","$0.00","REGULAR","2863","","","1","$0.00","",""
"Maki","796a5f05-f1c3-4619-bf32-e1b5d0e0ffc6","","NO_TAX","TRUE","TRUE","","FALSE","FALSE","FALSE","FALSE","FALSE","FALSE","FALSE","FALSE","0:00","0:00","","","","","","","","","","","","","","","","","","Maki Concombre Cheese","8695f72f-3855-41ae-ba15-06f4186b8948","Concombre, cream cheese","$6.50","$6.50","REGULAR","","","","","","$0.00","$0.00","","","","","","","","FALSE","FALSE","FALSE","FALSE","FALSE","FALSE","FALSE","FALSE","0:00","0:00","Choix sauce","0f34cdb7-bd3f-4689-9d93-6f2be2929d36","","2","1","Sauce sucrée","2be5f1fc-2d88-47f5-b870-84d5b117c9a2","$0.00","$0.00","REGULAR","2861","","","1","$0.00","",""
"Maki","796a5f05-f1c3-4619-bf32-e1b5d0e0ffc6","","NO_TAX","TRUE","TRUE","","FALSE","FALSE","FALSE","FALSE","FALSE","FALSE","FALSE","FALSE","0:00","0:00","","","","","","","","","","","","","","","","","","Maki Concombre Cheese","8695f72f-3855-41ae-ba15-06f4186b8948","Concombre, cream cheese","$6.50","$6.50","REGULAR","","","","","","$0.00","$0.00","","","","","","","","FALSE","FALSE","FALSE","FALSE","FALSE","FALSE","FALSE","FALSE","0:00","0:00","Choix sauce","0f34cdb7-bd3f-4689-9d93-6f2be2929d36","","2","1","Sauce salée","a7b35afc-eab2-4fb1-896e-9c8f03b4c922","$0.00","$0.00","REGULAR","2863","","","1","$0.00","",""
"Maki","796a5f05-f1c3-4619-bf32-e1b5d0e0ffc6","","NO_TAX","TRUE","TRUE","","FALSE","FALSE","FALSE","FALSE","FALSE","FALSE","FALSE","FALSE","0:00","0:00","","","","","","","","","","","","","","","","","","Maki Avocat","3e9ee04c-3ea9-4fc5-b5a7-9df0d6742c47","Avocat","$6.50","$6.50","REGULAR","","","","","","$0.00","$0.00","","","","","","","","FALSE","FALSE","FALSE","FALSE","FALSE","FALSE","FALSE","FALSE","0:00","0:00","Choix sauce","0f34cdb7-bd3f-4689-9d93-6f2be2929d36","","2","1","Sauce sucrée","2be5f1fc-2d88-47f5-b870-84d5b117c9a2","$0.00","$0.00","REGULAR","2861","","","1","$0.00","",""
"Maki","796a5f05-f1c3-4619-bf32-e1b5d0e0ffc6","","NO_TAX","TRUE","TRUE","","FALSE","FALSE","FALSE","FALSE","FALSE","FALSE","FALSE","FALSE","0:00","0:00","","","","","","","","","","","","","","","","","","Maki Avocat","3e9ee04c-3ea9-4fc5-b5a7-9df0d6742c47","Avocat","$6.50","$6.50","REGULAR","","","","","","$0.00","$0.00","","","","","","","","FALSE","FALSE","FALSE","FALSE","FALSE","FALSE","FALSE","FALSE","0:00","0:00","Choix sauce","0f34cdb7-bd3f-4689-9d93-6f2be2929d36","","2","1","Sauce salée","a7b35afc-eab2-4fb1-896e-9c8f03b4c922","$0.00","$0.00","REGULAR","2863","","","1","$0.00","",""
"Maki","796a5f05-f1c3-4619-bf32-e1b5d0e0ffc6","","NO_TAX","TRUE","TRUE","","FALSE","FALSE","FALSE","FALSE","FALSE","FALSE","FALSE","FALSE","0:00","0:00","","","","","","","","","","","","","","","","","","Maki Cheese avocat","73af354d-6a18-4a03-bf55-510babf95489","Cream cheese, avocat","$6.50","$6.50","REGULAR","","","","","","$0.00","$0.00","","","","","","","","FALSE","FALSE","FALSE","FALSE","FALSE","FALSE","FALSE","FALSE","0:00","0:00","Choix sauce","0f34cdb7-bd3f-4689-9d93-6f2be2929d36","","2","1","Sauce sucrée","2be5f1fc-2d88-47f5-b870-84d5b117c9a2","$0.00","$0.00","REGULAR","2861","","","1","$0.00","",""
"Maki","796a5f05-f1c3-4619-bf32-e1b5d0e0ffc6","","NO_TAX","TRUE","TRUE","","FALSE","FALSE","FALSE","FALSE","FALSE","FALSE","FALSE","FALSE","0:00","0:00","","","","","","","","","","","","","","","","","","Maki Cheese avocat","73af354d-6a18-4a03-bf55-510babf95489","Cream cheese, avocat","$6.50","$6.50","REGULAR","","","","","","$0.00","$0.00","","","","","","","","FALSE","FALSE","FALSE","FALSE","FALSE","FALSE","FALSE","FALSE","0:00","0:00","Choix sauce","0f34cdb7-bd3f-4689-9d93-6f2be2929d36","","2","1","Sauce salée","a7b35afc-eab2-4fb1-896e-9c8f03b4c922","$0.00","$0.00","REGULAR","2863","","","1","$0.00","",""
"Maki","796a5f05-f1c3-4619-bf32-e1b5d0e0ffc6","","NO_TAX","TRUE","TRUE","","FALSE","FALSE","FALSE","FALSE","FALSE","FALSE","FALSE","FALSE","0:00","0:00","","","","","","","","","","","","","","","","","","Maki Guacamole","2f26bb1c-7231-41f2-a09e-8993ed234559","Avocat, huile d'olive, citron vert, 7 épices, coriandre, oignon rouge","$6.50","$6.50","REGULAR","","","","","","$0.00","$0.00","","","","","","","","FALSE","FALSE","FALSE","FALSE","FALSE","FALSE","FALSE","FALSE","0:00","0:00","Choix sauce","0f34cdb7-bd3f-4689-9d93-6f2be2929d36","","2","1","Sauce sucrée","2be5f1fc-2d88-47f5-b870-84d5b117c9a2","$0.00","$0.00","REGULAR","2861","","","1","$0.00","",""
"Maki","796a5f05-f1c3-4619-bf32-e1b5d0e0ffc6","","NO_TAX","TRUE","TRUE","","FALSE","FALSE","FALSE","FALSE","FALSE","FALSE","FALSE","FALSE","0:00","0:00","","","","","","","","","","","","","","","","","","Maki Guacamole","2f26bb1c-7231-41f2-a09e-8993ed234559","Avocat, huile d'olive, citron vert, 7 épices, coriandre, oignon rouge","$6.50","$6.50","REGULAR","","","","","","$0.00","$0.00","","","","","","","","FALSE","FALSE","FALSE","FALSE","FALSE","FALSE","FALSE","FALSE","0:00","0:00","Choix sauce","0f34cdb7-bd3f-4689-9d93-6f2be2929d36","","2","1","Sauce salée","a7b35afc-eab2-4fb1-896e-9c8f03b4c922","$0.00","$0.00","REGULAR","2863","","","1","$0.00","",""
"Maki","796a5f05-f1c3-4619-bf32-e1b5d0e0ffc6","","NO_TAX","TRUE","TRUE","","FALSE","FALSE","FALSE","FALSE","FALSE","FALSE","FALSE","FALSE","0:00","0:00","","","","","","","","","","","","","","","","","","Maki Saumon","d595e8b2-7425-473c-af48-248952c68523","Saumon et riz entourés d’une feuille d’algue","$7.50","$7.50","REGULAR","","","","","","$0.00","$0.00","","","","","","","","FALSE","FALSE","FALSE","FALSE","FALSE","FALSE","FALSE","FALSE","0:00","0:00","Choix sauce","0f34cdb7-bd3f-4689-9d93-6f2be2929d36","","2","1","Sauce sucrée","2be5f1fc-2d88-47f5-b870-84d5b117c9a2","$0.00","$0.00","REGULAR","2861","","","1","$0.00","",""
"Maki","796a5f05-f1c3-4619-bf32-e1b5d0e0ffc6","","NO_TAX","TRUE","TRUE","","FALSE","FALSE","FALSE","FALSE","FALSE","FALSE","FALSE","FALSE","0:00","0:00","","","","","","","","","","","","","","","","","","Maki Saumon","d595e8b2-7425-473c-af48-248952c68523","Saumon et riz entourés d’une feuille d’algue","$7.50","$7.50","REGULAR","","","","","","$0.00","$0.00","","","","","","","","FALSE","FALSE","FALSE","FALSE","FALSE","FALSE","FALSE","FALSE","0:00","0:00","Choix sauce","0f34cdb7-bd3f-4689-9d93-6f2be2929d36","","2","1","Sauce salée","a7b35afc-eab2-4fb1-896e-9c8f03b4c922","$0.00","$0.00","REGULAR","2863","","","1","$0.00","",""
"Maki","796a5f05-f1c3-4619-bf32-e1b5d0e0ffc6","","NO_TAX","TRUE","TRUE","","FALSE","FALSE","FALSE","FALSE","FALSE","FALSE","FALSE","FALSE","0:00","0:00","","","","","","","","","","","","","","","","","","Maki Thon spicy","be343a9a-1d12-435e-96f0-6a385f26252d","Thon, mayonnaise épicée, ciboulette","$8.50","$8.50","REGULAR","","","","","","$0.00","$0.00","","","","","","","","FALSE","FALSE","FALSE","FALSE","FALSE","FALSE","FALSE","FALSE","0:00","0:00","Choix sauce","0f34cdb7-bd3f-4689-9d93-6f2be2929d36","","2","1","Sauce sucrée","2be5f1fc-2d88-47f5-b870-84d5b117c9a2","$0.00","$0.00","REGULAR","2861","","","1","$0.00","",""
"Maki","796a5f05-f1c3-4619-bf32-e1b5d0e0ffc6","","NO_TAX","TRUE","TRUE","","FALSE","FALSE","FALSE","FALSE","FALSE","FALSE","FALSE","FALSE","0:00","0:00","","","","","","","","","","","","","","","","","","Maki Thon spicy","be343a9a-1d12-435e-96f0-6a385f26252d","Thon, mayonnaise épicée, ciboulette","$8.50","$8.50","REGULAR","","","","","","$0.00","$0.00","","","","","","","","FALSE","FALSE","FALSE","FALSE","FALSE","FALSE","FALSE","FALSE","0:00","0:00","Choix sauce","0f34cdb7-bd3f-4689-9d93-6f2be2929d36","","2","1","Sauce salée","a7b35afc-eab2-4fb1-896e-9c8f03b4c922","$0.00","$0.00","REGULAR","2863","","","1","$0.00","",""
"Maki","796a5f05-f1c3-4619-bf32-e1b5d0e0ffc6","","NO_TAX","TRUE","TRUE","","FALSE","FALSE","FALSE","FALSE","FALSE","FALSE","FALSE","FALSE","0:00","0:00","","","","","","","","","","","","","","","","","","Maki Salmon roll","d9ae7c9b-7dd3-4f24-be2b-82118a210292","Riz et cream cheese enroulés de saumon","$9.50","$9.50","REGULAR","","","","","","$0.00","$0.00","","","","","","","","FALSE","FALSE","FALSE","FALSE","FALSE","FALSE","FALSE","FALSE","0:00","0:00","Choix sauce","0f34cdb7-bd3f-4689-9d93-6f2be2929d36","","2","1","Sauce sucrée","2be5f1fc-2d88-47f5-b870-84d5b117c9a2","$0.00","$0.00","REGULAR","2861","","","1","$0.00","",""
"Maki","796a5f05-f1c3-4619-bf32-e1b5d0e0ffc6","","NO_TAX","TRUE","TRUE","","FALSE","FALSE","FALSE","FALSE","FALSE","FALSE","FALSE","FALSE","0:00","0:00","","","","","","","","","","","","","","","","","","Maki Salmon roll","d9ae7c9b-7dd3-4f24-be2b-82118a210292","Riz et cream cheese enroulés de saumon","$9.50","$9.50","REGULAR","","","","","","$0.00","$0.00","","","","","","","","FALSE","FALSE","FALSE","FALSE","FALSE","FALSE","FALSE","FALSE","0:00","0:00","Choix sauce","0f34cdb7-bd3f-4689-9d93-6f2be2929d36","","2","1","Sauce salée","a7b35afc-eab2-4fb1-896e-9c8f03b4c922","$0.00","$0.00","REGULAR","2863","","","1","$0.00","",""
"Maki","796a5f05-f1c3-4619-bf32-e1b5d0e0ffc6","","NO_TAX","TRUE","TRUE","","FALSE","FALSE","FALSE","FALSE","FALSE","FALSE","FALSE","FALSE","0:00","0:00","","","","","","","","","","","","","","","","","","Maki Salmon roll avocat","e03e9adf-330f-4612-b3d7-a9e2303e3304","Riz, avocat et cream cheese enroulés de saumon","$9.90","$9.90","REGULAR","","","","","","$0.00","$0.00","","","","","","","","FALSE","FALSE","FALSE","FALSE","FALSE","FALSE","FALSE","FALSE","0:00","0:00","Choix sauce","0f34cdb7-bd3f-4689-9d93-6f2be2929d36","","2","1","Sauce sucrée","2be5f1fc-2d88-47f5-b870-84d5b117c9a2","$0.00","$0.00","REGULAR","2861","","","1","$0.00","",""
"Maki","796a5f05-f1c3-4619-bf32-e1b5d0e0ffc6","","NO_TAX","TRUE","TRUE","","FALSE","FALSE","FALSE","FALSE","FALSE","FALSE","FALSE","FALSE","0:00","0:00","","","","","","","","","","","","","","","","","","Maki Salmon roll avocat","e03e9adf-330f-4612-b3d7-a9e2303e3304","Riz, avocat et cream cheese enroulés de saumon","$9.90","$9.90","REGULAR","","","","","","$0.00","$0.00","","","","","","","","FALSE","FALSE","FALSE","FALSE","FALSE","FALSE","FALSE","FALSE","0:00","0:00","Choix sauce","0f34cdb7-bd3f-4689-9d93-6f2be2929d36","","2","1","Sauce salée","a7b35afc-eab2-4fb1-896e-9c8f03b4c922","$0.00","$0.00","REGULAR","2863","","","1","$0.00","",""
"Maki","796a5f05-f1c3-4619-bf32-e1b5d0e0ffc6","","NO_TAX","TRUE","TRUE","","FALSE","FALSE","FALSE","FALSE","FALSE","FALSE","FALSE","FALSE","0:00","0:00","","","","","","","","","","","","","","","","","","Futomaki Veggie","50403588-a635-42be-841c-c2782bcdddc7","Chou rouge, carotte, concombre, menthe, coriandre, takuan, mayonnaise miso yuzu","$8.50","$8.50","REGULAR","","","","","","$0.00","$0.00","","","","","","","","FALSE","FALSE","FALSE","FALSE","FALSE","FALSE","FALSE","FALSE","0:00","0:00","Choix sauce","0f34cdb7-bd3f-4689-9d93-6f2be2929d36","","2","1","Sauce sucrée","2be5f1fc-2d88-47f5-b870-84d5b117c9a2","$0.00","$0.00","REGULAR","2861","","","1","$0.00","",""
"Maki","796a5f05-f1c3-4619-bf32-e1b5d0e0ffc6","","NO_TAX","TRUE","TRUE","","FALSE","FALSE","FALSE","FALSE","FALSE","FALSE","FALSE","FALSE","0:00","0:00","","","","","","","","","","","","","","","","","","Futomaki Veggie","50403588-a635-42be-841c-c2782bcdddc7","Chou rouge, carotte, concombre, menthe, coriandre, takuan, mayonnaise miso yuzu","$8.50","$8.50","REGULAR","","","","","","$0.00","$0.00","","","","","","","","FALSE","FALSE","FALSE","FALSE","FALSE","FALSE","FALSE","FALSE","0:00","0:00","Choix sauce","0f34cdb7-bd3f-4689-9d93-6f2be2929d36","","2","1","Sauce salée","a7b35afc-eab2-4fb1-896e-9c8f03b4c922","$0.00","$0.00","REGULAR","2863","","","1","$0.00","",""
"Maki","796a5f05-f1c3-4619-bf32-e1b5d0e0ffc6","","NO_TAX","TRUE","TRUE","","FALSE","FALSE","FALSE","FALSE","FALSE","FALSE","FALSE","FALSE","0:00","0:00","","","","","","","","","","","","","","","","","","Tuna Futomaki","d09c1958-3ace-42be-9f16-89a53a4648d3","Thon, avocat, concombre, takuan, mayonnaise wasabi","$8.90","$8.90","REGULAR","","","","","","$0.00","$0.00","","","","","","","","FALSE","FALSE","FALSE","FALSE","FALSE","FALSE","FALSE","FALSE","0:00","0:00","Choix sauce","0f34cdb7-bd3f-4689-9d93-6f2be2929d36","","2","1","Sauce sucrée","2be5f1fc-2d88-47f5-b870-84d5b117c9a2","$0.00","$0.00","REGULAR","2861","","","1","$0.00","",""
"Maki","796a5f05-f1c3-4619-bf32-e1b5d0e0ffc6","","NO_TAX","TRUE","TRUE","","FALSE","FALSE","FALSE","FALSE","FALSE","FALSE","FALSE","FALSE","0:00","0:00","","","","","","","","","","","","","","","","","","Tuna Futomaki","d09c1958-3ace-42be-9f16-89a53a4648d3","Thon, avocat, concombre, takuan, mayonnaise wasabi","$8.90","$8.90","REGULAR","","","","","","$0.00","$0.00","","","","","","","","FALSE","FALSE","FALSE","FALSE","FALSE","FALSE","FALSE","FALSE","0:00","0:00","Choix sauce","0f34cdb7-bd3f-4689-9d93-6f2be2929d36","","2","1","Sauce salée","a7b35afc-eab2-4fb1-896e-9c8f03b4c922","$0.00","$0.00","REGULAR","2863","","","1","$0.00","",""
"Maki","796a5f05-f1c3-4619-bf32-e1b5d0e0ffc6","","NO_TAX","TRUE","TRUE","","FALSE","FALSE","FALSE","FALSE","FALSE","FALSE","FALSE","FALSE","0:00","0:00","","","","","","","","","","","","","","","","","","Futomaki Chicken Kimchi","00ab1689-2154-424d-9070-5307691f7f97","Poulet pané, kimchi, mayonnaise kimchi, laitue","$8.90","$8.90","REGULAR","","","","","","$0.00","$0.00","","","","","","","","FALSE","FALSE","FALSE","FALSE","FALSE","FALSE","FALSE","FALSE","0:00","0:00","Choix sauce","0f34cdb7-bd3f-4689-9d93-6f2be2929d36","","2","1","Sauce sucrée","2be5f1fc-2d88-47f5-b870-84d5b117c9a2","$0.00","$0.00","REGULAR","2861","","","1","$0.00","",""
"Maki","796a5f05-f1c3-4619-bf32-e1b5d0e0ffc6","","NO_TAX","TRUE","TRUE","","FALSE","FALSE","FALSE","FALSE","FALSE","FALSE","FALSE","FALSE","0:00","0:00","","","","","","","","","","","","","","","","","","Futomaki Chicken Kimchi","00ab1689-2154-424d-9070-5307691f7f97","Poulet pané, kimchi, mayonnaise kimchi, laitue","$8.90","$8.90","REGULAR","","","","","","$0.00","$0.00","","","","","","","","FALSE","FALSE","FALSE","FALSE","FALSE","FALSE","FALSE","FALSE","0:00","0:00","Choix sauce","0f34cdb7-bd3f-4689-9d93-6f2be2929d36","","2","1","Sauce salée","a7b35afc-eab2-4fb1-896e-9c8f03b4c922","$0.00","$0.00","REGULAR","2863","","","1","$0.00","",""
"Maki","796a5f05-f1c3-4619-bf32-e1b5d0e0ffc6","","NO_TAX","TRUE","TRUE","","FALSE","FALSE","FALSE","FALSE","FALSE","FALSE","FALSE","FALSE","0:00","0:00","","","","","","","","","","","","","","","","","","Maki Maguro Cacahuète Was","35b8f698-2787-40ef-bcdb-d47376b31878","Thon, wasabi, miso blanc, beurre de cacahuète, cacahuète","$8.90","$8.90","REGULAR","","","","","","$0.00","$0.00","","","","","","","","FALSE","FALSE","FALSE","FALSE","FALSE","FALSE","FALSE","FALSE","0:00","0:00","Choix sauce","0f34cdb7-bd3f-4689-9d93-6f2be2929d36","","2","1","Sauce sucrée","2be5f1fc-2d88-47f5-b870-84d5b117c9a2","$0.00","$0.00","REGULAR","2861","","","1","$0.00","",""
"Maki","796a5f05-f1c3-4619-bf32-e1b5d0e0ffc6","","NO_TAX","TRUE","TRUE","","FALSE","FALSE","FALSE","FALSE","FALSE","FALSE","FALSE","FALSE","0:00","0:00","","","","","","","","","","","","","","","","","","Maki Maguro Cacahuète Was","35b8f698-2787-40ef-bcdb-d47376b31878","Thon, wasabi, miso blanc, beurre de cacahuète, cacahuète","$8.90","$8.90","REGULAR","","","","","","$0.00","$0.00","","","","","","","","FALSE","FALSE","FALSE","FALSE","FALSE","FALSE","FALSE","FALSE","0:00","0:00","Choix sauce","0f34cdb7-bd3f-4689-9d93-6f2be2929d36","","2","1","Sauce salée","a7b35afc-eab2-4fb1-896e-9c8f03b4c922","$0.00","$0.00","REGULAR","2863","","","1","$0.00","",""
"Sashimi & Tataki","10e329fc-3cd7-4333-95bc-b4acb6fccffa","","NO_TAX","TRUE","TRUE","","FALSE","FALSE","FALSE","FALSE","FALSE","FALSE","FALSE","FALSE","0:00","0:00","","","","","","","","","","","","","","","","","","Sashimi Saumon 5 pièces","1cfe46f5-045a-43fa-991c-6869a147b91a","","$8.10","$8.10","REGULAR","","","","","","$0.00","$0.00","","","","","","","","FALSE","FALSE","FALSE","FALSE","FALSE","FALSE","FALSE","FALSE","0:00","0:00","Choix accompagnement","ed68f7b6-3ae7-491d-8735-db184456012d","1","1","1","Pas d'accompagnement","0db5cb83-735c-48ae-8f2c-de638fa6677f","$0.00","$0.00","REGULAR","2867","","","1","$0.00","",""
"Sashimi & Tataki","10e329fc-3cd7-4333-95bc-b4acb6fccffa","","NO_TAX","TRUE","TRUE","","FALSE","FALSE","FALSE","FALSE","FALSE","FALSE","FALSE","FALSE","0:00","0:00","","","","","","","","","","","","","","","","","","Sashimi Saumon 5 pièces","1cfe46f5-045a-43fa-991c-6869a147b91a","","$8.10","$8.10","REGULAR","","","","","","$0.00","$0.00","","","","","","","","FALSE","FALSE","FALSE","FALSE","FALSE","FALSE","FALSE","FALSE","0:00","0:00","Choix accompagnement","ed68f7b6-3ae7-491d-8735-db184456012d","1","1","1","Riz nature","b48b35c6-70dd-4c11-8532-4a15abd08cc0","$0.00","$0.00","REGULAR","2869","","","1","$0.00","",""
"Sashimi & Tataki","10e329fc-3cd7-4333-95bc-b4acb6fccffa","","NO_TAX","TRUE","TRUE","","FALSE","FALSE","FALSE","FALSE","FALSE","FALSE","FALSE","FALSE","0:00","0:00","","","","","","","","","","","","","","","","","","Sashimi Saumon 5 pièces","1cfe46f5-045a-43fa-991c-6869a147b91a","","$8.10","$8.10","REGULAR","","","","","","$0.00","$0.00","","","","","","","","FALSE","FALSE","FALSE","FALSE","FALSE","FALSE","FALSE","FALSE","0:00","0:00","Choix accompagnement","ed68f7b6-3ae7-491d-8735-db184456012d","1","1","1","Soupe","5dac4fc2-01df-4c4e-b9ef-3c9f96d400b2","$0.00","$0.00","REGULAR","2871","","","1","$0.00","",""
"Sashimi & Tataki","10e329fc-3cd7-4333-95bc-b4acb6fccffa","","NO_TAX","TRUE","TRUE","","FALSE","FALSE","FALSE","FALSE","FALSE","FALSE","FALSE","FALSE","0:00","0:00","","","","","","","","","","","","","","","","","","Sashimi Saumon 5 pièces","1cfe46f5-045a-43fa-991c-6869a147b91a","","$8.10","$8.10","REGULAR","","","","","","$0.00","$0.00","","","","","","","","FALSE","FALSE","FALSE","FALSE","FALSE","FALSE","FALSE","FALSE","0:00","0:00","Choix accompagnement","ed68f7b6-3ae7-491d-8735-db184456012d","1","1","1","Salade de carottes aux agrumes","2a856c05-6277-4fa3-8bbd-a55b2e9d0f1a","$0.00","$0.00","REGULAR","2873","","","1","$0.00","",""
"Sashimi & Tataki","10e329fc-3cd7-4333-95bc-b4acb6fccffa","","NO_TAX","TRUE","TRUE","","FALSE","FALSE","FALSE","FALSE","FALSE","FALSE","FALSE","FALSE","0:00","0:00","","","","","","","","","","","","","","","","","","Sashimi Saumon 5 pièces","1cfe46f5-045a-43fa-991c-6869a147b91a","","$8.10","$8.10","REGULAR","","","","","","$0.00","$0.00","","","","","","","","FALSE","FALSE","FALSE","FALSE","FALSE","FALSE","FALSE","FALSE","0:00","0:00","Choix gratuit","da796a33-3525-40d9-909b-0e7910e20118","","4","1","Gingembre offert","52f60b58-5c80-49ae-bd3b-7962650c635a","$0.00","$0.00","REGULAR","2859","","","1","$0.00","",""
"Sashimi & Tataki","10e329fc-3cd7-4333-95bc-b4acb6fccffa","","NO_TAX","TRUE","TRUE","","FALSE","FALSE","FALSE","FALSE","FALSE","FALSE","FALSE","FALSE","0:00","0:00","","","","","","","","","","","","","","","","","","Sashimi Saumon 5 pièces","1cfe46f5-045a-43fa-991c-6869a147b91a","","$8.10","$8.10","REGULAR","","","","","","$0.00","$0.00","","","","","","","","FALSE","FALSE","FALSE","FALSE","FALSE","FALSE","FALSE","FALSE","0:00","0:00","Choix gratuit","da796a33-3525-40d9-909b-0e7910e20118","","4","1","Sauce soja sucrée offerte","d950fbea-26c8-4526-89a8-33d49502e5a2","$0.00","$0.00","REGULAR","2861","","","1","$0.00","",""
"Sashimi & Tataki","10e329fc-3cd7-4333-95bc-b4acb6fccffa","","NO_TAX","TRUE","TRUE","","FALSE","FALSE","FALSE","FALSE","FALSE","FALSE","FALSE","FALSE","0:00","0:00","","","","","","","","","","","","","","","","","","Sashimi Saumon 5 pièces","1cfe46f5-045a-43fa-991c-6869a147b91a","","$8.10","$8.10","REGULAR","","","","","","$0.00","$0.00","","","","","","","","FALSE","FALSE","FALSE","FALSE","FALSE","FALSE","FALSE","FALSE","0:00","0:00","Choix gratuit","da796a33-3525-40d9-909b-0e7910e20118","","4","1","Sauce soja salée offerte","e01b4dce-acd1-4d62-93f9-b3add731c499","$0.00","$0.00","REGULAR","2863","","","1","$0.00","",""
"Sashimi & Tataki","10e329fc-3cd7-4333-95bc-b4acb6fccffa","","NO_TAX","TRUE","TRUE","","FALSE","FALSE","FALSE","FALSE","FALSE","FALSE","FALSE","FALSE","0:00","0:00","","","","","","","","","","","","","","","","","","Sashimi Saumon 5 pièces","1cfe46f5-045a-43fa-991c-6869a147b91a","","$8.10","$8.10","REGULAR","","","","","","$0.00","$0.00","","","","","","","","FALSE","FALSE","FALSE","FALSE","FALSE","FALSE","FALSE","FALSE","0:00","0:00","Choix gratuit","da796a33-3525-40d9-909b-0e7910e20118","","4","1","Wasabi offert","38714afe-10b1-4f50-b0f8-c99526e1c4bd","$0.00","$0.00","REGULAR","2865","","","1","$0.00","",""
"Sashimi & Tataki","10e329fc-3cd7-4333-95bc-b4acb6fccffa","","NO_TAX","TRUE","TRUE","","FALSE","FALSE","FALSE","FALSE","FALSE","FALSE","FALSE","FALSE","0:00","0:00","","","","","","","","","","","","","","","","","","Sashimi Saumon 5 pièces","1cfe46f5-045a-43fa-991c-6869a147b91a","","$8.10","$8.10","REGULAR","","","","","","$0.00","$0.00","","","","","","","","FALSE","FALSE","FALSE","FALSE","FALSE","FALSE","FALSE","FALSE","0:00","0:00","Voulez-vous des baguettes ?","342ac944-bc80-49ae-91c8-6661809a1a1f","1","1","1","Baguettes en bois réutilisables","06c66594-0ce9-401e-beed-f84cdd5a6dcc","$0.90","$0.90","REGULAR","4125","","","1","$0.00","",""
"Sashimi & Tataki","10e329fc-3cd7-4333-95bc-b4acb6fccffa","","NO_TAX","TRUE","TRUE","","FALSE","FALSE","FALSE","FALSE","FALSE","FALSE","FALSE","FALSE","0:00","0:00","","","","","","","","","","","","","","","","","","Sashimi Saumon 5 pièces","1cfe46f5-045a-43fa-991c-6869a147b91a","","$8.10","$8.10","REGULAR","","","","","","$0.00","$0.00","","","","","","","","FALSE","FALSE","FALSE","FALSE","FALSE","FALSE","FALSE","FALSE","0:00","0:00","Voulez-vous des baguettes ?","342ac944-bc80-49ae-91c8-6661809a1a1f","1","1","1","Baguettes à usage unique","52fc96f5-fa66-49f1-81ea-a4d85a83632e","$0.00","$0.00","REGULAR","1420","","","1","$0.00","",""
"Sashimi & Tataki","10e329fc-3cd7-4333-95bc-b4acb6fccffa","","NO_TAX","TRUE","TRUE","","FALSE","FALSE","FALSE","FALSE","FALSE","FALSE","FALSE","FALSE","0:00","0:00","","","","","","","","","","","","","","","","","","Sashimi Saumon 5 pièces","1cfe46f5-045a-43fa-991c-6869a147b91a","","$8.10","$8.10","REGULAR","","","","","","$0.00","$0.00","","","","","","","","FALSE","FALSE","FALSE","FALSE","FALSE","FALSE","FALSE","FALSE","0:00","0:00","Voulez-vous des baguettes ?","342ac944-bc80-49ae-91c8-6661809a1a1f","1","1","1","Pas de baguettes","31ffe0a9-a87e-4e94-a193-332e78ddce53","$0.00","$0.00","REGULAR","3817","","","1","$0.00","",""
"Sashimi & Tataki","10e329fc-3cd7-4333-95bc-b4acb6fccffa","","NO_TAX","TRUE","TRUE","","FALSE","FALSE","FALSE","FALSE","FALSE","FALSE","FALSE","FALSE","0:00","0:00","","","","","","","","","","","","","","","","","","Sashimi Thon 5 pièces","203fd420-3a8b-49f3-9c5e-2e545e0dda52","","$8.10","$8.10","REGULAR","","","","","","$0.00","$0.00","","","","","","","","FALSE","FALSE","FALSE","FALSE","FALSE","FALSE","FALSE","FALSE","0:00","0:00","Choix accompagnement","ed68f7b6-3ae7-491d-8735-db184456012d","1","1","1","Pas d'accompagnement","0db5cb83-735c-48ae-8f2c-de638fa6677f","$0.00","$0.00","REGULAR","2867","","","1","$0.00","",""
"Sashimi & Tataki","10e329fc-3cd7-4333-95bc-b4acb6fccffa","","NO_TAX","TRUE","TRUE","","FALSE","FALSE","FALSE","FALSE","FALSE","FALSE","FALSE","FALSE","0:00","0:00","","","","","","","","","","","","","","","","","","Sashimi Thon 5 pièces","203fd420-3a8b-49f3-9c5e-2e545e0dda52","","$8.10","$8.10","REGULAR","","","","","","$0.00","$0.00","","","","","","","","FALSE","FALSE","FALSE","FALSE","FALSE","FALSE","FALSE","FALSE","0:00","0:00","Choix accompagnement","ed68f7b6-3ae7-491d-8735-db184456012d","1","1","1","Riz nature","b48b35c6-70dd-4c11-8532-4a15abd08cc0","$0.00","$0.00","REGULAR","2869","","","1","$0.00","",""
"Sashimi & Tataki","10e329fc-3cd7-4333-95bc-b4acb6fccffa","","NO_TAX","TRUE","TRUE","","FALSE","FALSE","FALSE","FALSE","FALSE","FALSE","FALSE","FALSE","0:00","0:00","","","","","","","","","","","","","","","","","","Sashimi Thon 5 pièces","203fd420-3a8b-49f3-9c5e-2e545e0dda52","","$8.10","$8.10","REGULAR","","","","","","$0.00","$0.00","","","","","","","","FALSE","FALSE","FALSE","FALSE","FALSE","FALSE","FALSE","FALSE","0:00","0:00","Choix accompagnement","ed68f7b6-3ae7-491d-8735-db184456012d","1","1","1","Soupe","5dac4fc2-01df-4c4e-b9ef-3c9f96d400b2","$0.00","$0.00","REGULAR","2871","","","1","$0.00","",""
"Sashimi & Tataki","10e329fc-3cd7-4333-95bc-b4acb6fccffa","","NO_TAX","TRUE","TRUE","","FALSE","FALSE","FALSE","FALSE","FALSE","FALSE","FALSE","FALSE","0:00","0:00","","","","","","","","","","","","","","","","","","Sashimi Thon 5 pièces","203fd420-3a8b-49f3-9c5e-2e545e0dda52","","$8.10","$8.10","REGULAR","","","","","","$0.00","$0.00","","","","","","","","FALSE","FALSE","FALSE","FALSE","FALSE","FALSE","FALSE","FALSE","0:00","0:00","Choix accompagnement","ed68f7b6-3ae7-491d-8735-db184456012d","1","1","1","Salade de carottes aux agrumes","2a856c05-6277-4fa3-8bbd-a55b2e9d0f1a","$0.00","$0.00","REGULAR","2873","","","1","$0.00","",""
"Sashimi & Tataki","10e329fc-3cd7-4333-95bc-b4acb6fccffa","","NO_TAX","TRUE","TRUE","","FALSE","FALSE","FALSE","FALSE","FALSE","FALSE","FALSE","FALSE","0:00","0:00","","","","","","","","","","","","","","","","","","Sashimi Thon 5 pièces","203fd420-3a8b-49f3-9c5e-2e545e0dda52","","$8.10","$8.10","REGULAR","","","","","","$0.00","$0.00","","","","","","","","FALSE","FALSE","FALSE","FALSE","FALSE","FALSE","FALSE","FALSE","0:00","0:00","Choix gratuit","da796a33-3525-40d9-909b-0e7910e20118","","4","1","Gingembre offert","52f60b58-5c80-49ae-bd3b-7962650c635a","$0.00","$0.00","REGULAR","2859","","","1","$0.00","",""
"Sashimi & Tataki","10e329fc-3cd7-4333-95bc-b4acb6fccffa","","NO_TAX","TRUE","TRUE","","FALSE","FALSE","FALSE","FALSE","FALSE","FALSE","FALSE","FALSE","0:00","0:00","","","","","","","","","","","","","","","","","","Sashimi Thon 5 pièces","203fd420-3a8b-49f3-9c5e-2e545e0dda52","","$8.10","$8.10","REGULAR","","","","","","$0.00","$0.00","","","","","","","","FALSE","FALSE","FALSE","FALSE","FALSE","FALSE","FALSE","FALSE","0:00","0:00","Choix gratuit","da796a33-3525-40d9-909b-0e7910e20118","","4","1","Sauce soja sucrée offerte","d950fbea-26c8-4526-89a8-33d49502e5a2","$0.00","$0.00","REGULAR","2861","","","1","$0.00","",""
"Sashimi & Tataki","10e329fc-3cd7-4333-95bc-b4acb6fccffa","","NO_TAX","TRUE","TRUE","","FALSE","FALSE","FALSE","FALSE","FALSE","FALSE","FALSE","FALSE","0:00","0:00","","","","","","","","","","","","","","","","","","Sashimi Thon 5 pièces","203fd420-3a8b-49f3-9c5e-2e545e0dda52","","$8.10","$8.10","REGULAR","","","","","","$0.00","$0.00","","","","","","","","FALSE","FALSE","FALSE","FALSE","FALSE","FALSE","FALSE","FALSE","0:00","0:00","Choix gratuit","da796a33-3525-40d9-909b-0e7910e20118","","4","1","Sauce soja salée offerte","e01b4dce-acd1-4d62-93f9-b3add731c499","$0.00","$0.00","REGULAR","2863","","","1","$0.00","",""
"Sashimi & Tataki","10e329fc-3cd7-4333-95bc-b4acb6fccffa","","NO_TAX","TRUE","TRUE","","FALSE","FALSE","FALSE","FALSE","FALSE","FALSE","FALSE","FALSE","0:00","0:00","","","","","","","","","","","","","","","","","","Sashimi Thon 5 pièces","203fd420-3a8b-49f3-9c5e-2e545e0dda52","","$8.10","$8.10","REGULAR","","","","","","$0.00","$0.00","","","","","","","","FALSE","FALSE","FALSE","FALSE","FALSE","FALSE","FALSE","FALSE","0:00","0:00","Choix gratuit","da796a33-3525-40d9-909b-0e7910e20118","","4","1","Wasabi offert","38714afe-10b1-4f50-b0f8-c99526e1c4bd","$0.00","$0.00","REGULAR","2865","","","1","$0.00","",""
"Sashimi & Tataki","10e329fc-3cd7-4333-95bc-b4acb6fccffa","","NO_TAX","TRUE","TRUE","","FALSE","FALSE","FALSE","FALSE","FALSE","FALSE","FALSE","FALSE","0:00","0:00","","","","","","","","","","","","","","","","","","Sashimi Thon 5 pièces","203fd420-3a8b-49f3-9c5e-2e545e0dda52","","$8.10","$8.10","REGULAR","","","","","","$0.00","$0.00","","","","","","","","FALSE","FALSE","FALSE","FALSE","FALSE","FALSE","FALSE","FALSE","0:00","0:00","Voulez-vous des baguettes ?","342ac944-bc80-49ae-91c8-6661809a1a1f","1","1","1","Baguettes en bois réutilisables","06c66594-0ce9-401e-beed-f84cdd5a6dcc","$0.90","$0.90","REGULAR","4125","","","1","$0.00","",""
"Sashimi & Tataki","10e329fc-3cd7-4333-95bc-b4acb6fccffa","","NO_TAX","TRUE","TRUE","","FALSE","FALSE","FALSE","FALSE","FALSE","FALSE","FALSE","FALSE","0:00","0:00","","","","","","","","","","","","","","","","","","Sashimi Thon 5 pièces","203fd420-3a8b-49f3-9c5e-2e545e0dda52","","$8.10","$8.10","REGULAR","","","","","","$0.00","$0.00","","","","","","","","FALSE","FALSE","FALSE","FALSE","FALSE","FALSE","FALSE","FALSE","0:00","0:00","Voulez-vous des baguettes ?","342ac944-bc80-49ae-91c8-6661809a1a1f","1","1","1","Baguettes à usage unique","52fc96f5-fa66-49f1-81ea-a4d85a83632e","$0.00","$0.00","REGULAR","1420","","","1","$0.00","",""
"Sashimi & Tataki","10e329fc-3cd7-4333-95bc-b4acb6fccffa","","NO_TAX","TRUE","TRUE","","FALSE","FALSE","FALSE","FALSE","FALSE","FALSE","FALSE","FALSE","0:00","0:00","","","","","","","","","","","","","","","","","","Sashimi Thon 5 pièces","203fd420-3a8b-49f3-9c5e-2e545e0dda52","","$8.10","$8.10","REGULAR","","","","","","$0.00","$0.00","","","","","","","","FALSE","FALSE","FALSE","FALSE","FALSE","FALSE","FALSE","FALSE","0:00","0:00","Voulez-vous des baguettes ?","342ac944-bc80-49ae-91c8-6661809a1a1f","1","1","1","Pas de baguettes","31ffe0a9-a87e-4e94-a193-332e78ddce53","$0.00","$0.00","REGULAR","3817","","","1","$0.00","",""
"Sashimi & Tataki","10e329fc-3cd7-4333-95bc-b4acb6fccffa","","NO_TAX","TRUE","TRUE","","FALSE","FALSE","FALSE","FALSE","FALSE","FALSE","FALSE","FALSE","0:00","0:00","","","","","","","","","","","","","","","","","","Sashimi Saumon 12 pièces","bc781934-bffa-4a88-bfd5-04162044609b","","$18.10","$18.10","REGULAR","","","","","","$0.00","$0.00","","","","","","","","FALSE","FALSE","FALSE","FALSE","FALSE","FALSE","FALSE","FALSE","0:00","0:00","Choix accompagnement","ed68f7b6-3ae7-491d-8735-db184456012d","1","1","1","Pas d'accompagnement","0db5cb83-735c-48ae-8f2c-de638fa6677f","$0.00","$0.00","REGULAR","2867","","","1","$0.00","",""
"Sashimi & Tataki","10e329fc-3cd7-4333-95bc-b4acb6fccffa","","NO_TAX","TRUE","TRUE","","FALSE","FALSE","FALSE","FALSE","FALSE","FALSE","FALSE","FALSE","0:00","0:00","","","","","","","","","","","","","","","","","","Sashimi Saumon 12 pièces","bc781934-bffa-4a88-bfd5-04162044609b","","$18.10","$18.10","REGULAR","","","","","","$0.00","$0.00","","","","","","","","FALSE","FALSE","FALSE","FALSE","FALSE","FALSE","FALSE","FALSE","0:00","0:00","Choix accompagnement","ed68f7b6-3ae7-491d-8735-db184456012d","1","1","1","Riz nature","b48b35c6-70dd-4c11-8532-4a15abd08cc0","$0.00","$0.00","REGULAR","2869","","","1","$0.00","",""
"Sashimi & Tataki","10e329fc-3cd7-4333-95bc-b4acb6fccffa","","NO_TAX","TRUE","TRUE","","FALSE","FALSE","FALSE","FALSE","FALSE","FALSE","FALSE","FALSE","0:00","0:00","","","","","","","","","","","","","","","","","","Sashimi Saumon 12 pièces","bc781934-bffa-4a88-bfd5-04162044609b","","$18.10","$18.10","REGULAR","","","","","","$0.00","$0.00","","","","","","","","FALSE","FALSE","FALSE","FALSE","FALSE","FALSE","FALSE","FALSE","0:00","0:00","Choix accompagnement","ed68f7b6-3ae7-491d-8735-db184456012d","1","1","1","Soupe","5dac4fc2-01df-4c4e-b9ef-3c9f96d400b2","$0.00","$0.00","REGULAR","2871","","","1","$0.00","",""
"Sashimi & Tataki","10e329fc-3cd7-4333-95bc-b4acb6fccffa","","NO_TAX","TRUE","TRUE","","FALSE","FALSE","FALSE","FALSE","FALSE","FALSE","FALSE","FALSE","0:00","0:00","","","","","","","","","","","","","","","","","","Sashimi Saumon 12 pièces","bc781934-bffa-4a88-bfd5-04162044609b","","$18.10","$18.10","REGULAR","","","","","","$0.00","$0.00","","","","","","","","FALSE","FALSE","FALSE","FALSE","FALSE","FALSE","FALSE","FALSE","0:00","0:00","Choix accompagnement","ed68f7b6-3ae7-491d-8735-db184456012d","1","1","1","Salade de carottes aux agrumes","2a856c05-6277-4fa3-8bbd-a55b2e9d0f1a","$0.00","$0.00","REGULAR","2873","","","1","$0.00","",""
"Sashimi & Tataki","10e329fc-3cd7-4333-95bc-b4acb6fccffa","","NO_TAX","TRUE","TRUE","","FALSE","FALSE","FALSE","FALSE","FALSE","FALSE","FALSE","FALSE","0:00","0:00","","","","","","","","","","","","","","","","","","Sashimi Saumon 12 pièces","bc781934-bffa-4a88-bfd5-04162044609b","","$18.10","$18.10","REGULAR","","","","","","$0.00","$0.00","","","","","","","","FALSE","FALSE","FALSE","FALSE","FALSE","FALSE","FALSE","FALSE","0:00","0:00","Choix gratuit","da796a33-3525-40d9-909b-0e7910e20118","","4","1","Gingembre offert","52f60b58-5c80-49ae-bd3b-7962650c635a","$0.00","$0.00","REGULAR","2859","","","1","$0.00","",""
"Sashimi & Tataki","10e329fc-3cd7-4333-95bc-b4acb6fccffa","","NO_TAX","TRUE","TRUE","","FALSE","FALSE","FALSE","FALSE","FALSE","FALSE","FALSE","FALSE","0:00","0:00","","","","","","","","","","","","","","","","","","Sashimi Saumon 12 pièces","bc781934-bffa-4a88-bfd5-04162044609b","","$18.10","$18.10","REGULAR","","","","","","$0.00","$0.00","","","","","","","","FALSE","FALSE","FALSE","FALSE","FALSE","FALSE","FALSE","FALSE","0:00","0:00","Choix gratuit","da796a33-3525-40d9-909b-0e7910e20118","","4","1","Sauce soja sucrée offerte","d950fbea-26c8-4526-89a8-33d49502e5a2","$0.00","$0.00","REGULAR","2861","","","1","$0.00","",""
"Sashimi & Tataki","10e329fc-3cd7-4333-95bc-b4acb6fccffa","","NO_TAX","TRUE","TRUE","","FALSE","FALSE","FALSE","FALSE","FALSE","FALSE","FALSE","FALSE","0:00","0:00","","","","","","","","","","","","","","","","","","Sashimi Saumon 12 pièces","bc781934-bffa-4a88-bfd5-04162044609b","","$18.10","$18.10","REGULAR","","","","","","$0.00","$0.00","","","","","","","","FALSE","FALSE","FALSE","FALSE","FALSE","FALSE","FALSE","FALSE","0:00","0:00","Choix gratuit","da796a33-3525-40d9-909b-0e7910e20118","","4","1","Sauce soja salée offerte","e01b4dce-acd1-4d62-93f9-b3add731c499","$0.00","$0.00","REGULAR","2863","","","1","$0.00","",""
"Sashimi & Tataki","10e329fc-3cd7-4333-95bc-b4acb6fccffa","","NO_TAX","TRUE","TRUE","","FALSE","FALSE","FALSE","FALSE","FALSE","FALSE","FALSE","FALSE","0:00","0:00","","","","","","","","","","","","","","","","","","Sashimi Saumon 12 pièces","bc781934-bffa-4a88-bfd5-04162044609b","","$18.10","$18.10","REGULAR","","","","","","$0.00","$0.00","","","","","","","","FALSE","FALSE","FALSE","FALSE","FALSE","FALSE","FALSE","FALSE","0:00","0:00","Choix gratuit","da796a33-3525-40d9-909b-0e7910e20118","","4","1","Wasabi offert","38714afe-10b1-4f50-b0f8-c99526e1c4bd","$0.00","$0.00","REGULAR","2865","","","1","$0.00","",""
"Sashimi & Tataki","10e329fc-3cd7-4333-95bc-b4acb6fccffa","","NO_TAX","TRUE","TRUE","","FALSE","FALSE","FALSE","FALSE","FALSE","FALSE","FALSE","FALSE","0:00","0:00","","","","","","","","","","","","","","","","","","Sashimi Saumon 12 pièces","bc781934-bffa-4a88-bfd5-04162044609b","","$18.10","$18.10","REGULAR","","","","","","$0.00","$0.00","","","","","","","","FALSE","FALSE","FALSE","FALSE","FALSE","FALSE","FALSE","FALSE","0:00","0:00","Voulez-vous des baguettes ?","342ac944-bc80-49ae-91c8-6661809a1a1f","1","1","1","Baguettes en bois réutilisables","06c66594-0ce9-401e-beed-f84cdd5a6dcc","$0.90","$0.90","REGULAR","4125","","","1","$0.00","",""
"Sashimi & Tataki","10e329fc-3cd7-4333-95bc-b4acb6fccffa","","NO_TAX","TRUE","TRUE","","FALSE","FALSE","FALSE","FALSE","FALSE","FALSE","FALSE","FALSE","0:00","0:00","","","","","","","","","","","","","","","","","","Sashimi Saumon 12 pièces","bc781934-bffa-4a88-bfd5-04162044609b","","$18.10","$18.10","REGULAR","","","","","","$0.00","$0.00","","","","","","","","FALSE","FALSE","FALSE","FALSE","FALSE","FALSE","FALSE","FALSE","0:00","0:00","Voulez-vous des baguettes ?","342ac944-bc80-49ae-91c8-6661809a1a1f","1","1","1","Baguettes à usage unique","52fc96f5-fa66-49f1-81ea-a4d85a83632e","$0.00","$0.00","REGULAR","1420","","","1","$0.00","",""
"Sashimi & Tataki","10e329fc-3cd7-4333-95bc-b4acb6fccffa","","NO_TAX","TRUE","TRUE","","FALSE","FALSE","FALSE","FALSE","FALSE","FALSE","FALSE","FALSE","0:00","0:00","","","","","","","","","","","","","","","","","","Sashimi Saumon 12 pièces","bc781934-bffa-4a88-bfd5-04162044609b","","$18.10","$18.10","REGULAR","","","","","","$0.00","$0.00","","","","","","","","FALSE","FALSE","FALSE","FALSE","FALSE","FALSE","FALSE","FALSE","0:00","0:00","Voulez-vous des baguettes ?","342ac944-bc80-49ae-91c8-6661809a1a1f","1","1","1","Pas de baguettes","31ffe0a9-a87e-4e94-a193-332e78ddce53","$0.00","$0.00","REGULAR","3817","","","1","$0.00","",""
"Sashimi & Tataki","10e329fc-3cd7-4333-95bc-b4acb6fccffa","","NO_TAX","TRUE","TRUE","","FALSE","FALSE","FALSE","FALSE","FALSE","FALSE","FALSE","FALSE","0:00","0:00","","","","","","","","","","","","","","","","","","Sash Mxt thon saum 12 pcs","dd962bd4-2a4f-4a9c-adff-fb683bd8f3e2","","$18.10","$18.10","REGULAR","","","","","","$0.00","$0.00","","","","","","","","FALSE","FALSE","FALSE","FALSE","FALSE","FALSE","FALSE","FALSE","0:00","0:00","Choix accompagnement","ed68f7b6-3ae7-491d-8735-db184456012d","1","1","1","Pas d'accompagnement","0db5cb83-735c-48ae-8f2c-de638fa6677f","$0.00","$0.00","REGULAR","2867","","","1","$0.00","",""
"Sashimi & Tataki","10e329fc-3cd7-4333-95bc-b4acb6fccffa","","NO_TAX","TRUE","TRUE","","FALSE","FALSE","FALSE","FALSE","FALSE","FALSE","FALSE","FALSE","0:00","0:00","","","","","","","","","","","","","","","","","","Sash Mxt thon saum 12 pcs","dd962bd4-2a4f-4a9c-adff-fb683bd8f3e2","","$18.10","$18.10","REGULAR","","","","","","$0.00","$0.00","","","","","","","","FALSE","FALSE","FALSE","FALSE","FALSE","FALSE","FALSE","FALSE","0:00","0:00","Choix accompagnement","ed68f7b6-3ae7-491d-8735-db184456012d","1","1","1","Riz nature","b48b35c6-70dd-4c11-8532-4a15abd08cc0","$0.00","$0.00","REGULAR","2869","","","1","$0.00","",""
"Sashimi & Tataki","10e329fc-3cd7-4333-95bc-b4acb6fccffa","","NO_TAX","TRUE","TRUE","","FALSE","FALSE","FALSE","FALSE","FALSE","FALSE","FALSE","FALSE","0:00","0:00","","","","","","","","","","","","","","","","","","Sash Mxt thon saum 12 pcs","dd962bd4-2a4f-4a9c-adff-fb683bd8f3e2","","$18.10","$18.10","REGULAR","","","","","","$0.00","$0.00","","","","","","","","FALSE","FALSE","FALSE","FALSE","FALSE","FALSE","FALSE","FALSE","0:00","0:00","Choix accompagnement","ed68f7b6-3ae7-491d-8735-db184456012d","1","1","1","Soupe","5dac4fc2-01df-4c4e-b9ef-3c9f96d400b2","$0.00","$0.00","REGULAR","2871","","","1","$0.00","",""
"Sashimi & Tataki","10e329fc-3cd7-4333-95bc-b4acb6fccffa","","NO_TAX","TRUE","TRUE","","FALSE","FALSE","FALSE","FALSE","FALSE","FALSE","FALSE","FALSE","0:00","0:00","","","","","","","","","","","","","","","","","","Sash Mxt thon saum 12 pcs","dd962bd4-2a4f-4a9c-adff-fb683bd8f3e2","","$18.10","$18.10","REGULAR","","","","","","$0.00","$0.00","","","","","","","","FALSE","FALSE","FALSE","FALSE","FALSE","FALSE","FALSE","FALSE","0:00","0:00","Choix accompagnement","ed68f7b6-3ae7-491d-8735-db184456012d","1","1","1","Salade de carottes aux agrumes","2a856c05-6277-4fa3-8bbd-a55b2e9d0f1a","$0.00","$0.00","REGULAR","2873","","","1","$0.00","",""
"Sashimi & Tataki","10e329fc-3cd7-4333-95bc-b4acb6fccffa","","NO_TAX","TRUE","TRUE","","FALSE","FALSE","FALSE","FALSE","FALSE","FALSE","FALSE","FALSE","0:00","0:00","","","","","","","","","","","","","","","","","","Sash Mxt thon saum 12 pcs","dd962bd4-2a4f-4a9c-adff-fb683bd8f3e2","","$18.10","$18.10","REGULAR","","","","","","$0.00","$0.00","","","","","","","","FALSE","FALSE","FALSE","FALSE","FALSE","FALSE","FALSE","FALSE","0:00","0:00","Choix gratuit","da796a33-3525-40d9-909b-0e7910e20118","","4","1","Gingembre offert","52f60b58-5c80-49ae-bd3b-7962650c635a","$0.00","$0.00","REGULAR","2859","","","1","$0.00","",""
"Sashimi & Tataki","10e329fc-3cd7-4333-95bc-b4acb6fccffa","","NO_TAX","TRUE","TRUE","","FALSE","FALSE","FALSE","FALSE","FALSE","FALSE","FALSE","FALSE","0:00","0:00","","","","","","","","","","","","","","","","","","Sash Mxt thon saum 12 pcs","dd962bd4-2a4f-4a9c-adff-fb683bd8f3e2","","$18.10","$18.10","REGULAR","","","","","","$0.00","$0.00","","","","","","","","FALSE","FALSE","FALSE","FALSE","FALSE","FALSE","FALSE","FALSE","0:00","0:00","Choix gratuit","da796a33-3525-40d9-909b-0e7910e20118","","4","1","Sauce soja sucrée offerte","d950fbea-26c8-4526-89a8-33d49502e5a2","$0.00","$0.00","REGULAR","2861","","","1","$0.00","",""
"Sashimi & Tataki","10e329fc-3cd7-4333-95bc-b4acb6fccffa","","NO_TAX","TRUE","TRUE","","FALSE","FALSE","FALSE","FALSE","FALSE","FALSE","FALSE","FALSE","0:00","0:00","","","","","","","","","","","","","","","","","","Sash Mxt thon saum 12 pcs","dd962bd4-2a4f-4a9c-adff-fb683bd8f3e2","","$18.10","$18.10","REGULAR","","","","","","$0.00","$0.00","","","","","","","","FALSE","FALSE","FALSE","FALSE","FALSE","FALSE","FALSE","FALSE","0:00","0:00","Choix gratuit","da796a33-3525-40d9-909b-0e7910e20118","","4","1","Sauce soja salée offerte","e01b4dce-acd1-4d62-93f9-b3add731c499","$0.00","$0.00","REGULAR","2863","","","1","$0.00","",""
"Sashimi & Tataki","10e329fc-3cd7-4333-95bc-b4acb6fccffa","","NO_TAX","TRUE","TRUE","","FALSE","FALSE","FALSE","FALSE","FALSE","FALSE","FALSE","FALSE","0:00","0:00","","","","","","","","","","","","","","","","","","Sash Mxt thon saum 12 pcs","dd962bd4-2a4f-4a9c-adff-fb683bd8f3e2","","$18.10","$18.10","REGULAR","","","","","","$0.00","$0.00","","","","","","","","FALSE","FALSE","FALSE","FALSE","FALSE","FALSE","FALSE","FALSE","0:00","0:00","Choix gratuit","da796a33-3525-40d9-909b-0e7910e20118","","4","1","Wasabi offert","38714afe-10b1-4f50-b0f8-c99526e1c4bd","$0.00","$0.00","REGULAR","2865","","","1","$0.00","",""
"Sashimi & Tataki","10e329fc-3cd7-4333-95bc-b4acb6fccffa","","NO_TAX","TRUE","TRUE","","FALSE","FALSE","FALSE","FALSE","FALSE","FALSE","FALSE","FALSE","0:00","0:00","","","","","","","","","","","","","","","","","","Sash Mxt thon saum 12 pcs","dd962bd4-2a4f-4a9c-adff-fb683bd8f3e2","","$18.10","$18.10","REGULAR","","","","","","$0.00","$0.00","","","","","","","","FALSE","FALSE","FALSE","FALSE","FALSE","FALSE","FALSE","FALSE","0:00","0:00","Voulez-vous des baguettes ?","342ac944-bc80-49ae-91c8-6661809a1a1f","1","1","1","Baguettes en bois réutilisables","06c66594-0ce9-401e-beed-f84cdd5a6dcc","$0.90","$0.90","REGULAR","4125","","","1","$0.00","",""
"Sashimi & Tataki","10e329fc-3cd7-4333-95bc-b4acb6fccffa","","NO_TAX","TRUE","TRUE","","FALSE","FALSE","FALSE","FALSE","FALSE","FALSE","FALSE","FALSE","0:00","0:00","","","","","","","","","","","","","","","","","","Sash Mxt thon saum 12 pcs","dd962bd4-2a4f-4a9c-adff-fb683bd8f3e2","","$18.10","$18.10","REGULAR","","","","","","$0.00","$0.00","","","","","","","","FALSE","FALSE","FALSE","FALSE","FALSE","FALSE","FALSE","FALSE","0:00","0:00","Voulez-vous des baguettes ?","342ac944-bc80-49ae-91c8-6661809a1a1f","1","1","1","Baguettes à usage unique","52fc96f5-fa66-49f1-81ea-a4d85a83632e","$0.00","$0.00","REGULAR","1420","","","1","$0.00","",""
"Sashimi & Tataki","10e329fc-3cd7-4333-95bc-b4acb6fccffa","","NO_TAX","TRUE","TRUE","","FALSE","FALSE","FALSE","FALSE","FALSE","FALSE","FALSE","FALSE","0:00","0:00","","","","","","","","","","","","","","","","","","Sash Mxt thon saum 12 pcs","dd962bd4-2a4f-4a9c-adff-fb683bd8f3e2","","$18.10","$18.10","REGULAR","","","","","","$0.00","$0.00","","","","","","","","FALSE","FALSE","FALSE","FALSE","FALSE","FALSE","FALSE","FALSE","0:00","0:00","Voulez-vous des baguettes ?","342ac944-bc80-49ae-91c8-6661809a1a1f","1","1","1","Pas de baguettes","31ffe0a9-a87e-4e94-a193-332e78ddce53","$0.00","$0.00","REGULAR","3817","","","1","$0.00","",""
"Sashimi & Tataki","10e329fc-3cd7-4333-95bc-b4acb6fccffa","","NO_TAX","TRUE","TRUE","","FALSE","FALSE","FALSE","FALSE","FALSE","FALSE","FALSE","FALSE","0:00","0:00","","","","","","","","","","","","","","","","","","Tataki de saumon 12 pcs","28228e35-8b72-4948-a227-5cee828c1947","Servi avec un riz nature. Saumon snacké, piment, sauce ponzu, ciboulette, coriandre","$18.90","$18.90","REGULAR","","","","","","$0.00","$0.00","","","","","","","","FALSE","FALSE","FALSE","FALSE","FALSE","FALSE","FALSE","FALSE","0:00","0:00","Choix accompagnement","ed68f7b6-3ae7-491d-8735-db184456012d","1","1","1","Pas d'accompagnement","0db5cb83-735c-48ae-8f2c-de638fa6677f","$0.00","$0.00","REGULAR","2867","","","1","$0.00","",""
"Sashimi & Tataki","10e329fc-3cd7-4333-95bc-b4acb6fccffa","","NO_TAX","TRUE","TRUE","","FALSE","FALSE","FALSE","FALSE","FALSE","FALSE","FALSE","FALSE","0:00","0:00","","","","","","","","","","","","","","","","","","Tataki de saumon 12 pcs","28228e35-8b72-4948-a227-5cee828c1947","Servi avec un riz nature. Saumon snacké, piment, sauce ponzu, ciboulette, coriandre","$18.90","$18.90","REGULAR","","","","","","$0.00","$0.00","","","","","","","","FALSE","FALSE","FALSE","FALSE","FALSE","FALSE","FALSE","FALSE","0:00","0:00","Choix accompagnement","ed68f7b6-3ae7-491d-8735-db184456012d","1","1","1","Riz nature","b48b35c6-70dd-4c11-8532-4a15abd08cc0","$0.00","$0.00","REGULAR","2869","","","1","$0.00","",""
"Sashimi & Tataki","10e329fc-3cd7-4333-95bc-b4acb6fccffa","","NO_TAX","TRUE","TRUE","","FALSE","FALSE","FALSE","FALSE","FALSE","FALSE","FALSE","FALSE","0:00","0:00","","","","","","","","","","","","","","","","","","Tataki de saumon 12 pcs","28228e35-8b72-4948-a227-5cee828c1947","Servi avec un riz nature. Saumon snacké, piment, sauce ponzu, ciboulette, coriandre","$18.90","$18.90","REGULAR","","","","","","$0.00","$0.00","","","","","","","","FALSE","FALSE","FALSE","FALSE","FALSE","FALSE","FALSE","FALSE","0:00","0:00","Choix accompagnement","ed68f7b6-3ae7-491d-8735-db184456012d","1","1","1","Soupe","5dac4fc2-01df-4c4e-b9ef-3c9f96d400b2","$0.00","$0.00","REGULAR","2871","","","1","$0.00","",""
"Sashimi & Tataki","10e329fc-3cd7-4333-95bc-b4acb6fccffa","","NO_TAX","TRUE","TRUE","","FALSE","FALSE","FALSE","FALSE","FALSE","FALSE","FALSE","FALSE","0:00","0:00","","","","","","","","","","","","","","","","","","Tataki de saumon 12 pcs","28228e35-8b72-4948-a227-5cee828c1947","Servi avec un riz nature. Saumon snacké, piment, sauce ponzu, ciboulette, coriandre","$18.90","$18.90","REGULAR","","","","","","$0.00","$0.00","","","","","","","","FALSE","FALSE","FALSE","FALSE","FALSE","FALSE","FALSE","FALSE","0:00","0:00","Choix accompagnement","ed68f7b6-3ae7-491d-8735-db184456012d","1","1","1","Salade de carottes aux agrumes","2a856c05-6277-4fa3-8bbd-a55b2e9d0f1a","$0.00","$0.00","REGULAR","2873","","","1","$0.00","",""
"Sashimi & Tataki","10e329fc-3cd7-4333-95bc-b4acb6fccffa","","NO_TAX","TRUE","TRUE","","FALSE","FALSE","FALSE","FALSE","FALSE","FALSE","FALSE","FALSE","0:00","0:00","","","","","","","","","","","","","","","","","","Tataki de saumon 12 pcs","28228e35-8b72-4948-a227-5cee828c1947","Servi avec un riz nature. Saumon snacké, piment, sauce ponzu, ciboulette, coriandre","$18.90","$18.90","REGULAR","","","","","","$0.00","$0.00","","","","","","","","FALSE","FALSE","FALSE","FALSE","FALSE","FALSE","FALSE","FALSE","0:00","0:00","Choix gratuit","da796a33-3525-40d9-909b-0e7910e20118","","4","1","Gingembre offert","52f60b58-5c80-49ae-bd3b-7962650c635a","$0.00","$0.00","REGULAR","2859","","","1","$0.00","",""
"Sashimi & Tataki","10e329fc-3cd7-4333-95bc-b4acb6fccffa","","NO_TAX","TRUE","TRUE","","FALSE","FALSE","FALSE","FALSE","FALSE","FALSE","FALSE","FALSE","0:00","0:00","","","","","","","","","","","","","","","","","","Tataki de saumon 12 pcs","28228e35-8b72-4948-a227-5cee828c1947","Servi avec un riz nature. Saumon snacké, piment, sauce ponzu, ciboulette, coriandre","$18.90","$18.90","REGULAR","","","","","","$0.00","$0.00","","","","","","","","FALSE","FALSE","FALSE","FALSE","FALSE","FALSE","FALSE","FALSE","0:00","0:00","Choix gratuit","da796a33-3525-40d9-909b-0e7910e20118","","4","1","Sauce soja sucrée offerte","d950fbea-26c8-4526-89a8-33d49502e5a2","$0.00","$0.00","REGULAR","2861","","","1","$0.00","",""
"Sashimi & Tataki","10e329fc-3cd7-4333-95bc-b4acb6fccffa","","NO_TAX","TRUE","TRUE","","FALSE","FALSE","FALSE","FALSE","FALSE","FALSE","FALSE","FALSE","0:00","0:00","","","","","","","","","","","","","","","","","","Tataki de saumon 12 pcs","28228e35-8b72-4948-a227-5cee828c1947","Servi avec un riz nature. Saumon snacké, piment, sauce ponzu, ciboulette, coriandre","$18.90","$18.90","REGULAR","","","","","","$0.00","$0.00","","","","","","","","FALSE","FALSE","FALSE","FALSE","FALSE","FALSE","FALSE","FALSE","0:00","0:00","Choix gratuit","da796a33-3525-40d9-909b-0e7910e20118","","4","1","Sauce soja salée offerte","e01b4dce-acd1-4d62-93f9-b3add731c499","$0.00","$0.00","REGULAR","2863","","","1","$0.00","",""
"Sashimi & Tataki","10e329fc-3cd7-4333-95bc-b4acb6fccffa","","NO_TAX","TRUE","TRUE","","FALSE","FALSE","FALSE","FALSE","FALSE","FALSE","FALSE","FALSE","0:00","0:00","","","","","","","","","","","","","","","","","","Tataki de saumon 12 pcs","28228e35-8b72-4948-a227-5cee828c1947","Servi avec un riz nature. Saumon snacké, piment, sauce ponzu, ciboulette, coriandre","$18.90","$18.90","REGULAR","","","","","","$0.00","$0.00","","","","","","","","FALSE","FALSE","FALSE","FALSE","FALSE","FALSE","FALSE","FALSE","0:00","0:00","Choix gratuit","da796a33-3525-40d9-909b-0e7910e20118","","4","1","Wasabi offert","38714afe-10b1-4f50-b0f8-c99526e1c4bd","$0.00","$0.00","REGULAR","2865","","","1","$0.00","",""
"Sashimi & Tataki","10e329fc-3cd7-4333-95bc-b4acb6fccffa","","NO_TAX","TRUE","TRUE","","FALSE","FALSE","FALSE","FALSE","FALSE","FALSE","FALSE","FALSE","0:00","0:00","","","","","","","","","","","","","","","","","","Tataki de saumon 12 pcs","28228e35-8b72-4948-a227-5cee828c1947","Servi avec un riz nature. Saumon snacké, piment, sauce ponzu, ciboulette, coriandre","$18.90","$18.90","REGULAR","","","","","","$0.00","$0.00","","","","","","","","FALSE","FALSE","FALSE","FALSE","FALSE","FALSE","FALSE","FALSE","0:00","0:00","Voulez-vous des baguettes ?","342ac944-bc80-49ae-91c8-6661809a1a1f","1","1","1","Baguettes en bois réutilisables","06c66594-0ce9-401e-beed-f84cdd5a6dcc","$0.90","$0.90","REGULAR","4125","","","1","$0.00","",""
"Sashimi & Tataki","10e329fc-3cd7-4333-95bc-b4acb6fccffa","","NO_TAX","TRUE","TRUE","","FALSE","FALSE","FALSE","FALSE","FALSE","FALSE","FALSE","FALSE","0:00","0:00","","","","","","","","","","","","","","","","","","Tataki de saumon 12 pcs","28228e35-8b72-4948-a227-5cee828c1947","Servi avec un riz nature. Saumon snacké, piment, sauce ponzu, ciboulette, coriandre","$18.90","$18.90","REGULAR","","","","","","$0.00","$0.00","","","","","","","","FALSE","FALSE","FALSE","FALSE","FALSE","FALSE","FALSE","FALSE","0:00","0:00","Voulez-vous des baguettes ?","342ac944-bc80-49ae-91c8-6661809a1a1f","1","1","1","Baguettes à usage unique","52fc96f5-fa66-49f1-81ea-a4d85a83632e","$0.00","$0.00","REGULAR","1420","","","1","$0.00","",""
"Sashimi & Tataki","10e329fc-3cd7-4333-95bc-b4acb6fccffa","","NO_TAX","TRUE","TRUE","","FALSE","FALSE","FALSE","FALSE","FALSE","FALSE","FALSE","FALSE","0:00","0:00","","","","","","","","","","","","","","","","","","Tataki de saumon 12 pcs","28228e35-8b72-4948-a227-5cee828c1947","Servi avec un riz nature. Saumon snacké, piment, sauce ponzu, ciboulette, coriandre","$18.90","$18.90","REGULAR","","","","","","$0.00","$0.00","","","","","","","","FALSE","FALSE","FALSE","FALSE","FALSE","FALSE","FALSE","FALSE","0:00","0:00","Voulez-vous des baguettes ?","342ac944-bc80-49ae-91c8-6661809a1a1f","1","1","1","Pas de baguettes","31ffe0a9-a87e-4e94-a193-332e78ddce53","$0.00","$0.00","REGULAR","3817","","","1","$0.00","",""
"Sashimi & Tataki","10e329fc-3cd7-4333-95bc-b4acb6fccffa","","NO_TAX","TRUE","TRUE","","FALSE","FALSE","FALSE","FALSE","FALSE","FALSE","FALSE","FALSE","0:00","0:00","","","","","","","","","","","","","","","","","","Tataki de thon 12 pièces","cb1381e9-c406-4fdc-b87b-943fe95434db","Servi avec un riz nature. Thon snacké, piment, chips, sauce ponzu, ciboulette","$19.50","$19.50","REGULAR","","","","","","$0.00","$0.00","","","","","","","","FALSE","FALSE","FALSE","FALSE","FALSE","FALSE","FALSE","FALSE","0:00","0:00","Choix accompagnement","ed68f7b6-3ae7-491d-8735-db184456012d","1","1","1","Pas d'accompagnement","0db5cb83-735c-48ae-8f2c-de638fa6677f","$0.00","$0.00","REGULAR","2867","","","1","$0.00","",""
"Sashimi & Tataki","10e329fc-3cd7-4333-95bc-b4acb6fccffa","","NO_TAX","TRUE","TRUE","","FALSE","FALSE","FALSE","FALSE","FALSE","FALSE","FALSE","FALSE","0:00","0:00","","","","","","","","","","","","","","","","","","Tataki de thon 12 pièces","cb1381e9-c406-4fdc-b87b-943fe95434db","Servi avec un riz nature. Thon snacké, piment, chips, sauce ponzu, ciboulette","$19.50","$19.50","REGULAR","","","","","","$0.00","$0.00","","","","","","","","FALSE","FALSE","FALSE","FALSE","FALSE","FALSE","FALSE","FALSE","0:00","0:00","Choix accompagnement","ed68f7b6-3ae7-491d-8735-db184456012d","1","1","1","Riz nature","b48b35c6-70dd-4c11-8532-4a15abd08cc0","$0.00","$0.00","REGULAR","2869","","","1","$0.00","",""
"Sashimi & Tataki","10e329fc-3cd7-4333-95bc-b4acb6fccffa","","NO_TAX","TRUE","TRUE","","FALSE","FALSE","FALSE","FALSE","FALSE","FALSE","FALSE","FALSE","0:00","0:00","","","","","","","","","","","","","","","","","","Tataki de thon 12 pièces","cb1381e9-c406-4fdc-b87b-943fe95434db","Servi avec un riz nature. Thon snacké, piment, chips, sauce ponzu, ciboulette","$19.50","$19.50","REGULAR","","","","","","$0.00","$0.00","","","","","","","","FALSE","FALSE","FALSE","FALSE","FALSE","FALSE","FALSE","FALSE","0:00","0:00","Choix accompagnement","ed68f7b6-3ae7-491d-8735-db184456012d","1","1","1","Soupe","5dac4fc2-01df-4c4e-b9ef-3c9f96d400b2","$0.00","$0.00","REGULAR","2871","","","1","$0.00","",""
"Sashimi & Tataki","10e329fc-3cd7-4333-95bc-b4acb6fccffa","","NO_TAX","TRUE","TRUE","","FALSE","FALSE","FALSE","FALSE","FALSE","FALSE","FALSE","FALSE","0:00","0:00","","","","","","","","","","","","","","","","","","Tataki de thon 12 pièces","cb1381e9-c406-4fdc-b87b-943fe95434db","Servi avec un riz nature. Thon snacké, piment, chips, sauce ponzu, ciboulette","$19.50","$19.50","REGULAR","","","","","","$0.00","$0.00","","","","","","","","FALSE","FALSE","FALSE","FALSE","FALSE","FALSE","FALSE","FALSE","0:00","0:00","Choix accompagnement","ed68f7b6-3ae7-491d-8735-db184456012d","1","1","1","Salade de carottes aux agrumes","2a856c05-6277-4fa3-8bbd-a55b2e9d0f1a","$0.00","$0.00","REGULAR","2873","","","1","$0.00","",""
"Sashimi & Tataki","10e329fc-3cd7-4333-95bc-b4acb6fccffa","","NO_TAX","TRUE","TRUE","","FALSE","FALSE","FALSE","FALSE","FALSE","FALSE","FALSE","FALSE","0:00","0:00","","","","","","","","","","","","","","","","","","Tataki de thon 12 pièces","cb1381e9-c406-4fdc-b87b-943fe95434db","Servi avec un riz nature. Thon snacké, piment, chips, sauce ponzu, ciboulette","$19.50","$19.50","REGULAR","","","","","","$0.00","$0.00","","","","","","","","FALSE","FALSE","FALSE","FALSE","FALSE","FALSE","FALSE","FALSE","0:00","0:00","Choix gratuit","da796a33-3525-40d9-909b-0e7910e20118","","4","1","Gingembre offert","52f60b58-5c80-49ae-bd3b-7962650c635a","$0.00","$0.00","REGULAR","2859","","","1","$0.00","",""
"Sashimi & Tataki","10e329fc-3cd7-4333-95bc-b4acb6fccffa","","NO_TAX","TRUE","TRUE","","FALSE","FALSE","FALSE","FALSE","FALSE","FALSE","FALSE","FALSE","0:00","0:00","","","","","","","","","","","","","","","","","","Tataki de thon 12 pièces","cb1381e9-c406-4fdc-b87b-943fe95434db","Servi avec un riz nature. Thon snacké, piment, chips, sauce ponzu, ciboulette","$19.50","$19.50","REGULAR","","","","","","$0.00","$0.00","","","","","","","","FALSE","FALSE","FALSE","FALSE","FALSE","FALSE","FALSE","FALSE","0:00","0:00","Choix gratuit","da796a33-3525-40d9-909b-0e7910e20118","","4","1","Sauce soja sucrée offerte","d950fbea-26c8-4526-89a8-33d49502e5a2","$0.00","$0.00","REGULAR","2861","","","1","$0.00","",""
"Sashimi & Tataki","10e329fc-3cd7-4333-95bc-b4acb6fccffa","","NO_TAX","TRUE","TRUE","","FALSE","FALSE","FALSE","FALSE","FALSE","FALSE","FALSE","FALSE","0:00","0:00","","","","","","","","","","","","","","","","","","Tataki de thon 12 pièces","cb1381e9-c406-4fdc-b87b-943fe95434db","Servi avec un riz nature. Thon snacké, piment, chips, sauce ponzu, ciboulette","$19.50","$19.50","REGULAR","","","","","","$0.00","$0.00","","","","","","","","FALSE","FALSE","FALSE","FALSE","FALSE","FALSE","FALSE","FALSE","0:00","0:00","Choix gratuit","da796a33-3525-40d9-909b-0e7910e20118","","4","1","Sauce soja salée offerte","e01b4dce-acd1-4d62-93f9-b3add731c499","$0.00","$0.00","REGULAR","2863","","","1","$0.00","",""
"Sashimi & Tataki","10e329fc-3cd7-4333-95bc-b4acb6fccffa","","NO_TAX","TRUE","TRUE","","FALSE","FALSE","FALSE","FALSE","FALSE","FALSE","FALSE","FALSE","0:00","0:00","","","","","","","","","","","","","","","","","","Tataki de thon 12 pièces","cb1381e9-c406-4fdc-b87b-943fe95434db","Servi avec un riz nature. Thon snacké, piment, chips, sauce ponzu, ciboulette","$19.50","$19.50","REGULAR","","","","","","$0.00","$0.00","","","","","","","","FALSE","FALSE","FALSE","FALSE","FALSE","FALSE","FALSE","FALSE","0:00","0:00","Choix gratuit","da796a33-3525-40d9-909b-0e7910e20118","","4","1","Wasabi offert","38714afe-10b1-4f50-b0f8-c99526e1c4bd","$0.00","$0.00","REGULAR","2865","","","1","$0.00","",""
"Sashimi & Tataki","10e329fc-3cd7-4333-95bc-b4acb6fccffa","","NO_TAX","TRUE","TRUE","","FALSE","FALSE","FALSE","FALSE","FALSE","FALSE","FALSE","FALSE","0:00","0:00","","","","","","","","","","","","","","","","","","Tataki de thon 12 pièces","cb1381e9-c406-4fdc-b87b-943fe95434db","Servi avec un riz nature. Thon snacké, piment, chips, sauce ponzu, ciboulette","$19.50","$19.50","REGULAR","","","","","","$0.00","$0.00","","","","","","","","FALSE","FALSE","FALSE","FALSE","FALSE","FALSE","FALSE","FALSE","0:00","0:00","Voulez-vous des baguettes ?","342ac944-bc80-49ae-91c8-6661809a1a1f","1","1","1","Baguettes en bois réutilisables","06c66594-0ce9-401e-beed-f84cdd5a6dcc","$0.90","$0.90","REGULAR","4125","","","1","$0.00","",""
"Sashimi & Tataki","10e329fc-3cd7-4333-95bc-b4acb6fccffa","","NO_TAX","TRUE","TRUE","","FALSE","FALSE","FALSE","FALSE","FALSE","FALSE","FALSE","FALSE","0:00","0:00","","","","","","","","","","","","","","","","","","Tataki de thon 12 pièces","cb1381e9-c406-4fdc-b87b-943fe95434db","Servi avec un riz nature. Thon snacké, piment, chips, sauce ponzu, ciboulette","$19.50","$19.50","REGULAR","","","","","","$0.00","$0.00","","","","","","","","FALSE","FALSE","FALSE","FALSE","FALSE","FALSE","FALSE","FALSE","0:00","0:00","Voulez-vous des baguettes ?","342ac944-bc80-49ae-91c8-6661809a1a1f","1","1","1","Baguettes à usage unique","52fc96f5-fa66-49f1-81ea-a4d85a83632e","$0.00","$0.00","REGULAR","1420","","","1","$0.00","",""
"Sashimi & Tataki","10e329fc-3cd7-4333-95bc-b4acb6fccffa","","NO_TAX","TRUE","TRUE","","FALSE","FALSE","FALSE","FALSE","FALSE","FALSE","FALSE","FALSE","0:00","0:00","","","","","","","","","","","","","","","","","","Tataki de thon 12 pièces","cb1381e9-c406-4fdc-b87b-943fe95434db","Servi avec un riz nature. Thon snacké, piment, chips, sauce ponzu, ciboulette","$19.50","$19.50","REGULAR","","","","","","$0.00","$0.00","","","","","","","","FALSE","FALSE","FALSE","FALSE","FALSE","FALSE","FALSE","FALSE","0:00","0:00","Voulez-vous des baguettes ?","342ac944-bc80-49ae-91c8-6661809a1a1f","1","1","1","Pas de baguettes","31ffe0a9-a87e-4e94-a193-332e78ddce53","$0.00","$0.00","REGULAR","3817","","","1","$0.00","",""
"Chirashi","bc41b622-88d1-4e03-a7e5-cd71bfcb7a8c","","NO_TAX","TRUE","TRUE","","FALSE","FALSE","FALSE","FALSE","FALSE","FALSE","FALSE","FALSE","0:00","0:00","","","","","","","","","","","","","","","","","","Chirashi saumon cheese","449ea121-d89b-419c-b742-5aaafd3bad9e","Saumon, cream cheese, riz vinaigré, sésame","$19.80","$19.80","REGULAR","","","","","","$0.00","$0.00","","","","","","","","FALSE","FALSE","FALSE","FALSE","FALSE","FALSE","FALSE","FALSE","0:00","0:00","Choix gratuit","1fd072b3-24dc-46d2-b948-322c6f785f3a","","4","1","Gingembre offert","52f60b58-5c80-49ae-bd3b-7962650c635a","$0.00","$0.00","REGULAR","2859","","","1","$0.00","",""
"Chirashi","bc41b622-88d1-4e03-a7e5-cd71bfcb7a8c","","NO_TAX","TRUE","TRUE","","FALSE","FALSE","FALSE","FALSE","FALSE","FALSE","FALSE","FALSE","0:00","0:00","","","","","","","","","","","","","","","","","","Chirashi saumon cheese","449ea121-d89b-419c-b742-5aaafd3bad9e","Saumon, cream cheese, riz vinaigré, sésame","$19.80","$19.80","REGULAR","","","","","","$0.00","$0.00","","","","","","","","FALSE","FALSE","FALSE","FALSE","FALSE","FALSE","FALSE","FALSE","0:00","0:00","Choix gratuit","1fd072b3-24dc-46d2-b948-322c6f785f3a","","4","1","Sauce soja sucrée offerte","eece6c02-d2bc-4253-ac6c-a11e532685fe","$0.00","$0.00","REGULAR","2861","","","1","$0.00","",""
"Chirashi","bc41b622-88d1-4e03-a7e5-cd71bfcb7a8c","","NO_TAX","TRUE","TRUE","","FALSE","FALSE","FALSE","FALSE","FALSE","FALSE","FALSE","FALSE","0:00","0:00","","","","","","","","","","","","","","","","","","Chirashi saumon cheese","449ea121-d89b-419c-b742-5aaafd3bad9e","Saumon, cream cheese, riz vinaigré, sésame","$19.80","$19.80","REGULAR","","","","","","$0.00","$0.00","","","","","","","","FALSE","FALSE","FALSE","FALSE","FALSE","FALSE","FALSE","FALSE","0:00","0:00","Choix gratuit","1fd072b3-24dc-46d2-b948-322c6f785f3a","","4","1","Sauce soja salée offerte","6215a65f-f5e5-4645-bc60-2718a13ac174","$0.00","$0.00","REGULAR","2863","","","1","$0.00","",""
"Chirashi","bc41b622-88d1-4e03-a7e5-cd71bfcb7a8c","","NO_TAX","TRUE","TRUE","","FALSE","FALSE","FALSE","FALSE","FALSE","FALSE","FALSE","FALSE","0:00","0:00","","","","","","","","","","","","","","","","","","Chirashi saumon cheese","449ea121-d89b-419c-b742-5aaafd3bad9e","Saumon, cream cheese, riz vinaigré, sésame","$19.80","$19.80","REGULAR","","","","","","$0.00","$0.00","","","","","","","","FALSE","FALSE","FALSE","FALSE","FALSE","FALSE","FALSE","FALSE","0:00","0:00","Choix gratuit","1fd072b3-24dc-46d2-b948-322c6f785f3a","","4","1","Wasabi offert","be632115-db93-412a-935b-520e275fabbb","$0.00","$0.00","REGULAR","2865","","","1","$0.00","",""
"Chirashi","bc41b622-88d1-4e03-a7e5-cd71bfcb7a8c","","NO_TAX","TRUE","TRUE","","FALSE","FALSE","FALSE","FALSE","FALSE","FALSE","FALSE","FALSE","0:00","0:00","","","","","","","","","","","","","","","","","","Chirashi saumon cheese","449ea121-d89b-419c-b742-5aaafd3bad9e","Saumon, cream cheese, riz vinaigré, sésame","$19.80","$19.80","REGULAR","","","","","","$0.00","$0.00","","","","","","","","FALSE","FALSE","FALSE","FALSE","FALSE","FALSE","FALSE","FALSE","0:00","0:00","Choix extra","fd43cfdc-959b-4782-83d4-9bb1d2c03522","","1","1","Œufs de truite","0bb4a4af-6302-4e62-b5a4-5ed2847379c4","$2.00","$2.00","REGULAR","4927","","","1","$0.00","",""
"Chirashi","bc41b622-88d1-4e03-a7e5-cd71bfcb7a8c","","NO_TAX","TRUE","TRUE","","FALSE","FALSE","FALSE","FALSE","FALSE","FALSE","FALSE","FALSE","0:00","0:00","","","","","","","","","","","","","","","","","","Chirashi saumon cheese","449ea121-d89b-419c-b742-5aaafd3bad9e","Saumon, cream cheese, riz vinaigré, sésame","$19.80","$19.80","REGULAR","","","","","","$0.00","$0.00","","","","","","","","FALSE","FALSE","FALSE","FALSE","FALSE","FALSE","FALSE","FALSE","0:00","0:00","Voulez-vous des baguettes ?","c425f756-6bd4-494a-803d-465af470b827","1","1","1","Baguettes en bois réutilisables","096650fc-2564-474a-ad5a-d3102ab24726","$0.90","$0.90","REGULAR","4125","","","1","$0.00","",""
"Chirashi","bc41b622-88d1-4e03-a7e5-cd71bfcb7a8c","","NO_TAX","TRUE","TRUE","","FALSE","FALSE","FALSE","FALSE","FALSE","FALSE","FALSE","FALSE","0:00","0:00","","","","","","","","","","","","","","","","","","Chirashi saumon cheese","449ea121-d89b-419c-b742-5aaafd3bad9e","Saumon, cream cheese, riz vinaigré, sésame","$19.80","$19.80","REGULAR","","","","","","$0.00","$0.00","","","","","","","","FALSE","FALSE","FALSE","FALSE","FALSE","FALSE","FALSE","FALSE","0:00","0:00","Voulez-vous des baguettes ?","c425f756-6bd4-494a-803d-465af470b827","1","1","1","Baguettes à usage unique","f57f6d9d-e543-411d-87f3-a19267306766","$0.00","$0.00","REGULAR","1420","","","1","$0.00","",""
"Chirashi","bc41b622-88d1-4e03-a7e5-cd71bfcb7a8c","","NO_TAX","TRUE","TRUE","","FALSE","FALSE","FALSE","FALSE","FALSE","FALSE","FALSE","FALSE","0:00","0:00","","","","","","","","","","","","","","","","","","Chirashi saumon cheese","449ea121-d89b-419c-b742-5aaafd3bad9e","Saumon, cream cheese, riz vinaigré, sésame","$19.80","$19.80","REGULAR","","","","","","$0.00","$0.00","","","","","","","","FALSE","FALSE","FALSE","FALSE","FALSE","FALSE","FALSE","FALSE","0:00","0:00","Voulez-vous des baguettes ?","c425f756-6bd4-494a-803d-465af470b827","1","1","1","Pas de baguettes","8bbdb93c-c9e9-4881-9a84-4500a6997cc7","$0.00","$0.00","REGULAR","3817","","","1","$0.00","",""
"Chirashi","bc41b622-88d1-4e03-a7e5-cd71bfcb7a8c","","NO_TAX","TRUE","TRUE","","FALSE","FALSE","FALSE","FALSE","FALSE","FALSE","FALSE","FALSE","0:00","0:00","","","","","","","","","","","","","","","","","","Chirashi mxt thon saumon","42d7d66c-b5a3-4557-8870-6495b8bc9e2a","Saumon, thon, riz vinaigré, sésame","$19.80","$19.80","REGULAR","","","","","","$0.00","$0.00","","","","","","","","FALSE","FALSE","FALSE","FALSE","FALSE","FALSE","FALSE","FALSE","0:00","0:00","Choix gratuit","1fd072b3-24dc-46d2-b948-322c6f785f3a","","4","1","Gingembre offert","52f60b58-5c80-49ae-bd3b-7962650c635a","$0.00","$0.00","REGULAR","2859","","","1","$0.00","",""
"Chirashi","bc41b622-88d1-4e03-a7e5-cd71bfcb7a8c","","NO_TAX","TRUE","TRUE","","FALSE","FALSE","FALSE","FALSE","FALSE","FALSE","FALSE","FALSE","0:00","0:00","","","","","","","","","","","","","","","","","","Chirashi mxt thon saumon","42d7d66c-b5a3-4557-8870-6495b8bc9e2a","Saumon, thon, riz vinaigré, sésame","$19.80","$19.80","REGULAR","","","","","","$0.00","$0.00","","","","","","","","FALSE","FALSE","FALSE","FALSE","FALSE","FALSE","FALSE","FALSE","0:00","0:00","Choix gratuit","1fd072b3-24dc-46d2-b948-322c6f785f3a","","4","1","Sauce soja sucrée offerte","eece6c02-d2bc-4253-ac6c-a11e532685fe","$0.00","$0.00","REGULAR","2861","","","1","$0.00","",""
"Chirashi","bc41b622-88d1-4e03-a7e5-cd71bfcb7a8c","","NO_TAX","TRUE","TRUE","","FALSE","FALSE","FALSE","FALSE","FALSE","FALSE","FALSE","FALSE","0:00","0:00","","","","","","","","","","","","","","","","","","Chirashi mxt thon saumon","42d7d66c-b5a3-4557-8870-6495b8bc9e2a","Saumon, thon, riz vinaigré, sésame","$19.80","$19.80","REGULAR","","","","","","$0.00","$0.00","","","","","","","","FALSE","FALSE","FALSE","FALSE","FALSE","FALSE","FALSE","FALSE","0:00","0:00","Choix gratuit","1fd072b3-24dc-46d2-b948-322c6f785f3a","","4","1","Sauce soja salée offerte","6215a65f-f5e5-4645-bc60-2718a13ac174","$0.00","$0.00","REGULAR","2863","","","1","$0.00","",""
"Chirashi","bc41b622-88d1-4e03-a7e5-cd71bfcb7a8c","","NO_TAX","TRUE","TRUE","","FALSE","FALSE","FALSE","FALSE","FALSE","FALSE","FALSE","FALSE","0:00","0:00","","","","","","","","","","","","","","","","","","Chirashi mxt thon saumon","42d7d66c-b5a3-4557-8870-6495b8bc9e2a","Saumon, thon, riz vinaigré, sésame","$19.80","$19.80","REGULAR","","","","","","$0.00","$0.00","","","","","","","","FALSE","FALSE","FALSE","FALSE","FALSE","FALSE","FALSE","FALSE","0:00","0:00","Choix gratuit","1fd072b3-24dc-46d2-b948-322c6f785f3a","","4","1","Wasabi offert","be632115-db93-412a-935b-520e275fabbb","$0.00","$0.00","REGULAR","2865","","","1","$0.00","",""
"Chirashi","bc41b622-88d1-4e03-a7e5-cd71bfcb7a8c","","NO_TAX","TRUE","TRUE","","FALSE","FALSE","FALSE","FALSE","FALSE","FALSE","FALSE","FALSE","0:00","0:00","","","","","","","","","","","","","","","","","","Chirashi mxt thon saumon","42d7d66c-b5a3-4557-8870-6495b8bc9e2a","Saumon, thon, riz vinaigré, sésame","$19.80","$19.80","REGULAR","","","","","","$0.00","$0.00","","","","","","","","FALSE","FALSE","FALSE","FALSE","FALSE","FALSE","FALSE","FALSE","0:00","0:00","Choix extra","fd43cfdc-959b-4782-83d4-9bb1d2c03522","","1","1","Œufs de truite","0bb4a4af-6302-4e62-b5a4-5ed2847379c4","$2.00","$2.00","REGULAR","4927","","","1","$0.00","",""
"Chirashi","bc41b622-88d1-4e03-a7e5-cd71bfcb7a8c","","NO_TAX","TRUE","TRUE","","FALSE","FALSE","FALSE","FALSE","FALSE","FALSE","FALSE","FALSE","0:00","0:00","","","","","","","","","","","","","","","","","","Chirashi mxt thon saumon","42d7d66c-b5a3-4557-8870-6495b8bc9e2a","Saumon, thon, riz vinaigré, sésame","$19.80","$19.80","REGULAR","","","","","","$0.00","$0.00","","","","","","","","FALSE","FALSE","FALSE","FALSE","FALSE","FALSE","FALSE","FALSE","0:00","0:00","Voulez-vous des baguettes ?","c425f756-6bd4-494a-803d-465af470b827","1","1","1","Baguettes en bois réutilisables","096650fc-2564-474a-ad5a-d3102ab24726","$0.90","$0.90","REGULAR","4125","","","1","$0.00","",""
"Chirashi","bc41b622-88d1-4e03-a7e5-cd71bfcb7a8c","","NO_TAX","TRUE","TRUE","","FALSE","FALSE","FALSE","FALSE","FALSE","FALSE","FALSE","FALSE","0:00","0:00","","","","","","","","","","","","","","","","","","Chirashi mxt thon saumon","42d7d66c-b5a3-4557-8870-6495b8bc9e2a","Saumon, thon, riz vinaigré, sésame","$19.80","$19.80","REGULAR","","","","","","$0.00","$0.00","","","","","","","","FALSE","FALSE","FALSE","FALSE","FALSE","FALSE","FALSE","FALSE","0:00","0:00","Voulez-vous des baguettes ?","c425f756-6bd4-494a-803d-465af470b827","1","1","1","Baguettes à usage unique","f57f6d9d-e543-411d-87f3-a19267306766","$0.00","$0.00","REGULAR","1420","","","1","$0.00","",""
"Chirashi","bc41b622-88d1-4e03-a7e5-cd71bfcb7a8c","","NO_TAX","TRUE","TRUE","","FALSE","FALSE","FALSE","FALSE","FALSE","FALSE","FALSE","FALSE","0:00","0:00","","","","","","","","","","","","","","","","","","Chirashi mxt thon saumon","42d7d66c-b5a3-4557-8870-6495b8bc9e2a","Saumon, thon, riz vinaigré, sésame","$19.80","$19.80","REGULAR","","","","","","$0.00","$0.00","","","","","","","","FALSE","FALSE","FALSE","FALSE","FALSE","FALSE","FALSE","FALSE","0:00","0:00","Voulez-vous des baguettes ?","c425f756-6bd4-494a-803d-465af470b827","1","1","1","Pas de baguettes","8bbdb93c-c9e9-4881-9a84-4500a6997cc7","$0.00","$0.00","REGULAR","3817","","","1","$0.00","",""
"Chirashi","bc41b622-88d1-4e03-a7e5-cd71bfcb7a8c","","NO_TAX","TRUE","TRUE","","FALSE","FALSE","FALSE","FALSE","FALSE","FALSE","FALSE","FALSE","0:00","0:00","","","","","","","","","","","","","","","","","","Chirashi saumon avocat","f29ec62c-41d0-4407-85e2-90e295b827d1","Saumon, avocat, riz vinaigré, sésame","$19.80","$19.80","REGULAR","","","","","","$0.00","$0.00","","","","","","","","FALSE","FALSE","FALSE","FALSE","FALSE","FALSE","FALSE","FALSE","0:00","0:00","Choix gratuit","1fd072b3-24dc-46d2-b948-322c6f785f3a","","4","1","Gingembre offert","52f60b58-5c80-49ae-bd3b-7962650c635a","$0.00","$0.00","REGULAR","2859","","","1","$0.00","",""
"Chirashi","bc41b622-88d1-4e03-a7e5-cd71bfcb7a8c","","NO_TAX","TRUE","TRUE","","FALSE","FALSE","FALSE","FALSE","FALSE","FALSE","FALSE","FALSE","0:00","0:00","","","","","","","","","","","","","","","","","","Chirashi saumon avocat","f29ec62c-41d0-4407-85e2-90e295b827d1","Saumon, avocat, riz vinaigré, sésame","$19.80","$19.80","REGULAR","","","","","","$0.00","$0.00","","","","","","","","FALSE","FALSE","FALSE","FALSE","FALSE","FALSE","FALSE","FALSE","0:00","0:00","Choix gratuit","1fd072b3-24dc-46d2-b948-322c6f785f3a","","4","1","Sauce soja sucrée offerte","eece6c02-d2bc-4253-ac6c-a11e532685fe","$0.00","$0.00","REGULAR","2861","","","1","$0.00","",""
"Chirashi","bc41b622-88d1-4e03-a7e5-cd71bfcb7a8c","","NO_TAX","TRUE","TRUE","","FALSE","FALSE","FALSE","FALSE","FALSE","FALSE","FALSE","FALSE","0:00","0:00","","","","","","","","","","","","","","","","","","Chirashi saumon avocat","f29ec62c-41d0-4407-85e2-90e295b827d1","Saumon, avocat, riz vinaigré, sésame","$19.80","$19.80","REGULAR","","","","","","$0.00","$0.00","","","","","","","","FALSE","FALSE","FALSE","FALSE","FALSE","FALSE","FALSE","FALSE","0:00","0:00","Choix gratuit","1fd072b3-24dc-46d2-b948-322c6f785f3a","","4","1","Sauce soja salée offerte","6215a65f-f5e5-4645-bc60-2718a13ac174","$0.00","$0.00","REGULAR","2863","","","1","$0.00","",""
"Chirashi","bc41b622-88d1-4e03-a7e5-cd71bfcb7a8c","","NO_TAX","TRUE","TRUE","","FALSE","FALSE","FALSE","FALSE","FALSE","FALSE","FALSE","FALSE","0:00","0:00","","","","","","","","","","","","","","","","","","Chirashi saumon avocat","f29ec62c-41d0-4407-85e2-90e295b827d1","Saumon, avocat, riz vinaigré, sésame","$19.80","$19.80","REGULAR","","","","","","$0.00","$0.00","","","","","","","","FALSE","FALSE","FALSE","FALSE","FALSE","FALSE","FALSE","FALSE","0:00","0:00","Choix gratuit","1fd072b3-24dc-46d2-b948-322c6f785f3a","","4","1","Wasabi offert","be632115-db93-412a-935b-520e275fabbb","$0.00","$0.00","REGULAR","2865","","","1","$0.00","",""
"Chirashi","bc41b622-88d1-4e03-a7e5-cd71bfcb7a8c","","NO_TAX","TRUE","TRUE","","FALSE","FALSE","FALSE","FALSE","FALSE","FALSE","FALSE","FALSE","0:00","0:00","","","","","","","","","","","","","","","","","","Chirashi saumon avocat","f29ec62c-41d0-4407-85e2-90e295b827d1","Saumon, avocat, riz vinaigré, sésame","$19.80","$19.80","REGULAR","","","","","","$0.00","$0.00","","","","","","","","FALSE","FALSE","FALSE","FALSE","FALSE","FALSE","FALSE","FALSE","0:00","0:00","Choix extra","fd43cfdc-959b-4782-83d4-9bb1d2c03522","","1","1","Œufs de truite","0bb4a4af-6302-4e62-b5a4-5ed2847379c4","$2.00","$2.00","REGULAR","4927","","","1","$0.00","",""
"Chirashi","bc41b622-88d1-4e03-a7e5-cd71bfcb7a8c","","NO_TAX","TRUE","TRUE","","FALSE","FALSE","FALSE","FALSE","FALSE","FALSE","FALSE","FALSE","0:00","0:00","","","","","","","","","","","","","","","","","","Chirashi saumon avocat","f29ec62c-41d0-4407-85e2-90e295b827d1","Saumon, avocat, riz vinaigré, sésame","$19.80","$19.80","REGULAR","","","","","","$0.00","$0.00","","","","","","","","FALSE","FALSE","FALSE","FALSE","FALSE","FALSE","FALSE","FALSE","0:00","0:00","Voulez-vous des baguettes ?","c425f756-6bd4-494a-803d-465af470b827","1","1","1","Baguettes en bois réutilisables","096650fc-2564-474a-ad5a-d3102ab24726","$0.90","$0.90","REGULAR","4125","","","1","$0.00","",""
"Chirashi","bc41b622-88d1-4e03-a7e5-cd71bfcb7a8c","","NO_TAX","TRUE","TRUE","","FALSE","FALSE","FALSE","FALSE","FALSE","FALSE","FALSE","FALSE","0:00","0:00","","","","","","","","","","","","","","","","","","Chirashi saumon avocat","f29ec62c-41d0-4407-85e2-90e295b827d1","Saumon, avocat, riz vinaigré, sésame","$19.80","$19.80","REGULAR","","","","","","$0.00","$0.00","","","","","","","","FALSE","FALSE","FALSE","FALSE","FALSE","FALSE","FALSE","FALSE","0:00","0:00","Voulez-vous des baguettes ?","c425f756-6bd4-494a-803d-465af470b827","1","1","1","Baguettes à usage unique","f57f6d9d-e543-411d-87f3-a19267306766","$0.00","$0.00","REGULAR","1420","","","1","$0.00","",""
"Chirashi","bc41b622-88d1-4e03-a7e5-cd71bfcb7a8c","","NO_TAX","TRUE","TRUE","","FALSE","FALSE","FALSE","FALSE","FALSE","FALSE","FALSE","FALSE","0:00","0:00","","","","","","","","","","","","","","","","","","Chirashi saumon avocat","f29ec62c-41d0-4407-85e2-90e295b827d1","Saumon, avocat, riz vinaigré, sésame","$19.80","$19.80","REGULAR","","","","","","$0.00","$0.00","","","","","","","","FALSE","FALSE","FALSE","FALSE","FALSE","FALSE","FALSE","FALSE","0:00","0:00","Voulez-vous des baguettes ?","c425f756-6bd4-494a-803d-465af470b827","1","1","1","Pas de baguettes","8bbdb93c-c9e9-4881-9a84-4500a6997cc7","$0.00","$0.00","REGULAR","3817","","","1","$0.00","",""
"Chirashi","bc41b622-88d1-4e03-a7e5-cd71bfcb7a8c","","NO_TAX","TRUE","TRUE","","FALSE","FALSE","FALSE","FALSE","FALSE","FALSE","FALSE","FALSE","0:00","0:00","","","","","","","","","","","","","","","","","","Chirashi mariné","f56358f0-3151-46f3-9baf-b10b19c135e8","Thon, saumon, poireau, concombre, menthe, coriandre, marinade à l'huile d'olive, 7 épices et citron vert","$19.80","$19.80","REGULAR","","","","","","$0.00","$0.00","","","","","","","","FALSE","FALSE","FALSE","FALSE","FALSE","FALSE","FALSE","FALSE","0:00","0:00","Choix gratuit","1fd072b3-24dc-46d2-b948-322c6f785f3a","","4","1","Gingembre offert","52f60b58-5c80-49ae-bd3b-7962650c635a","$0.00","$0.00","REGULAR","2859","","","1","$0.00","",""
"Chirashi","bc41b622-88d1-4e03-a7e5-cd71bfcb7a8c","","NO_TAX","TRUE","TRUE","","FALSE","FALSE","FALSE","FALSE","FALSE","FALSE","FALSE","FALSE","0:00","0:00","","","","","","","","","","","","","","","","","","Chirashi mariné","f56358f0-3151-46f3-9baf-b10b19c135e8","Thon, saumon, poireau, concombre, menthe, coriandre, marinade à l'huile d'olive, 7 épices et citron vert","$19.80","$19.80","REGULAR","","","","","","$0.00","$0.00","","","","","","","","FALSE","FALSE","FALSE","FALSE","FALSE","FALSE","FALSE","FALSE","0:00","0:00","Choix gratuit","1fd072b3-24dc-46d2-b948-322c6f785f3a","","4","1","Sauce soja sucrée offerte","eece6c02-d2bc-4253-ac6c-a11e532685fe","$0.00","$0.00","REGULAR","2861","","","1","$0.00","",""
"Chirashi","bc41b622-88d1-4e03-a7e5-cd71bfcb7a8c","","NO_TAX","TRUE","TRUE","","FALSE","FALSE","FALSE","FALSE","FALSE","FALSE","FALSE","FALSE","0:00","0:00","","","","","","","","","","","","","","","","","","Chirashi mariné","f56358f0-3151-46f3-9baf-b10b19c135e8","Thon, saumon, poireau, concombre, menthe, coriandre, marinade à l'huile d'olive, 7 épices et citron vert","$19.80","$19.80","REGULAR","","","","","","$0.00","$0.00","","","","","","","","FALSE","FALSE","FALSE","FALSE","FALSE","FALSE","FALSE","FALSE","0:00","0:00","Choix gratuit","1fd072b3-24dc-46d2-b948-322c6f785f3a","","4","1","Sauce soja salée offerte","6215a65f-f5e5-4645-bc60-2718a13ac174","$0.00","$0.00","REGULAR","2863","","","1","$0.00","",""
"Chirashi","bc41b622-88d1-4e03-a7e5-cd71bfcb7a8c","","NO_TAX","TRUE","TRUE","","FALSE","FALSE","FALSE","FALSE","FALSE","FALSE","FALSE","FALSE","0:00","0:00","","","","","","","","","","","","","","","","","","Chirashi mariné","f56358f0-3151-46f3-9baf-b10b19c135e8","Thon, saumon, poireau, concombre, menthe, coriandre, marinade à l'huile d'olive, 7 épices et citron vert","$19.80","$19.80","REGULAR","","","","","","$0.00","$0.00","","","","","","","","FALSE","FALSE","FALSE","FALSE","FALSE","FALSE","FALSE","FALSE","0:00","0:00","Choix gratuit","1fd072b3-24dc-46d2-b948-322c6f785f3a","","4","1","Wasabi offert","be632115-db93-412a-935b-520e275fabbb","$0.00","$0.00","REGULAR","2865","","","1","$0.00","",""
"Chirashi","bc41b622-88d1-4e03-a7e5-cd71bfcb7a8c","","NO_TAX","TRUE","TRUE","","FALSE","FALSE","FALSE","FALSE","FALSE","FALSE","FALSE","FALSE","0:00","0:00","","","","","","","","","","","","","","","","","","Chirashi mariné","f56358f0-3151-46f3-9baf-b10b19c135e8","Thon, saumon, poireau, concombre, menthe, coriandre, marinade à l'huile d'olive, 7 épices et citron vert","$19.80","$19.80","REGULAR","","","","","","$0.00","$0.00","","","","","","","","FALSE","FALSE","FALSE","FALSE","FALSE","FALSE","FALSE","FALSE","0:00","0:00","Choix extra","fd43cfdc-959b-4782-83d4-9bb1d2c03522","","1","1","Œufs de truite","0bb4a4af-6302-4e62-b5a4-5ed2847379c4","$2.00","$2.00","REGULAR","4927","","","1","$0.00","",""
"Chirashi","bc41b622-88d1-4e03-a7e5-cd71bfcb7a8c","","NO_TAX","TRUE","TRUE","","FALSE","FALSE","FALSE","FALSE","FALSE","FALSE","FALSE","FALSE","0:00","0:00","","","","","","","","","","","","","","","","","","Chirashi mariné","f56358f0-3151-46f3-9baf-b10b19c135e8","Thon, saumon, poireau, concombre, menthe, coriandre, marinade à l'huile d'olive, 7 épices et citron vert","$19.80","$19.80","REGULAR","","","","","","$0.00","$0.00","","","","","","","","FALSE","FALSE","FALSE","FALSE","FALSE","FALSE","FALSE","FALSE","0:00","0:00","Voulez-vous des baguettes ?","c425f756-6bd4-494a-803d-465af470b827","1","1","1","Baguettes en bois réutilisables","096650fc-2564-474a-ad5a-d3102ab24726","$0.90","$0.90","REGULAR","4125","","","1","$0.00","",""
"Chirashi","bc41b622-88d1-4e03-a7e5-cd71bfcb7a8c","","NO_TAX","TRUE","TRUE","","FALSE","FALSE","FALSE","FALSE","FALSE","FALSE","FALSE","FALSE","0:00","0:00","","","","","","","","","","","","","","","","","","Chirashi mariné","f56358f0-3151-46f3-9baf-b10b19c135e8","Thon, saumon, poireau, concombre, menthe, coriandre, marinade à l'huile d'olive, 7 épices et citron vert","$19.80","$19.80","REGULAR","","","","","","$0.00","$0.00","","","","","","","","FALSE","FALSE","FALSE","FALSE","FALSE","FALSE","FALSE","FALSE","0:00","0:00","Voulez-vous des baguettes ?","c425f756-6bd4-494a-803d-465af470b827","1","1","1","Baguettes à usage unique","f57f6d9d-e543-411d-87f3-a19267306766","$0.00","$0.00","REGULAR","1420","","","1","$0.00","",""
"Chirashi","bc41b622-88d1-4e03-a7e5-cd71bfcb7a8c","","NO_TAX","TRUE","TRUE","","FALSE","FALSE","FALSE","FALSE","FALSE","FALSE","FALSE","FALSE","0:00","0:00","","","","","","","","","","","","","","","","","","Chirashi mariné","f56358f0-3151-46f3-9baf-b10b19c135e8","Thon, saumon, poireau, concombre, menthe, coriandre, marinade à l'huile d'olive, 7 épices et citron vert","$19.80","$19.80","REGULAR","","","","","","$0.00","$0.00","","","","","","","","FALSE","FALSE","FALSE","FALSE","FALSE","FALSE","FALSE","FALSE","0:00","0:00","Voulez-vous des baguettes ?","c425f756-6bd4-494a-803d-465af470b827","1","1","1","Pas de baguettes","8bbdb93c-c9e9-4881-9a84-4500a6997cc7","$0.00","$0.00","REGULAR","3817","","","1","$0.00","",""
"Poke Bowls","c03e171c-eda6-495f-842b-888aa1a9b446","","NO_TAX","TRUE","TRUE","","FALSE","FALSE","FALSE","FALSE","FALSE","FALSE","FALSE","FALSE","0:00","0:00","","","","","","","","","","","","","","","","","","Small bowl saumon avocat","20f825aa-00e3-4181-9da9-5c9ae8a9f384","Saumon, avocat, riz vinaigré, sésame noir","$12.90","$12.90","REGULAR","","","","","","$0.00","$0.00","","","","","","","","FALSE","FALSE","FALSE","FALSE","FALSE","FALSE","FALSE","FALSE","0:00","0:00","Choix protéines supplémentaires (5 maximum)","99a70e1e-ed04-42fd-81d0-393b76537e2b","","4","1","Saumon teriyaki","014cdda4-2693-4590-a30a-59f32bdf49a4","$2.50","$2.50","REGULAR","3499","","","1","$0.00","",""
"Poke Bowls","c03e171c-eda6-495f-842b-888aa1a9b446","","NO_TAX","TRUE","TRUE","","FALSE","FALSE","FALSE","FALSE","FALSE","FALSE","FALSE","FALSE","0:00","0:00","","","","","","","","","","","","","","","","","","Small bowl saumon avocat","20f825aa-00e3-4181-9da9-5c9ae8a9f384","Saumon, avocat, riz vinaigré, sésame noir","$12.90","$12.90","REGULAR","","","","","","$0.00","$0.00","","","","","","","","FALSE","FALSE","FALSE","FALSE","FALSE","FALSE","FALSE","FALSE","0:00","0:00","Choix protéines supplémentaires (5 maximum)","99a70e1e-ed04-42fd-81d0-393b76537e2b","","4","1","Saumon mariné","2c41f212-cf00-460f-8332-9b8835dca788","$2.50","$2.50","REGULAR","3497","","","1","$0.00","",""
"Poke Bowls","c03e171c-eda6-495f-842b-888aa1a9b446","","NO_TAX","TRUE","TRUE","","FALSE","FALSE","FALSE","FALSE","FALSE","FALSE","FALSE","FALSE","0:00","0:00","","","","","","","","","","","","","","","","","","Small bowl saumon avocat","20f825aa-00e3-4181-9da9-5c9ae8a9f384","Saumon, avocat, riz vinaigré, sésame noir","$12.90","$12.90","REGULAR","","","","","","$0.00","$0.00","","","","","","","","FALSE","FALSE","FALSE","FALSE","FALSE","FALSE","FALSE","FALSE","0:00","0:00","Choix protéines supplémentaires (5 maximum)","99a70e1e-ed04-42fd-81d0-393b76537e2b","","4","1","Fried chicken","1c27b33d-d4e1-4de0-abe9-7c5530272f25","$2.50","$2.50","REGULAR","3509","","","1","$0.00","",""
"Poke Bowls","c03e171c-eda6-495f-842b-888aa1a9b446","","NO_TAX","TRUE","TRUE","","FALSE","FALSE","FALSE","FALSE","FALSE","FALSE","FALSE","FALSE","0:00","0:00","","","","","","","","","","","","","","","","","","Small bowl saumon avocat","20f825aa-00e3-4181-9da9-5c9ae8a9f384","Saumon, avocat, riz vinaigré, sésame noir","$12.90","$12.90","REGULAR","","","","","","$0.00","$0.00","","","","","","","","FALSE","FALSE","FALSE","FALSE","FALSE","FALSE","FALSE","FALSE","0:00","0:00","Choix protéines supplémentaires (5 maximum)","99a70e1e-ed04-42fd-81d0-393b76537e2b","","4","1","Thon spicy","f72b5882-d8e0-4d37-838f-0cf8ec2504d3","$2.50","$2.50","REGULAR","3503","","","1","$0.00","",""
"Poke Bowls","c03e171c-eda6-495f-842b-888aa1a9b446","","NO_TAX","TRUE","TRUE","","FALSE","FALSE","FALSE","FALSE","FALSE","FALSE","FALSE","FALSE","0:00","0:00","","","","","","","","","","","","","","","","","","Small bowl saumon avocat","20f825aa-00e3-4181-9da9-5c9ae8a9f384","Saumon, avocat, riz vinaigré, sésame noir","$12.90","$12.90","REGULAR","","","","","","$0.00","$0.00","","","","","","","","FALSE","FALSE","FALSE","FALSE","FALSE","FALSE","FALSE","FALSE","0:00","0:00","Choix accompagnements supplémentaires (5 maximum)","f6b7d4ae-afe5-4165-9179-94c0d5165a90","","4","1","Avocat","7854f5f2-83e9-476d-b1b4-c15b62118397","$2.00","$2.00","REGULAR","3511","","","1","$0.00","",""
"Poke Bowls","c03e171c-eda6-495f-842b-888aa1a9b446","","NO_TAX","TRUE","TRUE","","FALSE","FALSE","FALSE","FALSE","FALSE","FALSE","FALSE","FALSE","0:00","0:00","","","","","","","","","","","","","","","","","","Small bowl saumon avocat","20f825aa-00e3-4181-9da9-5c9ae8a9f384","Saumon, avocat, riz vinaigré, sésame noir","$12.90","$12.90","REGULAR","","","","","","$0.00","$0.00","","","","","","","","FALSE","FALSE","FALSE","FALSE","FALSE","FALSE","FALSE","FALSE","0:00","0:00","Choix accompagnements supplémentaires (5 maximum)","f6b7d4ae-afe5-4165-9179-94c0d5165a90","","4","1","Edamame","8e99f1d4-c1c4-4106-b466-d55a63243d96","$1.00","$1.00","REGULAR","3515","","","1","$0.00","",""
"Poke Bowls","c03e171c-eda6-495f-842b-888aa1a9b446","","NO_TAX","TRUE","TRUE","","FALSE","FALSE","FALSE","FALSE","FALSE","FALSE","FALSE","FALSE","0:00","0:00","","","","","","","","","","","","","","","","","","Small bowl saumon avocat","20f825aa-00e3-4181-9da9-5c9ae8a9f384","Saumon, avocat, riz vinaigré, sésame noir","$12.90","$12.90","REGULAR","","","","","","$0.00","$0.00","","","","","","","","FALSE","FALSE","FALSE","FALSE","FALSE","FALSE","FALSE","FALSE","0:00","0:00","Choix accompagnements supplémentaires (5 maximum)","f6b7d4ae-afe5-4165-9179-94c0d5165a90","","4","1","Ananas","927bfce3-ee7a-4b3f-9e52-ad2e47ef2d73","$1.00","$1.00","REGULAR","3529","","","1","$0.00","",""
"Poke Bowls","c03e171c-eda6-495f-842b-888aa1a9b446","","NO_TAX","TRUE","TRUE","","FALSE","FALSE","FALSE","FALSE","FALSE","FALSE","FALSE","FALSE","0:00","0:00","","","","","","","","","","","","","","","","","","Small bowl saumon avocat","20f825aa-00e3-4181-9da9-5c9ae8a9f384","Saumon, avocat, riz vinaigré, sésame noir","$12.90","$12.90","REGULAR","","","","","","$0.00","$0.00","","","","","","","","FALSE","FALSE","FALSE","FALSE","FALSE","FALSE","FALSE","FALSE","0:00","0:00","Choix accompagnements supplémentaires (5 maximum)","f6b7d4ae-afe5-4165-9179-94c0d5165a90","","4","1","Mangue","17610816-37b0-4d32-aa49-2d8af17df34c","$1.50","$1.50","REGULAR","4659","","1","1","$0.00","1",""
"Poke Bowls","c03e171c-eda6-495f-842b-888aa1a9b446","","NO_TAX","TRUE","TRUE","","FALSE","FALSE","FALSE","FALSE","FALSE","FALSE","FALSE","FALSE","0:00","0:00","","","","","","","","","","","","","","","","","","Small bowl saumon avocat","20f825aa-00e3-4181-9da9-5c9ae8a9f384","Saumon, avocat, riz vinaigré, sésame noir","$12.90","$12.90","REGULAR","","","","","","$0.00","$0.00","","","","","","","","FALSE","FALSE","FALSE","FALSE","FALSE","FALSE","FALSE","FALSE","0:00","0:00","Choix toppings supplémentaires (5 maximum)","53f0a6f7-9956-4092-8ed0-88c0781321bd","","1","1","Oignons frits","21e5d41e-1c5c-42fe-b741-fa8f45a1b22b","$0.50","$0.50","REGULAR","3541","","","1","$0.00","",""
"Poke Bowls","c03e171c-eda6-495f-842b-888aa1a9b446","","NO_TAX","TRUE","TRUE","","FALSE","FALSE","FALSE","FALSE","FALSE","FALSE","FALSE","FALSE","0:00","0:00","","","","","","","","","","","","","","","","","","Small Bowl Saumon Teriyaki","c16c39b2-defd-409c-b315-7e2ab104d997","Saumon teriyaki, avocat, salade de chou, sésame blanc","$12.90","$12.90","REGULAR","","","","","","$0.00","$0.00","","","","","","","","FALSE","FALSE","FALSE","FALSE","FALSE","FALSE","FALSE","FALSE","0:00","0:00","Choix protéines supplémentaires (5 maximum)","99a70e1e-ed04-42fd-81d0-393b76537e2b","","4","1","Saumon teriyaki","014cdda4-2693-4590-a30a-59f32bdf49a4","$2.50","$2.50","REGULAR","3499","","","1","$0.00","",""
"Poke Bowls","c03e171c-eda6-495f-842b-888aa1a9b446","","NO_TAX","TRUE","TRUE","","FALSE","FALSE","FALSE","FALSE","FALSE","FALSE","FALSE","FALSE","0:00","0:00","","","","","","","","","","","","","","","","","","Small Bowl Saumon Teriyaki","c16c39b2-defd-409c-b315-7e2ab104d997","Saumon teriyaki, avocat, salade de chou, sésame blanc","$12.90","$12.90","REGULAR","","","","","","$0.00","$0.00","","","","","","","","FALSE","FALSE","FALSE","FALSE","FALSE","FALSE","FALSE","FALSE","0:00","0:00","Choix protéines supplémentaires (5 maximum)","99a70e1e-ed04-42fd-81d0-393b76537e2b","","4","1","Saumon mariné","2c41f212-cf00-460f-8332-9b8835dca788","$2.50","$2.50","REGULAR","3497","","","1","$0.00","",""
"Poke Bowls","c03e171c-eda6-495f-842b-888aa1a9b446","","NO_TAX","TRUE","TRUE","","FALSE","FALSE","FALSE","FALSE","FALSE","FALSE","FALSE","FALSE","0:00","0:00","","","","","","","","","","","","","","","","","","Small Bowl Saumon Teriyaki","c16c39b2-defd-409c-b315-7e2ab104d997","Saumon teriyaki, avocat, salade de chou, sésame blanc","$12.90","$12.90","REGULAR","","","","","","$0.00","$0.00","","","","","","","","FALSE","FALSE","FALSE","FALSE","FALSE","FALSE","FALSE","FALSE","0:00","0:00","Choix protéines supplémentaires (5 maximum)","99a70e1e-ed04-42fd-81d0-393b76537e2b","","4","1","Fried chicken","1c27b33d-d4e1-4de0-abe9-7c5530272f25","$2.50","$2.50","REGULAR","3509","","","1","$0.00","",""
"Poke Bowls","c03e171c-eda6-495f-842b-888aa1a9b446","","NO_TAX","TRUE","TRUE","","FALSE","FALSE","FALSE","FALSE","FALSE","FALSE","FALSE","FALSE","0:00","0:00","","","","","","","","","","","","","","","","","","Small Bowl Saumon Teriyaki","c16c39b2-defd-409c-b315-7e2ab104d997","Saumon teriyaki, avocat, salade de chou, sésame blanc","$12.90","$12.90","REGULAR","","","","","","$0.00","$0.00","","","","","","","","FALSE","FALSE","FALSE","FALSE","FALSE","FALSE","FALSE","FALSE","0:00","0:00","Choix protéines supplémentaires (5 maximum)","99a70e1e-ed04-42fd-81d0-393b76537e2b","","4","1","Thon spicy","f72b5882-d8e0-4d37-838f-0cf8ec2504d3","$2.50","$2.50","REGULAR","3503","","","1","$0.00","",""
"Poke Bowls","c03e171c-eda6-495f-842b-888aa1a9b446","","NO_TAX","TRUE","TRUE","","FALSE","FALSE","FALSE","FALSE","FALSE","FALSE","FALSE","FALSE","0:00","0:00","","","","","","","","","","","","","","","","","","Small Bowl Saumon Teriyaki","c16c39b2-defd-409c-b315-7e2ab104d997","Saumon teriyaki, avocat, salade de chou, sésame blanc","$12.90","$12.90","REGULAR","","","","","","$0.00","$0.00","","","","","","","","FALSE","FALSE","FALSE","FALSE","FALSE","FALSE","FALSE","FALSE","0:00","0:00","Choix accompagnements supplémentaires (5 maximum)","f6b7d4ae-afe5-4165-9179-94c0d5165a90","","4","1","Avocat","7854f5f2-83e9-476d-b1b4-c15b62118397","$2.00","$2.00","REGULAR","3511","","","1","$0.00","",""
"Poke Bowls","c03e171c-eda6-495f-842b-888aa1a9b446","","NO_TAX","TRUE","TRUE","","FALSE","FALSE","FALSE","FALSE","FALSE","FALSE","FALSE","FALSE","0:00","0:00","","","","","","","","","","","","","","","","","","Small Bowl Saumon Teriyaki","c16c39b2-defd-409c-b315-7e2ab104d997","Saumon teriyaki, avocat, salade de chou, sésame blanc","$12.90","$12.90","REGULAR","","","","","","$0.00","$0.00","","","","","","","","FALSE","FALSE","FALSE","FALSE","FALSE","FALSE","FALSE","FALSE","0:00","0:00","Choix accompagnements supplémentaires (5 maximum)","f6b7d4ae-afe5-4165-9179-94c0d5165a90","","4","1","Edamame","8e99f1d4-c1c4-4106-b466-d55a63243d96","$1.00","$1.00","REGULAR","3515","","","1","$0.00","",""
"Poke Bowls","c03e171c-eda6-495f-842b-888aa1a9b446","","NO_TAX","TRUE","TRUE","","FALSE","FALSE","FALSE","FALSE","FALSE","FALSE","FALSE","FALSE","0:00","0:00","","","","","","","","","","","","","","","","","","Small Bowl Saumon Teriyaki","c16c39b2-defd-409c-b315-7e2ab104d997","Saumon teriyaki, avocat, salade de chou, sésame blanc","$12.90","$12.90","REGULAR","","","","","","$0.00","$0.00","","","","","","","","FALSE","FALSE","FALSE","FALSE","FALSE","FALSE","FALSE","FALSE","0:00","0:00","Choix accompagnements supplémentaires (5 maximum)","f6b7d4ae-afe5-4165-9179-94c0d5165a90","","4","1","Ananas","927bfce3-ee7a-4b3f-9e52-ad2e47ef2d73","$1.00","$1.00","REGULAR","3529","","","1","$0.00","",""
"Poke Bowls","c03e171c-eda6-495f-842b-888aa1a9b446","","NO_TAX","TRUE","TRUE","","FALSE","FALSE","FALSE","FALSE","FALSE","FALSE","FALSE","FALSE","0:00","0:00","","","","","","","","","","","","","","","","","","Small Bowl Saumon Teriyaki","c16c39b2-defd-409c-b315-7e2ab104d997","Saumon teriyaki, avocat, salade de chou, sésame blanc","$12.90","$12.90","REGULAR","","","","","","$0.00","$0.00","","","","","","","","FALSE","FALSE","FALSE","FALSE","FALSE","FALSE","FALSE","FALSE","0:00","0:00","Choix accompagnements supplémentaires (5 maximum)","f6b7d4ae-afe5-4165-9179-94c0d5165a90","","4","1","Mangue","17610816-37b0-4d32-aa49-2d8af17df34c","$1.50","$1.50","REGULAR","4659","","1","1","$0.00","1",""
"Poke Bowls","c03e171c-eda6-495f-842b-888aa1a9b446","","NO_TAX","TRUE","TRUE","","FALSE","FALSE","FALSE","FALSE","FALSE","FALSE","FALSE","FALSE","0:00","0:00","","","","","","","","","","","","","","","","","","Small Bowl Saumon Teriyaki","c16c39b2-defd-409c-b315-7e2ab104d997","Saumon teriyaki, avocat, salade de chou, sésame blanc","$12.90","$12.90","REGULAR","","","","","","$0.00","$0.00","","","","","","","","FALSE","FALSE","FALSE","FALSE","FALSE","FALSE","FALSE","FALSE","0:00","0:00","Choix toppings supplémentaires (5 maximum)","53f0a6f7-9956-4092-8ed0-88c0781321bd","","1","1","Oignons frits","21e5d41e-1c5c-42fe-b741-fa8f45a1b22b","$0.50","$0.50","REGULAR","3541","","","1","$0.00","",""
"Poke Bowls","c03e171c-eda6-495f-842b-888aa1a9b446","","NO_TAX","TRUE","TRUE","","FALSE","FALSE","FALSE","FALSE","FALSE","FALSE","FALSE","FALSE","0:00","0:00","","","","","","","","","","","","","","","","","","Bowl kids","6d4c28e8-0ad4-4e87-810c-9dfe72df7639","Riz vinaigré, poulet pané, avocat sauce mayonnaise, sauce teriyaki, 1 Jus Pommes Pressées Andros 25cl, 1 Compote Pomme - Pêche - Fruit du dragon Pom'Potes 90g","$12.90","$12.90","REGULAR","","","","","","$0.00","$0.00","","","","","","","","FALSE","FALSE","FALSE","FALSE","FALSE","FALSE","FALSE","FALSE","0:00","0:00","Choix poke","a7ad690d-7ad4-44ff-b129-085c188b2348","1","1","1","Poke Bowl Kids","5f993e78-9add-4e04-bf1e-db4479dfbc95","$0.00","$0.00","REGULAR","","","","1","$0.00","",""
"Poke Bowls","c03e171c-eda6-495f-842b-888aa1a9b446","","NO_TAX","TRUE","TRUE","","FALSE","FALSE","FALSE","FALSE","FALSE","FALSE","FALSE","FALSE","0:00","0:00","","","","","","","","","","","","","","","","","","Bowl kids","6d4c28e8-0ad4-4e87-810c-9dfe72df7639","Riz vinaigré, poulet pané, avocat sauce mayonnaise, sauce teriyaki, 1 Jus Pommes Pressées Andros 25cl, 1 Compote Pomme - Pêche - Fruit du dragon Pom'Potes 90g","$12.90","$12.90","REGULAR","","","","","","$0.00","$0.00","","","","","","","","FALSE","FALSE","FALSE","FALSE","FALSE","FALSE","FALSE","FALSE","0:00","0:00","Choix boisson","cbde352d-c6d3-47ca-8197-c0211f4a6473","1","1","1","Jus de pomme pressé Andros 25cl","e66ed291-8a3f-4179-9e77-ad0986bc2990","$0.00","$0.00","REGULAR","4908","","","1","$0.00","",""
"Poke Bowls","c03e171c-eda6-495f-842b-888aa1a9b446","","NO_TAX","TRUE","TRUE","","FALSE","FALSE","FALSE","FALSE","FALSE","FALSE","FALSE","FALSE","0:00","0:00","","","","","","","","","","","","","","","","","","Bowl kids","6d4c28e8-0ad4-4e87-810c-9dfe72df7639","Riz vinaigré, poulet pané, avocat sauce mayonnaise, sauce teriyaki, 1 Jus Pommes Pressées Andros 25cl, 1 Compote Pomme - Pêche - Fruit du dragon Pom'Potes 90g","$12.90","$12.90","REGULAR","","","","","","$0.00","$0.00","","","","","","","","FALSE","FALSE","FALSE","FALSE","FALSE","FALSE","FALSE","FALSE","0:00","0:00","Choix dessert","bb881d06-8d9f-4835-80c8-35f0d4aeeec6","1","1","1","Compote pomme, pêche et fruit du dragon Pom'Potes 90g","af785d6e-bab9-452a-9b24-ed91f69d73b0","$0.00","$0.00","REGULAR","4909","","","1","$0.00","",""
"Poke Bowls","c03e171c-eda6-495f-842b-888aa1a9b446","","NO_TAX","TRUE","TRUE","","FALSE","FALSE","FALSE","FALSE","FALSE","FALSE","FALSE","FALSE","0:00","0:00","","","","","","","","","","","","","","","","","","Poke Bowl Veggie","70d157f6-eb66-4742-a13e-cafa673fc9a5","Chou rouge, fenouil, salade de légumes croquants, edamame, avocat, radis rose, sauce citronnée, sésame noir et blanc","$14.90","$14.90","REGULAR","","","","","","$0.00","$0.00","","","","","","","","FALSE","FALSE","FALSE","FALSE","FALSE","FALSE","FALSE","FALSE","0:00","0:00","Sélectionnez la taille de votre poké","aac3e07a-1730-4343-b9c1-2e1ed64ca7c6","1","1","1","Médium","0b03a686-5dda-4ec4-a25f-0afb76f70cfb","$0.00","$0.00","REGULAR","3331","","","1","$0.00","",""
"Poke Bowls","c03e171c-eda6-495f-842b-888aa1a9b446","","NO_TAX","TRUE","TRUE","","FALSE","FALSE","FALSE","FALSE","FALSE","FALSE","FALSE","FALSE","0:00","0:00","","","","","","","","","","","","","","","","","","Poke Bowl Veggie","70d157f6-eb66-4742-a13e-cafa673fc9a5","Chou rouge, fenouil, salade de légumes croquants, edamame, avocat, radis rose, sauce citronnée, sésame noir et blanc","$14.90","$14.90","REGULAR","","","","","","$0.00","$0.00","","","","","","","","FALSE","FALSE","FALSE","FALSE","FALSE","FALSE","FALSE","FALSE","0:00","0:00","Sélectionnez la taille de votre poké","aac3e07a-1730-4343-b9c1-2e1ed64ca7c6","1","1","1","Large","25bd3186-2ea4-454d-bb91-e2deb65a0e35","$3.00","$3.00","REGULAR","3333","","","1","$0.00","",""
"Poke Bowls","c03e171c-eda6-495f-842b-888aa1a9b446","","NO_TAX","TRUE","TRUE","","FALSE","FALSE","FALSE","FALSE","FALSE","FALSE","FALSE","FALSE","0:00","0:00","","","","","","","","","","","","","","","","","","Poke Bowl Veggie","70d157f6-eb66-4742-a13e-cafa673fc9a5","Chou rouge, fenouil, salade de légumes croquants, edamame, avocat, radis rose, sauce citronnée, sésame noir et blanc","$14.90","$14.90","REGULAR","","","","","","$0.00","$0.00","","","","","","","","FALSE","FALSE","FALSE","FALSE","FALSE","FALSE","FALSE","FALSE","0:00","0:00","Choix base","544f1b5e-b44f-4da2-b59f-1d0e0909b6eb","1","1","1","Riz vinaigré","7ec3e848-b102-42a6-838b-f6199f71eade","$0.00","$0.00","REGULAR","3327","","","1","$0.00","",""
"Poke Bowls","c03e171c-eda6-495f-842b-888aa1a9b446","","NO_TAX","TRUE","TRUE","","FALSE","FALSE","FALSE","FALSE","FALSE","FALSE","FALSE","FALSE","0:00","0:00","","","","","","","","","","","","","","","","","","Poke Bowl Veggie","70d157f6-eb66-4742-a13e-cafa673fc9a5","Chou rouge, fenouil, salade de légumes croquants, edamame, avocat, radis rose, sauce citronnée, sésame noir et blanc","$14.90","$14.90","REGULAR","","","","","","$0.00","$0.00","","","","","","","","FALSE","FALSE","FALSE","FALSE","FALSE","FALSE","FALSE","FALSE","0:00","0:00","Choix protéines supplémentaires (5 maximum)","c4fd14a7-35d8-40b3-bbf1-7004329afbf0","","4","1","Saumon teriyaki","ba4a8d3d-bfd3-476f-90b7-e8fe25a0aa9b","$2.50","$2.50","REGULAR","3499","","","1","$0.00","",""
"Poke Bowls","c03e171c-eda6-495f-842b-888aa1a9b446","","NO_TAX","TRUE","TRUE","","FALSE","FALSE","FALSE","FALSE","FALSE","FALSE","FALSE","FALSE","0:00","0:00","","","","","","","","","","","","","","","","","","Poke Bowl Veggie","70d157f6-eb66-4742-a13e-cafa673fc9a5","Chou rouge, fenouil, salade de légumes croquants, edamame, avocat, radis rose, sauce citronnée, sésame noir et blanc","$14.90","$14.90","REGULAR","","","","","","$0.00","$0.00","","","","","","","","FALSE","FALSE","FALSE","FALSE","FALSE","FALSE","FALSE","FALSE","0:00","0:00","Choix protéines supplémentaires (5 maximum)","c4fd14a7-35d8-40b3-bbf1-7004329afbf0","","4","1","Saumon mariné","7f6035b0-2994-4239-8ede-b22e742a568a","$2.50","$2.50","REGULAR","3497","","","1","$0.00","",""
"Poke Bowls","c03e171c-eda6-495f-842b-888aa1a9b446","","NO_TAX","TRUE","TRUE","","FALSE","FALSE","FALSE","FALSE","FALSE","FALSE","FALSE","FALSE","0:00","0:00","","","","","","","","","","","","","","","","","","Poke Bowl Veggie","70d157f6-eb66-4742-a13e-cafa673fc9a5","Chou rouge, fenouil, salade de légumes croquants, edamame, avocat, radis rose, sauce citronnée, sésame noir et blanc","$14.90","$14.90","REGULAR","","","","","","$0.00","$0.00","","","","","","","","FALSE","FALSE","FALSE","FALSE","FALSE","FALSE","FALSE","FALSE","0:00","0:00","Choix protéines supplémentaires (5 maximum)","c4fd14a7-35d8-40b3-bbf1-7004329afbf0","","4","1","Fried chicken","1c27b33d-d4e1-4de0-abe9-7c5530272f25","$2.50","$2.50","REGULAR","3509","","","1","$0.00","",""
"Poke Bowls","c03e171c-eda6-495f-842b-888aa1a9b446","","NO_TAX","TRUE","TRUE","","FALSE","FALSE","FALSE","FALSE","FALSE","FALSE","FALSE","FALSE","0:00","0:00","","","","","","","","","","","","","","","","","","Poke Bowl Veggie","70d157f6-eb66-4742-a13e-cafa673fc9a5","Chou rouge, fenouil, salade de légumes croquants, edamame, avocat, radis rose, sauce citronnée, sésame noir et blanc","$14.90","$14.90","REGULAR","","","","","","$0.00","$0.00","","","","","","","","FALSE","FALSE","FALSE","FALSE","FALSE","FALSE","FALSE","FALSE","0:00","0:00","Choix protéines supplémentaires (5 maximum)","c4fd14a7-35d8-40b3-bbf1-7004329afbf0","","4","1","Thon spicy","389619ce-7114-404a-8ba7-3bdaeafad40a","$2.50","$2.50","REGULAR","3503","","","1","$0.00","",""
"Poke Bowls","c03e171c-eda6-495f-842b-888aa1a9b446","","NO_TAX","TRUE","TRUE","","FALSE","FALSE","FALSE","FALSE","FALSE","FALSE","FALSE","FALSE","0:00","0:00","","","","","","","","","","","","","","","","","","Poke Bowl Veggie","70d157f6-eb66-4742-a13e-cafa673fc9a5","Chou rouge, fenouil, salade de légumes croquants, edamame, avocat, radis rose, sauce citronnée, sésame noir et blanc","$14.90","$14.90","REGULAR","","","","","","$0.00","$0.00","","","","","","","","FALSE","FALSE","FALSE","FALSE","FALSE","FALSE","FALSE","FALSE","0:00","0:00","Choix accompagnements supplémentaires (5 maximum)","57c21d0d-b940-428a-aac7-e74dfa28b39a","","4","1","Avocat","7854f5f2-83e9-476d-b1b4-c15b62118397","$2.00","$2.00","REGULAR","3511","","","1","$0.00","",""
"Poke Bowls","c03e171c-eda6-495f-842b-888aa1a9b446","","NO_TAX","TRUE","TRUE","","FALSE","FALSE","FALSE","FALSE","FALSE","FALSE","FALSE","FALSE","0:00","0:00","","","","","","","","","","","","","","","","","","Poke Bowl Veggie","70d157f6-eb66-4742-a13e-cafa673fc9a5","Chou rouge, fenouil, salade de légumes croquants, edamame, avocat, radis rose, sauce citronnée, sésame noir et blanc","$14.90","$14.90","REGULAR","","","","","","$0.00","$0.00","","","","","","","","FALSE","FALSE","FALSE","FALSE","FALSE","FALSE","FALSE","FALSE","0:00","0:00","Choix accompagnements supplémentaires (5 maximum)","57c21d0d-b940-428a-aac7-e74dfa28b39a","","4","1","Edamame","401efec4-6d37-48ae-bbe2-c4a07fb0f87a","$1.00","$1.00","REGULAR","3515","","","1","$0.00","",""
"Poke Bowls","c03e171c-eda6-495f-842b-888aa1a9b446","","NO_TAX","TRUE","TRUE","","FALSE","FALSE","FALSE","FALSE","FALSE","FALSE","FALSE","FALSE","0:00","0:00","","","","","","","","","","","","","","","","","","Poke Bowl Veggie","70d157f6-eb66-4742-a13e-cafa673fc9a5","Chou rouge, fenouil, salade de légumes croquants, edamame, avocat, radis rose, sauce citronnée, sésame noir et blanc","$14.90","$14.90","REGULAR","","","","","","$0.00","$0.00","","","","","","","","FALSE","FALSE","FALSE","FALSE","FALSE","FALSE","FALSE","FALSE","0:00","0:00","Choix accompagnements supplémentaires (5 maximum)","57c21d0d-b940-428a-aac7-e74dfa28b39a","","4","1","Ananas","927bfce3-ee7a-4b3f-9e52-ad2e47ef2d73","$1.00","$1.00","REGULAR","3529","","","1","$0.00","",""
"Poke Bowls","c03e171c-eda6-495f-842b-888aa1a9b446","","NO_TAX","TRUE","TRUE","","FALSE","FALSE","FALSE","FALSE","FALSE","FALSE","FALSE","FALSE","0:00","0:00","","","","","","","","","","","","","","","","","","Poke Bowl Veggie","70d157f6-eb66-4742-a13e-cafa673fc9a5","Chou rouge, fenouil, salade de légumes croquants, edamame, avocat, radis rose, sauce citronnée, sésame noir et blanc","$14.90","$14.90","REGULAR","","","","","","$0.00","$0.00","","","","","","","","FALSE","FALSE","FALSE","FALSE","FALSE","FALSE","FALSE","FALSE","0:00","0:00","Choix accompagnements supplémentaires (5 maximum)","57c21d0d-b940-428a-aac7-e74dfa28b39a","","4","1","Mangue","17610816-37b0-4d32-aa49-2d8af17df34c","$1.50","$1.50","REGULAR","4659","","1","1","$0.00","1",""
"Poke Bowls","c03e171c-eda6-495f-842b-888aa1a9b446","","NO_TAX","TRUE","TRUE","","FALSE","FALSE","FALSE","FALSE","FALSE","FALSE","FALSE","FALSE","0:00","0:00","","","","","","","","","","","","","","","","","","Poke Bowl Veggie","70d157f6-eb66-4742-a13e-cafa673fc9a5","Chou rouge, fenouil, salade de légumes croquants, edamame, avocat, radis rose, sauce citronnée, sésame noir et blanc","$14.90","$14.90","REGULAR","","","","","","$0.00","$0.00","","","","","","","","FALSE","FALSE","FALSE","FALSE","FALSE","FALSE","FALSE","FALSE","0:00","0:00","Choix toppings supplémentaires (5 maximum)","40d8231d-1ced-4505-979b-cb1fedbe6508","","1","1","Oignons frits","15ee197c-9752-4bcc-91db-73aef35b6921","$0.50","$0.50","REGULAR","3541","","","1","$0.00","",""
"Poke Bowls","c03e171c-eda6-495f-842b-888aa1a9b446","","NO_TAX","TRUE","TRUE","","FALSE","FALSE","FALSE","FALSE","FALSE","FALSE","FALSE","FALSE","0:00","0:00","","","","","","","","","","","","","","","","","","Poke Bowl Salmon Teriyaki","1ee17ed2-c94e-422b-a962-5cd1c277f0de","Saumon, avocat, salade de chou, ciboulette thaï, sésame, sauces soja & teriyaki","$15.90","$15.90","REGULAR","","","","","","$0.00","$0.00","","","","","","","","FALSE","FALSE","FALSE","FALSE","FALSE","FALSE","FALSE","FALSE","0:00","0:00","Sélectionnez la taille de votre poké","aac3e07a-1730-4343-b9c1-2e1ed64ca7c6","1","1","1","Médium","0b03a686-5dda-4ec4-a25f-0afb76f70cfb","$0.00","$0.00","REGULAR","3331","","","1","$0.00","",""
"Poke Bowls","c03e171c-eda6-495f-842b-888aa1a9b446","","NO_TAX","TRUE","TRUE","","FALSE","FALSE","FALSE","FALSE","FALSE","FALSE","FALSE","FALSE","0:00","0:00","","","","","","","","","","","","","","","","","","Poke Bowl Salmon Teriyaki","1ee17ed2-c94e-422b-a962-5cd1c277f0de","Saumon, avocat, salade de chou, ciboulette thaï, sésame, sauces soja & teriyaki","$15.90","$15.90","REGULAR","","","","","","$0.00","$0.00","","","","","","","","FALSE","FALSE","FALSE","FALSE","FALSE","FALSE","FALSE","FALSE","0:00","0:00","Sélectionnez la taille de votre poké","aac3e07a-1730-4343-b9c1-2e1ed64ca7c6","1","1","1","Large","25bd3186-2ea4-454d-bb91-e2deb65a0e35","$3.00","$3.00","REGULAR","3333","","","1","$0.00","",""
"Poke Bowls","c03e171c-eda6-495f-842b-888aa1a9b446","","NO_TAX","TRUE","TRUE","","FALSE","FALSE","FALSE","FALSE","FALSE","FALSE","FALSE","FALSE","0:00","0:00","","","","","","","","","","","","","","","","","","Poke Bowl Salmon Teriyaki","1ee17ed2-c94e-422b-a962-5cd1c277f0de","Saumon, avocat, salade de chou, ciboulette thaï, sésame, sauces soja & teriyaki","$15.90","$15.90","REGULAR","","","","","","$0.00","$0.00","","","","","","","","FALSE","FALSE","FALSE","FALSE","FALSE","FALSE","FALSE","FALSE","0:00","0:00","Choix base","544f1b5e-b44f-4da2-b59f-1d0e0909b6eb","1","1","1","Riz vinaigré","7ec3e848-b102-42a6-838b-f6199f71eade","$0.00","$0.00","REGULAR","3327","","","1","$0.00","",""
"Poke Bowls","c03e171c-eda6-495f-842b-888aa1a9b446","","NO_TAX","TRUE","TRUE","","FALSE","FALSE","FALSE","FALSE","FALSE","FALSE","FALSE","FALSE","0:00","0:00","","","","","","","","","","","","","","","","","","Poke Bowl Salmon Teriyaki","1ee17ed2-c94e-422b-a962-5cd1c277f0de","Saumon, avocat, salade de chou, ciboulette thaï, sésame, sauces soja & teriyaki","$15.90","$15.90","REGULAR","","","","","","$0.00","$0.00","","","","","","","","FALSE","FALSE","FALSE","FALSE","FALSE","FALSE","FALSE","FALSE","0:00","0:00","Choix protéines supplémentaires (5 maximum)","c4fd14a7-35d8-40b3-bbf1-7004329afbf0","","4","1","Saumon teriyaki","ba4a8d3d-bfd3-476f-90b7-e8fe25a0aa9b","$2.50","$2.50","REGULAR","3499","","","1","$0.00","",""
"Poke Bowls","c03e171c-eda6-495f-842b-888aa1a9b446","","NO_TAX","TRUE","TRUE","","FALSE","FALSE","FALSE","FALSE","FALSE","FALSE","FALSE","FALSE","0:00","0:00","","","","","","","","","","","","","","","","","","Poke Bowl Salmon Teriyaki","1ee17ed2-c94e-422b-a962-5cd1c277f0de","Saumon, avocat, salade de chou, ciboulette thaï, sésame, sauces soja & teriyaki","$15.90","$15.90","REGULAR","","","","","","$0.00","$0.00","","","","","","","","FALSE","FALSE","FALSE","FALSE","FALSE","FALSE","FALSE","FALSE","0:00","0:00","Choix protéines supplémentaires (5 maximum)","c4fd14a7-35d8-40b3-bbf1-7004329afbf0","","4","1","Saumon mariné","7f6035b0-2994-4239-8ede-b22e742a568a","$2.50","$2.50","REGULAR","3497","","","1","$0.00","",""
"Poke Bowls","c03e171c-eda6-495f-842b-888aa1a9b446","","NO_TAX","TRUE","TRUE","","FALSE","FALSE","FALSE","FALSE","FALSE","FALSE","FALSE","FALSE","0:00","0:00","","","","","","","","","","","","","","","","","","Poke Bowl Salmon Teriyaki","1ee17ed2-c94e-422b-a962-5cd1c277f0de","Saumon, avocat, salade de chou, ciboulette thaï, sésame, sauces soja & teriyaki","$15.90","$15.90","REGULAR","","","","","","$0.00","$0.00","","","","","","","","FALSE","FALSE","FALSE","FALSE","FALSE","FALSE","FALSE","FALSE","0:00","0:00","Choix protéines supplémentaires (5 maximum)","c4fd14a7-35d8-40b3-bbf1-7004329afbf0","","4","1","Fried chicken","1c27b33d-d4e1-4de0-abe9-7c5530272f25","$2.50","$2.50","REGULAR","3509","","","1","$0.00","",""
"Poke Bowls","c03e171c-eda6-495f-842b-888aa1a9b446","","NO_TAX","TRUE","TRUE","","FALSE","FALSE","FALSE","FALSE","FALSE","FALSE","FALSE","FALSE","0:00","0:00","","","","","","","","","","","","","","","","","","Poke Bowl Salmon Teriyaki","1ee17ed2-c94e-422b-a962-5cd1c277f0de","Saumon, avocat, salade de chou, ciboulette thaï, sésame, sauces soja & teriyaki","$15.90","$15.90","REGULAR","","","","","","$0.00","$0.00","","","","","","","","FALSE","FALSE","FALSE","FALSE","FALSE","FALSE","FALSE","FALSE","0:00","0:00","Choix protéines supplémentaires (5 maximum)","c4fd14a7-35d8-40b3-bbf1-7004329afbf0","","4","1","Thon spicy","389619ce-7114-404a-8ba7-3bdaeafad40a","$2.50","$2.50","REGULAR","3503","","","1","$0.00","",""
"Poke Bowls","c03e171c-eda6-495f-842b-888aa1a9b446","","NO_TAX","TRUE","TRUE","","FALSE","FALSE","FALSE","FALSE","FALSE","FALSE","FALSE","FALSE","0:00","0:00","","","","","","","","","","","","","","","","","","Poke Bowl Salmon Teriyaki","1ee17ed2-c94e-422b-a962-5cd1c277f0de","Saumon, avocat, salade de chou, ciboulette thaï, sésame, sauces soja & teriyaki","$15.90","$15.90","REGULAR","","","","","","$0.00","$0.00","","","","","","","","FALSE","FALSE","FALSE","FALSE","FALSE","FALSE","FALSE","FALSE","0:00","0:00","Choix accompagnements supplémentaires (5 maximum)","57c21d0d-b940-428a-aac7-e74dfa28b39a","","4","1","Avocat","7854f5f2-83e9-476d-b1b4-c15b62118397","$2.00","$2.00","REGULAR","3511","","","1","$0.00","",""
"Poke Bowls","c03e171c-eda6-495f-842b-888aa1a9b446","","NO_TAX","TRUE","TRUE","","FALSE","FALSE","FALSE","FALSE","FALSE","FALSE","FALSE","FALSE","0:00","0:00","","","","","","","","","","","","","","","","","","Poke Bowl Salmon Teriyaki","1ee17ed2-c94e-422b-a962-5cd1c277f0de","Saumon, avocat, salade de chou, ciboulette thaï, sésame, sauces soja & teriyaki","$15.90","$15.90","REGULAR","","","","","","$0.00","$0.00","","","","","","","","FALSE","FALSE","FALSE","FALSE","FALSE","FALSE","FALSE","FALSE","0:00","0:00","Choix accompagnements supplémentaires (5 maximum)","57c21d0d-b940-428a-aac7-e74dfa28b39a","","4","1","Edamame","401efec4-6d37-48ae-bbe2-c4a07fb0f87a","$1.00","$1.00","REGULAR","3515","","","1","$0.00","",""
"Poke Bowls","c03e171c-eda6-495f-842b-888aa1a9b446","","NO_TAX","TRUE","TRUE","","FALSE","FALSE","FALSE","FALSE","FALSE","FALSE","FALSE","FALSE","0:00","0:00","","","","","","","","","","","","","","","","","","Poke Bowl Salmon Teriyaki","1ee17ed2-c94e-422b-a962-5cd1c277f0de","Saumon, avocat, salade de chou, ciboulette thaï, sésame, sauces soja & teriyaki","$15.90","$15.90","REGULAR","","","","","","$0.00","$0.00","","","","","","","","FALSE","FALSE","FALSE","FALSE","FALSE","FALSE","FALSE","FALSE","0:00","0:00","Choix accompagnements supplémentaires (5 maximum)","57c21d0d-b940-428a-aac7-e74dfa28b39a","","4","1","Ananas","927bfce3-ee7a-4b3f-9e52-ad2e47ef2d73","$1.00","$1.00","REGULAR","3529","","","1","$0.00","",""
"Poke Bowls","c03e171c-eda6-495f-842b-888aa1a9b446","","NO_TAX","TRUE","TRUE","","FALSE","FALSE","FALSE","FALSE","FALSE","FALSE","FALSE","FALSE","0:00","0:00","","","","","","","","","","","","","","","","","","Poke Bowl Salmon Teriyaki","1ee17ed2-c94e-422b-a962-5cd1c277f0de","Saumon, avocat, salade de chou, ciboulette thaï, sésame, sauces soja & teriyaki","$15.90","$15.90","REGULAR","","","","","","$0.00","$0.00","","","","","","","","FALSE","FALSE","FALSE","FALSE","FALSE","FALSE","FALSE","FALSE","0:00","0:00","Choix accompagnements supplémentaires (5 maximum)","57c21d0d-b940-428a-aac7-e74dfa28b39a","","4","1","Mangue","17610816-37b0-4d32-aa49-2d8af17df34c","$1.50","$1.50","REGULAR","4659","","1","1","$0.00","1",""
"Poke Bowls","c03e171c-eda6-495f-842b-888aa1a9b446","","NO_TAX","TRUE","TRUE","","FALSE","FALSE","FALSE","FALSE","FALSE","FALSE","FALSE","FALSE","0:00","0:00","","","","","","","","","","","","","","","","","","Poke Bowl Salmon Teriyaki","1ee17ed2-c94e-422b-a962-5cd1c277f0de","Saumon, avocat, salade de chou, ciboulette thaï, sésame, sauces soja & teriyaki","$15.90","$15.90","REGULAR","","","","","","$0.00","$0.00","","","","","","","","FALSE","FALSE","FALSE","FALSE","FALSE","FALSE","FALSE","FALSE","0:00","0:00","Choix toppings supplémentaires (5 maximum)","40d8231d-1ced-4505-979b-cb1fedbe6508","","1","1","Oignons frits","15ee197c-9752-4bcc-91db-73aef35b6921","$0.50","$0.50","REGULAR","3541","","","1","$0.00","",""
"Poke Bowls","c03e171c-eda6-495f-842b-888aa1a9b446","","NO_TAX","TRUE","TRUE","","FALSE","FALSE","FALSE","FALSE","FALSE","FALSE","FALSE","FALSE","0:00","0:00","","","","","","","","","","","","","","","","","","Poke Bowl Salmon Detox","21bc6805-80a9-4a95-af92-5babc719d1c8","Saumon, avocat, edamame, radis, salade de légumes croquants, fenouil, chou rouge, oignon rouge, gingembre mariné, menthe, 7 épices, sésame, sauce citronnée","$15.90","$15.90","REGULAR","","","","","","$0.00","$0.00","","","","","","","","FALSE","FALSE","FALSE","FALSE","FALSE","FALSE","FALSE","FALSE","0:00","0:00","Sélectionnez la taille de votre poké","aac3e07a-1730-4343-b9c1-2e1ed64ca7c6","1","1","1","Médium","0b03a686-5dda-4ec4-a25f-0afb76f70cfb","$0.00","$0.00","REGULAR","3331","","","1","$0.00","",""
"Poke Bowls","c03e171c-eda6-495f-842b-888aa1a9b446","","NO_TAX","TRUE","TRUE","","FALSE","FALSE","FALSE","FALSE","FALSE","FALSE","FALSE","FALSE","0:00","0:00","","","","","","","","","","","","","","","","","","Poke Bowl Salmon Detox","21bc6805-80a9-4a95-af92-5babc719d1c8","Saumon, avocat, edamame, radis, salade de légumes croquants, fenouil, chou rouge, oignon rouge, gingembre mariné, menthe, 7 épices, sésame, sauce citronnée","$15.90","$15.90","REGULAR","","","","","","$0.00","$0.00","","","","","","","","FALSE","FALSE","FALSE","FALSE","FALSE","FALSE","FALSE","FALSE","0:00","0:00","Sélectionnez la taille de votre poké","aac3e07a-1730-4343-b9c1-2e1ed64ca7c6","1","1","1","Large","25bd3186-2ea4-454d-bb91-e2deb65a0e35","$3.00","$3.00","REGULAR","3333","","","1","$0.00","",""
"Poke Bowls","c03e171c-eda6-495f-842b-888aa1a9b446","","NO_TAX","TRUE","TRUE","","FALSE","FALSE","FALSE","FALSE","FALSE","FALSE","FALSE","FALSE","0:00","0:00","","","","","","","","","","","","","","","","","","Poke Bowl Salmon Detox","21bc6805-80a9-4a95-af92-5babc719d1c8","Saumon, avocat, edamame, radis, salade de légumes croquants, fenouil, chou rouge, oignon rouge, gingembre mariné, menthe, 7 épices, sésame, sauce citronnée","$15.90","$15.90","REGULAR","","","","","","$0.00","$0.00","","","","","","","","FALSE","FALSE","FALSE","FALSE","FALSE","FALSE","FALSE","FALSE","0:00","0:00","Choix base","544f1b5e-b44f-4da2-b59f-1d0e0909b6eb","1","1","1","Riz vinaigré","7ec3e848-b102-42a6-838b-f6199f71eade","$0.00","$0.00","REGULAR","3327","","","1","$0.00","",""
"Poke Bowls","c03e171c-eda6-495f-842b-888aa1a9b446","","NO_TAX","TRUE","TRUE","","FALSE","FALSE","FALSE","FALSE","FALSE","FALSE","FALSE","FALSE","0:00","0:00","","","","","","","","","","","","","","","","","","Poke Bowl Salmon Detox","21bc6805-80a9-4a95-af92-5babc719d1c8","Saumon, avocat, edamame, radis, salade de légumes croquants, fenouil, chou rouge, oignon rouge, gingembre mariné, menthe, 7 épices, sésame, sauce citronnée","$15.90","$15.90","REGULAR","","","","","","$0.00","$0.00","","","","","","","","FALSE","FALSE","FALSE","FALSE","FALSE","FALSE","FALSE","FALSE","0:00","0:00","Choix protéines supplémentaires (5 maximum)","c4fd14a7-35d8-40b3-bbf1-7004329afbf0","","4","1","Saumon teriyaki","ba4a8d3d-bfd3-476f-90b7-e8fe25a0aa9b","$2.50","$2.50","REGULAR","3499","","","1","$0.00","",""
"Poke Bowls","c03e171c-eda6-495f-842b-888aa1a9b446","","NO_TAX","TRUE","TRUE","","FALSE","FALSE","FALSE","FALSE","FALSE","FALSE","FALSE","FALSE","0:00","0:00","","","","","","","","","","","","","","","","","","Poke Bowl Salmon Detox","21bc6805-80a9-4a95-af92-5babc719d1c8","Saumon, avocat, edamame, radis, salade de légumes croquants, fenouil, chou rouge, oignon rouge, gingembre mariné, menthe, 7 épices, sésame, sauce citronnée","$15.90","$15.90","REGULAR","","","","","","$0.00","$0.00","","","","","","","","FALSE","FALSE","FALSE","FALSE","FALSE","FALSE","FALSE","FALSE","0:00","0:00","Choix protéines supplémentaires (5 maximum)","c4fd14a7-35d8-40b3-bbf1-7004329afbf0","","4","1","Saumon mariné","7f6035b0-2994-4239-8ede-b22e742a568a","$2.50","$2.50","REGULAR","3497","","","1","$0.00","",""
"Poke Bowls","c03e171c-eda6-495f-842b-888aa1a9b446","","NO_TAX","TRUE","TRUE","","FALSE","FALSE","FALSE","FALSE","FALSE","FALSE","FALSE","FALSE","0:00","0:00","","","","","","","","","","","","","","","","","","Poke Bowl Salmon Detox","21bc6805-80a9-4a95-af92-5babc719d1c8","Saumon, avocat, edamame, radis, salade de légumes croquants, fenouil, chou rouge, oignon rouge, gingembre mariné, menthe, 7 épices, sésame, sauce citronnée","$15.90","$15.90","REGULAR","","","","","","$0.00","$0.00","","","","","","","","FALSE","FALSE","FALSE","FALSE","FALSE","FALSE","FALSE","FALSE","0:00","0:00","Choix protéines supplémentaires (5 maximum)","c4fd14a7-35d8-40b3-bbf1-7004329afbf0","","4","1","Fried chicken","1c27b33d-d4e1-4de0-abe9-7c5530272f25","$2.50","$2.50","REGULAR","3509","","","1","$0.00","",""
"Poke Bowls","c03e171c-eda6-495f-842b-888aa1a9b446","","NO_TAX","TRUE","TRUE","","FALSE","FALSE","FALSE","FALSE","FALSE","FALSE","FALSE","FALSE","0:00","0:00","","","","","","","","","","","","","","","","","","Poke Bowl Salmon Detox","21bc6805-80a9-4a95-af92-5babc719d1c8","Saumon, avocat, edamame, radis, salade de légumes croquants, fenouil, chou rouge, oignon rouge, gingembre mariné, menthe, 7 épices, sésame, sauce citronnée","$15.90","$15.90","REGULAR","","","","","","$0.00","$0.00","","","","","","","","FALSE","FALSE","FALSE","FALSE","FALSE","FALSE","FALSE","FALSE","0:00","0:00","Choix protéines supplémentaires (5 maximum)","c4fd14a7-35d8-40b3-bbf1-7004329afbf0","","4","1","Thon spicy","389619ce-7114-404a-8ba7-3bdaeafad40a","$2.50","$2.50","REGULAR","3503","","","1","$0.00","",""
"Poke Bowls","c03e171c-eda6-495f-842b-888aa1a9b446","","NO_TAX","TRUE","TRUE","","FALSE","FALSE","FALSE","FALSE","FALSE","FALSE","FALSE","FALSE","0:00","0:00","","","","","","","","","","","","","","","","","","Poke Bowl Salmon Detox","21bc6805-80a9-4a95-af92-5babc719d1c8","Saumon, avocat, edamame, radis, salade de légumes croquants, fenouil, chou rouge, oignon rouge, gingembre mariné, menthe, 7 épices, sésame, sauce citronnée","$15.90","$15.90","REGULAR","","","","","","$0.00","$0.00","","","","","","","","FALSE","FALSE","FALSE","FALSE","FALSE","FALSE","FALSE","FALSE","0:00","0:00","Choix accompagnements supplémentaires (5 maximum)","57c21d0d-b940-428a-aac7-e74dfa28b39a","","4","1","Avocat","7854f5f2-83e9-476d-b1b4-c15b62118397","$2.00","$2.00","REGULAR","3511","","","1","$0.00","",""
"Poke Bowls","c03e171c-eda6-495f-842b-888aa1a9b446","","NO_TAX","TRUE","TRUE","","FALSE","FALSE","FALSE","FALSE","FALSE","FALSE","FALSE","FALSE","0:00","0:00","","","","","","","","","","","","","","","","","","Poke Bowl Salmon Detox","21bc6805-80a9-4a95-af92-5babc719d1c8","Saumon, avocat, edamame, radis, salade de légumes croquants, fenouil, chou rouge, oignon rouge, gingembre mariné, menthe, 7 épices, sésame, sauce citronnée","$15.90","$15.90","REGULAR","","","","","","$0.00","$0.00","","","","","","","","FALSE","FALSE","FALSE","FALSE","FALSE","FALSE","FALSE","FALSE","0:00","0:00","Choix accompagnements supplémentaires (5 maximum)","57c21d0d-b940-428a-aac7-e74dfa28b39a","","4","1","Edamame","401efec4-6d37-48ae-bbe2-c4a07fb0f87a","$1.00","$1.00","REGULAR","3515","","","1","$0.00","",""
"Poke Bowls","c03e171c-eda6-495f-842b-888aa1a9b446","","NO_TAX","TRUE","TRUE","","FALSE","FALSE","FALSE","FALSE","FALSE","FALSE","FALSE","FALSE","0:00","0:00","","","","","","","","","","","","","","","","","","Poke Bowl Salmon Detox","21bc6805-80a9-4a95-af92-5babc719d1c8","Saumon, avocat, edamame, radis, salade de légumes croquants, fenouil, chou rouge, oignon rouge, gingembre mariné, menthe, 7 épices, sésame, sauce citronnée","$15.90","$15.90","REGULAR","","","","","","$0.00","$0.00","","","","","","","","FALSE","FALSE","FALSE","FALSE","FALSE","FALSE","FALSE","FALSE","0:00","0:00","Choix accompagnements supplémentaires (5 maximum)","57c21d0d-b940-428a-aac7-e74dfa28b39a","","4","1","Ananas","927bfce3-ee7a-4b3f-9e52-ad2e47ef2d73","$1.00","$1.00","REGULAR","3529","","","1","$0.00","",""
"Poke Bowls","c03e171c-eda6-495f-842b-888aa1a9b446","","NO_TAX","TRUE","TRUE","","FALSE","FALSE","FALSE","FALSE","FALSE","FALSE","FALSE","FALSE","0:00","0:00","","","","","","","","","","","","","","","","","","Poke Bowl Salmon Detox","21bc6805-80a9-4a95-af92-5babc719d1c8","Saumon, avocat, edamame, radis, salade de légumes croquants, fenouil, chou rouge, oignon rouge, gingembre mariné, menthe, 7 épices, sésame, sauce citronnée","$15.90","$15.90","REGULAR","","","","","","$0.00","$0.00","","","","","","","","FALSE","FALSE","FALSE","FALSE","FALSE","FALSE","FALSE","FALSE","0:00","0:00","Choix accompagnements supplémentaires (5 maximum)","57c21d0d-b940-428a-aac7-e74dfa28b39a","","4","1","Mangue","17610816-37b0-4d32-aa49-2d8af17df34c","$1.50","$1.50","REGULAR","4659","","1","1","$0.00","1",""
"Poke Bowls","c03e171c-eda6-495f-842b-888aa1a9b446","","NO_TAX","TRUE","TRUE","","FALSE","FALSE","FALSE","FALSE","FALSE","FALSE","FALSE","FALSE","0:00","0:00","","","","","","","","","","","","","","","","","","Poke Bowl Salmon Detox","21bc6805-80a9-4a95-af92-5babc719d1c8","Saumon, avocat, edamame, radis, salade de légumes croquants, fenouil, chou rouge, oignon rouge, gingembre mariné, menthe, 7 épices, sésame, sauce citronnée","$15.90","$15.90","REGULAR","","","","","","$0.00","$0.00","","","","","","","","FALSE","FALSE","FALSE","FALSE","FALSE","FALSE","FALSE","FALSE","0:00","0:00","Choix toppings supplémentaires (5 maximum)","40d8231d-1ced-4505-979b-cb1fedbe6508","","1","1","Oignons frits","15ee197c-9752-4bcc-91db-73aef35b6921","$0.50","$0.50","REGULAR","3541","","","1","$0.00","",""
"Poke Bowls","c03e171c-eda6-495f-842b-888aa1a9b446","","NO_TAX","TRUE","TRUE","","FALSE","FALSE","FALSE","FALSE","FALSE","FALSE","FALSE","FALSE","0:00","0:00","","","","","","","","","","","","","","","","","","Poke Bowl Salmon Aburi","87a63969-7407-440a-8dd6-bb25d8b0116a","Saumon snacké, avocat, edamame, radis, salade de légumes croquants, fenouil, chou rouge, pickles de concombre, 7 épices, sésame, mayonnaise teriyaki, sauce citronnée","$15.90","$15.90","REGULAR","","","","","","$0.00","$0.00","","","","","","","","FALSE","FALSE","FALSE","FALSE","FALSE","FALSE","FALSE","FALSE","0:00","0:00","Sélectionnez la taille de votre poké","aac3e07a-1730-4343-b9c1-2e1ed64ca7c6","1","1","1","Médium","0b03a686-5dda-4ec4-a25f-0afb76f70cfb","$0.00","$0.00","REGULAR","3331","","","1","$0.00","",""
"Poke Bowls","c03e171c-eda6-495f-842b-888aa1a9b446","","NO_TAX","TRUE","TRUE","","FALSE","FALSE","FALSE","FALSE","FALSE","FALSE","FALSE","FALSE","0:00","0:00","","","","","","","","","","","","","","","","","","Poke Bowl Salmon Aburi","87a63969-7407-440a-8dd6-bb25d8b0116a","Saumon snacké, avocat, edamame, radis, salade de légumes croquants, fenouil, chou rouge, pickles de concombre, 7 épices, sésame, mayonnaise teriyaki, sauce citronnée","$15.90","$15.90","REGULAR","","","","","","$0.00","$0.00","","","","","","","","FALSE","FALSE","FALSE","FALSE","FALSE","FALSE","FALSE","FALSE","0:00","0:00","Sélectionnez la taille de votre poké","aac3e07a-1730-4343-b9c1-2e1ed64ca7c6","1","1","1","Large","25bd3186-2ea4-454d-bb91-e2deb65a0e35","$3.00","$3.00","REGULAR","3333","","","1","$0.00","",""
"Poke Bowls","c03e171c-eda6-495f-842b-888aa1a9b446","","NO_TAX","TRUE","TRUE","","FALSE","FALSE","FALSE","FALSE","FALSE","FALSE","FALSE","FALSE","0:00","0:00","","","","","","","","","","","","","","","","","","Poke Bowl Salmon Aburi","87a63969-7407-440a-8dd6-bb25d8b0116a","Saumon snacké, avocat, edamame, radis, salade de légumes croquants, fenouil, chou rouge, pickles de concombre, 7 épices, sésame, mayonnaise teriyaki, sauce citronnée","$15.90","$15.90","REGULAR","","","","","","$0.00","$0.00","","","","","","","","FALSE","FALSE","FALSE","FALSE","FALSE","FALSE","FALSE","FALSE","0:00","0:00","Choix base","544f1b5e-b44f-4da2-b59f-1d0e0909b6eb","1","1","1","Riz vinaigré","7ec3e848-b102-42a6-838b-f6199f71eade","$0.00","$0.00","REGULAR","3327","","","1","$0.00","",""
"Poke Bowls","c03e171c-eda6-495f-842b-888aa1a9b446","","NO_TAX","TRUE","TRUE","","FALSE","FALSE","FALSE","FALSE","FALSE","FALSE","FALSE","FALSE","0:00","0:00","","","","","","","","","","","","","","","","","","Poke Bowl Salmon Aburi","87a63969-7407-440a-8dd6-bb25d8b0116a","Saumon snacké, avocat, edamame, radis, salade de légumes croquants, fenouil, chou rouge, pickles de concombre, 7 épices, sésame, mayonnaise teriyaki, sauce citronnée","$15.90","$15.90","REGULAR","","","","","","$0.00","$0.00","","","","","","","","FALSE","FALSE","FALSE","FALSE","FALSE","FALSE","FALSE","FALSE","0:00","0:00","Choix protéines supplémentaires (5 maximum)","c4fd14a7-35d8-40b3-bbf1-7004329afbf0","","4","1","Saumon teriyaki","ba4a8d3d-bfd3-476f-90b7-e8fe25a0aa9b","$2.50","$2.50","REGULAR","3499","","","1","$0.00","",""
"Poke Bowls","c03e171c-eda6-495f-842b-888aa1a9b446","","NO_TAX","TRUE","TRUE","","FALSE","FALSE","FALSE","FALSE","FALSE","FALSE","FALSE","FALSE","0:00","0:00","","","","","","","","","","","","","","","","","","Poke Bowl Salmon Aburi","87a63969-7407-440a-8dd6-bb25d8b0116a","Saumon snacké, avocat, edamame, radis, salade de légumes croquants, fenouil, chou rouge, pickles de concombre, 7 épices, sésame, mayonnaise teriyaki, sauce citronnée","$15.90","$15.90","REGULAR","","","","","","$0.00","$0.00","","","","","","","","FALSE","FALSE","FALSE","FALSE","FALSE","FALSE","FALSE","FALSE","0:00","0:00","Choix protéines supplémentaires (5 maximum)","c4fd14a7-35d8-40b3-bbf1-7004329afbf0","","4","1","Saumon mariné","7f6035b0-2994-4239-8ede-b22e742a568a","$2.50","$2.50","REGULAR","3497","","","1","$0.00","",""
"Poke Bowls","c03e171c-eda6-495f-842b-888aa1a9b446","","NO_TAX","TRUE","TRUE","","FALSE","FALSE","FALSE","FALSE","FALSE","FALSE","FALSE","FALSE","0:00","0:00","","","","","","","","","","","","","","","","","","Poke Bowl Salmon Aburi","87a63969-7407-440a-8dd6-bb25d8b0116a","Saumon snacké, avocat, edamame, radis, salade de légumes croquants, fenouil, chou rouge, pickles de concombre, 7 épices, sésame, mayonnaise teriyaki, sauce citronnée","$15.90","$15.90","REGULAR","","","","","","$0.00","$0.00","","","","","","","","FALSE","FALSE","FALSE","FALSE","FALSE","FALSE","FALSE","FALSE","0:00","0:00","Choix protéines supplémentaires (5 maximum)","c4fd14a7-35d8-40b3-bbf1-7004329afbf0","","4","1","Fried chicken","1c27b33d-d4e1-4de0-abe9-7c5530272f25","$2.50","$2.50","REGULAR","3509","","","1","$0.00","",""
"Poke Bowls","c03e171c-eda6-495f-842b-888aa1a9b446","","NO_TAX","TRUE","TRUE","","FALSE","FALSE","FALSE","FALSE","FALSE","FALSE","FALSE","FALSE","0:00","0:00","","","","","","","","","","","","","","","","","","Poke Bowl Salmon Aburi","87a63969-7407-440a-8dd6-bb25d8b0116a","Saumon snacké, avocat, edamame, radis, salade de légumes croquants, fenouil, chou rouge, pickles de concombre, 7 épices, sésame, mayonnaise teriyaki, sauce citronnée","$15.90","$15.90","REGULAR","","","","","","$0.00","$0.00","","","","","","","","FALSE","FALSE","FALSE","FALSE","FALSE","FALSE","FALSE","FALSE","0:00","0:00","Choix protéines supplémentaires (5 maximum)","c4fd14a7-35d8-40b3-bbf1-7004329afbf0","","4","1","Thon spicy","389619ce-7114-404a-8ba7-3bdaeafad40a","$2.50","$2.50","REGULAR","3503","","","1","$0.00","",""
"Poke Bowls","c03e171c-eda6-495f-842b-888aa1a9b446","","NO_TAX","TRUE","TRUE","","FALSE","FALSE","FALSE","FALSE","FALSE","FALSE","FALSE","FALSE","0:00","0:00","","","","","","","","","","","","","","","","","","Poke Bowl Salmon Aburi","87a63969-7407-440a-8dd6-bb25d8b0116a","Saumon snacké, avocat, edamame, radis, salade de légumes croquants, fenouil, chou rouge, pickles de concombre, 7 épices, sésame, mayonnaise teriyaki, sauce citronnée","$15.90","$15.90","REGULAR","","","","","","$0.00","$0.00","","","","","","","","FALSE","FALSE","FALSE","FALSE","FALSE","FALSE","FALSE","FALSE","0:00","0:00","Choix accompagnements supplémentaires (5 maximum)","57c21d0d-b940-428a-aac7-e74dfa28b39a","","4","1","Avocat","7854f5f2-83e9-476d-b1b4-c15b62118397","$2.00","$2.00","REGULAR","3511","","","1","$0.00","",""
"Poke Bowls","c03e171c-eda6-495f-842b-888aa1a9b446","","NO_TAX","TRUE","TRUE","","FALSE","FALSE","FALSE","FALSE","FALSE","FALSE","FALSE","FALSE","0:00","0:00","","","","","","","","","","","","","","","","","","Poke Bowl Salmon Aburi","87a63969-7407-440a-8dd6-bb25d8b0116a","Saumon snacké, avocat, edamame, radis, salade de légumes croquants, fenouil, chou rouge, pickles de concombre, 7 épices, sésame, mayonnaise teriyaki, sauce citronnée","$15.90","$15.90","REGULAR","","","","","","$0.00","$0.00","","","","","","","","FALSE","FALSE","FALSE","FALSE","FALSE","FALSE","FALSE","FALSE","0:00","0:00","Choix accompagnements supplémentaires (5 maximum)","57c21d0d-b940-428a-aac7-e74dfa28b39a","","4","1","Edamame","401efec4-6d37-48ae-bbe2-c4a07fb0f87a","$1.00","$1.00","REGULAR","3515","","","1","$0.00","",""
"Poke Bowls","c03e171c-eda6-495f-842b-888aa1a9b446","","NO_TAX","TRUE","TRUE","","FALSE","FALSE","FALSE","FALSE","FALSE","FALSE","FALSE","FALSE","0:00","0:00","","","","","","","","","","","","","","","","","","Poke Bowl Salmon Aburi","87a63969-7407-440a-8dd6-bb25d8b0116a","Saumon snacké, avocat, edamame, radis, salade de légumes croquants, fenouil, chou rouge, pickles de concombre, 7 épices, sésame, mayonnaise teriyaki, sauce citronnée","$15.90","$15.90","REGULAR","","","","","","$0.00","$0.00","","","","","","","","FALSE","FALSE","FALSE","FALSE","FALSE","FALSE","FALSE","FALSE","0:00","0:00","Choix accompagnements supplémentaires (5 maximum)","57c21d0d-b940-428a-aac7-e74dfa28b39a","","4","1","Ananas","927bfce3-ee7a-4b3f-9e52-ad2e47ef2d73","$1.00","$1.00","REGULAR","3529","","","1","$0.00","",""
"Poke Bowls","c03e171c-eda6-495f-842b-888aa1a9b446","","NO_TAX","TRUE","TRUE","","FALSE","FALSE","FALSE","FALSE","FALSE","FALSE","FALSE","FALSE","0:00","0:00","","","","","","","","","","","","","","","","","","Poke Bowl Salmon Aburi","87a63969-7407-440a-8dd6-bb25d8b0116a","Saumon snacké, avocat, edamame, radis, salade de légumes croquants, fenouil, chou rouge, pickles de concombre, 7 épices, sésame, mayonnaise teriyaki, sauce citronnée","$15.90","$15.90","REGULAR","","","","","","$0.00","$0.00","","","","","","","","FALSE","FALSE","FALSE","FALSE","FALSE","FALSE","FALSE","FALSE","0:00","0:00","Choix accompagnements supplémentaires (5 maximum)","57c21d0d-b940-428a-aac7-e74dfa28b39a","","4","1","Mangue","17610816-37b0-4d32-aa49-2d8af17df34c","$1.50","$1.50","REGULAR","4659","","1","1","$0.00","1",""
"Poke Bowls","c03e171c-eda6-495f-842b-888aa1a9b446","","NO_TAX","TRUE","TRUE","","FALSE","FALSE","FALSE","FALSE","FALSE","FALSE","FALSE","FALSE","0:00","0:00","","","","","","","","","","","","","","","","","","Poke Bowl Salmon Aburi","87a63969-7407-440a-8dd6-bb25d8b0116a","Saumon snacké, avocat, edamame, radis, salade de légumes croquants, fenouil, chou rouge, pickles de concombre, 7 épices, sésame, mayonnaise teriyaki, sauce citronnée","$15.90","$15.90","REGULAR","","","","","","$0.00","$0.00","","","","","","","","FALSE","FALSE","FALSE","FALSE","FALSE","FALSE","FALSE","FALSE","0:00","0:00","Choix toppings supplémentaires (5 maximum)","40d8231d-1ced-4505-979b-cb1fedbe6508","","1","1","Oignons frits","15ee197c-9752-4bcc-91db-73aef35b6921","$0.50","$0.50","REGULAR","3541","","","1","$0.00","",""
"Poke Bowls","c03e171c-eda6-495f-842b-888aa1a9b446","","NO_TAX","TRUE","TRUE","","FALSE","FALSE","FALSE","FALSE","FALSE","FALSE","FALSE","FALSE","0:00","0:00","","","","","","","","","","","","","","","","","","Poke Bowl Fried Chicken","08214b06-444c-40a6-b5f6-35ca4b0cc071","Poulet, avocat, edamame, radis, salade de légumes croquants, fenouil, chou rouge, sésame, piment rouge, ciboulette, mayonnaise épicée, sauce citronnée","$15.90","$15.90","REGULAR","","","","","","$0.00","$0.00","","","","","","","","FALSE","FALSE","FALSE","FALSE","FALSE","FALSE","FALSE","FALSE","0:00","0:00","Sélectionnez la taille de votre poké","aac3e07a-1730-4343-b9c1-2e1ed64ca7c6","1","1","1","Médium","0b03a686-5dda-4ec4-a25f-0afb76f70cfb","$0.00","$0.00","REGULAR","3331","","","1","$0.00","",""
"Poke Bowls","c03e171c-eda6-495f-842b-888aa1a9b446","","NO_TAX","TRUE","TRUE","","FALSE","FALSE","FALSE","FALSE","FALSE","FALSE","FALSE","FALSE","0:00","0:00","","","","","","","","","","","","","","","","","","Poke Bowl Fried Chicken","08214b06-444c-40a6-b5f6-35ca4b0cc071","Poulet, avocat, edamame, radis, salade de légumes croquants, fenouil, chou rouge, sésame, piment rouge, ciboulette, mayonnaise épicée, sauce citronnée","$15.90","$15.90","REGULAR","","","","","","$0.00","$0.00","","","","","","","","FALSE","FALSE","FALSE","FALSE","FALSE","FALSE","FALSE","FALSE","0:00","0:00","Sélectionnez la taille de votre poké","aac3e07a-1730-4343-b9c1-2e1ed64ca7c6","1","1","1","Large","25bd3186-2ea4-454d-bb91-e2deb65a0e35","$3.00","$3.00","REGULAR","3333","","","1","$0.00","",""
"Poke Bowls","c03e171c-eda6-495f-842b-888aa1a9b446","","NO_TAX","TRUE","TRUE","","FALSE","FALSE","FALSE","FALSE","FALSE","FALSE","FALSE","FALSE","0:00","0:00","","","","","","","","","","","","","","","","","","Poke Bowl Fried Chicken","08214b06-444c-40a6-b5f6-35ca4b0cc071","Poulet, avocat, edamame, radis, salade de légumes croquants, fenouil, chou rouge, sésame, piment rouge, ciboulette, mayonnaise épicée, sauce citronnée","$15.90","$15.90","REGULAR","","","","","","$0.00","$0.00","","","","","","","","FALSE","FALSE","FALSE","FALSE","FALSE","FALSE","FALSE","FALSE","0:00","0:00","Choix base","544f1b5e-b44f-4da2-b59f-1d0e0909b6eb","1","1","1","Riz vinaigré","7ec3e848-b102-42a6-838b-f6199f71eade","$0.00","$0.00","REGULAR","3327","","","1","$0.00","",""
"Poke Bowls","c03e171c-eda6-495f-842b-888aa1a9b446","","NO_TAX","TRUE","TRUE","","FALSE","FALSE","FALSE","FALSE","FALSE","FALSE","FALSE","FALSE","0:00","0:00","","","","","","","","","","","","","","","","","","Poke Bowl Fried Chicken","08214b06-444c-40a6-b5f6-35ca4b0cc071","Poulet, avocat, edamame, radis, salade de légumes croquants, fenouil, chou rouge, sésame, piment rouge, ciboulette, mayonnaise épicée, sauce citronnée","$15.90","$15.90","REGULAR","","","","","","$0.00","$0.00","","","","","","","","FALSE","FALSE","FALSE","FALSE","FALSE","FALSE","FALSE","FALSE","0:00","0:00","Choix protéines supplémentaires (5 maximum)","c4fd14a7-35d8-40b3-bbf1-7004329afbf0","","4","1","Saumon teriyaki","ba4a8d3d-bfd3-476f-90b7-e8fe25a0aa9b","$2.50","$2.50","REGULAR","3499","","","1","$0.00","",""
"Poke Bowls","c03e171c-eda6-495f-842b-888aa1a9b446","","NO_TAX","TRUE","TRUE","","FALSE","FALSE","FALSE","FALSE","FALSE","FALSE","FALSE","FALSE","0:00","0:00","","","","","","","","","","","","","","","","","","Poke Bowl Fried Chicken","08214b06-444c-40a6-b5f6-35ca4b0cc071","Poulet, avocat, edamame, radis, salade de légumes croquants, fenouil, chou rouge, sésame, piment rouge, ciboulette, mayonnaise épicée, sauce citronnée","$15.90","$15.90","REGULAR","","","","","","$0.00","$0.00","","","","","","","","FALSE","FALSE","FALSE","FALSE","FALSE","FALSE","FALSE","FALSE","0:00","0:00","Choix protéines supplémentaires (5 maximum)","c4fd14a7-35d8-40b3-bbf1-7004329afbf0","","4","1","Saumon mariné","7f6035b0-2994-4239-8ede-b22e742a568a","$2.50","$2.50","REGULAR","3497","","","1","$0.00","",""
"Poke Bowls","c03e171c-eda6-495f-842b-888aa1a9b446","","NO_TAX","TRUE","TRUE","","FALSE","FALSE","FALSE","FALSE","FALSE","FALSE","FALSE","FALSE","0:00","0:00","","","","","","","","","","","","","","","","","","Poke Bowl Fried Chicken","08214b06-444c-40a6-b5f6-35ca4b0cc071","Poulet, avocat, edamame, radis, salade de légumes croquants, fenouil, chou rouge, sésame, piment rouge, ciboulette, mayonnaise épicée, sauce citronnée","$15.90","$15.90","REGULAR","","","","","","$0.00","$0.00","","","","","","","","FALSE","FALSE","FALSE","FALSE","FALSE","FALSE","FALSE","FALSE","0:00","0:00","Choix protéines supplémentaires (5 maximum)","c4fd14a7-35d8-40b3-bbf1-7004329afbf0","","4","1","Fried chicken","1c27b33d-d4e1-4de0-abe9-7c5530272f25","$2.50","$2.50","REGULAR","3509","","","1","$0.00","",""
"Poke Bowls","c03e171c-eda6-495f-842b-888aa1a9b446","","NO_TAX","TRUE","TRUE","","FALSE","FALSE","FALSE","FALSE","FALSE","FALSE","FALSE","FALSE","0:00","0:00","","","","","","","","","","","","","","","","","","Poke Bowl Fried Chicken","08214b06-444c-40a6-b5f6-35ca4b0cc071","Poulet, avocat, edamame, radis, salade de légumes croquants, fenouil, chou rouge, sésame, piment rouge, ciboulette, mayonnaise épicée, sauce citronnée","$15.90","$15.90","REGULAR","","","","","","$0.00","$0.00","","","","","","","","FALSE","FALSE","FALSE","FALSE","FALSE","FALSE","FALSE","FALSE","0:00","0:00","Choix protéines supplémentaires (5 maximum)","c4fd14a7-35d8-40b3-bbf1-7004329afbf0","","4","1","Thon spicy","389619ce-7114-404a-8ba7-3bdaeafad40a","$2.50","$2.50","REGULAR","3503","","","1","$0.00","",""
"Poke Bowls","c03e171c-eda6-495f-842b-888aa1a9b446","","NO_TAX","TRUE","TRUE","","FALSE","FALSE","FALSE","FALSE","FALSE","FALSE","FALSE","FALSE","0:00","0:00","","","","","","","","","","","","","","","","","","Poke Bowl Fried Chicken","08214b06-444c-40a6-b5f6-35ca4b0cc071","Poulet, avocat, edamame, radis, salade de légumes croquants, fenouil, chou rouge, sésame, piment rouge, ciboulette, mayonnaise épicée, sauce citronnée","$15.90","$15.90","REGULAR","","","","","","$0.00","$0.00","","","","","","","","FALSE","FALSE","FALSE","FALSE","FALSE","FALSE","FALSE","FALSE","0:00","0:00","Choix accompagnements supplémentaires (5 maximum)","57c21d0d-b940-428a-aac7-e74dfa28b39a","","4","1","Avocat","7854f5f2-83e9-476d-b1b4-c15b62118397","$2.00","$2.00","REGULAR","3511","","","1","$0.00","",""
"Poke Bowls","c03e171c-eda6-495f-842b-888aa1a9b446","","NO_TAX","TRUE","TRUE","","FALSE","FALSE","FALSE","FALSE","FALSE","FALSE","FALSE","FALSE","0:00","0:00","","","","","","","","","","","","","","","","","","Poke Bowl Fried Chicken","08214b06-444c-40a6-b5f6-35ca4b0cc071","Poulet, avocat, edamame, radis, salade de légumes croquants, fenouil, chou rouge, sésame, piment rouge, ciboulette, mayonnaise épicée, sauce citronnée","$15.90","$15.90","REGULAR","","","","","","$0.00","$0.00","","","","","","","","FALSE","FALSE","FALSE","FALSE","FALSE","FALSE","FALSE","FALSE","0:00","0:00","Choix accompagnements supplémentaires (5 maximum)","57c21d0d-b940-428a-aac7-e74dfa28b39a","","4","1","Edamame","401efec4-6d37-48ae-bbe2-c4a07fb0f87a","$1.00","$1.00","REGULAR","3515","","","1","$0.00","",""
"Poke Bowls","c03e171c-eda6-495f-842b-888aa1a9b446","","NO_TAX","TRUE","TRUE","","FALSE","FALSE","FALSE","FALSE","FALSE","FALSE","FALSE","FALSE","0:00","0:00","","","","","","","","","","","","","","","","","","Poke Bowl Fried Chicken","08214b06-444c-40a6-b5f6-35ca4b0cc071","Poulet, avocat, edamame, radis, salade de légumes croquants, fenouil, chou rouge, sésame, piment rouge, ciboulette, mayonnaise épicée, sauce citronnée","$15.90","$15.90","REGULAR","","","","","","$0.00","$0.00","","","","","","","","FALSE","FALSE","FALSE","FALSE","FALSE","FALSE","FALSE","FALSE","0:00","0:00","Choix accompagnements supplémentaires (5 maximum)","57c21d0d-b940-428a-aac7-e74dfa28b39a","","4","1","Ananas","927bfce3-ee7a-4b3f-9e52-ad2e47ef2d73","$1.00","$1.00","REGULAR","3529","","","1","$0.00","",""
"Poke Bowls","c03e171c-eda6-495f-842b-888aa1a9b446","","NO_TAX","TRUE","TRUE","","FALSE","FALSE","FALSE","FALSE","FALSE","FALSE","FALSE","FALSE","0:00","0:00","","","","","","","","","","","","","","","","","","Poke Bowl Fried Chicken","08214b06-444c-40a6-b5f6-35ca4b0cc071","Poulet, avocat, edamame, radis, salade de légumes croquants, fenouil, chou rouge, sésame, piment rouge, ciboulette, mayonnaise épicée, sauce citronnée","$15.90","$15.90","REGULAR","","","","","","$0.00","$0.00","","","","","","","","FALSE","FALSE","FALSE","FALSE","FALSE","FALSE","FALSE","FALSE","0:00","0:00","Choix accompagnements supplémentaires (5 maximum)","57c21d0d-b940-428a-aac7-e74dfa28b39a","","4","1","Mangue","17610816-37b0-4d32-aa49-2d8af17df34c","$1.50","$1.50","REGULAR","4659","","1","1","$0.00","1",""
"Poke Bowls","c03e171c-eda6-495f-842b-888aa1a9b446","","NO_TAX","TRUE","TRUE","","FALSE","FALSE","FALSE","FALSE","FALSE","FALSE","FALSE","FALSE","0:00","0:00","","","","","","","","","","","","","","","","","","Poke Bowl Fried Chicken","08214b06-444c-40a6-b5f6-35ca4b0cc071","Poulet, avocat, edamame, radis, salade de légumes croquants, fenouil, chou rouge, sésame, piment rouge, ciboulette, mayonnaise épicée, sauce citronnée","$15.90","$15.90","REGULAR","","","","","","$0.00","$0.00","","","","","","","","FALSE","FALSE","FALSE","FALSE","FALSE","FALSE","FALSE","FALSE","0:00","0:00","Choix toppings supplémentaires (5 maximum)","40d8231d-1ced-4505-979b-cb1fedbe6508","","1","1","Oignons frits","15ee197c-9752-4bcc-91db-73aef35b6921","$0.50","$0.50","REGULAR","3541","","","1","$0.00","",""
"Poke Bowls","c03e171c-eda6-495f-842b-888aa1a9b446","","NO_TAX","TRUE","TRUE","","FALSE","FALSE","FALSE","FALSE","FALSE","FALSE","FALSE","FALSE","0:00","0:00","","","","","","","","","","","","","","","","","","Poke Bowl Thon Spicy","bd94a483-064a-49b5-b114-dd3d84b4daa5","Thon, avocat, salade de chou, Iki Masagi, ciboulette thaï, sésame, mayonnaise épicée","$15.90","$15.90","REGULAR","","","","","","$0.00","$0.00","","","","","","","","FALSE","FALSE","FALSE","FALSE","FALSE","FALSE","FALSE","FALSE","0:00","0:00","Sélectionnez la taille de votre poké","aac3e07a-1730-4343-b9c1-2e1ed64ca7c6","1","1","1","Médium","0b03a686-5dda-4ec4-a25f-0afb76f70cfb","$0.00","$0.00","REGULAR","3331","","","1","$0.00","",""
"Poke Bowls","c03e171c-eda6-495f-842b-888aa1a9b446","","NO_TAX","TRUE","TRUE","","FALSE","FALSE","FALSE","FALSE","FALSE","FALSE","FALSE","FALSE","0:00","0:00","","","","","","","","","","","","","","","","","","Poke Bowl Thon Spicy","bd94a483-064a-49b5-b114-dd3d84b4daa5","Thon, avocat, salade de chou, Iki Masagi, ciboulette thaï, sésame, mayonnaise épicée","$15.90","$15.90","REGULAR","","","","","","$0.00","$0.00","","","","","","","","FALSE","FALSE","FALSE","FALSE","FALSE","FALSE","FALSE","FALSE","0:00","0:00","Sélectionnez la taille de votre poké","aac3e07a-1730-4343-b9c1-2e1ed64ca7c6","1","1","1","Large","25bd3186-2ea4-454d-bb91-e2deb65a0e35","$3.00","$3.00","REGULAR","3333","","","1","$0.00","",""
"Poke Bowls","c03e171c-eda6-495f-842b-888aa1a9b446","","NO_TAX","TRUE","TRUE","","FALSE","FALSE","FALSE","FALSE","FALSE","FALSE","FALSE","FALSE","0:00","0:00","","","","","","","","","","","","","","","","","","Poke Bowl Thon Spicy","bd94a483-064a-49b5-b114-dd3d84b4daa5","Thon, avocat, salade de chou, Iki Masagi, ciboulette thaï, sésame, mayonnaise épicée","$15.90","$15.90","REGULAR","","","","","","$0.00","$0.00","","","","","","","","FALSE","FALSE","FALSE","FALSE","FALSE","FALSE","FALSE","FALSE","0:00","0:00","Choix base","544f1b5e-b44f-4da2-b59f-1d0e0909b6eb","1","1","1","Riz vinaigré","7ec3e848-b102-42a6-838b-f6199f71eade","$0.00","$0.00","REGULAR","3327","","","1","$0.00","",""
"Poke Bowls","c03e171c-eda6-495f-842b-888aa1a9b446","","NO_TAX","TRUE","TRUE","","FALSE","FALSE","FALSE","FALSE","FALSE","FALSE","FALSE","FALSE","0:00","0:00","","","","","","","","","","","","","","","","","","Poke Bowl Thon Spicy","bd94a483-064a-49b5-b114-dd3d84b4daa5","Thon, avocat, salade de chou, Iki Masagi, ciboulette thaï, sésame, mayonnaise épicée","$15.90","$15.90","REGULAR","","","","","","$0.00","$0.00","","","","","","","","FALSE","FALSE","FALSE","FALSE","FALSE","FALSE","FALSE","FALSE","0:00","0:00","Choix protéines supplémentaires (5 maximum)","c4fd14a7-35d8-40b3-bbf1-7004329afbf0","","4","1","Saumon teriyaki","ba4a8d3d-bfd3-476f-90b7-e8fe25a0aa9b","$2.50","$2.50","REGULAR","3499","","","1","$0.00","",""
"Poke Bowls","c03e171c-eda6-495f-842b-888aa1a9b446","","NO_TAX","TRUE","TRUE","","FALSE","FALSE","FALSE","FALSE","FALSE","FALSE","FALSE","FALSE","0:00","0:00","","","","","","","","","","","","","","","","","","Poke Bowl Thon Spicy","bd94a483-064a-49b5-b114-dd3d84b4daa5","Thon, avocat, salade de chou, Iki Masagi, ciboulette thaï, sésame, mayonnaise épicée","$15.90","$15.90","REGULAR","","","","","","$0.00","$0.00","","","","","","","","FALSE","FALSE","FALSE","FALSE","FALSE","FALSE","FALSE","FALSE","0:00","0:00","Choix protéines supplémentaires (5 maximum)","c4fd14a7-35d8-40b3-bbf1-7004329afbf0","","4","1","Saumon mariné","7f6035b0-2994-4239-8ede-b22e742a568a","$2.50","$2.50","REGULAR","3497","","","1","$0.00","",""
"Poke Bowls","c03e171c-eda6-495f-842b-888aa1a9b446","","NO_TAX","TRUE","TRUE","","FALSE","FALSE","FALSE","FALSE","FALSE","FALSE","FALSE","FALSE","0:00","0:00","","","","","","","","","","","","","","","","","","Poke Bowl Thon Spicy","bd94a483-064a-49b5-b114-dd3d84b4daa5","Thon, avocat, salade de chou, Iki Masagi, ciboulette thaï, sésame, mayonnaise épicée","$15.90","$15.90","REGULAR","","","","","","$0.00","$0.00","","","","","","","","FALSE","FALSE","FALSE","FALSE","FALSE","FALSE","FALSE","FALSE","0:00","0:00","Choix protéines supplémentaires (5 maximum)","c4fd14a7-35d8-40b3-bbf1-7004329afbf0","","4","1","Fried chicken","1c27b33d-d4e1-4de0-abe9-7c5530272f25","$2.50","$2.50","REGULAR","3509","","","1","$0.00","",""
"Poke Bowls","c03e171c-eda6-495f-842b-888aa1a9b446","","NO_TAX","TRUE","TRUE","","FALSE","FALSE","FALSE","FALSE","FALSE","FALSE","FALSE","FALSE","0:00","0:00","","","","","","","","","","","","","","","","","","Poke Bowl Thon Spicy","bd94a483-064a-49b5-b114-dd3d84b4daa5","Thon, avocat, salade de chou, Iki Masagi, ciboulette thaï, sésame, mayonnaise épicée","$15.90","$15.90","REGULAR","","","","","","$0.00","$0.00","","","","","","","","FALSE","FALSE","FALSE","FALSE","FALSE","FALSE","FALSE","FALSE","0:00","0:00","Choix protéines supplémentaires (5 maximum)","c4fd14a7-35d8-40b3-bbf1-7004329afbf0","","4","1","Thon spicy","389619ce-7114-404a-8ba7-3bdaeafad40a","$2.50","$2.50","REGULAR","3503","","","1","$0.00","",""
"Poke Bowls","c03e171c-eda6-495f-842b-888aa1a9b446","","NO_TAX","TRUE","TRUE","","FALSE","FALSE","FALSE","FALSE","FALSE","FALSE","FALSE","FALSE","0:00","0:00","","","","","","","","","","","","","","","","","","Poke Bowl Thon Spicy","bd94a483-064a-49b5-b114-dd3d84b4daa5","Thon, avocat, salade de chou, Iki Masagi, ciboulette thaï, sésame, mayonnaise épicée","$15.90","$15.90","REGULAR","","","","","","$0.00","$0.00","","","","","","","","FALSE","FALSE","FALSE","FALSE","FALSE","FALSE","FALSE","FALSE","0:00","0:00","Choix accompagnements supplémentaires (5 maximum)","57c21d0d-b940-428a-aac7-e74dfa28b39a","","4","1","Avocat","7854f5f2-83e9-476d-b1b4-c15b62118397","$2.00","$2.00","REGULAR","3511","","","1","$0.00","",""
"Poke Bowls","c03e171c-eda6-495f-842b-888aa1a9b446","","NO_TAX","TRUE","TRUE","","FALSE","FALSE","FALSE","FALSE","FALSE","FALSE","FALSE","FALSE","0:00","0:00","","","","","","","","","","","","","","","","","","Poke Bowl Thon Spicy","bd94a483-064a-49b5-b114-dd3d84b4daa5","Thon, avocat, salade de chou, Iki Masagi, ciboulette thaï, sésame, mayonnaise épicée","$15.90","$15.90","REGULAR","","","","","","$0.00","$0.00","","","","","","","","FALSE","FALSE","FALSE","FALSE","FALSE","FALSE","FALSE","FALSE","0:00","0:00","Choix accompagnements supplémentaires (5 maximum)","57c21d0d-b940-428a-aac7-e74dfa28b39a","","4","1","Edamame","401efec4-6d37-48ae-bbe2-c4a07fb0f87a","$1.00","$1.00","REGULAR","3515","","","1","$0.00","",""
"Poke Bowls","c03e171c-eda6-495f-842b-888aa1a9b446","","NO_TAX","TRUE","TRUE","","FALSE","FALSE","FALSE","FALSE","FALSE","FALSE","FALSE","FALSE","0:00","0:00","","","","","","","","","","","","","","","","","","Poke Bowl Thon Spicy","bd94a483-064a-49b5-b114-dd3d84b4daa5","Thon, avocat, salade de chou, Iki Masagi, ciboulette thaï, sésame, mayonnaise épicée","$15.90","$15.90","REGULAR","","","","","","$0.00","$0.00","","","","","","","","FALSE","FALSE","FALSE","FALSE","FALSE","FALSE","FALSE","FALSE","0:00","0:00","Choix accompagnements supplémentaires (5 maximum)","57c21d0d-b940-428a-aac7-e74dfa28b39a","","4","1","Ananas","927bfce3-ee7a-4b3f-9e52-ad2e47ef2d73","$1.00","$1.00","REGULAR","3529","","","1","$0.00","",""
"Poke Bowls","c03e171c-eda6-495f-842b-888aa1a9b446","","NO_TAX","TRUE","TRUE","","FALSE","FALSE","FALSE","FALSE","FALSE","FALSE","FALSE","FALSE","0:00","0:00","","","","","","","","","","","","","","","","","","Poke Bowl Thon Spicy","bd94a483-064a-49b5-b114-dd3d84b4daa5","Thon, avocat, salade de chou, Iki Masagi, ciboulette thaï, sésame, mayonnaise épicée","$15.90","$15.90","REGULAR","","","","","","$0.00","$0.00","","","","","","","","FALSE","FALSE","FALSE","FALSE","FALSE","FALSE","FALSE","FALSE","0:00","0:00","Choix accompagnements supplémentaires (5 maximum)","57c21d0d-b940-428a-aac7-e74dfa28b39a","","4","1","Mangue","17610816-37b0-4d32-aa49-2d8af17df34c","$1.50","$1.50","REGULAR","4659","","1","1","$0.00","1",""
"Poke Bowls","c03e171c-eda6-495f-842b-888aa1a9b446","","NO_TAX","TRUE","TRUE","","FALSE","FALSE","FALSE","FALSE","FALSE","FALSE","FALSE","FALSE","0:00","0:00","","","","","","","","","","","","","","","","","","Poke Bowl Thon Spicy","bd94a483-064a-49b5-b114-dd3d84b4daa5","Thon, avocat, salade de chou, Iki Masagi, ciboulette thaï, sésame, mayonnaise épicée","$15.90","$15.90","REGULAR","","","","","","$0.00","$0.00","","","","","","","","FALSE","FALSE","FALSE","FALSE","FALSE","FALSE","FALSE","FALSE","0:00","0:00","Choix toppings supplémentaires (5 maximum)","40d8231d-1ced-4505-979b-cb1fedbe6508","","1","1","Oignons frits","15ee197c-9752-4bcc-91db-73aef35b6921","$0.50","$0.50","REGULAR","3541","","","1","$0.00","",""
"Poke Bowls","c03e171c-eda6-495f-842b-888aa1a9b446","","NO_TAX","TRUE","TRUE","","FALSE","FALSE","FALSE","FALSE","FALSE","FALSE","FALSE","FALSE","0:00","0:00","","","","","","","","","","","","","","","","","","Poke by you","1ed70a64-f0b6-46d2-a059-3b2af73a0502","","$15.90","$15.90","REGULAR","","","","","","$0.00","$0.00","","","","","","","","FALSE","FALSE","FALSE","FALSE","FALSE","FALSE","FALSE","FALSE","0:00","0:00","Choix base","1d9428e6-1c42-4c4c-9b97-c61696581016","1","1","1","Riz vinaigré","3e9f9975-fe3c-4368-9e67-8497d3d3834e","$0.00","$0.00","REGULAR","3327","","","1","$0.00","",""
"Poke Bowls","c03e171c-eda6-495f-842b-888aa1a9b446","","NO_TAX","TRUE","TRUE","","FALSE","FALSE","FALSE","FALSE","FALSE","FALSE","FALSE","FALSE","0:00","0:00","","","","","","","","","","","","","","","","","","Poke by you","1ed70a64-f0b6-46d2-a059-3b2af73a0502","","$15.90","$15.90","REGULAR","","","","","","$0.00","$0.00","","","","","","","","FALSE","FALSE","FALSE","FALSE","FALSE","FALSE","FALSE","FALSE","0:00","0:00","Choix protéines","9878d32f-f5f9-4e49-be6f-3edd4349d910","1","1","1","Salmon aburi","05ec3596-ba81-4a60-90ef-8ae4ec88d6a9","$1.00","$1.00","REGULAR","4037","","","1","$0.00","",""
"Poke Bowls","c03e171c-eda6-495f-842b-888aa1a9b446","","NO_TAX","TRUE","TRUE","","FALSE","FALSE","FALSE","FALSE","FALSE","FALSE","FALSE","FALSE","0:00","0:00","","","","","","","","","","","","","","","","","","Poke by you","1ed70a64-f0b6-46d2-a059-3b2af73a0502","","$15.90","$15.90","REGULAR","","","","","","$0.00","$0.00","","","","","","","","FALSE","FALSE","FALSE","FALSE","FALSE","FALSE","FALSE","FALSE","0:00","0:00","Choix protéines","9878d32f-f5f9-4e49-be6f-3edd4349d910","1","1","1","Saumon","eb516eec-a0ea-4457-9339-faba96299924","$0.00","$0.00","REGULAR","4027","","","1","$0.00","",""
"Poke Bowls","c03e171c-eda6-495f-842b-888aa1a9b446","","NO_TAX","TRUE","TRUE","","FALSE","FALSE","FALSE","FALSE","FALSE","FALSE","FALSE","FALSE","0:00","0:00","","","","","","","","","","","","","","","","","","Poke by you","1ed70a64-f0b6-46d2-a059-3b2af73a0502","","$15.90","$15.90","REGULAR","","","","","","$0.00","$0.00","","","","","","","","FALSE","FALSE","FALSE","FALSE","FALSE","FALSE","FALSE","FALSE","0:00","0:00","Choix protéines","9878d32f-f5f9-4e49-be6f-3edd4349d910","1","1","1","Thon","db2e8931-6713-42aa-bda0-f5a095b75806","$1.00","$1.00","REGULAR","4029","","","1","$0.00","",""
"Poke Bowls","c03e171c-eda6-495f-842b-888aa1a9b446","","NO_TAX","TRUE","TRUE","","FALSE","FALSE","FALSE","FALSE","FALSE","FALSE","FALSE","FALSE","0:00","0:00","","","","","","","","","","","","","","","","","","Poke by you","1ed70a64-f0b6-46d2-a059-3b2af73a0502","","$15.90","$15.90","REGULAR","","","","","","$0.00","$0.00","","","","","","","","FALSE","FALSE","FALSE","FALSE","FALSE","FALSE","FALSE","FALSE","0:00","0:00","Choix protéines","9878d32f-f5f9-4e49-be6f-3edd4349d910","1","1","1","Daurade","c4304e71-8de6-4685-818c-8dd4dde5f725","$1.00","$1.00","REGULAR","4031","","","1","$0.00","",""
"Poke Bowls","c03e171c-eda6-495f-842b-888aa1a9b446","","NO_TAX","TRUE","TRUE","","FALSE","FALSE","FALSE","FALSE","FALSE","FALSE","FALSE","FALSE","0:00","0:00","","","","","","","","","","","","","","","","","","Poke by you","1ed70a64-f0b6-46d2-a059-3b2af73a0502","","$15.90","$15.90","REGULAR","","","","","","$0.00","$0.00","","","","","","","","FALSE","FALSE","FALSE","FALSE","FALSE","FALSE","FALSE","FALSE","0:00","0:00","Choix protéines","9878d32f-f5f9-4e49-be6f-3edd4349d910","1","1","1","Poulet frit","36150cbf-fd6a-41c6-afab-f115a0bd262c","$0.00","$0.00","REGULAR","4035","","","1","$0.00","",""
"Poke Bowls","c03e171c-eda6-495f-842b-888aa1a9b446","","NO_TAX","TRUE","TRUE","","FALSE","FALSE","FALSE","FALSE","FALSE","FALSE","FALSE","FALSE","0:00","0:00","","","","","","","","","","","","","","","","","","Poke by you","1ed70a64-f0b6-46d2-a059-3b2af73a0502","","$15.90","$15.90","REGULAR","","","","","","$0.00","$0.00","","","","","","","","FALSE","FALSE","FALSE","FALSE","FALSE","FALSE","FALSE","FALSE","0:00","0:00","Choix protéines","9878d32f-f5f9-4e49-be6f-3edd4349d910","1","1","1","Sans protéine","0a82653e-344f-4b6c-853a-cb76d5f84888","$0.00","$0.00","REGULAR","4041","","","1","$0.00","",""
"Poke Bowls","c03e171c-eda6-495f-842b-888aa1a9b446","","NO_TAX","TRUE","TRUE","","FALSE","FALSE","FALSE","FALSE","FALSE","FALSE","FALSE","FALSE","0:00","0:00","","","","","","","","","","","","","","","","","","Poke by you","1ed70a64-f0b6-46d2-a059-3b2af73a0502","","$15.90","$15.90","REGULAR","","","","","","$0.00","$0.00","","","","","","","","FALSE","FALSE","FALSE","FALSE","FALSE","FALSE","FALSE","FALSE","0:00","0:00","Choix extra protéines (5 maximum)","119d4fce-1752-4c2a-97ac-005ea950fb23","","4","1","Saumon teriyaki","711c92fa-f002-4755-b4e8-8f5e76663d08","$2.50","$2.50","REGULAR","3499","","","1","$0.00","",""
"Poke Bowls","c03e171c-eda6-495f-842b-888aa1a9b446","","NO_TAX","TRUE","TRUE","","FALSE","FALSE","FALSE","FALSE","FALSE","FALSE","FALSE","FALSE","0:00","0:00","","","","","","","","","","","","","","","","","","Poke by you","1ed70a64-f0b6-46d2-a059-3b2af73a0502","","$15.90","$15.90","REGULAR","","","","","","$0.00","$0.00","","","","","","","","FALSE","FALSE","FALSE","FALSE","FALSE","FALSE","FALSE","FALSE","0:00","0:00","Choix extra protéines (5 maximum)","119d4fce-1752-4c2a-97ac-005ea950fb23","","4","1","Saumon mariné","edd57cb7-6cbd-462c-9891-341d7a2e96de","$2.50","$2.50","REGULAR","3497","","","1","$0.00","",""
"Poke Bowls","c03e171c-eda6-495f-842b-888aa1a9b446","","NO_TAX","TRUE","TRUE","","FALSE","FALSE","FALSE","FALSE","FALSE","FALSE","FALSE","FALSE","0:00","0:00","","","","","","","","","","","","","","","","","","Poke by you","1ed70a64-f0b6-46d2-a059-3b2af73a0502","","$15.90","$15.90","REGULAR","","","","","","$0.00","$0.00","","","","","","","","FALSE","FALSE","FALSE","FALSE","FALSE","FALSE","FALSE","FALSE","0:00","0:00","Choix extra protéines (5 maximum)","119d4fce-1752-4c2a-97ac-005ea950fb23","","4","1","Poulet teriyaki","69b38979-89b5-4a9c-9763-d0a3f114a337","$2.50","$2.50","REGULAR","3509","","","1","$0.00","",""
"Poke Bowls","c03e171c-eda6-495f-842b-888aa1a9b446","","NO_TAX","TRUE","TRUE","","FALSE","FALSE","FALSE","FALSE","FALSE","FALSE","FALSE","FALSE","0:00","0:00","","","","","","","","","","","","","","","","","","Poke by you","1ed70a64-f0b6-46d2-a059-3b2af73a0502","","$15.90","$15.90","REGULAR","","","","","","$0.00","$0.00","","","","","","","","FALSE","FALSE","FALSE","FALSE","FALSE","FALSE","FALSE","FALSE","0:00","0:00","Choix extra protéines (5 maximum)","119d4fce-1752-4c2a-97ac-005ea950fb23","","4","1","Thon spicy","611bd476-48b6-46c1-a4aa-e582d377c986","$2.50","$2.50","REGULAR","3503","","","1","$0.00","",""
"Poke Bowls","c03e171c-eda6-495f-842b-888aa1a9b446","","NO_TAX","TRUE","TRUE","","FALSE","FALSE","FALSE","FALSE","FALSE","FALSE","FALSE","FALSE","0:00","0:00","","","","","","","","","","","","","","","","","","Poke by you","1ed70a64-f0b6-46d2-a059-3b2af73a0502","","$15.90","$15.90","REGULAR","","","","","","$0.00","$0.00","","","","","","","","FALSE","FALSE","FALSE","FALSE","FALSE","FALSE","FALSE","FALSE","0:00","0:00","Choix garniture 1","fb6fc242-b322-4ff3-8152-fc48af5c6a07","1","1","1","Edamame","06c3aa62-3aaa-4a0a-bfc0-26c2de94d2f5","$0.00","$0.00","REGULAR","4043","","","1","$0.00","",""
"Poke Bowls","c03e171c-eda6-495f-842b-888aa1a9b446","","NO_TAX","TRUE","TRUE","","FALSE","FALSE","FALSE","FALSE","FALSE","FALSE","FALSE","FALSE","0:00","0:00","","","","","","","","","","","","","","","","","","Poke by you","1ed70a64-f0b6-46d2-a059-3b2af73a0502","","$15.90","$15.90","REGULAR","","","","","","$0.00","$0.00","","","","","","","","FALSE","FALSE","FALSE","FALSE","FALSE","FALSE","FALSE","FALSE","0:00","0:00","Choix garniture 1","fb6fc242-b322-4ff3-8152-fc48af5c6a07","1","1","1","Concombre en julienne","f9bb379d-c233-4173-a385-0f0fd937ee05","$0.00","$0.00","REGULAR","4059","","","1","$0.00","",""
"Poke Bowls","c03e171c-eda6-495f-842b-888aa1a9b446","","NO_TAX","TRUE","TRUE","","FALSE","FALSE","FALSE","FALSE","FALSE","FALSE","FALSE","FALSE","0:00","0:00","","","","","","","","","","","","","","","","","","Poke by you","1ed70a64-f0b6-46d2-a059-3b2af73a0502","","$15.90","$15.90","REGULAR","","","","","","$0.00","$0.00","","","","","","","","FALSE","FALSE","FALSE","FALSE","FALSE","FALSE","FALSE","FALSE","0:00","0:00","Choix garniture 1","fb6fc242-b322-4ff3-8152-fc48af5c6a07","1","1","1","Salade de chou","bcba4a93-1168-44aa-90cb-5e2721cce0f7","$0.00","$0.00","REGULAR","4045","","","1","$0.00","",""
"Poke Bowls","c03e171c-eda6-495f-842b-888aa1a9b446","","NO_TAX","TRUE","TRUE","","FALSE","FALSE","FALSE","FALSE","FALSE","FALSE","FALSE","FALSE","0:00","0:00","","","","","","","","","","","","","","","","","","Poke by you","1ed70a64-f0b6-46d2-a059-3b2af73a0502","","$15.90","$15.90","REGULAR","","","","","","$0.00","$0.00","","","","","","","","FALSE","FALSE","FALSE","FALSE","FALSE","FALSE","FALSE","FALSE","0:00","0:00","Choix garniture 1","fb6fc242-b322-4ff3-8152-fc48af5c6a07","1","1","1","Légumes croquants","2efbb086-23ee-4281-bb0e-b1bfb45b59d5","$0.00","$0.00","REGULAR","4047","","","1","$0.00","",""
"Poke Bowls","c03e171c-eda6-495f-842b-888aa1a9b446","","NO_TAX","TRUE","TRUE","","FALSE","FALSE","FALSE","FALSE","FALSE","FALSE","FALSE","FALSE","0:00","0:00","","","","","","","","","","","","","","","","","","Poke by you","1ed70a64-f0b6-46d2-a059-3b2af73a0502","","$15.90","$15.90","REGULAR","","","","","","$0.00","$0.00","","","","","","","","FALSE","FALSE","FALSE","FALSE","FALSE","FALSE","FALSE","FALSE","0:00","0:00","Choix garniture 1","fb6fc242-b322-4ff3-8152-fc48af5c6a07","1","1","1","Avocat","5b66ba50-c6ea-41fe-96df-fc86912fa275","$0.00","$0.00","REGULAR","4049","","","1","$0.00","",""
"Poke Bowls","c03e171c-eda6-495f-842b-888aa1a9b446","","NO_TAX","TRUE","TRUE","","FALSE","FALSE","FALSE","FALSE","FALSE","FALSE","FALSE","FALSE","0:00","0:00","","","","","","","","","","","","","","","","","","Poke by you","1ed70a64-f0b6-46d2-a059-3b2af73a0502","","$15.90","$15.90","REGULAR","","","","","","$0.00","$0.00","","","","","","","","FALSE","FALSE","FALSE","FALSE","FALSE","FALSE","FALSE","FALSE","0:00","0:00","Choix garniture 1","fb6fc242-b322-4ff3-8152-fc48af5c6a07","1","1","1","Mangue","32355815-85fe-444a-ad91-08c2afed864e","$1.00","$1.00","REGULAR","4051","","","1","$0.00","",""
"Poke Bowls","c03e171c-eda6-495f-842b-888aa1a9b446","","NO_TAX","TRUE","TRUE","","FALSE","FALSE","FALSE","FALSE","FALSE","FALSE","FALSE","FALSE","0:00","0:00","","","","","","","","","","","","","","","","","","Poke by you","1ed70a64-f0b6-46d2-a059-3b2af73a0502","","$15.90","$15.90","REGULAR","","","","","","$0.00","$0.00","","","","","","","","FALSE","FALSE","FALSE","FALSE","FALSE","FALSE","FALSE","FALSE","0:00","0:00","Choix garniture 1","fb6fc242-b322-4ff3-8152-fc48af5c6a07","1","1","1","Ananas","bf1847b5-16d2-4669-b8c5-c07c047b7150","$0.00","$0.00","REGULAR","4053","","","1","$0.00","",""
"Poke Bowls","c03e171c-eda6-495f-842b-888aa1a9b446","","NO_TAX","TRUE","TRUE","","FALSE","FALSE","FALSE","FALSE","FALSE","FALSE","FALSE","FALSE","0:00","0:00","","","","","","","","","","","","","","","","","","Poke by you","1ed70a64-f0b6-46d2-a059-3b2af73a0502","","$15.90","$15.90","REGULAR","","","","","","$0.00","$0.00","","","","","","","","FALSE","FALSE","FALSE","FALSE","FALSE","FALSE","FALSE","FALSE","0:00","0:00","Choix garniture 1","fb6fc242-b322-4ff3-8152-fc48af5c6a07","1","1","1","Salade de concombres","155621dc-f0bb-4a82-9fec-0da11af0c03d","$0.00","$0.00","REGULAR","4057","","","1","$0.00","",""
"Poke Bowls","c03e171c-eda6-495f-842b-888aa1a9b446","","NO_TAX","TRUE","TRUE","","FALSE","FALSE","FALSE","FALSE","FALSE","FALSE","FALSE","FALSE","0:00","0:00","","","","","","","","","","","","","","","","","","Poke by you","1ed70a64-f0b6-46d2-a059-3b2af73a0502","","$15.90","$15.90","REGULAR","","","","","","$0.00","$0.00","","","","","","","","FALSE","FALSE","FALSE","FALSE","FALSE","FALSE","FALSE","FALSE","0:00","0:00","Choix garniture 2","416ebc17-033e-4c46-b841-46f831e8315b","1","1","1","Edamame","06c3aa62-3aaa-4a0a-bfc0-26c2de94d2f5","$0.00","$0.00","REGULAR","4043","","","1","$0.00","",""
"Poke Bowls","c03e171c-eda6-495f-842b-888aa1a9b446","","NO_TAX","TRUE","TRUE","","FALSE","FALSE","FALSE","FALSE","FALSE","FALSE","FALSE","FALSE","0:00","0:00","","","","","","","","","","","","","","","","","","Poke by you","1ed70a64-f0b6-46d2-a059-3b2af73a0502","","$15.90","$15.90","REGULAR","","","","","","$0.00","$0.00","","","","","","","","FALSE","FALSE","FALSE","FALSE","FALSE","FALSE","FALSE","FALSE","0:00","0:00","Choix garniture 2","416ebc17-033e-4c46-b841-46f831e8315b","1","1","1","Concombre en julienne","f9bb379d-c233-4173-a385-0f0fd937ee05","$0.00","$0.00","REGULAR","4059","","","1","$0.00","",""
"Poke Bowls","c03e171c-eda6-495f-842b-888aa1a9b446","","NO_TAX","TRUE","TRUE","","FALSE","FALSE","FALSE","FALSE","FALSE","FALSE","FALSE","FALSE","0:00","0:00","","","","","","","","","","","","","","","","","","Poke by you","1ed70a64-f0b6-46d2-a059-3b2af73a0502","","$15.90","$15.90","REGULAR","","","","","","$0.00","$0.00","","","","","","","","FALSE","FALSE","FALSE","FALSE","FALSE","FALSE","FALSE","FALSE","0:00","0:00","Choix garniture 2","416ebc17-033e-4c46-b841-46f831e8315b","1","1","1","Salade de chou","bcba4a93-1168-44aa-90cb-5e2721cce0f7","$0.00","$0.00","REGULAR","4045","","","1","$0.00","",""
"Poke Bowls","c03e171c-eda6-495f-842b-888aa1a9b446","","NO_TAX","TRUE","TRUE","","FALSE","FALSE","FALSE","FALSE","FALSE","FALSE","FALSE","FALSE","0:00","0:00","","","","","","","","","","","","","","","","","","Poke by you","1ed70a64-f0b6-46d2-a059-3b2af73a0502","","$15.90","$15.90","REGULAR","","","","","","$0.00","$0.00","","","","","","","","FALSE","FALSE","FALSE","FALSE","FALSE","FALSE","FALSE","FALSE","0:00","0:00","Choix garniture 2","416ebc17-033e-4c46-b841-46f831e8315b","1","1","1","Légumes croquants","2efbb086-23ee-4281-bb0e-b1bfb45b59d5","$0.00","$0.00","REGULAR","4047","","","1","$0.00","",""
"Poke Bowls","c03e171c-eda6-495f-842b-888aa1a9b446","","NO_TAX","TRUE","TRUE","","FALSE","FALSE","FALSE","FALSE","FALSE","FALSE","FALSE","FALSE","0:00","0:00","","","","","","","","","","","","","","","","","","Poke by you","1ed70a64-f0b6-46d2-a059-3b2af73a0502","","$15.90","$15.90","REGULAR","","","","","","$0.00","$0.00","","","","","","","","FALSE","FALSE","FALSE","FALSE","FALSE","FALSE","FALSE","FALSE","0:00","0:00","Choix garniture 2","416ebc17-033e-4c46-b841-46f831e8315b","1","1","1","Avocat","5b66ba50-c6ea-41fe-96df-fc86912fa275","$0.00","$0.00","REGULAR","4049","","","1","$0.00","",""
"Poke Bowls","c03e171c-eda6-495f-842b-888aa1a9b446","","NO_TAX","TRUE","TRUE","","FALSE","FALSE","FALSE","FALSE","FALSE","FALSE","FALSE","FALSE","0:00","0:00","","","","","","","","","","","","","","","","","","Poke by you","1ed70a64-f0b6-46d2-a059-3b2af73a0502","","$15.90","$15.90","REGULAR","","","","","","$0.00","$0.00","","","","","","","","FALSE","FALSE","FALSE","FALSE","FALSE","FALSE","FALSE","FALSE","0:00","0:00","Choix garniture 2","416ebc17-033e-4c46-b841-46f831e8315b","1","1","1","Mangue","32355815-85fe-444a-ad91-08c2afed864e","$1.00","$1.00","REGULAR","4051","","","1","$0.00","",""
"Poke Bowls","c03e171c-eda6-495f-842b-888aa1a9b446","","NO_TAX","TRUE","TRUE","","FALSE","FALSE","FALSE","FALSE","FALSE","FALSE","FALSE","FALSE","0:00","0:00","","","","","","","","","","","","","","","","","","Poke by you","1ed70a64-f0b6-46d2-a059-3b2af73a0502","","$15.90","$15.90","REGULAR","","","","","","$0.00","$0.00","","","","","","","","FALSE","FALSE","FALSE","FALSE","FALSE","FALSE","FALSE","FALSE","0:00","0:00","Choix garniture 2","416ebc17-033e-4c46-b841-46f831e8315b","1","1","1","Ananas","bf1847b5-16d2-4669-b8c5-c07c047b7150","$0.00","$0.00","REGULAR","4053","","","1","$0.00","",""
"Poke Bowls","c03e171c-eda6-495f-842b-888aa1a9b446","","NO_TAX","TRUE","TRUE","","FALSE","FALSE","FALSE","FALSE","FALSE","FALSE","FALSE","FALSE","0:00","0:00","","","","","","","","","","","","","","","","","","Poke by you","1ed70a64-f0b6-46d2-a059-3b2af73a0502","","$15.90","$15.90","REGULAR","","","","","","$0.00","$0.00","","","","","","","","FALSE","FALSE","FALSE","FALSE","FALSE","FALSE","FALSE","FALSE","0:00","0:00","Choix garniture 2","416ebc17-033e-4c46-b841-46f831e8315b","1","1","1","Salade de concombres","155621dc-f0bb-4a82-9fec-0da11af0c03d","$0.00","$0.00","REGULAR","4057","","","1","$0.00","",""
"Poke Bowls","c03e171c-eda6-495f-842b-888aa1a9b446","","NO_TAX","TRUE","TRUE","","FALSE","FALSE","FALSE","FALSE","FALSE","FALSE","FALSE","FALSE","0:00","0:00","","","","","","","","","","","","","","","","","","Poke by you","1ed70a64-f0b6-46d2-a059-3b2af73a0502","","$15.90","$15.90","REGULAR","","","","","","$0.00","$0.00","","","","","","","","FALSE","FALSE","FALSE","FALSE","FALSE","FALSE","FALSE","FALSE","0:00","0:00","Choix garniture 3","801454e8-0a21-4631-b7a0-cb75eb17d579","1","1","1","Edamame","06c3aa62-3aaa-4a0a-bfc0-26c2de94d2f5","$0.00","$0.00","REGULAR","4043","","","1","$0.00","",""
"Poke Bowls","c03e171c-eda6-495f-842b-888aa1a9b446","","NO_TAX","TRUE","TRUE","","FALSE","FALSE","FALSE","FALSE","FALSE","FALSE","FALSE","FALSE","0:00","0:00","","","","","","","","","","","","","","","","","","Poke by you","1ed70a64-f0b6-46d2-a059-3b2af73a0502","","$15.90","$15.90","REGULAR","","","","","","$0.00","$0.00","","","","","","","","FALSE","FALSE","FALSE","FALSE","FALSE","FALSE","FALSE","FALSE","0:00","0:00","Choix garniture 3","801454e8-0a21-4631-b7a0-cb75eb17d579","1","1","1","Concombre en julienne","f9bb379d-c233-4173-a385-0f0fd937ee05","$0.00","$0.00","REGULAR","4059","","","1","$0.00","",""
"Poke Bowls","c03e171c-eda6-495f-842b-888aa1a9b446","","NO_TAX","TRUE","TRUE","","FALSE","FALSE","FALSE","FALSE","FALSE","FALSE","FALSE","FALSE","0:00","0:00","","","","","","","","","","","","","","","","","","Poke by you","1ed70a64-f0b6-46d2-a059-3b2af73a0502","","$15.90","$15.90","REGULAR","","","","","","$0.00","$0.00","","","","","","","","FALSE","FALSE","FALSE","FALSE","FALSE","FALSE","FALSE","FALSE","0:00","0:00","Choix garniture 3","801454e8-0a21-4631-b7a0-cb75eb17d579","1","1","1","Salade de chou","bcba4a93-1168-44aa-90cb-5e2721cce0f7","$0.00","$0.00","REGULAR","4045","","","1","$0.00","",""
"Poke Bowls","c03e171c-eda6-495f-842b-888aa1a9b446","","NO_TAX","TRUE","TRUE","","FALSE","FALSE","FALSE","FALSE","FALSE","FALSE","FALSE","FALSE","0:00","0:00","","","","","","","","","","","","","","","","","","Poke by you","1ed70a64-f0b6-46d2-a059-3b2af73a0502","","$15.90","$15.90","REGULAR","","","","","","$0.00","$0.00","","","","","","","","FALSE","FALSE","FALSE","FALSE","FALSE","FALSE","FALSE","FALSE","0:00","0:00","Choix garniture 3","801454e8-0a21-4631-b7a0-cb75eb17d579","1","1","1","Légumes croquants","2efbb086-23ee-4281-bb0e-b1bfb45b59d5","$0.00","$0.00","REGULAR","4047","","","1","$0.00","",""
"Poke Bowls","c03e171c-eda6-495f-842b-888aa1a9b446","","NO_TAX","TRUE","TRUE","","FALSE","FALSE","FALSE","FALSE","FALSE","FALSE","FALSE","FALSE","0:00","0:00","","","","","","","","","","","","","","","","","","Poke by you","1ed70a64-f0b6-46d2-a059-3b2af73a0502","","$15.90","$15.90","REGULAR","","","","","","$0.00","$0.00","","","","","","","","FALSE","FALSE","FALSE","FALSE","FALSE","FALSE","FALSE","FALSE","0:00","0:00","Choix garniture 3","801454e8-0a21-4631-b7a0-cb75eb17d579","1","1","1","Avocat","5b66ba50-c6ea-41fe-96df-fc86912fa275","$0.00","$0.00","REGULAR","4049","","","1","$0.00","",""
"Poke Bowls","c03e171c-eda6-495f-842b-888aa1a9b446","","NO_TAX","TRUE","TRUE","","FALSE","FALSE","FALSE","FALSE","FALSE","FALSE","FALSE","FALSE","0:00","0:00","","","","","","","","","","","","","","","","","","Poke by you","1ed70a64-f0b6-46d2-a059-3b2af73a0502","","$15.90","$15.90","REGULAR","","","","","","$0.00","$0.00","","","","","","","","FALSE","FALSE","FALSE","FALSE","FALSE","FALSE","FALSE","FALSE","0:00","0:00","Choix garniture 3","801454e8-0a21-4631-b7a0-cb75eb17d579","1","1","1","Mangue","32355815-85fe-444a-ad91-08c2afed864e","$1.00","$1.00","REGULAR","4051","","","1","$0.00","",""
"Poke Bowls","c03e171c-eda6-495f-842b-888aa1a9b446","","NO_TAX","TRUE","TRUE","","FALSE","FALSE","FALSE","FALSE","FALSE","FALSE","FALSE","FALSE","0:00","0:00","","","","","","","","","","","","","","","","","","Poke by you","1ed70a64-f0b6-46d2-a059-3b2af73a0502","","$15.90","$15.90","REGULAR","","","","","","$0.00","$0.00","","","","","","","","FALSE","FALSE","FALSE","FALSE","FALSE","FALSE","FALSE","FALSE","0:00","0:00","Choix garniture 3","801454e8-0a21-4631-b7a0-cb75eb17d579","1","1","1","Ananas","bf1847b5-16d2-4669-b8c5-c07c047b7150","$0.00","$0.00","REGULAR","4053","","","1","$0.00","",""
"Poke Bowls","c03e171c-eda6-495f-842b-888aa1a9b446","","NO_TAX","TRUE","TRUE","","FALSE","FALSE","FALSE","FALSE","FALSE","FALSE","FALSE","FALSE","0:00","0:00","","","","","","","","","","","","","","","","","","Poke by you","1ed70a64-f0b6-46d2-a059-3b2af73a0502","","$15.90","$15.90","REGULAR","","","","","","$0.00","$0.00","","","","","","","","FALSE","FALSE","FALSE","FALSE","FALSE","FALSE","FALSE","FALSE","0:00","0:00","Choix garniture 3","801454e8-0a21-4631-b7a0-cb75eb17d579","1","1","1","Salade de concombres","2f8099ed-bcf4-4269-b51d-c5c89e685e2e","$0.00","$0.00","REGULAR","4057","","","1","$0.00","",""
"Poke Bowls","c03e171c-eda6-495f-842b-888aa1a9b446","","NO_TAX","TRUE","TRUE","","FALSE","FALSE","FALSE","FALSE","FALSE","FALSE","FALSE","FALSE","0:00","0:00","","","","","","","","","","","","","","","","","","Poke by you","1ed70a64-f0b6-46d2-a059-3b2af73a0502","","$15.90","$15.90","REGULAR","","","","","","$0.00","$0.00","","","","","","","","FALSE","FALSE","FALSE","FALSE","FALSE","FALSE","FALSE","FALSE","0:00","0:00","Choix extra garnitures (5 maximum)","c436e2f5-0d0e-4e8d-b523-06056162db63","","4","1","Avocat","7854f5f2-83e9-476d-b1b4-c15b62118397","$2.00","$2.00","REGULAR","3511","","","1","$0.00","",""
"Poke Bowls","c03e171c-eda6-495f-842b-888aa1a9b446","","NO_TAX","TRUE","TRUE","","FALSE","FALSE","FALSE","FALSE","FALSE","FALSE","FALSE","FALSE","0:00","0:00","","","","","","","","","","","","","","","","","","Poke by you","1ed70a64-f0b6-46d2-a059-3b2af73a0502","","$15.90","$15.90","REGULAR","","","","","","$0.00","$0.00","","","","","","","","FALSE","FALSE","FALSE","FALSE","FALSE","FALSE","FALSE","FALSE","0:00","0:00","Choix extra garnitures (5 maximum)","c436e2f5-0d0e-4e8d-b523-06056162db63","","4","1","Edamame","a95769fa-a8c4-473c-b74f-45bce971efd7","$1.00","$1.00","REGULAR","3515","","","1","$0.00","",""
"Poke Bowls","c03e171c-eda6-495f-842b-888aa1a9b446","","NO_TAX","TRUE","TRUE","","FALSE","FALSE","FALSE","FALSE","FALSE","FALSE","FALSE","FALSE","0:00","0:00","","","","","","","","","","","","","","","","","","Poke by you","1ed70a64-f0b6-46d2-a059-3b2af73a0502","","$15.90","$15.90","REGULAR","","","","","","$0.00","$0.00","","","","","","","","FALSE","FALSE","FALSE","FALSE","FALSE","FALSE","FALSE","FALSE","0:00","0:00","Choix extra garnitures (5 maximum)","c436e2f5-0d0e-4e8d-b523-06056162db63","","4","1","Ananas","927bfce3-ee7a-4b3f-9e52-ad2e47ef2d73","$1.00","$1.00","REGULAR","3529","","","1","$0.00","",""
"Poke Bowls","c03e171c-eda6-495f-842b-888aa1a9b446","","NO_TAX","TRUE","TRUE","","FALSE","FALSE","FALSE","FALSE","FALSE","FALSE","FALSE","FALSE","0:00","0:00","","","","","","","","","","","","","","","","","","Poke by you","1ed70a64-f0b6-46d2-a059-3b2af73a0502","","$15.90","$15.90","REGULAR","","","","","","$0.00","$0.00","","","","","","","","FALSE","FALSE","FALSE","FALSE","FALSE","FALSE","FALSE","FALSE","0:00","0:00","Choix extra garnitures (5 maximum)","c436e2f5-0d0e-4e8d-b523-06056162db63","","4","1","Mangue","17610816-37b0-4d32-aa49-2d8af17df34c","$1.50","$1.50","REGULAR","4659","","1","1","$0.00","1",""
"Poke Bowls","c03e171c-eda6-495f-842b-888aa1a9b446","","NO_TAX","TRUE","TRUE","","FALSE","FALSE","FALSE","FALSE","FALSE","FALSE","FALSE","FALSE","0:00","0:00","","","","","","","","","","","","","","","","","","Poke by you","1ed70a64-f0b6-46d2-a059-3b2af73a0502","","$15.90","$15.90","REGULAR","","","","","","$0.00","$0.00","","","","","","","","FALSE","FALSE","FALSE","FALSE","FALSE","FALSE","FALSE","FALSE","0:00","0:00","Choix sauce","9e90be17-c0a2-4dc9-a323-d46eabc8f015","1","1","1","Ponzu","06a3103c-b6f0-4a6b-bf42-d9bf1434b2f3","$0.00","$0.00","REGULAR","4075","","","1","$0.00","",""
"Poke Bowls","c03e171c-eda6-495f-842b-888aa1a9b446","","NO_TAX","TRUE","TRUE","","FALSE","FALSE","FALSE","FALSE","FALSE","FALSE","FALSE","FALSE","0:00","0:00","","","","","","","","","","","","","","","","","","Poke by you","1ed70a64-f0b6-46d2-a059-3b2af73a0502","","$15.90","$15.90","REGULAR","","","","","","$0.00","$0.00","","","","","","","","FALSE","FALSE","FALSE","FALSE","FALSE","FALSE","FALSE","FALSE","0:00","0:00","Choix sauce","9e90be17-c0a2-4dc9-a323-d46eabc8f015","1","1","1","Teriyaki","e424dc48-0653-4df3-8f31-859fa1602ac6","$0.00","$0.00","REGULAR","4065","","","1","$0.00","",""
"Poke Bowls","c03e171c-eda6-495f-842b-888aa1a9b446","","NO_TAX","TRUE","TRUE","","FALSE","FALSE","FALSE","FALSE","FALSE","FALSE","FALSE","FALSE","0:00","0:00","","","","","","","","","","","","","","","","","","Poke by you","1ed70a64-f0b6-46d2-a059-3b2af73a0502","","$15.90","$15.90","REGULAR","","","","","","$0.00","$0.00","","","","","","","","FALSE","FALSE","FALSE","FALSE","FALSE","FALSE","FALSE","FALSE","0:00","0:00","Choix sauce","9e90be17-c0a2-4dc9-a323-d46eabc8f015","1","1","1","Soja salée","d3bea84a-f6e2-4b93-8dcf-886b89ca05cd","$0.00","$0.00","REGULAR","4067","","","1","$0.00","",""
"Poke Bowls","c03e171c-eda6-495f-842b-888aa1a9b446","","NO_TAX","TRUE","TRUE","","FALSE","FALSE","FALSE","FALSE","FALSE","FALSE","FALSE","FALSE","0:00","0:00","","","","","","","","","","","","","","","","","","Poke by you","1ed70a64-f0b6-46d2-a059-3b2af73a0502","","$15.90","$15.90","REGULAR","","","","","","$0.00","$0.00","","","","","","","","FALSE","FALSE","FALSE","FALSE","FALSE","FALSE","FALSE","FALSE","0:00","0:00","Choix sauce","9e90be17-c0a2-4dc9-a323-d46eabc8f015","1","1","1","Mayonnaise spicy","f33e8538-740e-4aee-9c02-b71f0eda4169","$0.00","$0.00","REGULAR","4069","","","1","$0.00","",""
"Poke Bowls","c03e171c-eda6-495f-842b-888aa1a9b446","","NO_TAX","TRUE","TRUE","","FALSE","FALSE","FALSE","FALSE","FALSE","FALSE","FALSE","FALSE","0:00","0:00","","","","","","","","","","","","","","","","","","Poke by you","1ed70a64-f0b6-46d2-a059-3b2af73a0502","","$15.90","$15.90","REGULAR","","","","","","$0.00","$0.00","","","","","","","","FALSE","FALSE","FALSE","FALSE","FALSE","FALSE","FALSE","FALSE","0:00","0:00","Choix sauce","9e90be17-c0a2-4dc9-a323-d46eabc8f015","1","1","1","Agrumes","4b267503-c0c9-433a-a805-333c4a345f38","$0.00","$0.00","REGULAR","4073","","","1","$0.00","",""
"Poke Bowls","c03e171c-eda6-495f-842b-888aa1a9b446","","NO_TAX","TRUE","TRUE","","FALSE","FALSE","FALSE","FALSE","FALSE","FALSE","FALSE","FALSE","0:00","0:00","","","","","","","","","","","","","","","","","","Poke by you","1ed70a64-f0b6-46d2-a059-3b2af73a0502","","$15.90","$15.90","REGULAR","","","","","","$0.00","$0.00","","","","","","","","FALSE","FALSE","FALSE","FALSE","FALSE","FALSE","FALSE","FALSE","0:00","0:00","Choix sauce","9e90be17-c0a2-4dc9-a323-d46eabc8f015","1","1","1","Sans sauce","5ffd5d1d-5183-41a3-adb9-2a8caf05cf49","$0.00","$0.00","REGULAR","4079","","","1","$0.00","",""
"Poke Bowls","c03e171c-eda6-495f-842b-888aa1a9b446","","NO_TAX","TRUE","TRUE","","FALSE","FALSE","FALSE","FALSE","FALSE","FALSE","FALSE","FALSE","0:00","0:00","","","","","","","","","","","","","","","","","","Poke by you","1ed70a64-f0b6-46d2-a059-3b2af73a0502","","$15.90","$15.90","REGULAR","","","","","","$0.00","$0.00","","","","","","","","FALSE","FALSE","FALSE","FALSE","FALSE","FALSE","FALSE","FALSE","0:00","0:00","Choix topping 1","2ea37d23-43dc-45d2-aa47-db1f804a0450","1","1","1","Oignons rouges","2fa907f2-e5fd-4f01-869e-9fa8b3e135d7","$0.00","$0.00","REGULAR","4091","","","1","$0.00","",""
"Poke Bowls","c03e171c-eda6-495f-842b-888aa1a9b446","","NO_TAX","TRUE","TRUE","","FALSE","FALSE","FALSE","FALSE","FALSE","FALSE","FALSE","FALSE","0:00","0:00","","","","","","","","","","","","","","","","","","Poke by you","1ed70a64-f0b6-46d2-a059-3b2af73a0502","","$15.90","$15.90","REGULAR","","","","","","$0.00","$0.00","","","","","","","","FALSE","FALSE","FALSE","FALSE","FALSE","FALSE","FALSE","FALSE","0:00","0:00","Choix topping 1","2ea37d23-43dc-45d2-aa47-db1f804a0450","1","1","1","Oignons frits","e2be75cb-846c-4ee0-b8fc-86dd5dc8a47e","$0.00","$0.00","REGULAR","4081","","","1","$0.00","",""
"Poke Bowls","c03e171c-eda6-495f-842b-888aa1a9b446","","NO_TAX","TRUE","TRUE","","FALSE","FALSE","FALSE","FALSE","FALSE","FALSE","FALSE","FALSE","0:00","0:00","","","","","","","","","","","","","","","","","","Poke by you","1ed70a64-f0b6-46d2-a059-3b2af73a0502","","$15.90","$15.90","REGULAR","","","","","","$0.00","$0.00","","","","","","","","FALSE","FALSE","FALSE","FALSE","FALSE","FALSE","FALSE","FALSE","0:00","0:00","Choix topping 1","2ea37d23-43dc-45d2-aa47-db1f804a0450","1","1","1","Cacahuètes","88e8377a-589a-48d8-b0ae-f135d6f92137","$0.00","$0.00","REGULAR","4083","","","1","$0.00","",""
"Poke Bowls","c03e171c-eda6-495f-842b-888aa1a9b446","","NO_TAX","TRUE","TRUE","","FALSE","FALSE","FALSE","FALSE","FALSE","FALSE","FALSE","FALSE","0:00","0:00","","","","","","","","","","","","","","","","","","Poke by you","1ed70a64-f0b6-46d2-a059-3b2af73a0502","","$15.90","$15.90","REGULAR","","","","","","$0.00","$0.00","","","","","","","","FALSE","FALSE","FALSE","FALSE","FALSE","FALSE","FALSE","FALSE","0:00","0:00","Choix topping 1","2ea37d23-43dc-45d2-aa47-db1f804a0450","1","1","1","Coriandre","96e61823-c9aa-45d4-8439-ea984aab3184","$0.00","$0.00","REGULAR","4085","","","1","$0.00","",""
"Poke Bowls","c03e171c-eda6-495f-842b-888aa1a9b446","","NO_TAX","TRUE","TRUE","","FALSE","FALSE","FALSE","FALSE","FALSE","FALSE","FALSE","FALSE","0:00","0:00","","","","","","","","","","","","","","","","","","Poke by you","1ed70a64-f0b6-46d2-a059-3b2af73a0502","","$15.90","$15.90","REGULAR","","","","","","$0.00","$0.00","","","","","","","","FALSE","FALSE","FALSE","FALSE","FALSE","FALSE","FALSE","FALSE","0:00","0:00","Choix topping 1","2ea37d23-43dc-45d2-aa47-db1f804a0450","1","1","1","Sésame","f598eca1-01aa-4250-ad49-fcf9de6322d7","$0.00","$0.00","REGULAR","4089","","","1","$0.00","",""
"Poke Bowls","c03e171c-eda6-495f-842b-888aa1a9b446","","NO_TAX","TRUE","TRUE","","FALSE","FALSE","FALSE","FALSE","FALSE","FALSE","FALSE","FALSE","0:00","0:00","","","","","","","","","","","","","","","","","","Poke by you","1ed70a64-f0b6-46d2-a059-3b2af73a0502","","$15.90","$15.90","REGULAR","","","","","","$0.00","$0.00","","","","","","","","FALSE","FALSE","FALSE","FALSE","FALSE","FALSE","FALSE","FALSE","0:00","0:00","Choix topping 1","2ea37d23-43dc-45d2-aa47-db1f804a0450","1","1","1","Sans topping","c5edc3ce-c982-4809-8039-d0b364ec7b34","$0.00","$0.00","REGULAR","4093","","","1","$0.00","",""
"Poke Bowls","c03e171c-eda6-495f-842b-888aa1a9b446","","NO_TAX","TRUE","TRUE","","FALSE","FALSE","FALSE","FALSE","FALSE","FALSE","FALSE","FALSE","0:00","0:00","","","","","","","","","","","","","","","","","","Poke by you","1ed70a64-f0b6-46d2-a059-3b2af73a0502","","$15.90","$15.90","REGULAR","","","","","","$0.00","$0.00","","","","","","","","FALSE","FALSE","FALSE","FALSE","FALSE","FALSE","FALSE","FALSE","0:00","0:00","Choix topping 1","2ea37d23-43dc-45d2-aa47-db1f804a0450","1","1","1","Menthe","214b5ccb-5a46-4596-9a31-ef91f9820978","$0.00","$0.00","REGULAR","4649","","","1","$0.00","",""
"Poke Bowls","c03e171c-eda6-495f-842b-888aa1a9b446","","NO_TAX","TRUE","TRUE","","FALSE","FALSE","FALSE","FALSE","FALSE","FALSE","FALSE","FALSE","0:00","0:00","","","","","","","","","","","","","","","","","","Poke by you","1ed70a64-f0b6-46d2-a059-3b2af73a0502","","$15.90","$15.90","REGULAR","","","","","","$0.00","$0.00","","","","","","","","FALSE","FALSE","FALSE","FALSE","FALSE","FALSE","FALSE","FALSE","0:00","0:00","Choix topping 1","2ea37d23-43dc-45d2-aa47-db1f804a0450","1","1","1","Ciboulette","54aba7e3-58ec-48df-bce9-d17bbeec1b48","$0.00","$0.00","REGULAR","4651","","","1","$0.00","",""
"Poke Bowls","c03e171c-eda6-495f-842b-888aa1a9b446","","NO_TAX","TRUE","TRUE","","FALSE","FALSE","FALSE","FALSE","FALSE","FALSE","FALSE","FALSE","0:00","0:00","","","","","","","","","","","","","","","","","","Poke by you","1ed70a64-f0b6-46d2-a059-3b2af73a0502","","$15.90","$15.90","REGULAR","","","","","","$0.00","$0.00","","","","","","","","FALSE","FALSE","FALSE","FALSE","FALSE","FALSE","FALSE","FALSE","0:00","0:00","Choix topping 2","59055e0f-04fa-404d-b714-08daab9e5ed1","1","1","1","Oignons rouges","2fa907f2-e5fd-4f01-869e-9fa8b3e135d7","$0.00","$0.00","REGULAR","4091","","","1","$0.00","",""
"Poke Bowls","c03e171c-eda6-495f-842b-888aa1a9b446","","NO_TAX","TRUE","TRUE","","FALSE","FALSE","FALSE","FALSE","FALSE","FALSE","FALSE","FALSE","0:00","0:00","","","","","","","","","","","","","","","","","","Poke by you","1ed70a64-f0b6-46d2-a059-3b2af73a0502","","$15.90","$15.90","REGULAR","","","","","","$0.00","$0.00","","","","","","","","FALSE","FALSE","FALSE","FALSE","FALSE","FALSE","FALSE","FALSE","0:00","0:00","Choix topping 2","59055e0f-04fa-404d-b714-08daab9e5ed1","1","1","1","Oignons frits","e2be75cb-846c-4ee0-b8fc-86dd5dc8a47e","$0.00","$0.00","REGULAR","4081","","","1","$0.00","",""
"Poke Bowls","c03e171c-eda6-495f-842b-888aa1a9b446","","NO_TAX","TRUE","TRUE","","FALSE","FALSE","FALSE","FALSE","FALSE","FALSE","FALSE","FALSE","0:00","0:00","","","","","","","","","","","","","","","","","","Poke by you","1ed70a64-f0b6-46d2-a059-3b2af73a0502","","$15.90","$15.90","REGULAR","","","","","","$0.00","$0.00","","","","","","","","FALSE","FALSE","FALSE","FALSE","FALSE","FALSE","FALSE","FALSE","0:00","0:00","Choix topping 2","59055e0f-04fa-404d-b714-08daab9e5ed1","1","1","1","Cacahuètes","88e8377a-589a-48d8-b0ae-f135d6f92137","$0.00","$0.00","REGULAR","4083","","","1","$0.00","",""
"Poke Bowls","c03e171c-eda6-495f-842b-888aa1a9b446","","NO_TAX","TRUE","TRUE","","FALSE","FALSE","FALSE","FALSE","FALSE","FALSE","FALSE","FALSE","0:00","0:00","","","","","","","","","","","","","","","","","","Poke by you","1ed70a64-f0b6-46d2-a059-3b2af73a0502","","$15.90","$15.90","REGULAR","","","","","","$0.00","$0.00","","","","","","","","FALSE","FALSE","FALSE","FALSE","FALSE","FALSE","FALSE","FALSE","0:00","0:00","Choix topping 2","59055e0f-04fa-404d-b714-08daab9e5ed1","1","1","1","Coriandre","96e61823-c9aa-45d4-8439-ea984aab3184","$0.00","$0.00","REGULAR","4085","","","1","$0.00","",""
"Poke Bowls","c03e171c-eda6-495f-842b-888aa1a9b446","","NO_TAX","TRUE","TRUE","","FALSE","FALSE","FALSE","FALSE","FALSE","FALSE","FALSE","FALSE","0:00","0:00","","","","","","","","","","","","","","","","","","Poke by you","1ed70a64-f0b6-46d2-a059-3b2af73a0502","","$15.90","$15.90","REGULAR","","","","","","$0.00","$0.00","","","","","","","","FALSE","FALSE","FALSE","FALSE","FALSE","FALSE","FALSE","FALSE","0:00","0:00","Choix topping 2","59055e0f-04fa-404d-b714-08daab9e5ed1","1","1","1","Sésame","f598eca1-01aa-4250-ad49-fcf9de6322d7","$0.00","$0.00","REGULAR","4089","","","1","$0.00","",""
"Poke Bowls","c03e171c-eda6-495f-842b-888aa1a9b446","","NO_TAX","TRUE","TRUE","","FALSE","FALSE","FALSE","FALSE","FALSE","FALSE","FALSE","FALSE","0:00","0:00","","","","","","","","","","","","","","","","","","Poke by you","1ed70a64-f0b6-46d2-a059-3b2af73a0502","","$15.90","$15.90","REGULAR","","","","","","$0.00","$0.00","","","","","","","","FALSE","FALSE","FALSE","FALSE","FALSE","FALSE","FALSE","FALSE","0:00","0:00","Choix topping 2","59055e0f-04fa-404d-b714-08daab9e5ed1","1","1","1","Sans topping","c5edc3ce-c982-4809-8039-d0b364ec7b34","$0.00","$0.00","REGULAR","4093","","","1","$0.00","",""
"Poke Bowls","c03e171c-eda6-495f-842b-888aa1a9b446","","NO_TAX","TRUE","TRUE","","FALSE","FALSE","FALSE","FALSE","FALSE","FALSE","FALSE","FALSE","0:00","0:00","","","","","","","","","","","","","","","","","","Poke by you","1ed70a64-f0b6-46d2-a059-3b2af73a0502","","$15.90","$15.90","REGULAR","","","","","","$0.00","$0.00","","","","","","","","FALSE","FALSE","FALSE","FALSE","FALSE","FALSE","FALSE","FALSE","0:00","0:00","Choix topping 2","59055e0f-04fa-404d-b714-08daab9e5ed1","1","1","1","Menthe","214b5ccb-5a46-4596-9a31-ef91f9820978","$0.00","$0.00","REGULAR","4649","","","1","$0.00","",""
"Poke Bowls","c03e171c-eda6-495f-842b-888aa1a9b446","","NO_TAX","TRUE","TRUE","","FALSE","FALSE","FALSE","FALSE","FALSE","FALSE","FALSE","FALSE","0:00","0:00","","","","","","","","","","","","","","","","","","Poke by you","1ed70a64-f0b6-46d2-a059-3b2af73a0502","","$15.90","$15.90","REGULAR","","","","","","$0.00","$0.00","","","","","","","","FALSE","FALSE","FALSE","FALSE","FALSE","FALSE","FALSE","FALSE","0:00","0:00","Choix topping 2","59055e0f-04fa-404d-b714-08daab9e5ed1","1","1","1","Ciboulette","54aba7e3-58ec-48df-bce9-d17bbeec1b48","$0.00","$0.00","REGULAR","4651","","","1","$0.00","",""
"Poke Bowls","c03e171c-eda6-495f-842b-888aa1a9b446","","NO_TAX","TRUE","TRUE","","FALSE","FALSE","FALSE","FALSE","FALSE","FALSE","FALSE","FALSE","0:00","0:00","","","","","","","","","","","","","","","","","","Poke by you","1ed70a64-f0b6-46d2-a059-3b2af73a0502","","$15.90","$15.90","REGULAR","","","","","","$0.00","$0.00","","","","","","","","FALSE","FALSE","FALSE","FALSE","FALSE","FALSE","FALSE","FALSE","0:00","0:00","Choix topping 3","3467fa26-b44d-42af-aa41-6ad17a68161b","1","1","1","Oignons rouges","2fa907f2-e5fd-4f01-869e-9fa8b3e135d7","$0.00","$0.00","REGULAR","4091","","","1","$0.00","",""
"Poke Bowls","c03e171c-eda6-495f-842b-888aa1a9b446","","NO_TAX","TRUE","TRUE","","FALSE","FALSE","FALSE","FALSE","FALSE","FALSE","FALSE","FALSE","0:00","0:00","","","","","","","","","","","","","","","","","","Poke by you","1ed70a64-f0b6-46d2-a059-3b2af73a0502","","$15.90","$15.90","REGULAR","","","","","","$0.00","$0.00","","","","","","","","FALSE","FALSE","FALSE","FALSE","FALSE","FALSE","FALSE","FALSE","0:00","0:00","Choix topping 3","3467fa26-b44d-42af-aa41-6ad17a68161b","1","1","1","Oignons frits","e2be75cb-846c-4ee0-b8fc-86dd5dc8a47e","$0.00","$0.00","REGULAR","4081","","","1","$0.00","",""
"Poke Bowls","c03e171c-eda6-495f-842b-888aa1a9b446","","NO_TAX","TRUE","TRUE","","FALSE","FALSE","FALSE","FALSE","FALSE","FALSE","FALSE","FALSE","0:00","0:00","","","","","","","","","","","","","","","","","","Poke by you","1ed70a64-f0b6-46d2-a059-3b2af73a0502","","$15.90","$15.90","REGULAR","","","","","","$0.00","$0.00","","","","","","","","FALSE","FALSE","FALSE","FALSE","FALSE","FALSE","FALSE","FALSE","0:00","0:00","Choix topping 3","3467fa26-b44d-42af-aa41-6ad17a68161b","1","1","1","Cacahuètes","88e8377a-589a-48d8-b0ae-f135d6f92137","$0.00","$0.00","REGULAR","4083","","","1","$0.00","",""
"Poke Bowls","c03e171c-eda6-495f-842b-888aa1a9b446","","NO_TAX","TRUE","TRUE","","FALSE","FALSE","FALSE","FALSE","FALSE","FALSE","FALSE","FALSE","0:00","0:00","","","","","","","","","","","","","","","","","","Poke by you","1ed70a64-f0b6-46d2-a059-3b2af73a0502","","$15.90","$15.90","REGULAR","","","","","","$0.00","$0.00","","","","","","","","FALSE","FALSE","FALSE","FALSE","FALSE","FALSE","FALSE","FALSE","0:00","0:00","Choix topping 3","3467fa26-b44d-42af-aa41-6ad17a68161b","1","1","1","Coriandre","96e61823-c9aa-45d4-8439-ea984aab3184","$0.00","$0.00","REGULAR","4085","","","1","$0.00","",""
"Poke Bowls","c03e171c-eda6-495f-842b-888aa1a9b446","","NO_TAX","TRUE","TRUE","","FALSE","FALSE","FALSE","FALSE","FALSE","FALSE","FALSE","FALSE","0:00","0:00","","","","","","","","","","","","","","","","","","Poke by you","1ed70a64-f0b6-46d2-a059-3b2af73a0502","","$15.90","$15.90","REGULAR","","","","","","$0.00","$0.00","","","","","","","","FALSE","FALSE","FALSE","FALSE","FALSE","FALSE","FALSE","FALSE","0:00","0:00","Choix topping 3","3467fa26-b44d-42af-aa41-6ad17a68161b","1","1","1","Sésame","f598eca1-01aa-4250-ad49-fcf9de6322d7","$0.00","$0.00","REGULAR","4089","","","1","$0.00","",""
"Poke Bowls","c03e171c-eda6-495f-842b-888aa1a9b446","","NO_TAX","TRUE","TRUE","","FALSE","FALSE","FALSE","FALSE","FALSE","FALSE","FALSE","FALSE","0:00","0:00","","","","","","","","","","","","","","","","","","Poke by you","1ed70a64-f0b6-46d2-a059-3b2af73a0502","","$15.90","$15.90","REGULAR","","","","","","$0.00","$0.00","","","","","","","","FALSE","FALSE","FALSE","FALSE","FALSE","FALSE","FALSE","FALSE","0:00","0:00","Choix topping 3","3467fa26-b44d-42af-aa41-6ad17a68161b","1","1","1","Sans topping","c5edc3ce-c982-4809-8039-d0b364ec7b34","$0.00","$0.00","REGULAR","4093","","","1","$0.00","",""
"Poke Bowls","c03e171c-eda6-495f-842b-888aa1a9b446","","NO_TAX","TRUE","TRUE","","FALSE","FALSE","FALSE","FALSE","FALSE","FALSE","FALSE","FALSE","0:00","0:00","","","","","","","","","","","","","","","","","","Poke by you","1ed70a64-f0b6-46d2-a059-3b2af73a0502","","$15.90","$15.90","REGULAR","","","","","","$0.00","$0.00","","","","","","","","FALSE","FALSE","FALSE","FALSE","FALSE","FALSE","FALSE","FALSE","0:00","0:00","Choix topping 3","3467fa26-b44d-42af-aa41-6ad17a68161b","1","1","1","Menthe","214b5ccb-5a46-4596-9a31-ef91f9820978","$0.00","$0.00","REGULAR","4649","","","1","$0.00","",""
"Poke Bowls","c03e171c-eda6-495f-842b-888aa1a9b446","","NO_TAX","TRUE","TRUE","","FALSE","FALSE","FALSE","FALSE","FALSE","FALSE","FALSE","FALSE","0:00","0:00","","","","","","","","","","","","","","","","","","Poke by you","1ed70a64-f0b6-46d2-a059-3b2af73a0502","","$15.90","$15.90","REGULAR","","","","","","$0.00","$0.00","","","","","","","","FALSE","FALSE","FALSE","FALSE","FALSE","FALSE","FALSE","FALSE","0:00","0:00","Choix topping 3","3467fa26-b44d-42af-aa41-6ad17a68161b","1","1","1","Ciboulette","54aba7e3-58ec-48df-bce9-d17bbeec1b48","$0.00","$0.00","REGULAR","4651","","","1","$0.00","",""
"Poke Bowls","c03e171c-eda6-495f-842b-888aa1a9b446","","NO_TAX","TRUE","TRUE","","FALSE","FALSE","FALSE","FALSE","FALSE","FALSE","FALSE","FALSE","0:00","0:00","","","","","","","","","","","","","","","","","","Poke by you","1ed70a64-f0b6-46d2-a059-3b2af73a0502","","$15.90","$15.90","REGULAR","","","","","","$0.00","$0.00","","","","","","","","FALSE","FALSE","FALSE","FALSE","FALSE","FALSE","FALSE","FALSE","0:00","0:00","Choix extra toppings (5 maximum)","8c0faf5a-4217-48ca-9b14-486d9ef5c827","","1","1","Oignons frits","15ee197c-9752-4bcc-91db-73aef35b6921","$0.50","$0.50","REGULAR","3541","","","1","$0.00","",""
"Gamme Chaude","a71f02c5-3d7f-4e26-91ef-15af9b8a82cc","","NO_TAX","TRUE","TRUE","","FALSE","FALSE","FALSE","FALSE","FALSE","FALSE","FALSE","FALSE","0:00","0:00","","","","","","","","","","","","","","","","","","Curry Poulet Katsu","a94ea787-fe0d-489c-91d9-ce75450bed37","Curry japonais, riz, poulet katsu, ciboulette, 7 épices","$16.50","$16.50","REGULAR","","","","","","$0.00","$0.00","","","","","","","","FALSE","FALSE","FALSE","FALSE","FALSE","FALSE","FALSE","FALSE","0:00","0:00","","","","","","","","","","","","","","","","",""
"Gamme Chaude","a71f02c5-3d7f-4e26-91ef-15af9b8a82cc","","NO_TAX","TRUE","TRUE","","FALSE","FALSE","FALSE","FALSE","FALSE","FALSE","FALSE","FALSE","0:00","0:00","","","","","","","","","","","","","","","","","","Curry Crevettes Tempura","8ced3c7e-553d-4e03-b663-c85b2ce8c42e","Curry japonais, riz, crevettes tempura, ciboulette, 7 épices","$16.50","$16.50","REGULAR","","","","","","$0.00","$0.00","","","","","","","","FALSE","FALSE","FALSE","FALSE","FALSE","FALSE","FALSE","FALSE","0:00","0:00","","","","","","","","","","","","","","","","",""
"Gamme Chaude","a71f02c5-3d7f-4e26-91ef-15af9b8a82cc","","NO_TAX","TRUE","TRUE","","FALSE","FALSE","FALSE","FALSE","FALSE","FALSE","FALSE","FALSE","0:00","0:00","","","","","","","","","","","","","","","","","","Yakisoba Poulet Katsu","4f6bfe1a-d4c1-4cca-b375-1dd79d0191fd","Nouilles de blé sautées aux légumes (chou blanc, carotte, brocolis, châtaigne d’eau, edamame, asperge, pois gourmand, poivron rouge, champignons shiitake), poulet katsu, sauce teriyaki, ciboulette ciselée, sésame","$16.50","$16.50","REGULAR","","","","","","$0.00","$0.00","","","","","","","","FALSE","FALSE","FALSE","FALSE","FALSE","FALSE","FALSE","FALSE","0:00","0:00","","","","","","","","","","","","","","","","",""
"Gamme Chaude","a71f02c5-3d7f-4e26-91ef-15af9b8a82cc","","NO_TAX","TRUE","TRUE","","FALSE","FALSE","FALSE","FALSE","FALSE","FALSE","FALSE","FALSE","0:00","0:00","","","","","","","","","","","","","","","","","","Yakisoba Crevettes Temp","e5915b46-1866-4a4d-8bf2-8846d1cf8a7b","Nouilles de blé sautées aux légumes (chou blanc, carotte, brocolis, châtaigne d’eau, edamame, asperge, pois gourmand, poivron rouge, champignons shiitake), crevettes tempura, sauce teriyaki, ciboulette ciselée, sésame","$16.50","$16.50","REGULAR","","","","","","$0.00","$0.00","","","","","","","","FALSE","FALSE","FALSE","FALSE","FALSE","FALSE","FALSE","FALSE","0:00","0:00","","","","","","","","","","","","","","","","",""
"Gamme Chaude","a71f02c5-3d7f-4e26-91ef-15af9b8a82cc","","NO_TAX","TRUE","TRUE","","FALSE","FALSE","FALSE","FALSE","FALSE","FALSE","FALSE","FALSE","0:00","0:00","","","","","","","","","","","","","","","","","","Yakisoba Saumon","7b20bdda-25ec-498e-a9c6-28c7283e454c","Nouilles de blé sautées aux légumes (chou blanc, carotte, brocolis, châtaigne d’eau, edamame, asperge, pois gourmand, poivron rouge, champignons shiitake), saumon, sauce teriyaki, ciboulette ciselée, sésame","$17.50","$17.50","REGULAR","","","","","","$0.00","$0.00","","","","","","","","FALSE","FALSE","FALSE","FALSE","FALSE","FALSE","FALSE","FALSE","0:00","0:00","","","","","","","","","","","","","","","","",""
"Gamme Chaude","a71f02c5-3d7f-4e26-91ef-15af9b8a82cc","","NO_TAX","TRUE","TRUE","","FALSE","FALSE","FALSE","FALSE","FALSE","FALSE","FALSE","FALSE","0:00","0:00","","","","","","","","","","","","","","","","","","Crevettes Tempura","a85e97c4-8f09-4ab9-9bc6-d3aba7bd9289","Mayonnaise épicée, ciboulette","$7.50","$7.50","REGULAR","","","","","","$0.00","$0.00","","","","","","","","FALSE","FALSE","FALSE","FALSE","FALSE","FALSE","FALSE","FALSE","0:00","0:00","","","","","","","","","","","","","","","","",""
"Gamme Chaude","a71f02c5-3d7f-4e26-91ef-15af9b8a82cc","","NO_TAX","TRUE","TRUE","","FALSE","FALSE","FALSE","FALSE","FALSE","FALSE","FALSE","FALSE","0:00","0:00","","","","","","","","","","","","","","","","","","Yakitori Bœuf Fromage","e63c788b-e7b3-419b-834c-1091a9153b97","Sauce teriyaki, ciboulette","$7.50","$7.50","REGULAR","","","","","","$0.00","$0.00","","","","","","","","FALSE","FALSE","FALSE","FALSE","FALSE","FALSE","FALSE","FALSE","0:00","0:00","Choix quantité","8090a6e3-45f0-442c-8a98-a39e1371a666","","3","1","x2","b24fed68-f178-4f38-9094-333d09369029","$0.00","$0.00","REGULAR","4790","","","1","$0.00","",""
"Gamme Chaude","a71f02c5-3d7f-4e26-91ef-15af9b8a82cc","","NO_TAX","TRUE","TRUE","","FALSE","FALSE","FALSE","FALSE","FALSE","FALSE","FALSE","FALSE","0:00","0:00","","","","","","","","","","","","","","","","","","Yakitori Bœuf Fromage","e63c788b-e7b3-419b-834c-1091a9153b97","Sauce teriyaki, ciboulette","$7.50","$7.50","REGULAR","","","","","","$0.00","$0.00","","","","","","","","FALSE","FALSE","FALSE","FALSE","FALSE","FALSE","FALSE","FALSE","0:00","0:00","Choix quantité","8090a6e3-45f0-442c-8a98-a39e1371a666","","3","1","x3","c6be7c9d-6824-488e-b951-ce47ee5a1df0","$2.50","$2.50","REGULAR","4791","","","1","$0.00","",""
"Gamme Chaude","a71f02c5-3d7f-4e26-91ef-15af9b8a82cc","","NO_TAX","TRUE","TRUE","","FALSE","FALSE","FALSE","FALSE","FALSE","FALSE","FALSE","FALSE","0:00","0:00","","","","","","","","","","","","","","","","","","Yakitori Bœuf Fromage","e63c788b-e7b3-419b-834c-1091a9153b97","Sauce teriyaki, ciboulette","$7.50","$7.50","REGULAR","","","","","","$0.00","$0.00","","","","","","","","FALSE","FALSE","FALSE","FALSE","FALSE","FALSE","FALSE","FALSE","0:00","0:00","Choix quantité","8090a6e3-45f0-442c-8a98-a39e1371a666","","3","1","x5","7b371d46-a3e8-45e6-a497-fb3601762033","$4.50","$4.50","REGULAR","4792","","","1","$0.00","",""
"Gamme Chaude","a71f02c5-3d7f-4e26-91ef-15af9b8a82cc","","NO_TAX","TRUE","TRUE","","FALSE","FALSE","FALSE","FALSE","FALSE","FALSE","FALSE","FALSE","0:00","0:00","","","","","","","","","","","","","","","","","","Yakitori Poulet","99b83467-15c8-4bec-94d9-f543293c6d64","Sauce teriyaki, ciboulette","$7.50","$7.50","REGULAR","","","","","","$0.00","$0.00","","","","","","","","FALSE","FALSE","FALSE","FALSE","FALSE","FALSE","FALSE","FALSE","0:00","0:00","Choix quantité","8090a6e3-45f0-442c-8a98-a39e1371a666","","3","1","x2","b24fed68-f178-4f38-9094-333d09369029","$0.00","$0.00","REGULAR","4790","","","1","$0.00","",""
"Gamme Chaude","a71f02c5-3d7f-4e26-91ef-15af9b8a82cc","","NO_TAX","TRUE","TRUE","","FALSE","FALSE","FALSE","FALSE","FALSE","FALSE","FALSE","FALSE","0:00","0:00","","","","","","","","","","","","","","","","","","Yakitori Poulet","99b83467-15c8-4bec-94d9-f543293c6d64","Sauce teriyaki, ciboulette","$7.50","$7.50","REGULAR","","","","","","$0.00","$0.00","","","","","","","","FALSE","FALSE","FALSE","FALSE","FALSE","FALSE","FALSE","FALSE","0:00","0:00","Choix quantité","8090a6e3-45f0-442c-8a98-a39e1371a666","","3","1","x3","c6be7c9d-6824-488e-b951-ce47ee5a1df0","$2.50","$2.50","REGULAR","4791","","","1","$0.00","",""
"Gamme Chaude","a71f02c5-3d7f-4e26-91ef-15af9b8a82cc","","NO_TAX","TRUE","TRUE","","FALSE","FALSE","FALSE","FALSE","FALSE","FALSE","FALSE","FALSE","0:00","0:00","","","","","","","","","","","","","","","","","","Yakitori Poulet","99b83467-15c8-4bec-94d9-f543293c6d64","Sauce teriyaki, ciboulette","$7.50","$7.50","REGULAR","","","","","","$0.00","$0.00","","","","","","","","FALSE","FALSE","FALSE","FALSE","FALSE","FALSE","FALSE","FALSE","0:00","0:00","Choix quantité","8090a6e3-45f0-442c-8a98-a39e1371a666","","3","1","x5","7b371d46-a3e8-45e6-a497-fb3601762033","$4.50","$4.50","REGULAR","4792","","","1","$0.00","",""
"Gamme Chaude","a71f02c5-3d7f-4e26-91ef-15af9b8a82cc","","NO_TAX","TRUE","TRUE","","FALSE","FALSE","FALSE","FALSE","FALSE","FALSE","FALSE","FALSE","0:00","0:00","","","","","","","","","","","","","","","","","","Gyoza Bœuf","b6ec242a-632a-45d5-a4ba-58d2a0522df1","Servis avec une sauce pour gyozas","$5.90","$5.90","REGULAR","","","","","","$0.00","$0.00","","","","","","","","FALSE","FALSE","FALSE","FALSE","FALSE","FALSE","FALSE","FALSE","0:00","0:00","Choix quantité","91088eea-1360-4937-a0b6-0c0f6ab5fb7b","","3","1","x3","df5f3acd-3af7-4523-b1b3-df3b028a2004","$0.00","$0.00","REGULAR","4793","","","1","$0.00","",""
"Gamme Chaude","a71f02c5-3d7f-4e26-91ef-15af9b8a82cc","","NO_TAX","TRUE","TRUE","","FALSE","FALSE","FALSE","FALSE","FALSE","FALSE","FALSE","FALSE","0:00","0:00","","","","","","","","","","","","","","","","","","Gyoza Bœuf","b6ec242a-632a-45d5-a4ba-58d2a0522df1","Servis avec une sauce pour gyozas","$5.90","$5.90","REGULAR","","","","","","$0.00","$0.00","","","","","","","","FALSE","FALSE","FALSE","FALSE","FALSE","FALSE","FALSE","FALSE","0:00","0:00","Choix quantité","91088eea-1360-4937-a0b6-0c0f6ab5fb7b","","3","1","x5","7813e684-f3a6-4144-bd5a-462138992e7f","$2.50","$2.50","REGULAR","4795","","","1","$0.00","",""
"Gamme Chaude","a71f02c5-3d7f-4e26-91ef-15af9b8a82cc","","NO_TAX","TRUE","TRUE","","FALSE","FALSE","FALSE","FALSE","FALSE","FALSE","FALSE","FALSE","0:00","0:00","","","","","","","","","","","","","","","","","","Gyoza Bœuf","b6ec242a-632a-45d5-a4ba-58d2a0522df1","Servis avec une sauce pour gyozas","$5.90","$5.90","REGULAR","","","","","","$0.00","$0.00","","","","","","","","FALSE","FALSE","FALSE","FALSE","FALSE","FALSE","FALSE","FALSE","0:00","0:00","Choix quantité","91088eea-1360-4937-a0b6-0c0f6ab5fb7b","","3","1","x8","7af498d9-afd4-4cd3-a206-4a15ca283168","$4.50","$4.50","REGULAR","4794","","","1","$0.00","",""
"Gamme Chaude","a71f02c5-3d7f-4e26-91ef-15af9b8a82cc","","NO_TAX","TRUE","TRUE","","FALSE","FALSE","FALSE","FALSE","FALSE","FALSE","FALSE","FALSE","0:00","0:00","","","","","","","","","","","","","","","","","","Gyoza Poulet","f37016bc-f0f3-4cc6-8c26-3554bd8f1458","Servis avec une sauce pour gyozas","$5.90","$5.90","REGULAR","","","","","","$0.00","$0.00","","","","","","","","FALSE","FALSE","FALSE","FALSE","FALSE","FALSE","FALSE","FALSE","0:00","0:00","Choix quantité","91088eea-1360-4937-a0b6-0c0f6ab5fb7b","","3","1","x3","df5f3acd-3af7-4523-b1b3-df3b028a2004","$0.00","$0.00","REGULAR","4793","","","1","$0.00","",""
"Gamme Chaude","a71f02c5-3d7f-4e26-91ef-15af9b8a82cc","","NO_TAX","TRUE","TRUE","","FALSE","FALSE","FALSE","FALSE","FALSE","FALSE","FALSE","FALSE","0:00","0:00","","","","","","","","","","","","","","","","","","Gyoza Poulet","f37016bc-f0f3-4cc6-8c26-3554bd8f1458","Servis avec une sauce pour gyozas","$5.90","$5.90","REGULAR","","","","","","$0.00","$0.00","","","","","","","","FALSE","FALSE","FALSE","FALSE","FALSE","FALSE","FALSE","FALSE","0:00","0:00","Choix quantité","91088eea-1360-4937-a0b6-0c0f6ab5fb7b","","3","1","x5","7813e684-f3a6-4144-bd5a-462138992e7f","$2.50","$2.50","REGULAR","4795","","","1","$0.00","",""
"Gamme Chaude","a71f02c5-3d7f-4e26-91ef-15af9b8a82cc","","NO_TAX","TRUE","TRUE","","FALSE","FALSE","FALSE","FALSE","FALSE","FALSE","FALSE","FALSE","0:00","0:00","","","","","","","","","","","","","","","","","","Gyoza Poulet","f37016bc-f0f3-4cc6-8c26-3554bd8f1458","Servis avec une sauce pour gyozas","$5.90","$5.90","REGULAR","","","","","","$0.00","$0.00","","","","","","","","FALSE","FALSE","FALSE","FALSE","FALSE","FALSE","FALSE","FALSE","0:00","0:00","Choix quantité","91088eea-1360-4937-a0b6-0c0f6ab5fb7b","","3","1","x8","7af498d9-afd4-4cd3-a206-4a15ca283168","$4.50","$4.50","REGULAR","4794","","","1","$0.00","",""
"Gamme Chaude","a71f02c5-3d7f-4e26-91ef-15af9b8a82cc","","NO_TAX","TRUE","TRUE","","FALSE","FALSE","FALSE","FALSE","FALSE","FALSE","FALSE","FALSE","0:00","0:00","","","","","","","","","","","","","","","","","","Gyoza Légumes","f5083690-0bf3-4938-9e2e-e1684db8bb89","Servis avec une sauce pour gyozas","$5.90","$5.90","REGULAR","","","","","","$0.00","$0.00","","","","","","","","FALSE","FALSE","FALSE","FALSE","FALSE","FALSE","FALSE","FALSE","0:00","0:00","Choix quantité","91088eea-1360-4937-a0b6-0c0f6ab5fb7b","","3","1","x3","df5f3acd-3af7-4523-b1b3-df3b028a2004","$0.00","$0.00","REGULAR","4793","","","1","$0.00","",""
"Gamme Chaude","a71f02c5-3d7f-4e26-91ef-15af9b8a82cc","","NO_TAX","TRUE","TRUE","","FALSE","FALSE","FALSE","FALSE","FALSE","FALSE","FALSE","FALSE","0:00","0:00","","","","","","","","","","","","","","","","","","Gyoza Légumes","f5083690-0bf3-4938-9e2e-e1684db8bb89","Servis avec une sauce pour gyozas","$5.90","$5.90","REGULAR","","","","","","$0.00","$0.00","","","","","","","","FALSE","FALSE","FALSE","FALSE","FALSE","FALSE","FALSE","FALSE","0:00","0:00","Choix quantité","91088eea-1360-4937-a0b6-0c0f6ab5fb7b","","3","1","x5","7813e684-f3a6-4144-bd5a-462138992e7f","$2.50","$2.50","REGULAR","4795","","","1","$0.00","",""
"Gamme Chaude","a71f02c5-3d7f-4e26-91ef-15af9b8a82cc","","NO_TAX","TRUE","TRUE","","FALSE","FALSE","FALSE","FALSE","FALSE","FALSE","FALSE","FALSE","0:00","0:00","","","","","","","","","","","","","","","","","","Gyoza Légumes","f5083690-0bf3-4938-9e2e-e1684db8bb89","Servis avec une sauce pour gyozas","$5.90","$5.90","REGULAR","","","","","","$0.00","$0.00","","","","","","","","FALSE","FALSE","FALSE","FALSE","FALSE","FALSE","FALSE","FALSE","0:00","0:00","Choix quantité","91088eea-1360-4937-a0b6-0c0f6ab5fb7b","","3","1","x8","7af498d9-afd4-4cd3-a206-4a15ca283168","$4.50","$4.50","REGULAR","4794","","","1","$0.00","",""
"Boissons","70e14e07-3118-4232-91bf-d1abbc1e0f86","","NO_TAX","TRUE","TRUE","","FALSE","FALSE","FALSE","FALSE","FALSE","FALSE","FALSE","FALSE","0:00","0:00","","","","","","","","","","","","","","","","","","Embrace Soda Citron Framboise","353d201e-c593-4d10-9046-06821a037b45","","$2.90","$2.90","REGULAR","","","","","","$0.00","$0.00","","","","","","","","FALSE","FALSE","FALSE","FALSE","FALSE","FALSE","FALSE","FALSE","0:00","0:00","","","","","","","","","","","","","","","","",""
"Boissons","70e14e07-3118-4232-91bf-d1abbc1e0f86","","NO_TAX","TRUE","TRUE","","FALSE","FALSE","FALSE","FALSE","FALSE","FALSE","FALSE","FALSE","0:00","0:00","","","","","","","","","","","","","","","","","","Embrace Soda Pêche Menthe","b266f79b-aadf-428e-ba38-a6d0274ca0bd","","$2.90","$2.90","REGULAR","","","","","","$0.00","$0.00","","","","","","","","FALSE","FALSE","FALSE","FALSE","FALSE","FALSE","FALSE","FALSE","0:00","0:00","","","","","","","","","","","","","","","","",""
"Boissons","70e14e07-3118-4232-91bf-d1abbc1e0f86","","NO_TAX","TRUE","TRUE","","FALSE","FALSE","FALSE","FALSE","FALSE","FALSE","FALSE","FALSE","0:00","0:00","","","","","","","","","","","","","","","","","","Spa 50cl","1e54c0ae-3e19-4330-991e-acdc3c18bbaf","","$2.90","$2.90","REGULAR","","","","","","$0.25","$0.00","","","","","","","","FALSE","FALSE","FALSE","FALSE","FALSE","FALSE","FALSE","FALSE","0:00","0:00","","","","","","","","","","","","","","","","",""
"Boissons","70e14e07-3118-4232-91bf-d1abbc1e0f86","","NO_TAX","TRUE","TRUE","","FALSE","FALSE","FALSE","FALSE","FALSE","FALSE","FALSE","FALSE","0:00","0:00","","","","","","","","","","","","","","","","","","Spa pétillant 50cl","df76d3f1-c450-4f22-93ca-5a4d7deae81e","","$2.90","$2.90","REGULAR","","","","","","$0.25","$0.00","","","","","","","","FALSE","FALSE","FALSE","FALSE","FALSE","FALSE","FALSE","FALSE","0:00","0:00","","","","","","","","","","","","","","","","",""
"Boissons","70e14e07-3118-4232-91bf-d1abbc1e0f86","","NO_TAX","TRUE","TRUE","","FALSE","FALSE","FALSE","FALSE","FALSE","FALSE","FALSE","FALSE","0:00","0:00","","","","","","","","","","","","","","","","","","Coca-cola 33cl","831150be-84b0-4c7e-8232-a82ffeb04ad1","","$2.90","$2.90","REGULAR","","","","","","$0.25","$0.00","","","","","","","","FALSE","FALSE","FALSE","FALSE","FALSE","FALSE","FALSE","FALSE","0:00","0:00","","","","","","","","","","","","","","","","",""
"Boissons","70e14e07-3118-4232-91bf-d1abbc1e0f86","","NO_TAX","TRUE","TRUE","","FALSE","FALSE","FALSE","FALSE","FALSE","FALSE","FALSE","FALSE","0:00","0:00","","","","","","","","","","","","","","","","","","Coca-cola zero 33cl","9594ae24-3832-4b42-9134-a14a899cdfde","","$2.90","$2.90","REGULAR","","","","","","$0.25","$0.00","","","","","","","","FALSE","FALSE","FALSE","FALSE","FALSE","FALSE","FALSE","FALSE","0:00","0:00","","","","","","","","","","","","","","","","",""
"Boissons","70e14e07-3118-4232-91bf-d1abbc1e0f86","","NO_TAX","TRUE","TRUE","","FALSE","FALSE","FALSE","FALSE","FALSE","FALSE","FALSE","FALSE","0:00","0:00","","","","","","","","","","","","","","","","","","Limonade japonaise 20cl","aabf2bc0-a5da-49ac-b530-e1882d2a3078","","$4.50","$4.50","REGULAR","","","","","","$0.00","$0.00","","","","","","","","FALSE","FALSE","FALSE","FALSE","FALSE","FALSE","FALSE","FALSE","0:00","0:00","","","","","","","","","","","","","","","","",""
"Boissons","70e14e07-3118-4232-91bf-d1abbc1e0f86","","NO_TAX","TRUE","TRUE","","FALSE","FALSE","FALSE","FALSE","FALSE","FALSE","FALSE","FALSE","0:00","0:00","","","","","","","","","","","","","","","","","","Arizona green tea pomegranate 50cl","86f86506-0e25-4522-853f-b8c79e6a63da","","$4.50","$4.50","REGULAR","","","","","","$0.25","$0.00","","","","","","","","FALSE","FALSE","FALSE","FALSE","FALSE","FALSE","FALSE","FALSE","0:00","0:00","","","","","","","","","","","","","","","","",""
"Boissons","70e14e07-3118-4232-91bf-d1abbc1e0f86","","NO_TAX","TRUE","TRUE","","FALSE","FALSE","FALSE","FALSE","FALSE","FALSE","FALSE","FALSE","0:00","0:00","","","","","","","","","","","","","","","","","","Arizona green tea ginseng 50cl","33ad71fc-2f80-41e1-a701-7943f79398e4","","$4.50","$4.50","REGULAR","","","","","","$0.25","$0.00","","","","","","","","FALSE","FALSE","FALSE","FALSE","FALSE","FALSE","FALSE","FALSE","0:00","0:00","","","","","","","","","","","","","","","","",""
"Boissons","70e14e07-3118-4232-91bf-d1abbc1e0f86","","NO_TAX","TRUE","TRUE","","FALSE","FALSE","FALSE","FALSE","FALSE","FALSE","FALSE","FALSE","0:00","0:00","","","","","","","","","","","","","","","","","","Bubble Tea Litc Mang 48cl","91c54d5f-59fc-4462-aece-538d2b272e6c","","$6.90","$6.90","REGULAR","","","","","","$0.00","$0.00","","","","","","","","FALSE","FALSE","FALSE","FALSE","FALSE","FALSE","FALSE","FALSE","0:00","0:00","","","","","","","","","","","","","","","","",""
"Boissons","70e14e07-3118-4232-91bf-d1abbc1e0f86","","NO_TAX","TRUE","TRUE","","FALSE","FALSE","FALSE","FALSE","FALSE","FALSE","FALSE","FALSE","0:00","0:00","","","","","","","","","","","","","","","","","","Bubble Tea Pêch Frai 48cl","56ff0a6f-5efc-44bd-8372-2406d439b638","","$6.90","$6.90","REGULAR","","","","","","$0.00","$0.00","","","","","","","","FALSE","FALSE","FALSE","FALSE","FALSE","FALSE","FALSE","FALSE","0:00","0:00","","","","","","","","","","","","","","","","",""
"Boissons","70e14e07-3118-4232-91bf-d1abbc1e0f86","","NO_TAX","TRUE","TRUE","","FALSE","FALSE","FALSE","FALSE","FALSE","FALSE","FALSE","FALSE","0:00","0:00","","","","","","","","","","","","","","","","","","Asahi Beer 33cl Can","2d471c70-7e70-4a26-992b-724160537c29","","$5.50","$5.50","REGULAR","","","","","","$0.25","$0.00","","","","","","","","FALSE","FALSE","FALSE","FALSE","FALSE","FALSE","FALSE","FALSE","0:00","0:00","","","","","","","","","","","","","","","","",""
"Boissons","70e14e07-3118-4232-91bf-d1abbc1e0f86","","NO_TAX","TRUE","TRUE","","FALSE","FALSE","FALSE","FALSE","FALSE","FALSE","FALSE","FALSE","0:00","0:00","","","","","","","","","","","","","","","","","","Bière Asahi 50cl can","f78d61c1-4c59-4bdb-8986-1486048a6201","","$6.50","$6.50","REGULAR","","","","","","$0.25","$0.00","","","","","","","","FALSE","FALSE","FALSE","FALSE","FALSE","FALSE","FALSE","FALSE","0:00","0:00","","","","","","","","","","","","","","","","",""
"Accompagnements","80f6e2de-d98c-423c-9d4b-02a82ed58ec0","","NO_TAX","TRUE","TRUE","","FALSE","FALSE","FALSE","FALSE","FALSE","FALSE","FALSE","FALSE","0:00","0:00","","","","","","","","","","","","","","","","","","Riz nature","8d596e7b-6d90-44dc-a6ea-53266f5bb30b","","$3.70","$3.70","REGULAR","","","","","","$0.00","$0.00","","","","","","","","FALSE","FALSE","FALSE","FALSE","FALSE","FALSE","FALSE","FALSE","0:00","0:00","","","","","","","","","","","","","","","","",""
"Accompagnements","80f6e2de-d98c-423c-9d4b-02a82ed58ec0","","NO_TAX","TRUE","TRUE","","FALSE","FALSE","FALSE","FALSE","FALSE","FALSE","FALSE","FALSE","0:00","0:00","","","","","","","","","","","","","","","","","","Riz vinaigré","9fc7df09-a425-40a8-b4a7-efcc09d42eed","Sésame","$3.80","$3.80","REGULAR","","","","","","$0.00","$0.00","","","","","","","","FALSE","FALSE","FALSE","FALSE","FALSE","FALSE","FALSE","FALSE","0:00","0:00","","","","","","","","","","","","","","","","",""
"Accompagnements","80f6e2de-d98c-423c-9d4b-02a82ed58ec0","","NO_TAX","TRUE","TRUE","","FALSE","FALSE","FALSE","FALSE","FALSE","FALSE","FALSE","FALSE","0:00","0:00","","","","","","","","","","","","","","","","","","Soupe miso","f452a9ca-8d76-4417-9fc3-ab947c4ab472","","$3.80","$3.80","REGULAR","","","","","","$0.00","$0.00","","","","","","","","FALSE","FALSE","FALSE","FALSE","FALSE","FALSE","FALSE","FALSE","0:00","0:00","","","","","","","","","","","","","","","","",""
"Accompagnements","80f6e2de-d98c-423c-9d4b-02a82ed58ec0","","NO_TAX","TRUE","TRUE","","FALSE","FALSE","FALSE","FALSE","FALSE","FALSE","FALSE","FALSE","0:00","0:00","","","","","","","","","","","","","","","","","","Salade de chou","57950b70-64c4-41c3-bc60-b11e163e3db3","Sésame","$4.20","$4.20","REGULAR","","","","","","$0.00","$0.00","","","","","","","","FALSE","FALSE","FALSE","FALSE","FALSE","FALSE","FALSE","FALSE","0:00","0:00","","","","","","","","","","","","","","","","",""
"Accompagnements","80f6e2de-d98c-423c-9d4b-02a82ed58ec0","","NO_TAX","TRUE","TRUE","","FALSE","FALSE","FALSE","FALSE","FALSE","FALSE","FALSE","FALSE","0:00","0:00","","","","","","","","","","","","","","","","","","Salade carottes agrumes","89229b77-09a2-40d7-8115-87d2f0ea7fc1","","$4.20","$4.20","REGULAR","","","","","","$0.00","$0.00","","","","","","","","FALSE","FALSE","FALSE","FALSE","FALSE","FALSE","FALSE","FALSE","0:00","0:00","","","","","","","","","","","","","","","","",""
"Accompagnements","80f6e2de-d98c-423c-9d4b-02a82ed58ec0","","NO_TAX","TRUE","TRUE","","FALSE","FALSE","FALSE","FALSE","FALSE","FALSE","FALSE","FALSE","0:00","0:00","","","","","","","","","","","","","","","","","","Salade de concombre","17ffe87e-80b2-4ab3-b759-e36d6950abe9","Concombre, vinaigre de riz, huile de sésame, sauce épicée, sauce soja salée, 7 épices, sésame blanc","$4.20","$4.20","REGULAR","","","","","","$0.00","$0.00","","","","","","","","FALSE","FALSE","FALSE","FALSE","FALSE","FALSE","FALSE","FALSE","0:00","0:00","","","","","","","","","","","","","","","","",""
"Accompagnements","80f6e2de-d98c-423c-9d4b-02a82ed58ec0","","NO_TAX","TRUE","TRUE","","FALSE","FALSE","FALSE","FALSE","FALSE","FALSE","FALSE","FALSE","0:00","0:00","","","","","","","","","","","","","","","","","","Edamame","81d46c2e-e0f9-4c25-aa52-8c221eb4c45a","","$5.50","$5.50","REGULAR","","","","","","$0.00","$0.00","","","","","","","","FALSE","FALSE","FALSE","FALSE","FALSE","FALSE","FALSE","FALSE","0:00","0:00","","","","","","","","","","","","","","","","",""
"Accompagnements","80f6e2de-d98c-423c-9d4b-02a82ed58ec0","","NO_TAX","TRUE","TRUE","","FALSE","FALSE","FALSE","FALSE","FALSE","FALSE","FALSE","FALSE","0:00","0:00","","","","","","","","","","","","","","","","","","Salade d'algues","5f5509c6-a8d4-4307-93fe-82d581bc31d5","Sésame","$5.70","$5.70","REGULAR","","","","","","$0.00","$0.00","","","","","","","","FALSE","FALSE","FALSE","FALSE","FALSE","FALSE","FALSE","FALSE","0:00","0:00","","","","","","","","","","","","","","","","",""
"Desserts","23eca8e3-2484-4afd-8b78-c297f5819e1f","","NO_TAX","TRUE","TRUE","","FALSE","FALSE","FALSE","FALSE","FALSE","FALSE","FALSE","FALSE","0:00","0:00","","","","","","","","","","","","","","","","","","Mochi glacé coco","eee968b1-efa6-461d-857c-2a2cfb4fbf1b","","$3.00","$3.00","REGULAR","","","","","","$0.00","$0.00","","","","","","","","FALSE","FALSE","FALSE","FALSE","FALSE","FALSE","FALSE","FALSE","0:00","0:00","","","","","","","","","","","","","","","","",""
"Desserts","23eca8e3-2484-4afd-8b78-c297f5819e1f","","NO_TAX","TRUE","TRUE","","FALSE","FALSE","FALSE","FALSE","FALSE","FALSE","FALSE","FALSE","0:00","0:00","","","","","","","","","","","","","","","","","","Mochi glacé mangue","8a7738d3-6971-4cf3-9233-741a4f5ed234","","$3.00","$3.00","REGULAR","","","","","","$0.00","$0.00","","","","","","","","FALSE","FALSE","FALSE","FALSE","FALSE","FALSE","FALSE","FALSE","0:00","0:00","","","","","","","","","","","","","","","","",""
"Desserts","23eca8e3-2484-4afd-8b78-c297f5819e1f","","NO_TAX","TRUE","TRUE","","FALSE","FALSE","FALSE","FALSE","FALSE","FALSE","FALSE","FALSE","0:00","0:00","","","","","","","","","","","","","","","","","","Mochi glacé pistache","1e83dade-aef3-4799-91db-69828259778f","","$3.00","$3.00","REGULAR","","","","","","$0.00","$0.00","","","","","","","","FALSE","FALSE","FALSE","FALSE","FALSE","FALSE","FALSE","FALSE","0:00","0:00","","","","","","","","","","","","","","","","",""
"Desserts","23eca8e3-2484-4afd-8b78-c297f5819e1f","","NO_TAX","TRUE","TRUE","","FALSE","FALSE","FALSE","FALSE","FALSE","FALSE","FALSE","FALSE","0:00","0:00","","","","","","","","","","","","","","","","","","Perles de coco","97c0f62e-7001-473b-a5fd-8ffc6a7708e0","","$3.90","$3.90","REGULAR","","","","","","$0.00","$0.00","","","","","","","","FALSE","FALSE","FALSE","FALSE","FALSE","FALSE","FALSE","FALSE","0:00","0:00","","","","","","","","","","","","","","","","",""
"Desserts","23eca8e3-2484-4afd-8b78-c297f5819e1f","","NO_TAX","TRUE","TRUE","","FALSE","FALSE","FALSE","FALSE","FALSE","FALSE","FALSE","FALSE","0:00","0:00","","","","","","","","","","","","","","","","","","Moelleux au chocolat","b9129c82-a06f-4701-8dc2-562ecba006bc","","$5.50","$5.50","REGULAR","","","","","","$0.00","$0.00","","","","","","","","FALSE","FALSE","FALSE","FALSE","FALSE","FALSE","FALSE","FALSE","0:00","0:00","","","","","","","","","","","","","","","","",""
"Desserts","23eca8e3-2484-4afd-8b78-c297f5819e1f","","NO_TAX","TRUE","TRUE","","FALSE","FALSE","FALSE","FALSE","FALSE","FALSE","FALSE","FALSE","0:00","0:00","","","","","","","","","","","","","","","","","","Cheesecake","823dc62f-ee23-4799-98c4-fcff6718c765","","$5.50","$5.50","REGULAR","","","","","","$0.00","$0.00","","","","","","","","FALSE","FALSE","FALSE","FALSE","FALSE","FALSE","FALSE","FALSE","0:00","0:00","","","","","","","","","","","","","","","","",""
"Desserts","23eca8e3-2484-4afd-8b78-c297f5819e1f","","NO_TAX","TRUE","TRUE","","FALSE","FALSE","FALSE","FALSE","FALSE","FALSE","FALSE","FALSE","0:00","0:00","","","","","","","","","","","","","","","","","","Box Duo Mochi","67816504-5b3a-4229-9adf-83098f0faefd","","$5.90","$5.90","REGULAR","","","","","","$0.00","$0.00","","","","","","","","FALSE","FALSE","FALSE","FALSE","FALSE","FALSE","FALSE","FALSE","0:00","0:00","Choix 1","38071b98-4121-4562-978e-e0fa0d3ced72","1","1","1","Sésame","04392e25-8ab4-4baf-a493-b7dfa9b4731f","$0.00","$0.00","REGULAR","4371","","","1","$0.00","",""
"Desserts","23eca8e3-2484-4afd-8b78-c297f5819e1f","","NO_TAX","TRUE","TRUE","","FALSE","FALSE","FALSE","FALSE","FALSE","FALSE","FALSE","FALSE","0:00","0:00","","","","","","","","","","","","","","","","","","Box Duo Mochi","67816504-5b3a-4229-9adf-83098f0faefd","","$5.90","$5.90","REGULAR","","","","","","$0.00","$0.00","","","","","","","","FALSE","FALSE","FALSE","FALSE","FALSE","FALSE","FALSE","FALSE","0:00","0:00","Choix 1","38071b98-4121-4562-978e-e0fa0d3ced72","1","1","1","Mangue passion","a99b3e28-4ae2-4dbe-a660-7561c5771993","$0.00","$0.00","REGULAR","4373","","","1","$0.00","",""
"Desserts","23eca8e3-2484-4afd-8b78-c297f5819e1f","","NO_TAX","TRUE","TRUE","","FALSE","FALSE","FALSE","FALSE","FALSE","FALSE","FALSE","FALSE","0:00","0:00","","","","","","","","","","","","","","","","","","Box Duo Mochi","67816504-5b3a-4229-9adf-83098f0faefd","","$5.90","$5.90","REGULAR","","","","","","$0.00","$0.00","","","","","","","","FALSE","FALSE","FALSE","FALSE","FALSE","FALSE","FALSE","FALSE","0:00","0:00","Choix 1","38071b98-4121-4562-978e-e0fa0d3ced72","1","1","1","Noix de coco","29ac5b3d-f811-47e8-b2ce-8a46683a94e5","$0.00","$0.00","REGULAR","4375","","","1","$0.00","",""
"Desserts","23eca8e3-2484-4afd-8b78-c297f5819e1f","","NO_TAX","TRUE","TRUE","","FALSE","FALSE","FALSE","FALSE","FALSE","FALSE","FALSE","FALSE","0:00","0:00","","","","","","","","","","","","","","","","","","Box Duo Mochi","67816504-5b3a-4229-9adf-83098f0faefd","","$5.90","$5.90","REGULAR","","","","","","$0.00","$0.00","","","","","","","","FALSE","FALSE","FALSE","FALSE","FALSE","FALSE","FALSE","FALSE","0:00","0:00","Choix 1","38071b98-4121-4562-978e-e0fa0d3ced72","1","1","1","Framboise citron","d5793acc-7078-46f9-a447-496141558e5f","$0.00","$0.00","REGULAR","4864","","","1","$0.00","",""
"Desserts","23eca8e3-2484-4afd-8b78-c297f5819e1f","","NO_TAX","TRUE","TRUE","","FALSE","FALSE","FALSE","FALSE","FALSE","FALSE","FALSE","FALSE","0:00","0:00","","","","","","","","","","","","","","","","","","Box Duo Mochi","67816504-5b3a-4229-9adf-83098f0faefd","","$5.90","$5.90","REGULAR","","","","","","$0.00","$0.00","","","","","","","","FALSE","FALSE","FALSE","FALSE","FALSE","FALSE","FALSE","FALSE","0:00","0:00","Choix 1","38071b98-4121-4562-978e-e0fa0d3ced72","1","1","1","Pistache","e783ab41-2bd3-430d-857c-83386cd062c7","$0.00","$0.00","REGULAR","4886","","","1","$0.00","",""
"Desserts","23eca8e3-2484-4afd-8b78-c297f5819e1f","","NO_TAX","TRUE","TRUE","","FALSE","FALSE","FALSE","FALSE","FALSE","FALSE","FALSE","FALSE","0:00","0:00","","","","","","","","","","","","","","","","","","Mangue","44d9f182-a3bf-4ca1-b067-21b00f18a20e","","$5.50","$5.50","REGULAR","","","","","","$0.00","$0.00","","","","","","","","FALSE","FALSE","FALSE","FALSE","FALSE","FALSE","FALSE","FALSE","0:00","0:00","","","","","","","","","","","","","","","","",""
"Sauces, Wasabi & Gingembre","30e1e417-5bce-465c-b709-00629360edd9","","NO_TAX","TRUE","TRUE","","FALSE","FALSE","FALSE","FALSE","FALSE","FALSE","FALSE","FALSE","0:00","0:00","","","","","","","","","","","","","","","","","","Crispy Algues Nori - Sel de mer","f212b100-6a86-4226-aaf4-94d0132e57c2","","$3.40","$3.40","REGULAR","","","","","","$0.00","$0.00","","","","","","","","FALSE","FALSE","FALSE","FALSE","FALSE","FALSE","FALSE","FALSE","0:00","0:00","","","","","","","","","","","","","","","","",""
"Sauces, Wasabi & Gingembre","30e1e417-5bce-465c-b709-00629360edd9","","NO_TAX","TRUE","TRUE","","FALSE","FALSE","FALSE","FALSE","FALSE","FALSE","FALSE","FALSE","0:00","0:00","","","","","","","","","","","","","","","","","","Crispy Algues Nori - Piment fort","be14d462-1c29-4f84-aa24-969a4dcd43df","","$3.40","$3.40","REGULAR","","","","","","$0.00","$0.00","","","","","","","","FALSE","FALSE","FALSE","FALSE","FALSE","FALSE","FALSE","FALSE","0:00","0:00","","","","","","","","","","","","","","","","",""
"Sauces, Wasabi & Gingembre","30e1e417-5bce-465c-b709-00629360edd9","","NO_TAX","TRUE","TRUE","","FALSE","FALSE","FALSE","FALSE","FALSE","FALSE","FALSE","FALSE","0:00","0:00","","","","","","","","","","","","","","","","","","Crispy Algues Nori - BBQ coréen","3b82c763-4257-4938-a9d6-e5569cbaa640","","$3.40","$3.40","REGULAR","","","","","","$0.00","$0.00","","","","","","","","FALSE","FALSE","FALSE","FALSE","FALSE","FALSE","FALSE","FALSE","0:00","0:00","","","","","","","","","","","","","","","","",""
"Sauces, Wasabi & Gingembre","30e1e417-5bce-465c-b709-00629360edd9","","NO_TAX","TRUE","TRUE","","FALSE","FALSE","FALSE","FALSE","FALSE","FALSE","FALSE","FALSE","0:00","0:00","","","","","","","","","","","","","","","","","","Sauce salée payante","b41ddd76-a3a7-44c0-9694-67c8b66cca63","","$0.50","$0.50","REGULAR","","","","","","$0.00","$0.00","","","","","","","","FALSE","FALSE","FALSE","FALSE","FALSE","FALSE","FALSE","FALSE","0:00","0:00","","","","","","","","","","","","","","","","",""
"Sauces, Wasabi & Gingembre","30e1e417-5bce-465c-b709-00629360edd9","","NO_TAX","TRUE","TRUE","","FALSE","FALSE","FALSE","FALSE","FALSE","FALSE","FALSE","FALSE","0:00","0:00","","","","","","","","","","","","","","","","","","Sauce sucrée payante","2d804e24-08a6-4d0a-b4af-59459e9d82e3","","$0.50","$0.50","REGULAR","","","","","","$0.00","$0.00","","","","","","","","FALSE","FALSE","FALSE","FALSE","FALSE","FALSE","FALSE","FALSE","0:00","0:00","","","","","","","","","","","","","","","","",""
"Sauces, Wasabi & Gingembre","30e1e417-5bce-465c-b709-00629360edd9","","NO_TAX","TRUE","TRUE","","FALSE","FALSE","FALSE","FALSE","FALSE","FALSE","FALSE","FALSE","0:00","0:00","","","","","","","","","","","","","","","","","","Wasabi payant","f7b82a19-69c7-47de-8915-f20112dec4e0","","$0.50","$0.50","REGULAR","","","","","","$0.00","$0.00","","","","","","","","FALSE","FALSE","FALSE","FALSE","FALSE","FALSE","FALSE","FALSE","0:00","0:00","","","","","","","","","","","","","","","","",""
"Sauces, Wasabi & Gingembre","30e1e417-5bce-465c-b709-00629360edd9","","NO_TAX","TRUE","TRUE","","FALSE","FALSE","FALSE","FALSE","FALSE","FALSE","FALSE","FALSE","0:00","0:00","","","","","","","","","","","","","","","","","","Gingembre payant","43c88b94-2f77-41fc-98df-9815bfdfc295","","$0.50","$0.50","REGULAR","","","","","","$0.00","$0.00","","","","","","","","FALSE","FALSE","FALSE","FALSE","FALSE","FALSE","FALSE","FALSE","0:00","0:00","","","","","","","","","","","","","","","","",""
"Sauces, Wasabi & Gingembre","30e1e417-5bce-465c-b709-00629360edd9","","NO_TAX","TRUE","TRUE","","FALSE","FALSE","FALSE","FALSE","FALSE","FALSE","FALSE","FALSE","0:00","0:00","","","","","","","","","","","","","","","","","","Baguettes réutilisables","da4cc8ac-610e-4a3e-8c49-016bb5a115ec","","$0.90","$0.90","REGULAR","","","","","","$0.00","$0.00","","","","","","","","FALSE","FALSE","FALSE","FALSE","FALSE","FALSE","FALSE","FALSE","0:00","0:00","","","","","","","","","","","","","","","","",""
"Sauces, Wasabi & Gingembre","30e1e417-5bce-465c-b709-00629360edd9","","NO_TAX","TRUE","TRUE","","FALSE","FALSE","FALSE","FALSE","FALSE","FALSE","FALSE","FALSE","0:00","0:00","","","","","","","","","","","","","","","","","","Crispy onions (coupelle)","542b43e9-258a-473e-aaa3-f0d5afa78755","","$0.50","$0.50","REGULAR","","","","","","$0.00","$0.00","","","","","","","","FALSE","FALSE","FALSE","FALSE","FALSE","FALSE","FALSE","FALSE","0:00","0:00","","","","","","","","","","","","","","","","",""